city,timestamp,target_aqi,predicted_aqi,error,absolute_error,predicted_category,actual_category
Lahore,2026-07-20 17:00:00+00:00,3.0,2.0866666666666664,-0.9133333333333336,0.9133333333333336,2,3
Islamabad,2026-07-20 18:00:00+00:00,3.0,2.8666666666666667,-0.1333333333333333,0.1333333333333333,3,3
Karachi,2026-07-20 18:00:00+00:00,4.0,4.0,0.0,0.0,4,4
Lahore,2026-07-20 18:00:00+00:00,2.0,2.64,0.6400000000000001,0.6400000000000001,3,2
Islamabad,2026-07-20 19:00:00+00:00,3.0,2.85,-0.1499999999999999,0.1499999999999999,3,3
Karachi,2026-07-20 19:00:00+00:00,4.0,4.0,0.0,0.0,4,4
Lahore,2026-07-20 19:00:00+00:00,2.0,2.1,0.10000000000000009,0.10000000000000009,2,2
Islamabad,2026-07-20 20:00:00+00:00,3.0,2.8266666666666667,-0.17333333333333334,0.17333333333333334,3,3
Karachi,2026-07-20 20:00:00+00:00,4.0,4.0,0.0,0.0,4,4
Lahore,2026-07-20 20:00:00+00:00,2.0,2.12,0.1200000000000001,0.1200000000000001,2,2
Islamabad,2026-07-20 21:00:00+00:00,3.0,2.8866666666666667,-0.11333333333333329,0.11333333333333329,3,3
Karachi,2026-07-20 21:00:00+00:00,4.0,4.0,0.0,0.0,4,4
Lahore,2026-07-20 21:00:00+00:00,3.0,2.1366666666666667,-0.8633333333333333,0.8633333333333333,2,3
Islamabad,2026-07-20 22:00:00+00:00,3.0,2.9,-0.10000000000000009,0.10000000000000009,3,3
Karachi,2026-07-20 22:00:00+00:00,4.0,4.0,0.0,0.0,4,4
Lahore,2026-07-20 22:00:00+00:00,3.0,2.736666666666667,-0.2633333333333332,0.2633333333333332,3,3
Islamabad,2026-07-20 23:00:00+00:00,2.0,2.73,0.73,0.73,3,2
Karachi,2026-07-20 23:00:00+00:00,4.0,4.0,0.0,0.0,4,4
Lahore,2026-07-20 23:00:00+00:00,3.0,2.9,-0.10000000000000009,0.10000000000000009,3,3
Islamabad,2026-07-21 00:00:00+00:00,2.0,2.0733333333333333,0.07333333333333325,0.07333333333333325,2,2
Karachi,2026-07-21 00:00:00+00:00,4.0,4.0,0.0,0.0,4,4
Lahore,2026-07-21 00:00:00+00:00,3.0,2.973333333333333,-0.02666666666666684,0.02666666666666684,3,3
Islamabad,2026-07-21 01:00:00+00:00,2.0,2.183333333333333,0.18333333333333313,0.18333333333333313,2,2
Karachi,2026-07-21 01:00:00+00:00,4.0,4.0,0.0,0.0,4,4
Lahore,2026-07-21 01:00:00+00:00,3.0,2.99,-0.009999999999999787,0.009999999999999787,3,3
Islamabad,2026-07-21 02:00:00+00:00,2.0,2.2666666666666666,0.2666666666666666,0.2666666666666666,2,2
Karachi,2026-07-21 02:00:00+00:00,4.0,4.0,0.0,0.0,4,4
Lahore,2026-07-21 02:00:00+00:00,3.0,2.9133333333333336,-0.08666666666666645,0.08666666666666645,3,3
Islamabad,2026-07-21 03:00:00+00:00,2.0,2.4366666666666665,0.43666666666666654,0.43666666666666654,2,2
Karachi,2026-07-21 03:00:00+00:00,4.0,4.0,0.0,0.0,4,4
Lahore,2026-07-21 03:00:00+00:00,2.0,2.8333333333333335,0.8333333333333335,0.8333333333333335,3,2
Islamabad,2026-07-21 04:00:00+00:00,3.0,2.6166666666666667,-0.3833333333333333,0.3833333333333333,3,3
Karachi,2026-07-21 04:00:00+00:00,4.0,4.0,0.0,0.0,4,4
Lahore,2026-07-21 04:00:00+00:00,2.0,2.26,0.2599999999999998,0.2599999999999998,2,2
Islamabad,2026-07-21 05:00:00+00:00,3.0,2.71,-0.29000000000000004,0.29000000000000004,3,3
Karachi,2026-07-21 05:00:00+00:00,4.0,4.0,0.0,0.0,4,4
Lahore,2026-07-21 05:00:00+00:00,2.0,2.183333333333333,0.18333333333333313,0.18333333333333313,2,2
Islamabad,2026-07-21 06:00:00+00:00,3.0,2.6566666666666667,-0.34333333333333327,0.34333333333333327,3,3
Karachi,2026-07-21 06:00:00+00:00,4.0,4.0,0.0,0.0,4,4
Lahore,2026-07-21 06:00:00+00:00,2.0,2.263333333333333,0.2633333333333332,0.2633333333333332,2,2
Islamabad,2026-07-21 07:00:00+00:00,3.0,2.72,-0.2799999999999998,0.2799999999999998,3,3
Karachi,2026-07-21 07:00:00+00:00,4.0,4.0,0.0,0.0,4,4
Lahore,2026-07-21 07:00:00+00:00,2.0,2.256666666666667,0.2566666666666668,0.2566666666666668,2,2
Islamabad,2026-07-21 08:00:00+00:00,3.0,2.62,-0.3799999999999999,0.3799999999999999,3,3
Karachi,2026-07-21 08:00:00+00:00,4.0,4.0,0.0,0.0,4,4
Lahore,2026-07-21 08:00:00+00:00,2.0,2.0833333333333335,0.08333333333333348,0.08333333333333348,2,2
Islamabad,2026-07-21 09:00:00+00:00,3.0,2.6066666666666665,-0.39333333333333353,0.39333333333333353,3,3
Karachi,2026-07-21 09:00:00+00:00,4.0,4.0,0.0,0.0,4,4
Lahore,2026-07-21 09:00:00+00:00,2.0,2.03,0.029999999999999805,0.029999999999999805,2,2
Islamabad,2026-07-21 10:00:00+00:00,2.0,2.6033333333333335,0.6033333333333335,0.6033333333333335,3,2
Karachi,2026-07-21 10:00:00+00:00,4.0,4.0,0.0,0.0,4,4
Lahore,2026-07-21 10:00:00+00:00,2.0,2.0,0.0,0.0,2,2
Islamabad,2026-07-21 11:00:00+00:00,2.0,2.283333333333333,0.2833333333333332,0.2833333333333332,2,2
Karachi,2026-07-21 11:00:00+00:00,4.0,4.0,0.0,0.0,4,4
Lahore,2026-07-21 11:00:00+00:00,2.0,2.0,0.0,0.0,2,2
Islamabad,2026-07-21 12:00:00+00:00,2.0,2.3866666666666667,0.3866666666666667,0.3866666666666667,2,2
Karachi,2026-07-21 12:00:00+00:00,4.0,4.0,0.0,0.0,4,4
Lahore,2026-07-21 12:00:00+00:00,2.0,2.0,0.0,0.0,2,2
Islamabad,2026-07-21 13:00:00+00:00,2.0,2.3833333333333333,0.3833333333333333,0.3833333333333333,2,2
Karachi,2026-07-21 13:00:00+00:00,4.0,4.0,0.0,0.0,4,4
Lahore,2026-07-21 13:00:00+00:00,3.0,2.06,-0.94,0.94,2,3
Islamabad,2026-07-21 14:00:00+00:00,2.0,2.41,0.41000000000000014,0.41000000000000014,2,2
Karachi,2026-07-21 14:00:00+00:00,4.0,4.0,0.0,0.0,4,4
Lahore,2026-07-21 14:00:00+00:00,3.0,2.84,-0.16000000000000014,0.16000000000000014,3,3
Islamabad,2026-07-21 15:00:00+00:00,2.0,2.4633333333333334,0.4633333333333334,0.4633333333333334,2,2
Karachi,2026-07-21 15:00:00+00:00,4.0,4.0,0.0,0.0,4,4
Lahore,2026-07-21 15:00:00+00:00,3.0,2.973333333333333,-0.02666666666666684,0.02666666666666684,3,3
Islamabad,2026-07-21 16:00:00+00:00,2.0,2.4233333333333333,0.42333333333333334,0.42333333333333334,2,2
Karachi,2026-07-21 16:00:00+00:00,4.0,4.0,0.0,0.0,4,4
Lahore,2026-07-21 16:00:00+00:00,4.0,2.9966666666666666,-1.0033333333333334,1.0033333333333334,3,4
Islamabad,2026-07-21 17:00:00+00:00,2.0,2.43,0.43000000000000016,0.43000000000000016,2,2
Karachi,2026-07-21 17:00:00+00:00,4.0,4.0,0.0,0.0,4,4
Lahore,2026-07-21 17:00:00+00:00,4.0,4.07,0.07000000000000028,0.07000000000000028,4,4
Islamabad,2026-07-21 18:00:00+00:00,2.0,2.473333333333333,0.47333333333333316,0.47333333333333316,2,2
Karachi,2026-07-21 18:00:00+00:00,4.0,4.0,0.0,0.0,4,4
Lahore,2026-07-21 18:00:00+00:00,5.0,4.413333333333333,-0.5866666666666669,0.5866666666666669,4,5
Islamabad,2026-07-21 19:00:00+00:00,2.0,2.46,0.45999999999999996,0.45999999999999996,2,2
Karachi,2026-07-21 19:00:00+00:00,4.0,4.0,0.0,0.0,4,4
Lahore,2026-07-21 19:00:00+00:00,5.0,4.59,-0.41000000000000014,0.41000000000000014,5,5
Islamabad,2026-07-21 20:00:00+00:00,2.0,2.453333333333333,0.45333333333333314,0.45333333333333314,2,2
Karachi,2026-07-21 20:00:00+00:00,4.0,4.0,0.0,0.0,4,4
Lahore,2026-07-21 20:00:00+00:00,5.0,4.663333333333333,-0.3366666666666669,0.3366666666666669,5,5
Islamabad,2026-07-21 21:00:00+00:00,2.0,2.473333333333333,0.47333333333333316,0.47333333333333316,2,2
Karachi,2026-07-21 21:00:00+00:00,4.0,4.0,0.0,0.0,4,4
Lahore,2026-07-21 21:00:00+00:00,4.0,4.6,0.5999999999999996,0.5999999999999996,5,4
Islamabad,2026-07-21 22:00:00+00:00,2.0,2.39,0.3900000000000001,0.3900000000000001,2,2
Karachi,2026-07-21 22:00:00+00:00,4.0,4.0,0.0,0.0,4,4
Lahore,2026-07-21 22:00:00+00:00,4.0,4.31,0.3099999999999996,0.3099999999999996,4,4
Islamabad,2026-07-21 23:00:00+00:00,2.0,2.36,0.3599999999999999,0.3599999999999999,2,2
Karachi,2026-07-21 23:00:00+00:00,4.0,4.0,0.0,0.0,4,4
Lahore,2026-07-21 23:00:00+00:00,4.0,4.09,0.08999999999999986,0.08999999999999986,4,4
Islamabad,2026-07-22 00:00:00+00:00,2.0,2.35,0.3500000000000001,0.3500000000000001,2,2
Karachi,2026-07-22 00:00:00+00:00,4.0,4.0,0.0,0.0,4,4
Lahore,2026-07-22 00:00:00+00:00,4.0,3.9366666666666665,-0.06333333333333346,0.06333333333333346,4,4
Islamabad,2026-07-22 01:00:00+00:00,2.0,2.4466666666666668,0.44666666666666677,0.44666666666666677,2,2
Karachi,2026-07-22 01:00:00+00:00,4.0,4.0,0.0,0.0,4,4
Lahore,2026-07-22 01:00:00+00:00,4.0,3.966666666666667,-0.033333333333333215,0.033333333333333215,4,4
Islamabad,2026-07-22 02:00:00+00:00,2.0,2.43,0.43000000000000016,0.43000000000000016,2,2
Karachi,2026-07-22 02:00:00+00:00,4.0,4.0,0.0,0.0,4,4
Lahore,2026-07-22 02:00:00+00:00,4.0,3.8933333333333335,-0.10666666666666647,0.10666666666666647,4,4
Islamabad,2026-07-22 03:00:00+00:00,2.0,2.47,0.4700000000000002,0.4700000000000002,2,2
Karachi,2026-07-22 03:00:00+00:00,4.0,4.0,0.0,0.0,4,4
Lahore,2026-07-22 03:00:00+00:00,3.0,3.6066666666666665,0.6066666666666665,0.6066666666666665,4,3
Islamabad,2026-07-22 04:00:00+00:00,3.0,2.783333333333333,-0.21666666666666679,0.21666666666666679,3,3
Karachi,2026-07-22 04:00:00+00:00,4.0,4.0,0.0,0.0,4,4
Lahore,2026-07-22 04:00:00+00:00,3.0,3.3633333333333333,0.3633333333333333,0.3633333333333333,3,3
Islamabad,2026-07-22 05:00:00+00:00,3.0,2.76,-0.2400000000000002,0.2400000000000002,3,3
Karachi,2026-07-22 05:00:00+00:00,4.0,4.0,0.0,0.0,4,4
Lahore,2026-07-22 05:00:00+00:00,3.0,2.7,-0.2999999999999998,0.2999999999999998,3,3
Islamabad,2026-07-22 06:00:00+00:00,2.0,2.7333333333333334,0.7333333333333334,0.7333333333333334,3,2
Karachi,2026-07-22 06:00:00+00:00,4.0,3.9266666666666667,-0.07333333333333325,0.07333333333333325,4,4
Lahore,2026-07-22 06:00:00+00:00,3.0,3.31,0.31000000000000005,0.31000000000000005,3,3
Islamabad,2026-07-22 07:00:00+00:00,2.0,2.1633333333333336,0.16333333333333355,0.16333333333333355,2,2
Karachi,2026-07-22 07:00:00+00:00,3.0,3.2333333333333334,0.2333333333333334,0.2333333333333334,3,3
Lahore,2026-07-22 07:00:00+00:00,3.0,2.796666666666667,-0.20333333333333314,0.20333333333333314,3,3
Islamabad,2026-07-22 08:00:00+00:00,2.0,2.486666666666667,0.4866666666666668,0.4866666666666668,2,2
Karachi,2026-07-22 08:00:00+00:00,4.0,3.0233333333333334,-0.9766666666666666,0.9766666666666666,3,4
Lahore,2026-07-22 08:00:00+00:00,4.0,3.6433333333333335,-0.35666666666666647,0.35666666666666647,4,4
Islamabad,2026-07-22 09:00:00+00:00,2.0,2.5566666666666666,0.5566666666666666,0.5566666666666666,3,2
Karachi,2026-07-22 09:00:00+00:00,3.0,3.72,0.7200000000000002,0.7200000000000002,4,3
Lahore,2026-07-22 09:00:00+00:00,4.0,3.8033333333333332,-0.19666666666666677,0.19666666666666677,4,4
Islamabad,2026-07-22 10:00:00+00:00,2.0,2.5566666666666666,0.5566666666666666,0.5566666666666666,3,2
Karachi,2026-07-22 10:00:00+00:00,3.0,3.0233333333333334,0.023333333333333428,0.023333333333333428,3,3
Lahore,2026-07-22 10:00:00+00:00,4.0,3.84,-0.16000000000000014,0.16000000000000014,4,4
Islamabad,2026-07-22 11:00:00+00:00,3.0,2.7533333333333334,-0.2466666666666666,0.2466666666666666,3,3
Karachi,2026-07-22 11:00:00+00:00,3.0,3.0433333333333334,0.043333333333333446,0.043333333333333446,3,3
Lahore,2026-07-22 11:00:00+00:00,4.0,3.91,-0.08999999999999986,0.08999999999999986,4,4
Islamabad,2026-07-22 12:00:00+00:00,3.0,2.6933333333333334,-0.30666666666666664,0.30666666666666664,3,3
Karachi,2026-07-22 12:00:00+00:00,3.0,3.0366666666666666,0.036666666666666625,0.036666666666666625,3,3
Lahore,2026-07-22 12:00:00+00:00,4.0,3.953333333333333,-0.046666666666666856,0.046666666666666856,4,4
Islamabad,2026-07-22 13:00:00+00:00,3.0,2.756666666666667,-0.24333333333333318,0.24333333333333318,3,3
Karachi,2026-07-22 13:00:00+00:00,3.0,3.0366666666666666,0.036666666666666625,0.036666666666666625,3,3
Lahore,2026-07-22 13:00:00+00:00,4.0,4.05,0.04999999999999982,0.04999999999999982,4,4
Islamabad,2026-07-22 14:00:00+00:00,3.0,2.84,-0.16000000000000014,0.16000000000000014,3,3
Karachi,2026-07-22 14:00:00+00:00,3.0,3.0533333333333332,0.05333333333333323,0.05333333333333323,3,3
Lahore,2026-07-22 14:00:00+00:00,4.0,4.023333333333333,0.023333333333333428,0.023333333333333428,4,4
Islamabad,2026-07-22 15:00:00+00:00,3.0,2.8466666666666667,-0.15333333333333332,0.15333333333333332,3,3
Karachi,2026-07-22 15:00:00+00:00,4.0,3.243333333333333,-0.7566666666666668,0.7566666666666668,3,4
Lahore,2026-07-22 15:00:00+00:00,3.0,3.9,0.8999999999999999,0.8999999999999999,4,3
Islamabad,2026-07-22 16:00:00+00:00,3.0,2.8766666666666665,-0.12333333333333352,0.12333333333333352,3,3
Karachi,2026-07-22 16:00:00+00:00,4.0,3.986666666666667,-0.013333333333333197,0.013333333333333197,4,4
Lahore,2026-07-22 16:00:00+00:00,3.0,3.16,0.16000000000000014,0.16000000000000014,3,3
Islamabad,2026-07-22 17:00:00+00:00,3.0,2.88,-0.1200000000000001,0.1200000000000001,3,3
Karachi,2026-07-22 17:00:00+00:00,4.0,4.0,0.0,0.0,4,4
Lahore,2026-07-22 17:00:00+00:00,3.0,3.0,0.0,0.0,3,3
Islamabad,2026-07-22 18:00:00+00:00,3.0,2.8366666666666664,-0.16333333333333355,0.16333333333333355,3,3
Karachi,2026-07-22 18:00:00+00:00,4.0,4.0,0.0,0.0,4,4
Lahore,2026-07-22 18:00:00+00:00,3.0,2.993333333333333,-0.006666666666666821,0.006666666666666821,3,3
Islamabad,2026-07-22 19:00:00+00:00,3.0,2.8466666666666667,-0.15333333333333332,0.15333333333333332,3,3
Karachi,2026-07-22 19:00:00+00:00,4.0,4.0,0.0,0.0,4,4
Lahore,2026-07-22 19:00:00+00:00,3.0,2.95,-0.04999999999999982,0.04999999999999982,3,3
Islamabad,2026-07-22 20:00:00+00:00,3.0,2.7466666666666666,-0.2533333333333334,0.2533333333333334,3,3
Karachi,2026-07-22 20:00:00+00:00,4.0,4.0,0.0,0.0,4,4
Lahore,2026-07-22 20:00:00+00:00,3.0,2.8833333333333333,-0.1166666666666667,0.1166666666666667,3,3
Islamabad,2026-07-22 21:00:00+00:00,3.0,2.8733333333333335,-0.12666666666666648,0.12666666666666648,3,3
Karachi,2026-07-22 21:00:00+00:00,4.0,4.0,0.0,0.0,4,4
Lahore,2026-07-22 21:00:00+00:00,3.0,2.9066666666666667,-0.09333333333333327,0.09333333333333327,3,3
Islamabad,2026-07-22 22:00:00+00:00,2.0,2.8733333333333335,0.8733333333333335,0.8733333333333335,3,2
Karachi,2026-07-22 22:00:00+00:00,4.0,4.0,0.0,0.0,4,4
Lahore,2026-07-22 22:00:00+00:00,3.0,2.85,-0.1499999999999999,0.1499999999999999,3,3
Islamabad,2026-07-22 23:00:00+00:00,2.0,2.1433333333333335,0.14333333333333353,0.14333333333333353,2,2
Karachi,2026-07-22 23:00:00+00:00,4.0,4.0,0.0,0.0,4,4
Lahore,2026-07-22 23:00:00+00:00,3.0,2.8666666666666667,-0.1333333333333333,0.1333333333333333,3,3
Islamabad,2026-07-23 00:00:00+00:00,2.0,2.006666666666667,0.006666666666666821,0.006666666666666821,2,2
Karachi,2026-07-23 00:00:00+00:00,4.0,4.0,0.0,0.0,4,4
Lahore,2026-07-23 00:00:00+00:00,3.0,2.7933333333333334,-0.20666666666666655,0.20666666666666655,3,3
Islamabad,2026-07-23 01:00:00+00:00,2.0,2.0033333333333334,0.0033333333333334103,0.0033333333333334103,2,2
Karachi,2026-07-23 01:00:00+00:00,4.0,4.0,0.0,0.0,4,4
Lahore,2026-07-23 01:00:00+00:00,3.0,2.796666666666667,-0.20333333333333314,0.20333333333333314,3,3
Islamabad,2026-07-23 02:00:00+00:00,2.0,2.0,0.0,0.0,2,2
Karachi,2026-07-23 02:00:00+00:00,4.0,4.0,0.0,0.0,4,4
Lahore,2026-07-23 02:00:00+00:00,3.0,2.8666666666666667,-0.1333333333333333,0.1333333333333333,3,3
Islamabad,2026-07-23 03:00:00+00:00,2.0,2.0733333333333333,0.07333333333333325,0.07333333333333325,2,2
Karachi,2026-07-23 03:00:00+00:00,4.0,4.0,0.0,0.0,4,4
Lahore,2026-07-23 03:00:00+00:00,3.0,2.7933333333333334,-0.20666666666666655,0.20666666666666655,3,3
Islamabad,2026-07-23 04:00:00+00:00,2.0,2.026666666666667,0.02666666666666684,0.02666666666666684,2,2
Karachi,2026-07-23 04:00:00+00:00,4.0,4.0,0.0,0.0,4,4
Lahore,2026-07-23 04:00:00+00:00,3.0,2.5933333333333333,-0.40666666666666673,0.40666666666666673,3,3
Islamabad,2026-07-23 05:00:00+00:00,2.0,2.14,0.14000000000000012,0.14000000000000012,2,2
Karachi,2026-07-23 05:00:00+00:00,4.0,4.0,0.0,0.0,4,4
Lahore,2026-07-23 05:00:00+00:00,3.0,2.7933333333333334,-0.20666666666666655,0.20666666666666655,3,3
Islamabad,2026-07-23 06:00:00+00:00,3.0,2.203333333333333,-0.7966666666666669,0.7966666666666669,2,3
Karachi,2026-07-23 06:00:00+00:00,4.0,4.0,0.0,0.0,4,4
Lahore,2026-07-23 06:00:00+00:00,3.0,2.9466666666666668,-0.05333333333333323,0.05333333333333323,3,3
Islamabad,2026-07-23 07:00:00+00:00,2.0,2.5933333333333333,0.5933333333333333,0.5933333333333333,3,2
Karachi,2026-07-23 07:00:00+00:00,4.0,4.0,0.0,0.0,4,4
Lahore,2026-07-23 07:00:00+00:00,3.0,2.9,-0.10000000000000009,0.10000000000000009,3,3
Islamabad,2026-07-23 08:00:00+00:00,3.0,2.1133333333333333,-0.8866666666666667,0.8866666666666667,2,3
Karachi,2026-07-23 08:00:00+00:00,4.0,4.0,0.0,0.0,4,4
Lahore,2026-07-23 08:00:00+00:00,3.0,2.8766666666666665,-0.12333333333333352,0.12333333333333352,3,3
Islamabad,2026-07-23 09:00:00+00:00,3.0,2.5233333333333334,-0.47666666666666657,0.47666666666666657,3,3
Karachi,2026-07-23 09:00:00+00:00,4.0,3.7666666666666666,-0.2333333333333334,0.2333333333333334,4,4
Lahore,2026-07-23 09:00:00+00:00,3.0,2.8766666666666665,-0.12333333333333352,0.12333333333333352,3,3
Islamabad,2026-07-23 10:00:00+00:00,3.0,2.6566666666666667,-0.34333333333333327,0.34333333333333327,3,3
Karachi,2026-07-23 10:00:00+00:00,3.0,3.2,0.20000000000000018,0.20000000000000018,3,3
Lahore,2026-07-23 10:00:00+00:00,3.0,2.88,-0.1200000000000001,0.1200000000000001,3,3
Islamabad,2026-07-23 11:00:00+00:00,3.0,2.743333333333333,-0.2566666666666668,0.2566666666666668,3,3
Karachi,2026-07-23 11:00:00+00:00,3.0,3.026666666666667,0.02666666666666684,0.02666666666666684,3,3
Lahore,2026-07-23 11:00:00+00:00,3.0,3.01,0.009999999999999787,0.009999999999999787,3,3
Islamabad,2026-07-23 12:00:00+00:00,3.0,2.68,-0.31999999999999984,0.31999999999999984,3,3
Karachi,2026-07-23 12:00:00+00:00,3.0,3.2466666666666666,0.2466666666666666,0.2466666666666666,3,3
Lahore,2026-07-23 12:00:00+00:00,3.0,2.96,-0.040000000000000036,0.040000000000000036,3,3
Islamabad,2026-07-23 13:00:00+00:00,2.0,2.45,0.4500000000000002,0.4500000000000002,2,2
Karachi,2026-07-23 13:00:00+00:00,3.0,3.723333333333333,0.7233333333333332,0.7233333333333332,4,3
Lahore,2026-07-23 13:00:00+00:00,3.0,2.96,-0.040000000000000036,0.040000000000000036,3,3
Islamabad,2026-07-23 14:00:00+00:00,2.0,2.0033333333333334,0.0033333333333334103,0.0033333333333334103,2,2
Karachi,2026-07-23 14:00:00+00:00,4.0,3.316666666666667,-0.6833333333333331,0.6833333333333331,3,4
Lahore,2026-07-23 14:00:00+00:00,3.0,2.9833333333333334,-0.016666666666666607,0.016666666666666607,3,3
Islamabad,2026-07-23 15:00:00+00:00,2.0,2.0233333333333334,0.023333333333333428,0.023333333333333428,2,2
Karachi,2026-07-23 15:00:00+00:00,4.0,3.8333333333333335,-0.16666666666666652,0.16666666666666652,4,4
Lahore,2026-07-23 15:00:00+00:00,3.0,2.993333333333333,-0.006666666666666821,0.006666666666666821,3,3
Islamabad,2026-07-23 16:00:00+00:00,2.0,2.0,0.0,0.0,2,2
Karachi,2026-07-23 16:00:00+00:00,4.0,3.6266666666666665,-0.3733333333333335,0.3733333333333335,4,4
Lahore,2026-07-23 16:00:00+00:00,3.0,2.9833333333333334,-0.016666666666666607,0.016666666666666607,3,3
Islamabad,2026-07-23 17:00:00+00:00,2.0,2.04,0.040000000000000036,0.040000000000000036,2,2
Karachi,2026-07-23 17:00:00+00:00,4.0,3.8533333333333335,-0.1466666666666665,0.1466666666666665,4,4
Lahore,2026-07-23 17:00:00+00:00,3.0,2.98,-0.020000000000000018,0.020000000000000018,3,3
Islamabad,2026-07-23 18:00:00+00:00,2.0,2.0566666666666666,0.05666666666666664,0.05666666666666664,2,2
Karachi,2026-07-23 18:00:00+00:00,4.0,3.93,-0.06999999999999984,0.06999999999999984,4,4
Lahore,2026-07-23 18:00:00+00:00,3.0,2.97,-0.029999999999999805,0.029999999999999805,3,3
Islamabad,2026-07-23 19:00:00+00:00,2.0,2.1766666666666667,0.17666666666666675,0.17666666666666675,2,2
Karachi,2026-07-23 19:00:00+00:00,4.0,4.0,0.0,0.0,4,4
Lahore,2026-07-23 19:00:00+00:00,3.0,2.8666666666666667,-0.1333333333333333,0.1333333333333333,3,3
Islamabad,2026-07-23 20:00:00+00:00,2.0,2.1466666666666665,0.1466666666666665,0.1466666666666665,2,2
Karachi,2026-07-23 20:00:00+00:00,4.0,4.0,0.0,0.0,4,4
Lahore,2026-07-23 20:00:00+00:00,3.0,2.83,-0.16999999999999993,0.16999999999999993,3,3
Islamabad,2026-07-23 21:00:00+00:00,2.0,2.263333333333333,0.2633333333333332,0.2633333333333332,2,2
Karachi,2026-07-23 21:00:00+00:00,4.0,4.0,0.0,0.0,4,4
Lahore,2026-07-23 21:00:00+00:00,3.0,2.8566666666666665,-0.14333333333333353,0.14333333333333353,3,3
Islamabad,2026-07-23 22:00:00+00:00,3.0,2.3633333333333333,-0.6366666666666667,0.6366666666666667,2,3
Karachi,2026-07-23 22:00:00+00:00,4.0,4.0,0.0,0.0,4,4
Lahore,2026-07-23 22:00:00+00:00,3.0,2.7733333333333334,-0.22666666666666657,0.22666666666666657,3,3
Islamabad,2026-07-23 23:00:00+00:00,3.0,2.933333333333333,-0.06666666666666687,0.06666666666666687,3,3
Karachi,2026-07-23 23:00:00+00:00,4.0,4.0,0.0,0.0,4,4
Lahore,2026-07-23 23:00:00+00:00,3.0,2.8666666666666667,-0.1333333333333333,0.1333333333333333,3,3
Islamabad,2026-07-24 00:00:00+00:00,3.0,2.86,-0.14000000000000012,0.14000000000000012,3,3
Karachi,2026-07-24 00:00:00+00:00,4.0,4.0,0.0,0.0,4,4
Lahore,2026-07-24 00:00:00+00:00,3.0,2.8266666666666667,-0.17333333333333334,0.17333333333333334,3,3
Islamabad,2026-07-24 01:00:00+00:00,3.0,2.82,-0.18000000000000016,0.18000000000000016,3,3
Karachi,2026-07-24 01:00:00+00:00,4.0,4.0,0.0,0.0,4,4
Lahore,2026-07-24 01:00:00+00:00,3.0,2.8633333333333333,-0.13666666666666671,0.13666666666666671,3,3
Islamabad,2026-07-24 02:00:00+00:00,3.0,2.75,-0.25,0.25,3,3
Karachi,2026-07-24 02:00:00+00:00,4.0,4.0,0.0,0.0,4,4
Lahore,2026-07-24 02:00:00+00:00,3.0,2.776666666666667,-0.22333333333333316,0.22333333333333316,3,3
Islamabad,2026-07-24 03:00:00+00:00,2.0,2.93,0.9300000000000002,0.9300000000000002,3,2
Karachi,2026-07-24 03:00:00+00:00,4.0,4.0,0.0,0.0,4,4
Lahore,2026-07-24 03:00:00+00:00,3.0,2.65,-0.3500000000000001,0.3500000000000001,3,3
Islamabad,2026-07-24 04:00:00+00:00,2.0,2.0966666666666667,0.09666666666666668,0.09666666666666668,2,2
Karachi,2026-07-24 04:00:00+00:00,4.0,4.0,0.0,0.0,4,4
Lahore,2026-07-24 04:00:00+00:00,3.0,2.6266666666666665,-0.3733333333333335,0.3733333333333335,3,3
Islamabad,2026-07-24 05:00:00+00:00,3.0,2.6266666666666665,-0.3733333333333335,0.3733333333333335,3,3
Karachi,2026-07-24 05:00:00+00:00,4.0,4.0,0.0,0.0,4,4
Lahore,2026-07-24 05:00:00+00:00,3.0,2.723333333333333,-0.27666666666666684,0.27666666666666684,3,3
Islamabad,2026-07-24 06:00:00+00:00,3.0,2.8233333333333333,-0.17666666666666675,0.17666666666666675,3,3
Karachi,2026-07-24 06:00:00+00:00,4.0,4.0,0.0,0.0,4,4
Lahore,2026-07-24 06:00:00+00:00,3.0,3.05,0.04999999999999982,0.04999999999999982,3,3
Islamabad,2026-07-24 07:00:00+00:00,3.0,2.93,-0.06999999999999984,0.06999999999999984,3,3
Karachi,2026-07-24 07:00:00+00:00,4.0,4.0,0.0,0.0,4,4
Lahore,2026-07-24 07:00:00+00:00,4.0,3.1566666666666667,-0.8433333333333333,0.8433333333333333,3,4
Islamabad,2026-07-24 08:00:00+00:00,3.0,2.8966666666666665,-0.1033333333333335,0.1033333333333335,3,3
Karachi,2026-07-24 08:00:00+00:00,4.0,4.0,0.0,0.0,4,4
Lahore,2026-07-24 08:00:00+00:00,4.0,3.7066666666666666,-0.29333333333333345,0.29333333333333345,4,4
Islamabad,2026-07-24 09:00:00+00:00,3.0,2.9266666666666667,-0.07333333333333325,0.07333333333333325,3,3
Karachi,2026-07-24 09:00:00+00:00,4.0,4.0,0.0,0.0,4,4
Lahore,2026-07-24 09:00:00+00:00,4.0,3.7,-0.2999999999999998,0.2999999999999998,4,4
Islamabad,2026-07-24 10:00:00+00:00,3.0,2.9366666666666665,-0.06333333333333346,0.06333333333333346,3,3
Karachi,2026-07-24 10:00:00+00:00,4.0,4.0,0.0,0.0,4,4
Lahore,2026-07-24 10:00:00+00:00,4.0,3.7066666666666666,-0.29333333333333345,0.29333333333333345,4,4
Islamabad,2026-07-24 11:00:00+00:00,3.0,2.9033333333333333,-0.09666666666666668,0.09666666666666668,3,3
Karachi,2026-07-24 11:00:00+00:00,4.0,4.0,0.0,0.0,4,4
Lahore,2026-07-24 11:00:00+00:00,4.0,3.513333333333333,-0.4866666666666668,0.4866666666666668,4,4
Islamabad,2026-07-24 12:00:00+00:00,2.0,2.3233333333333333,0.32333333333333325,0.32333333333333325,2,2
Karachi,2026-07-24 12:00:00+00:00,4.0,4.0,0.0,0.0,4,4
Lahore,2026-07-24 12:00:00+00:00,3.0,3.2866666666666666,0.2866666666666666,0.2866666666666666,3,3
Islamabad,2026-07-24 13:00:00+00:00,2.0,2.5933333333333333,0.5933333333333333,0.5933333333333333,3,2
Karachi,2026-07-24 13:00:00+00:00,4.0,4.0,0.0,0.0,4,4
Lahore,2026-07-24 13:00:00+00:00,3.0,2.99,-0.009999999999999787,0.009999999999999787,3,3
Islamabad,2026-07-24 14:00:00+00:00,2.0,2.0533333333333332,0.05333333333333323,0.05333333333333323,2,2
Karachi,2026-07-24 14:00:00+00:00,4.0,4.0,0.0,0.0,4,4
Lahore,2026-07-24 14:00:00+00:00,3.0,2.8933333333333335,-0.10666666666666647,0.10666666666666647,3,3
Islamabad,2026-07-24 15:00:00+00:00,2.0,2.84,0.8399999999999999,0.8399999999999999,3,2
Karachi,2026-07-24 15:00:00+00:00,4.0,4.0,0.0,0.0,4,4
Lahore,2026-07-24 15:00:00+00:00,3.0,2.97,-0.029999999999999805,0.029999999999999805,3,3
Islamabad,2026-07-24 16:00:00+00:00,3.0,2.5733333333333333,-0.42666666666666675,0.42666666666666675,3,3
Karachi,2026-07-24 16:00:00+00:00,4.0,4.0,0.0,0.0,4,4
Lahore,2026-07-24 16:00:00+00:00,3.0,2.973333333333333,-0.02666666666666684,0.02666666666666684,3,3
Islamabad,2026-07-24 17:00:00+00:00,3.0,2.9033333333333333,-0.09666666666666668,0.09666666666666668,3,3
Karachi,2026-07-24 17:00:00+00:00,4.0,3.96,-0.040000000000000036,0.040000000000000036,4,4
Lahore,2026-07-24 17:00:00+00:00,3.0,2.986666666666667,-0.013333333333333197,0.013333333333333197,3,3
Islamabad,2026-07-24 18:00:00+00:00,3.0,2.8633333333333333,-0.13666666666666671,0.13666666666666671,3,3
Karachi,2026-07-24 18:00:00+00:00,4.0,3.72,-0.2799999999999998,0.2799999999999998,4,4
Lahore,2026-07-24 18:00:00+00:00,3.0,2.9833333333333334,-0.016666666666666607,0.016666666666666607,3,3
Islamabad,2026-07-24 19:00:00+00:00,3.0,2.7266666666666666,-0.27333333333333343,0.27333333333333343,3,3
Karachi,2026-07-24 19:00:00+00:00,4.0,3.2533333333333334,-0.7466666666666666,0.7466666666666666,3,4
Lahore,2026-07-24 19:00:00+00:00,3.0,2.993333333333333,-0.006666666666666821,0.006666666666666821,3,3
Islamabad,2026-07-24 20:00:00+00:00,3.0,2.78,-0.2200000000000002,0.2200000000000002,3,3
Karachi,2026-07-24 20:00:00+00:00,4.0,3.37,-0.6299999999999999,0.6299999999999999,3,4
Lahore,2026-07-24 20:00:00+00:00,3.0,2.993333333333333,-0.006666666666666821,0.006666666666666821,3,3
Islamabad,2026-07-24 21:00:00+00:00,3.0,2.79,-0.20999999999999996,0.20999999999999996,3,3
Karachi,2026-07-24 21:00:00+00:00,4.0,3.4566666666666666,-0.5433333333333334,0.5433333333333334,3,4
Lahore,2026-07-24 21:00:00+00:00,3.0,2.993333333333333,-0.006666666666666821,0.006666666666666821,3,3
Islamabad,2026-07-24 22:00:00+00:00,3.0,2.8133333333333335,-0.18666666666666654,0.18666666666666654,3,3
Karachi,2026-07-24 22:00:00+00:00,4.0,3.89,-0.10999999999999988,0.10999999999999988,4,4
Lahore,2026-07-24 22:00:00+00:00,3.0,2.986666666666667,-0.013333333333333197,0.013333333333333197,3,3
Islamabad,2026-07-24 23:00:00+00:00,3.0,2.87,-0.1299999999999999,0.1299999999999999,3,3
Karachi,2026-07-24 23:00:00+00:00,4.0,3.95,-0.04999999999999982,0.04999999999999982,4,4
Lahore,2026-07-24 23:00:00+00:00,3.0,3.0,0.0,0.0,3,3
Islamabad,2026-07-25 00:00:00+00:00,3.0,2.8566666666666665,-0.14333333333333353,0.14333333333333353,3,3
Karachi,2026-07-25 00:00:00+00:00,4.0,3.993333333333333,-0.006666666666666821,0.006666666666666821,4,4
Lahore,2026-07-25 00:00:00+00:00,3.0,2.986666666666667,-0.013333333333333197,0.013333333333333197,3,3
Islamabad,2026-07-25 01:00:00+00:00,3.0,2.7933333333333334,-0.20666666666666655,0.20666666666666655,3,3
Karachi,2026-07-25 01:00:00+00:00,4.0,4.0,0.0,0.0,4,4
Lahore,2026-07-25 01:00:00+00:00,3.0,2.993333333333333,-0.006666666666666821,0.006666666666666821,3,3
Islamabad,2026-07-25 02:00:00+00:00,3.0,2.6566666666666667,-0.34333333333333327,0.34333333333333327,3,3
Karachi,2026-07-25 02:00:00+00:00,4.0,4.0,0.0,0.0,4,4
Lahore,2026-07-25 02:00:00+00:00,3.0,2.97,-0.029999999999999805,0.029999999999999805,3,3
Islamabad,2026-07-25 03:00:00+00:00,3.0,2.6633333333333336,-0.33666666666666645,0.33666666666666645,3,3
Karachi,2026-07-25 03:00:00+00:00,4.0,4.0,0.0,0.0,4,4
Lahore,2026-07-25 03:00:00+00:00,3.0,2.76,-0.2400000000000002,0.2400000000000002,3,3
Islamabad,2026-07-25 04:00:00+00:00,3.0,2.74,-0.2599999999999998,0.2599999999999998,3,3
Karachi,2026-07-25 04:00:00+00:00,4.0,4.0,0.0,0.0,4,4
Lahore,2026-07-25 04:00:00+00:00,4.0,3.8866666666666667,-0.11333333333333329,0.11333333333333329,4,4
Islamabad,2026-07-25 05:00:00+00:00,3.0,2.76,-0.2400000000000002,0.2400000000000002,3,3
Karachi,2026-07-25 05:00:00+00:00,4.0,4.0,0.0,0.0,4,4
Lahore,2026-07-25 05:00:00+00:00,4.0,3.46,-0.54,0.54,3,4
Islamabad,2026-07-25 06:00:00+00:00,3.0,2.7866666666666666,-0.21333333333333337,0.21333333333333337,3,3
Karachi,2026-07-25 06:00:00+00:00,4.0,4.0,0.0,0.0,4,4
Lahore,2026-07-25 06:00:00+00:00,3.0,3.4766666666666666,0.47666666666666657,0.47666666666666657,3,3
Islamabad,2026-07-25 07:00:00+00:00,3.0,2.82,-0.18000000000000016,0.18000000000000016,3,3
Karachi,2026-07-25 07:00:00+00:00,4.0,4.0,0.0,0.0,4,4
Lahore,2026-07-25 07:00:00+00:00,3.0,3.263333333333333,0.2633333333333332,0.2633333333333332,3,3
Islamabad,2026-07-25 08:00:00+00:00,3.0,2.756666666666667,-0.24333333333333318,0.24333333333333318,3,3
Karachi,2026-07-25 08:00:00+00:00,4.0,4.0,0.0,0.0,4,4
Lahore,2026-07-25 08:00:00+00:00,3.0,3.0233333333333334,0.023333333333333428,0.023333333333333428,3,3
Islamabad,2026-07-25 09:00:00+00:00,3.0,2.7866666666666666,-0.21333333333333337,0.21333333333333337,3,3
Karachi,2026-07-25 09:00:00+00:00,4.0,4.0,0.0,0.0,4,4
Lahore,2026-07-25 09:00:00+00:00,3.0,3.0033333333333334,0.0033333333333334103,0.0033333333333334103,3,3
Islamabad,2026-07-25 10:00:00+00:00,3.0,2.7466666666666666,-0.2533333333333334,0.2533333333333334,3,3
Karachi,2026-07-25 10:00:00+00:00,4.0,4.0,0.0,0.0,4,4
Lahore,2026-07-25 10:00:00+00:00,3.0,3.0033333333333334,0.0033333333333334103,0.0033333333333334103,3,3
Islamabad,2026-07-25 11:00:00+00:00,3.0,2.816666666666667,-0.18333333333333313,0.18333333333333313,3,3
Karachi,2026-07-25 11:00:00+00:00,4.0,4.0,0.0,0.0,4,4
Lahore,2026-07-25 11:00:00+00:00,3.0,3.0033333333333334,0.0033333333333334103,0.0033333333333334103,3,3
Islamabad,2026-07-25 12:00:00+00:00,3.0,2.7866666666666666,-0.21333333333333337,0.21333333333333337,3,3
Karachi,2026-07-25 12:00:00+00:00,4.0,4.0,0.0,0.0,4,4
Lahore,2026-07-25 12:00:00+00:00,3.0,2.91,-0.08999999999999986,0.08999999999999986,3,3
Islamabad,2026-07-25 13:00:00+00:00,3.0,2.7666666666666666,-0.2333333333333334,0.2333333333333334,3,3
Karachi,2026-07-25 13:00:00+00:00,4.0,4.0,0.0,0.0,4,4
Lahore,2026-07-25 13:00:00+00:00,3.0,2.95,-0.04999999999999982,0.04999999999999982,3,3
Islamabad,2026-07-25 14:00:00+00:00,3.0,2.76,-0.2400000000000002,0.2400000000000002,3,3
Karachi,2026-07-25 14:00:00+00:00,4.0,4.0,0.0,0.0,4,4
Lahore,2026-07-25 14:00:00+00:00,3.0,2.9366666666666665,-0.06333333333333346,0.06333333333333346,3,3
Islamabad,2026-07-25 15:00:00+00:00,3.0,2.86,-0.14000000000000012,0.14000000000000012,3,3
Karachi,2026-07-25 15:00:00+00:00,4.0,3.9966666666666666,-0.0033333333333334103,0.0033333333333334103,4,4
Lahore,2026-07-25 15:00:00+00:00,3.0,2.98,-0.020000000000000018,0.020000000000000018,3,3
Islamabad,2026-07-25 16:00:00+00:00,3.0,2.86,-0.14000000000000012,0.14000000000000012,3,3
Karachi,2026-07-25 16:00:00+00:00,4.0,3.986666666666667,-0.013333333333333197,0.013333333333333197,4,4
Lahore,2026-07-25 16:00:00+00:00,3.0,3.013333333333333,0.013333333333333197,0.013333333333333197,3,3
Islamabad,2026-07-25 17:00:00+00:00,3.0,2.966666666666667,-0.033333333333333215,0.033333333333333215,3,3
Karachi,2026-07-25 17:00:00+00:00,4.0,3.99,-0.009999999999999787,0.009999999999999787,4,4
Lahore,2026-07-25 17:00:00+00:00,3.0,3.0533333333333332,0.05333333333333323,0.05333333333333323,3,3
Islamabad,2026-07-25 18:00:00+00:00,3.0,2.8866666666666667,-0.11333333333333329,0.11333333333333329,3,3
Karachi,2026-07-25 18:00:00+00:00,4.0,3.986666666666667,-0.013333333333333197,0.013333333333333197,4,4
Lahore,2026-07-25 18:00:00+00:00,3.0,3.0533333333333332,0.05333333333333323,0.05333333333333323,3,3
Islamabad,2026-07-25 19:00:00+00:00,3.0,2.8966666666666665,-0.1033333333333335,0.1033333333333335,3,3
Karachi,2026-07-25 19:00:00+00:00,4.0,3.9766666666666666,-0.023333333333333428,0.023333333333333428,4,4
Lahore,2026-07-25 19:00:00+00:00,3.0,2.986666666666667,-0.013333333333333197,0.013333333333333197,3,3
Islamabad,2026-07-25 20:00:00+00:00,3.0,2.86,-0.14000000000000012,0.14000000000000012,3,3
Karachi,2026-07-25 20:00:00+00:00,4.0,3.9833333333333334,-0.016666666666666607,0.016666666666666607,4,4
Lahore,2026-07-25 20:00:00+00:00,3.0,2.993333333333333,-0.006666666666666821,0.006666666666666821,3,3
Islamabad,2026-07-25 21:00:00+00:00,3.0,2.8833333333333333,-0.1166666666666667,0.1166666666666667,3,3
Karachi,2026-07-25 21:00:00+00:00,4.0,3.99,-0.009999999999999787,0.009999999999999787,4,4
Lahore,2026-07-25 21:00:00+00:00,3.0,2.9966666666666666,-0.0033333333333334103,0.0033333333333334103,3,3
Islamabad,2026-07-25 22:00:00+00:00,3.0,2.89,-0.10999999999999988,0.10999999999999988,3,3
Karachi,2026-07-25 22:00:00+00:00,4.0,4.0,0.0,0.0,4,4
Lahore,2026-07-25 22:00:00+00:00,3.0,2.993333333333333,-0.006666666666666821,0.006666666666666821,3,3
Islamabad,2026-07-25 23:00:00+00:00,3.0,2.94,-0.06000000000000005,0.06000000000000005,3,3
Karachi,2026-07-25 23:00:00+00:00,4.0,4.0,0.0,0.0,4,4
Lahore,2026-07-25 23:00:00+00:00,3.0,2.96,-0.040000000000000036,0.040000000000000036,3,3
Islamabad,2026-07-26 00:00:00+00:00,3.0,2.9,-0.10000000000000009,0.10000000000000009,3,3
Karachi,2026-07-26 00:00:00+00:00,4.0,4.0,0.0,0.0,4,4
Lahore,2026-07-26 00:00:00+00:00,3.0,2.85,-0.1499999999999999,0.1499999999999999,3,3
Islamabad,2026-07-26 01:00:00+00:00,3.0,2.783333333333333,-0.21666666666666679,0.21666666666666679,3,3
Karachi,2026-07-26 01:00:00+00:00,4.0,4.0,0.0,0.0,4,4
Lahore,2026-07-26 01:00:00+00:00,3.0,2.8433333333333333,-0.15666666666666673,0.15666666666666673,3,3
Islamabad,2026-07-26 02:00:00+00:00,3.0,2.62,-0.3799999999999999,0.3799999999999999,3,3
Karachi,2026-07-26 02:00:00+00:00,4.0,4.0,0.0,0.0,4,4
Lahore,2026-07-26 02:00:00+00:00,3.0,2.75,-0.25,0.25,3,3
Islamabad,2026-07-26 03:00:00+00:00,2.0,2.5833333333333335,0.5833333333333335,0.5833333333333335,3,2
Karachi,2026-07-26 03:00:00+00:00,4.0,4.0,0.0,0.0,4,4
Lahore,2026-07-26 03:00:00+00:00,3.0,2.8833333333333333,-0.1166666666666667,0.1166666666666667,3,3
Islamabad,2026-07-26 04:00:00+00:00,3.0,2.2866666666666666,-0.7133333333333334,0.7133333333333334,2,3
Karachi,2026-07-26 04:00:00+00:00,4.0,4.0,0.0,0.0,4,4
Lahore,2026-07-26 04:00:00+00:00,4.0,3.06,-0.94,0.94,3,4
Islamabad,2026-07-26 05:00:00+00:00,3.0,2.7066666666666666,-0.29333333333333345,0.29333333333333345,3,3
Karachi,2026-07-26 05:00:00+00:00,4.0,4.0,0.0,0.0,4,4
Lahore,2026-07-26 05:00:00+00:00,4.0,3.5933333333333333,-0.40666666666666673,0.40666666666666673,4,4
Islamabad,2026-07-26 06:00:00+00:00,3.0,2.8033333333333332,-0.19666666666666677,0.19666666666666677,3,3
Karachi,2026-07-26 06:00:00+00:00,4.0,4.0,0.0,0.0,4,4
Lahore,2026-07-26 06:00:00+00:00,4.0,3.76,-0.2400000000000002,0.2400000000000002,4,4
Islamabad,2026-07-26 07:00:00+00:00,3.0,2.81,-0.18999999999999995,0.18999999999999995,3,3
Karachi,2026-07-26 07:00:00+00:00,4.0,3.99,-0.009999999999999787,0.009999999999999787,4,4
Lahore,2026-07-26 07:00:00+00:00,4.0,3.7666666666666666,-0.2333333333333334,0.2333333333333334,4,4
Islamabad,2026-07-26 08:00:00+00:00,3.0,3.0033333333333334,0.0033333333333334103,0.0033333333333334103,3,3
Karachi,2026-07-26 08:00:00+00:00,4.0,3.993333333333333,-0.006666666666666821,0.006666666666666821,4,4
Lahore,2026-07-26 08:00:00+00:00,4.0,3.716666666666667,-0.2833333333333332,0.2833333333333332,4,4
Islamabad,2026-07-26 09:00:00+00:00,3.0,3.0033333333333334,0.0033333333333334103,0.0033333333333334103,3,3
Karachi,2026-07-26 09:00:00+00:00,4.0,3.9966666666666666,-0.0033333333333334103,0.0033333333333334103,4,4
Lahore,2026-07-26 09:00:00+00:00,4.0,3.756666666666667,-0.24333333333333318,0.24333333333333318,4,4
Islamabad,2026-07-26 10:00:00+00:00,3.0,3.0,0.0,0.0,3,3
Karachi,2026-07-26 10:00:00+00:00,4.0,3.933333333333333,-0.06666666666666687,0.06666666666666687,4,4
Lahore,2026-07-26 10:00:00+00:00,4.0,3.75,-0.25,0.25,4,4
Islamabad,2026-07-26 11:00:00+00:00,3.0,3.0,0.0,0.0,3,3
Karachi,2026-07-26 11:00:00+00:00,4.0,3.8966666666666665,-0.1033333333333335,0.1033333333333335,4,4
Lahore,2026-07-26 11:00:00+00:00,4.0,3.7466666666666666,-0.2533333333333334,0.2533333333333334,4,4
Islamabad,2026-07-26 12:00:00+00:00,2.0,2.99,0.9900000000000002,0.9900000000000002,3,2
Karachi,2026-07-26 12:00:00+00:00,3.0,3.3466666666666667,0.3466666666666667,0.3466666666666667,3,3
Lahore,2026-07-26 12:00:00+00:00,4.0,3.6333333333333333,-0.3666666666666667,0.3666666666666667,4,4
Islamabad,2026-07-26 13:00:00+00:00,2.0,2.4466666666666668,0.44666666666666677,0.44666666666666677,2,2
Karachi,2026-07-26 13:00:00+00:00,3.0,3.02,0.020000000000000018,0.020000000000000018,3,3
Lahore,2026-07-26 13:00:00+00:00,4.0,3.73,-0.27,0.27,4,4
Islamabad,2026-07-26 14:00:00+00:00,2.0,2.0233333333333334,0.023333333333333428,0.023333333333333428,2,2
Karachi,2026-07-26 14:00:00+00:00,3.0,3.0533333333333332,0.05333333333333323,0.05333333333333323,3,3
Lahore,2026-07-26 14:00:00+00:00,4.0,3.9166666666666665,-0.08333333333333348,0.08333333333333348,4,4
Islamabad,2026-07-26 15:00:00+00:00,2.0,2.1133333333333333,0.11333333333333329,0.11333333333333329,2,2
Karachi,2026-07-26 15:00:00+00:00,3.0,3.02,0.020000000000000018,0.020000000000000018,3,3
Lahore,2026-07-26 15:00:00+00:00,4.0,3.9566666666666666,-0.043333333333333446,0.043333333333333446,4,4
Islamabad,2026-07-26 16:00:00+00:00,2.0,2.5833333333333335,0.5833333333333335,0.5833333333333335,3,2
Karachi,2026-07-26 16:00:00+00:00,3.0,3.0,0.0,0.0,3,3
Lahore,2026-07-26 16:00:00+00:00,4.0,3.9833333333333334,-0.016666666666666607,0.016666666666666607,4,4
Islamabad,2026-07-26 17:00:00+00:00,3.0,2.6733333333333333,-0.32666666666666666,0.32666666666666666,3,3
Karachi,2026-07-26 17:00:00+00:00,3.0,3.0,0.0,0.0,3,3
Lahore,2026-07-26 17:00:00+00:00,4.0,4.013333333333334,0.013333333333333641,0.013333333333333641,4,4
Islamabad,2026-07-26 18:00:00+00:00,3.0,2.9066666666666667,-0.09333333333333327,0.09333333333333327,3,3
Karachi,2026-07-26 18:00:00+00:00,3.0,3.0,0.0,0.0,3,3
Lahore,2026-07-26 18:00:00+00:00,4.0,4.083333333333333,0.08333333333333304,0.08333333333333304,4,4
Islamabad,2026-07-26 19:00:00+00:00,3.0,2.85,-0.1499999999999999,0.1499999999999999,3,3
Karachi,2026-07-26 19:00:00+00:00,3.0,3.0,0.0,0.0,3,3
Lahore,2026-07-26 19:00:00+00:00,4.0,4.05,0.04999999999999982,0.04999999999999982,4,4
Islamabad,2026-07-26 20:00:00+00:00,3.0,2.88,-0.1200000000000001,0.1200000000000001,3,3
Karachi,2026-07-26 20:00:00+00:00,3.0,3.0,0.0,0.0,3,3
Lahore,2026-07-26 20:00:00+00:00,4.0,4.403333333333333,0.4033333333333333,0.4033333333333333,4,4
Islamabad,2026-07-26 21:00:00+00:00,3.0,2.9133333333333336,-0.08666666666666645,0.08666666666666645,3,3
Karachi,2026-07-26 21:00:00+00:00,3.0,3.0566666666666666,0.05666666666666664,0.05666666666666664,3,3
Lahore,2026-07-26 21:00:00+00:00,5.0,4.536666666666667,-0.46333333333333293,0.46333333333333293,5,5
Islamabad,2026-07-26 22:00:00+00:00,3.0,2.9466666666666668,-0.05333333333333323,0.05333333333333323,3,3
Karachi,2026-07-26 22:00:00+00:00,3.0,3.0766666666666667,0.07666666666666666,0.07666666666666666,3,3
Lahore,2026-07-26 22:00:00+00:00,5.0,4.626666666666667,-0.3733333333333331,0.3733333333333331,5,5
Islamabad,2026-07-26 23:00:00+00:00,3.0,2.98,-0.020000000000000018,0.020000000000000018,3,3
Karachi,2026-07-26 23:00:00+00:00,3.0,3.0633333333333335,0.06333333333333346,0.06333333333333346,3,3
Lahore,2026-07-26 23:00:00+00:00,5.0,4.636666666666667,-0.3633333333333333,0.3633333333333333,5,5
Islamabad,2026-07-27 00:00:00+00:00,3.0,2.9166666666666665,-0.08333333333333348,0.08333333333333348,3,3
Karachi,2026-07-27 00:00:00+00:00,3.0,3.07,0.06999999999999984,0.06999999999999984,3,3
Lahore,2026-07-27 00:00:00+00:00,5.0,4.62,-0.3799999999999999,0.3799999999999999,5,5
Islamabad,2026-07-27 01:00:00+00:00,3.0,2.9566666666666666,-0.043333333333333446,0.043333333333333446,3,3
Karachi,2026-07-27 01:00:00+00:00,4.0,3.6433333333333335,-0.35666666666666647,0.35666666666666647,4,4
Lahore,2026-07-27 01:00:00+00:00,5.0,4.466666666666667,-0.5333333333333332,0.5333333333333332,4,5
Islamabad,2026-07-27 02:00:00+00:00,3.0,3.04,0.040000000000000036,0.040000000000000036,3,3
Karachi,2026-07-27 02:00:00+00:00,4.0,3.9,-0.10000000000000009,0.10000000000000009,4,4
Lahore,2026-07-27 02:00:00+00:00,5.0,4.536666666666667,-0.46333333333333293,0.46333333333333293,5,5
Islamabad,2026-07-27 03:00:00+00:00,3.0,3.0766666666666667,0.07666666666666666,0.07666666666666666,3,3
Karachi,2026-07-27 03:00:00+00:00,4.0,3.703333333333333,-0.29666666666666686,0.29666666666666686,4,4
Lahore,2026-07-27 03:00:00+00:00,4.0,4.553333333333334,0.5533333333333337,0.5533333333333337,5,4
Islamabad,2026-07-27 04:00:00+00:00,3.0,2.79,-0.20999999999999996,0.20999999999999996,3,3
Karachi,2026-07-27 04:00:00+00:00,4.0,3.68,-0.31999999999999984,0.31999999999999984,4,4
Lahore,2026-07-27 04:00:00+00:00,3.0,3.66,0.6600000000000001,0.6600000000000001,4,3
Islamabad,2026-07-27 05:00:00+00:00,3.0,2.7533333333333334,-0.2466666666666666,0.2466666666666666,3,3
Karachi,2026-07-27 05:00:00+00:00,4.0,3.54,-0.45999999999999996,0.45999999999999996,4,4
Lahore,2026-07-27 05:00:00+00:00,3.0,3.0566666666666666,0.05666666666666664,0.05666666666666664,3,3
Islamabad,2026-07-27 06:00:00+00:00,3.0,2.816666666666667,-0.18333333333333313,0.18333333333333313,3,3
Karachi,2026-07-27 06:00:00+00:00,4.0,3.53,-0.4700000000000002,0.4700000000000002,4,4
Lahore,2026-07-27 06:00:00+00:00,3.0,2.993333333333333,-0.006666666666666821,0.006666666666666821,3,3
Islamabad,2026-07-27 07:00:00+00:00,3.0,2.8566666666666665,-0.14333333333333353,0.14333333333333353,3,3
Karachi,2026-07-27 07:00:00+00:00,4.0,3.736666666666667,-0.2633333333333332,0.2633333333333332,4,4
Lahore,2026-07-27 07:00:00+00:00,3.0,2.97,-0.029999999999999805,0.029999999999999805,3,3
Islamabad,2026-07-27 08:00:00+00:00,3.0,2.8466666666666667,-0.15333333333333332,0.15333333333333332,3,3
Karachi,2026-07-27 08:00:00+00:00,4.0,3.7133333333333334,-0.2866666666666666,0.2866666666666666,4,4
Lahore,2026-07-27 08:00:00+00:00,3.0,3.006666666666667,0.006666666666666821,0.006666666666666821,3,3
Islamabad,2026-07-27 09:00:00+00:00,3.0,2.8233333333333333,-0.17666666666666675,0.17666666666666675,3,3
Karachi,2026-07-27 09:00:00+00:00,4.0,3.7066666666666666,-0.29333333333333345,0.29333333333333345,4,4
Lahore,2026-07-27 09:00:00+00:00,3.0,2.9433333333333334,-0.05666666666666664,0.05666666666666664,3,3
Islamabad,2026-07-27 10:00:00+00:00,3.0,2.8433333333333333,-0.15666666666666673,0.15666666666666673,3,3
Karachi,2026-07-27 10:00:00+00:00,3.0,3.2933333333333334,0.29333333333333345,0.29333333333333345,3,3
Lahore,2026-07-27 10:00:00+00:00,3.0,2.92,-0.08000000000000007,0.08000000000000007,3,3
Islamabad,2026-07-27 11:00:00+00:00,3.0,2.816666666666667,-0.18333333333333313,0.18333333333333313,3,3
Karachi,2026-07-27 11:00:00+00:00,3.0,3.08,0.08000000000000007,0.08000000000000007,3,3
Lahore,2026-07-27 11:00:00+00:00,3.0,3.0166666666666666,0.016666666666666607,0.016666666666666607,3,3
Islamabad,2026-07-27 12:00:00+00:00,2.0,2.3766666666666665,0.3766666666666665,0.3766666666666665,2,2
Karachi,2026-07-27 12:00:00+00:00,3.0,3.026666666666667,0.02666666666666684,0.02666666666666684,3,3
Lahore,2026-07-27 12:00:00+00:00,3.0,2.966666666666667,-0.033333333333333215,0.033333333333333215,3,3
Islamabad,2026-07-27 13:00:00+00:00,2.0,2.54,0.54,0.54,3,2
Karachi,2026-07-27 13:00:00+00:00,3.0,3.0,0.0,0.0,3,3
Lahore,2026-07-27 13:00:00+00:00,3.0,2.9966666666666666,-0.0033333333333334103,0.0033333333333334103,3,3
Islamabad,2026-07-27 14:00:00+00:00,2.0,2.0433333333333334,0.043333333333333446,0.043333333333333446,2,2
Karachi,2026-07-27 14:00:00+00:00,3.0,3.0,0.0,0.0,3,3
Lahore,2026-07-27 14:00:00+00:00,3.0,3.026666666666667,0.02666666666666684,0.02666666666666684,3,3
Islamabad,2026-07-27 15:00:00+00:00,2.0,2.0166666666666666,0.016666666666666607,0.016666666666666607,2,2
Karachi,2026-07-27 15:00:00+00:00,3.0,3.026666666666667,0.02666666666666684,0.02666666666666684,3,3
Lahore,2026-07-27 15:00:00+00:00,3.0,3.046666666666667,0.046666666666666856,0.046666666666666856,3,3
Islamabad,2026-07-27 16:00:00+00:00,3.0,2.53,-0.4700000000000002,0.4700000000000002,3,3
Karachi,2026-07-27 16:00:00+00:00,3.0,3.04,0.040000000000000036,0.040000000000000036,3,3
Lahore,2026-07-27 16:00:00+00:00,3.0,3.0033333333333334,0.0033333333333334103,0.0033333333333334103,3,3
Islamabad,2026-07-27 17:00:00+00:00,3.0,2.8666666666666667,-0.1333333333333333,0.1333333333333333,3,3
Karachi,2026-07-27 17:00:00+00:00,3.0,3.1566666666666667,0.15666666666666673,0.15666666666666673,3,3
Lahore,2026-07-27 17:00:00+00:00,3.0,3.08,0.08000000000000007,0.08000000000000007,3,3
Islamabad,2026-07-27 18:00:00+00:00,3.0,2.9633333333333334,-0.036666666666666625,0.036666666666666625,3,3
Karachi,2026-07-27 18:00:00+00:00,4.0,3.7866666666666666,-0.21333333333333337,0.21333333333333337,4,4
Lahore,2026-07-27 18:00:00+00:00,3.0,3.28,0.2799999999999998,0.2799999999999998,3,3
Islamabad,2026-07-27 19:00:00+00:00,3.0,2.9833333333333334,-0.016666666666666607,0.016666666666666607,3,3
Karachi,2026-07-27 19:00:00+00:00,4.0,3.953333333333333,-0.046666666666666856,0.046666666666666856,4,4
Lahore,2026-07-27 19:00:00+00:00,3.0,3.2533333333333334,0.2533333333333334,0.2533333333333334,3,3
Islamabad,2026-07-27 20:00:00+00:00,3.0,2.99,-0.009999999999999787,0.009999999999999787,3,3
Karachi,2026-07-27 20:00:00+00:00,4.0,3.99,-0.009999999999999787,0.009999999999999787,4,4
Lahore,2026-07-27 20:00:00+00:00,3.0,3.36,0.3599999999999999,0.3599999999999999,3,3
Islamabad,2026-07-27 21:00:00+00:00,3.0,3.006666666666667,0.006666666666666821,0.006666666666666821,3,3
Karachi,2026-07-27 21:00:00+00:00,4.0,4.0,0.0,0.0,4,4
Lahore,2026-07-27 21:00:00+00:00,3.0,3.33,0.33000000000000007,0.33000000000000007,3,3
Islamabad,2026-07-27 22:00:00+00:00,3.0,3.033333333333333,0.033333333333333215,0.033333333333333215,3,3
Karachi,2026-07-27 22:00:00+00:00,4.0,4.0,0.0,0.0,4,4
Lahore,2026-07-27 22:00:00+00:00,3.0,3.1266666666666665,0.12666666666666648,0.12666666666666648,3,3
Islamabad,2026-07-27 23:00:00+00:00,3.0,3.026666666666667,0.02666666666666684,0.02666666666666684,3,3
Karachi,2026-07-27 23:00:00+00:00,4.0,3.993333333333333,-0.006666666666666821,0.006666666666666821,4,4
Lahore,2026-07-27 23:00:00+00:00,3.0,3.03,0.029999999999999805,0.029999999999999805,3,3
Islamabad,2026-07-28 00:00:00+00:00,3.0,3.0766666666666667,0.07666666666666666,0.07666666666666666,3,3
Karachi,2026-07-28 00:00:00+00:00,4.0,4.0,0.0,0.0,4,4
Lahore,2026-07-28 00:00:00+00:00,3.0,3.03,0.029999999999999805,0.029999999999999805,3,3
Islamabad,2026-07-28 01:00:00+00:00,3.0,3.0733333333333333,0.07333333333333325,0.07333333333333325,3,3
Karachi,2026-07-28 01:00:00+00:00,4.0,4.0,0.0,0.0,4,4
Lahore,2026-07-28 01:00:00+00:00,3.0,3.0233333333333334,0.023333333333333428,0.023333333333333428,3,3
Islamabad,2026-07-28 02:00:00+00:00,3.0,3.06,0.06000000000000005,0.06000000000000005,3,3
Karachi,2026-07-28 02:00:00+00:00,4.0,4.0,0.0,0.0,4,4
Lahore,2026-07-28 02:00:00+00:00,3.0,3.013333333333333,0.013333333333333197,0.013333333333333197,3,3
Islamabad,2026-07-28 03:00:00+00:00,3.0,3.1366666666666667,0.13666666666666671,0.13666666666666671,3,3
Karachi,2026-07-28 03:00:00+00:00,4.0,4.0,0.0,0.0,4,4
Lahore,2026-07-28 03:00:00+00:00,3.0,2.986666666666667,-0.013333333333333197,0.013333333333333197,3,3
Islamabad,2026-07-28 04:00:00+00:00,4.0,3.006666666666667,-0.9933333333333332,0.9933333333333332,3,4
Karachi,2026-07-28 04:00:00+00:00,4.0,4.0,0.0,0.0,4,4
Lahore,2026-07-28 04:00:00+00:00,3.0,3.0,0.0,0.0,3,3
Islamabad,2026-07-28 05:00:00+00:00,4.0,3.7866666666666666,-0.21333333333333337,0.21333333333333337,4,4
Karachi,2026-07-28 05:00:00+00:00,4.0,4.0,0.0,0.0,4,4
Lahore,2026-07-28 05:00:00+00:00,3.0,3.0,0.0,0.0,3,3
Islamabad,2026-07-28 06:00:00+00:00,4.0,3.9033333333333333,-0.09666666666666668,0.09666666666666668,4,4
Karachi,2026-07-28 06:00:00+00:00,4.0,4.0,0.0,0.0,4,4
Lahore,2026-07-28 06:00:00+00:00,3.0,2.9966666666666666,-0.0033333333333334103,0.0033333333333334103,3,3
Islamabad,2026-07-28 07:00:00+00:00,3.0,3.59,0.5899999999999999,0.5899999999999999,4,3
Karachi,2026-07-28 07:00:00+00:00,4.0,4.0,0.0,0.0,4,4
Lahore,2026-07-28 07:00:00+00:00,3.0,3.0033333333333334,0.0033333333333334103,0.0033333333333334103,3,3
Islamabad,2026-07-28 08:00:00+00:00,3.0,3.0166666666666666,0.016666666666666607,0.016666666666666607,3,3
Karachi,2026-07-28 08:00:00+00:00,4.0,4.0,0.0,0.0,4,4
Lahore,2026-07-28 08:00:00+00:00,3.0,3.0,0.0,0.0,3,3
Islamabad,2026-07-28 09:00:00+00:00,3.0,3.02,0.020000000000000018,0.020000000000000018,3,3
Karachi,2026-07-28 09:00:00+00:00,4.0,4.0,0.0,0.0,4,4
Lahore,2026-07-28 09:00:00+00:00,3.0,3.0,0.0,0.0,3,3
Islamabad,2026-07-28 10:00:00+00:00,3.0,3.033333333333333,0.033333333333333215,0.033333333333333215,3,3
Karachi,2026-07-28 10:00:00+00:00,4.0,4.0,0.0,0.0,4,4
Lahore,2026-07-28 10:00:00+00:00,3.0,3.0,0.0,0.0,3,3
Islamabad,2026-07-28 11:00:00+00:00,3.0,3.17,0.16999999999999993,0.16999999999999993,3,3
Karachi,2026-07-28 11:00:00+00:00,4.0,4.0,0.0,0.0,4,4
Lahore,2026-07-28 11:00:00+00:00,3.0,3.0,0.0,0.0,3,3
Islamabad,2026-07-28 12:00:00+00:00,3.0,3.2066666666666666,0.20666666666666655,0.20666666666666655,3,3
Karachi,2026-07-28 12:00:00+00:00,4.0,4.0,0.0,0.0,4,4
Lahore,2026-07-28 12:00:00+00:00,3.0,3.0,0.0,0.0,3,3
Islamabad,2026-07-28 13:00:00+00:00,3.0,3.1766666666666667,0.17666666666666675,0.17666666666666675,3,3
Karachi,2026-07-28 13:00:00+00:00,4.0,4.0,0.0,0.0,4,4
Lahore,2026-07-28 13:00:00+00:00,3.0,3.0,0.0,0.0,3,3
Islamabad,2026-07-28 14:00:00+00:00,4.0,3.9033333333333333,-0.09666666666666668,0.09666666666666668,4,4
Karachi,2026-07-28 14:00:00+00:00,4.0,4.0,0.0,0.0,4,4
Lahore,2026-07-28 14:00:00+00:00,3.0,3.0,0.0,0.0,3,3
Islamabad,2026-07-28 15:00:00+00:00,4.0,3.9466666666666668,-0.05333333333333323,0.05333333333333323,4,4
Karachi,2026-07-28 15:00:00+00:00,4.0,4.0,0.0,0.0,4,4
Lahore,2026-07-28 15:00:00+00:00,3.0,3.0,0.0,0.0,3,3
Islamabad,2026-07-28 16:00:00+00:00,4.0,3.993333333333333,-0.006666666666666821,0.006666666666666821,4,4
Karachi,2026-07-28 16:00:00+00:00,4.0,4.0,0.0,0.0,4,4
Lahore,2026-07-28 16:00:00+00:00,3.0,3.0,0.0,0.0,3,3
Islamabad,2026-07-28 17:00:00+00:00,4.0,3.9833333333333334,-0.016666666666666607,0.016666666666666607,4,4
Karachi,2026-07-28 17:00:00+00:00,4.0,4.0,0.0,0.0,4,4
Lahore,2026-07-28 17:00:00+00:00,3.0,3.0366666666666666,0.036666666666666625,0.036666666666666625,3,3
Islamabad,2026-07-28 18:00:00+00:00,4.0,4.123333333333333,0.12333333333333307,0.12333333333333307,4,4
Karachi,2026-07-28 18:00:00+00:00,4.0,4.0,0.0,0.0,4,4
Lahore,2026-07-28 18:00:00+00:00,3.0,3.0633333333333335,0.06333333333333346,0.06333333333333346,3,3
Islamabad,2026-07-28 19:00:00+00:00,4.0,4.3,0.2999999999999998,0.2999999999999998,4,4
Karachi,2026-07-28 19:00:00+00:00,4.0,3.99,-0.009999999999999787,0.009999999999999787,4,4
Lahore,2026-07-28 19:00:00+00:00,3.0,3.0,0.0,0.0,3,3
Islamabad,2026-07-28 20:00:00+00:00,4.0,4.2,0.20000000000000018,0.20000000000000018,4,4
Karachi,2026-07-28 20:00:00+00:00,4.0,3.99,-0.009999999999999787,0.009999999999999787,4,4
Lahore,2026-07-28 20:00:00+00:00,3.0,2.9766666666666666,-0.023333333333333428,0.023333333333333428,3,3
Islamabad,2026-07-28 21:00:00+00:00,4.0,4.0633333333333335,0.06333333333333346,0.06333333333333346,4,4
Karachi,2026-07-28 21:00:00+00:00,4.0,4.0,0.0,0.0,4,4
Lahore,2026-07-28 21:00:00+00:00,3.0,2.9066666666666667,-0.09333333333333327,0.09333333333333327,3,3
Islamabad,2026-07-28 22:00:00+00:00,4.0,4.346666666666667,0.3466666666666667,0.3466666666666667,4,4
Karachi,2026-07-28 22:00:00+00:00,4.0,4.0,0.0,0.0,4,4
Lahore,2026-07-28 22:00:00+00:00,3.0,2.966666666666667,-0.033333333333333215,0.033333333333333215,3,3
Islamabad,2026-07-28 23:00:00+00:00,4.0,4.116666666666666,0.11666666666666625,0.11666666666666625,4,4
Karachi,2026-07-28 23:00:00+00:00,4.0,4.0,0.0,0.0,4,4
Lahore,2026-07-28 23:00:00+00:00,3.0,2.9766666666666666,-0.023333333333333428,0.023333333333333428,3,3
Islamabad,2026-07-29 00:00:00+00:00,4.0,3.986666666666667,-0.013333333333333197,0.013333333333333197,4,4
Karachi,2026-07-29 00:00:00+00:00,4.0,4.0,0.0,0.0,4,4
Lahore,2026-07-29 00:00:00+00:00,3.0,3.0,0.0,0.0,3,3
Islamabad,2026-07-29 01:00:00+00:00,3.0,3.9266666666666667,0.9266666666666667,0.9266666666666667,4,3
Karachi,2026-07-29 01:00:00+00:00,4.0,4.0,0.0,0.0,4,4
Lahore,2026-07-29 01:00:00+00:00,3.0,3.0,0.0,0.0,3,3
Islamabad,2026-07-29 02:00:00+00:00,3.0,3.1966666666666668,0.19666666666666677,0.19666666666666677,3,3
Karachi,2026-07-29 02:00:00+00:00,4.0,4.0,0.0,0.0,4,4
Lahore,2026-07-29 02:00:00+00:00,3.0,2.9966666666666666,-0.0033333333333334103,0.0033333333333334103,3,3
Islamabad,2026-07-29 03:00:00+00:00,3.0,3.0166666666666666,0.016666666666666607,0.016666666666666607,3,3
Karachi,2026-07-29 03:00:00+00:00,4.0,4.0,0.0,0.0,4,4
Lahore,2026-07-29 03:00:00+00:00,3.0,3.0033333333333334,0.0033333333333334103,0.0033333333333334103,3,3
Islamabad,2026-07-29 04:00:00+00:00,3.0,2.953333333333333,-0.046666666666666856,0.046666666666666856,3,3
Karachi,2026-07-29 04:00:00+00:00,4.0,4.0,0.0,0.0,4,4
Lahore,2026-07-29 04:00:00+00:00,3.0,3.0033333333333334,0.0033333333333334103,0.0033333333333334103,3,3
Islamabad,2026-07-29 05:00:00+00:00,3.0,2.8066666666666666,-0.19333333333333336,0.19333333333333336,3,3
Karachi,2026-07-29 05:00:00+00:00,4.0,4.0,0.0,0.0,4,4
Lahore,2026-07-29 05:00:00+00:00,4.0,3.1766666666666667,-0.8233333333333333,0.8233333333333333,3,4
Islamabad,2026-07-29 06:00:00+00:00,3.0,2.8233333333333333,-0.17666666666666675,0.17666666666666675,3,3
Karachi,2026-07-29 06:00:00+00:00,4.0,4.0,0.0,0.0,4,4
Lahore,2026-07-29 06:00:00+00:00,4.0,3.8033333333333332,-0.19666666666666677,0.19666666666666677,4,4
Islamabad,2026-07-29 07:00:00+00:00,3.0,2.8033333333333332,-0.19666666666666677,0.19666666666666677,3,3
Karachi,2026-07-29 07:00:00+00:00,4.0,4.0,0.0,0.0,4,4
Lahore,2026-07-29 07:00:00+00:00,4.0,3.9166666666666665,-0.08333333333333348,0.08333333333333348,4,4
Islamabad,2026-07-29 08:00:00+00:00,3.0,2.723333333333333,-0.27666666666666684,0.27666666666666684,3,3
Karachi,2026-07-29 08:00:00+00:00,4.0,4.0,0.0,0.0,4,4
Lahore,2026-07-29 08:00:00+00:00,4.0,3.9133333333333336,-0.08666666666666645,0.08666666666666645,4,4
Islamabad,2026-07-29 09:00:00+00:00,3.0,2.776666666666667,-0.22333333333333316,0.22333333333333316,3,3
Karachi,2026-07-29 09:00:00+00:00,4.0,4.0,0.0,0.0,4,4
Lahore,2026-07-29 09:00:00+00:00,4.0,3.9633333333333334,-0.036666666666666625,0.036666666666666625,4,4
Islamabad,2026-07-29 10:00:00+00:00,3.0,2.6766666666666667,-0.32333333333333325,0.32333333333333325,3,3
Karachi,2026-07-29 10:00:00+00:00,4.0,4.0,0.0,0.0,4,4
Lahore,2026-07-29 10:00:00+00:00,4.0,3.993333333333333,-0.006666666666666821,0.006666666666666821,4,4
Islamabad,2026-07-29 11:00:00+00:00,3.0,2.6633333333333336,-0.33666666666666645,0.33666666666666645,3,3
Karachi,2026-07-29 11:00:00+00:00,4.0,4.0,0.0,0.0,4,4
Lahore,2026-07-29 11:00:00+00:00,4.0,3.97,-0.029999999999999805,0.029999999999999805,4,4
Islamabad,2026-07-29 12:00:00+00:00,3.0,2.7733333333333334,-0.22666666666666657,0.22666666666666657,3,3
Karachi,2026-07-29 12:00:00+00:00,4.0,4.0,0.0,0.0,4,4
Lahore,2026-07-29 12:00:00+00:00,4.0,3.9833333333333334,-0.016666666666666607,0.016666666666666607,4,4
Islamabad,2026-07-29 13:00:00+00:00,3.0,2.71,-0.29000000000000004,0.29000000000000004,3,3
Karachi,2026-07-29 13:00:00+00:00,4.0,4.0,0.0,0.0,4,4
Lahore,2026-07-29 13:00:00+00:00,4.0,3.91,-0.08999999999999986,0.08999999999999986,4,4
Islamabad,2026-07-29 14:00:00+00:00,3.0,2.8033333333333332,-0.19666666666666677,0.19666666666666677,3,3
Karachi,2026-07-29 14:00:00+00:00,4.0,4.0,0.0,0.0,4,4
Lahore,2026-07-29 14:00:00+00:00,4.0,3.9966666666666666,-0.0033333333333334103,0.0033333333333334103,4,4
Islamabad,2026-07-29 15:00:00+00:00,3.0,2.7866666666666666,-0.21333333333333337,0.21333333333333337,3,3
Karachi,2026-07-29 15:00:00+00:00,4.0,4.0,0.0,0.0,4,4
Lahore,2026-07-29 15:00:00+00:00,4.0,3.9966666666666666,-0.0033333333333334103,0.0033333333333334103,4,4
Islamabad,2026-07-29 16:00:00+00:00,3.0,2.716666666666667,-0.2833333333333332,0.2833333333333332,3,3
Karachi,2026-07-29 16:00:00+00:00,4.0,4.0,0.0,0.0,4,4
Lahore,2026-07-29 16:00:00+00:00,3.0,3.98,0.98,0.98,4,3
Islamabad,2026-07-29 17:00:00+00:00,3.0,2.716666666666667,-0.2833333333333332,0.2833333333333332,3,3
Karachi,2026-07-29 17:00:00+00:00,4.0,4.0,0.0,0.0,4,4
Lahore,2026-07-29 17:00:00+00:00,3.0,3.2133333333333334,0.21333333333333337,0.21333333333333337,3,3
Islamabad,2026-07-29 18:00:00+00:00,3.0,2.966666666666667,-0.033333333333333215,0.033333333333333215,3,3
Karachi,2026-07-29 18:00:00+00:00,4.0,4.0,0.0,0.0,4,4
Lahore,2026-07-29 18:00:00+00:00,3.0,3.0,0.0,0.0,3,3
Islamabad,2026-07-29 19:00:00+00:00,4.0,3.8833333333333333,-0.1166666666666667,0.1166666666666667,4,4
Karachi,2026-07-29 19:00:00+00:00,4.0,4.0,0.0,0.0,4,4
Lahore,2026-07-29 19:00:00+00:00,3.0,3.0,0.0,0.0,3,3
Islamabad,2026-07-29 20:00:00+00:00,4.0,4.1066666666666665,0.10666666666666647,0.10666666666666647,4,4
Karachi,2026-07-29 20:00:00+00:00,4.0,4.0,0.0,0.0,4,4
Lahore,2026-07-29 20:00:00+00:00,3.0,3.0,0.0,0.0,3,3
Islamabad,2026-07-29 21:00:00+00:00,4.0,4.21,0.20999999999999996,0.20999999999999996,4,4
Karachi,2026-07-29 21:00:00+00:00,4.0,4.0,0.0,0.0,4,4
Lahore,2026-07-29 21:00:00+00:00,3.0,3.0,0.0,0.0,3,3
Islamabad,2026-07-29 22:00:00+00:00,4.0,3.9833333333333334,-0.016666666666666607,0.016666666666666607,4,4
Karachi,2026-07-29 22:00:00+00:00,4.0,4.0,0.0,0.0,4,4
Lahore,2026-07-29 22:00:00+00:00,3.0,3.0,0.0,0.0,3,3
Islamabad,2026-07-29 23:00:00+00:00,4.0,3.9966666666666666,-0.0033333333333334103,0.0033333333333334103,4,4
Karachi,2026-07-29 23:00:00+00:00,4.0,4.0,0.0,0.0,4,4
Lahore,2026-07-29 23:00:00+00:00,3.0,3.0,0.0,0.0,3,3
Islamabad,2026-07-30 00:00:00+00:00,4.0,4.05,0.04999999999999982,0.04999999999999982,4,4
Karachi,2026-07-30 00:00:00+00:00,4.0,4.0,0.0,0.0,4,4
Lahore,2026-07-30 00:00:00+00:00,3.0,2.9766666666666666,-0.023333333333333428,0.023333333333333428,3,3
Islamabad,2026-07-30 01:00:00+00:00,4.0,4.516666666666667,0.5166666666666666,0.5166666666666666,5,4
Karachi,2026-07-30 01:00:00+00:00,4.0,4.0,0.0,0.0,4,4
Lahore,2026-07-30 01:00:00+00:00,3.0,3.08,0.08000000000000007,0.08000000000000007,3,3
Islamabad,2026-07-30 02:00:00+00:00,4.0,4.1,0.09999999999999964,0.09999999999999964,4,4
Karachi,2026-07-30 02:00:00+00:00,4.0,4.0,0.0,0.0,4,4
Lahore,2026-07-30 02:00:00+00:00,4.0,3.8133333333333335,-0.18666666666666654,0.18666666666666654,4,4
Islamabad,2026-07-30 03:00:00+00:00,4.0,3.9,-0.10000000000000009,0.10000000000000009,4,4
Karachi,2026-07-30 03:00:00+00:00,4.0,4.0,0.0,0.0,4,4
Lahore,2026-07-30 03:00:00+00:00,4.0,3.71,-0.29000000000000004,0.29000000000000004,4,4
Islamabad,2026-07-30 04:00:00+00:00,4.0,3.93,-0.06999999999999984,0.06999999999999984,4,4
Karachi,2026-07-30 04:00:00+00:00,4.0,4.0,0.0,0.0,4,4
Lahore,2026-07-30 04:00:00+00:00,4.0,3.933333333333333,-0.06666666666666687,0.06666666666666687,4,4
Islamabad,2026-07-30 05:00:00+00:00,5.0,4.423333333333333,-0.5766666666666671,0.5766666666666671,4,5
Karachi,2026-07-30 05:00:00+00:00,4.0,4.0,0.0,0.0,4,4
Lahore,2026-07-30 05:00:00+00:00,4.0,3.94,-0.06000000000000005,0.06000000000000005,4,4
Islamabad,2026-07-30 06:00:00+00:00,4.0,4.58,0.5800000000000001,0.5800000000000001,5,4
Karachi,2026-07-30 06:00:00+00:00,4.0,4.0,0.0,0.0,4,4
Lahore,2026-07-30 06:00:00+00:00,3.0,3.88,0.8799999999999999,0.8799999999999999,4,3
Islamabad,2026-07-30 07:00:00+00:00,4.0,3.95,-0.04999999999999982,0.04999999999999982,4,4
Karachi,2026-07-30 07:00:00+00:00,4.0,4.0,0.0,0.0,4,4
Lahore,2026-07-30 07:00:00+00:00,3.0,3.1333333333333333,0.1333333333333333,0.1333333333333333,3,3
Islamabad,2026-07-30 08:00:00+00:00,3.0,3.8633333333333333,0.8633333333333333,0.8633333333333333,4,3
Karachi,2026-07-30 08:00:00+00:00,4.0,4.0,0.0,0.0,4,4
Lahore,2026-07-30 08:00:00+00:00,3.0,3.0,0.0,0.0,3,3
Islamabad,2026-07-30 09:00:00+00:00,3.0,3.4033333333333333,0.4033333333333333,0.4033333333333333,3,3
Karachi,2026-07-30 09:00:00+00:00,4.0,4.0,0.0,0.0,4,4
Lahore,2026-07-30 09:00:00+00:00,3.0,3.0,0.0,0.0,3,3
Islamabad,2026-07-30 10:00:00+00:00,3.0,3.06,0.06000000000000005,0.06000000000000005,3,3
Karachi,2026-07-30 10:00:00+00:00,4.0,4.0,0.0,0.0,4,4
Lahore,2026-07-30 10:00:00+00:00,3.0,3.0,0.0,0.0,3,3
Islamabad,2026-07-30 11:00:00+00:00,3.0,3.3266666666666667,0.32666666666666666,0.32666666666666666,3,3
Karachi,2026-07-30 11:00:00+00:00,4.0,4.0,0.0,0.0,4,4
Lahore,2026-07-30 11:00:00+00:00,3.0,3.006666666666667,0.006666666666666821,0.006666666666666821,3,3
Islamabad,2026-07-30 12:00:00+00:00,4.0,3.7466666666666666,-0.2533333333333334,0.2533333333333334,4,4
Karachi,2026-07-30 12:00:00+00:00,4.0,4.0,0.0,0.0,4,4
Lahore,2026-07-30 12:00:00+00:00,3.0,2.9966666666666666,-0.0033333333333334103,0.0033333333333334103,3,3
Islamabad,2026-07-30 13:00:00+00:00,4.0,3.953333333333333,-0.046666666666666856,0.046666666666666856,4,4
Karachi,2026-07-30 13:00:00+00:00,4.0,4.0,0.0,0.0,4,4
Lahore,2026-07-30 13:00:00+00:00,3.0,3.0,0.0,0.0,3,3
Islamabad,2026-07-30 14:00:00+00:00,4.0,3.993333333333333,-0.006666666666666821,0.006666666666666821,4,4
Karachi,2026-07-30 14:00:00+00:00,4.0,4.0,0.0,0.0,4,4
Lahore,2026-07-30 14:00:00+00:00,3.0,3.0,0.0,0.0,3,3
Islamabad,2026-07-30 15:00:00+00:00,4.0,4.0,0.0,0.0,4,4
Karachi,2026-07-30 15:00:00+00:00,4.0,4.0,0.0,0.0,4,4
Lahore,2026-07-30 15:00:00+00:00,4.0,3.5833333333333335,-0.4166666666666665,0.4166666666666665,4,4
Islamabad,2026-07-30 16:00:00+00:00,4.0,3.9966666666666666,-0.0033333333333334103,0.0033333333333334103,4,4
Karachi,2026-07-30 16:00:00+00:00,4.0,4.0,0.0,0.0,4,4
Lahore,2026-07-30 16:00:00+00:00,4.0,3.98,-0.020000000000000018,0.020000000000000018,4,4
Islamabad,2026-07-30 17:00:00+00:00,4.0,3.993333333333333,-0.006666666666666821,0.006666666666666821,4,4
Karachi,2026-07-30 17:00:00+00:00,4.0,4.0,0.0,0.0,4,4
Lahore,2026-07-30 17:00:00+00:00,5.0,4.29,-0.71,0.71,4,5
Islamabad,2026-07-30 18:00:00+00:00,4.0,3.986666666666667,-0.013333333333333197,0.013333333333333197,4,4
Karachi,2026-07-30 18:00:00+00:00,4.0,4.0,0.0,0.0,4,4
Lahore,2026-07-30 18:00:00+00:00,5.0,4.923333333333333,-0.0766666666666671,0.0766666666666671,5,5
Islamabad,2026-07-30 19:00:00+00:00,4.0,4.003333333333333,0.0033333333333329662,0.0033333333333329662,4,4
Karachi,2026-07-30 19:00:00+00:00,4.0,4.0,0.0,0.0,4,4
Lahore,2026-07-30 19:00:00+00:00,5.0,4.88,-0.1200000000000001,0.1200000000000001,5,5
Islamabad,2026-07-30 20:00:00+00:00,4.0,3.986666666666667,-0.013333333333333197,0.013333333333333197,4,4
Karachi,2026-07-30 20:00:00+00:00,4.0,4.0,0.0,0.0,4,4
Lahore,2026-07-30 20:00:00+00:00,5.0,4.85,-0.15000000000000036,0.15000000000000036,5,5
Islamabad,2026-07-30 21:00:00+00:00,4.0,3.953333333333333,-0.046666666666666856,0.046666666666666856,4,4
Karachi,2026-07-30 21:00:00+00:00,4.0,4.0,0.0,0.0,4,4
Lahore,2026-07-30 21:00:00+00:00,4.0,4.543333333333333,0.543333333333333,0.543333333333333,5,4
Islamabad,2026-07-30 22:00:00+00:00,4.0,3.9566666666666666,-0.043333333333333446,0.043333333333333446,4,4
Karachi,2026-07-30 22:00:00+00:00,4.0,4.0,0.0,0.0,4,4
Lahore,2026-07-30 22:00:00+00:00,4.0,3.98,-0.020000000000000018,0.020000000000000018,4,4
Islamabad,2026-07-30 23:00:00+00:00,3.0,3.84,0.8399999999999999,0.8399999999999999,4,3
Karachi,2026-07-30 23:00:00+00:00,4.0,4.0,0.0,0.0,4,4
Lahore,2026-07-30 23:00:00+00:00,4.0,3.96,-0.040000000000000036,0.040000000000000036,4,4
Islamabad,2026-07-31 00:00:00+00:00,3.0,3.27,0.27,0.27,3,3
Karachi,2026-07-31 00:00:00+00:00,4.0,4.0,0.0,0.0,4,4
Lahore,2026-07-31 00:00:00+00:00,4.0,3.9133333333333336,-0.08666666666666645,0.08666666666666645,4,4
Islamabad,2026-07-31 01:00:00+00:00,3.0,2.9433333333333334,-0.05666666666666664,0.05666666666666664,3,3
Karachi,2026-07-31 01:00:00+00:00,4.0,4.0,0.0,0.0,4,4
Lahore,2026-07-31 01:00:00+00:00,4.0,3.9033333333333333,-0.09666666666666668,0.09666666666666668,4,4
Islamabad,2026-07-31 02:00:00+00:00,3.0,2.973333333333333,-0.02666666666666684,0.02666666666666684,3,3
Karachi,2026-07-31 02:00:00+00:00,4.0,4.0,0.0,0.0,4,4
Lahore,2026-07-31 02:00:00+00:00,4.0,3.98,-0.020000000000000018,0.020000000000000018,4,4
Islamabad,2026-07-31 03:00:00+00:00,3.0,2.973333333333333,-0.02666666666666684,0.02666666666666684,3,3
Karachi,2026-07-31 03:00:00+00:00,4.0,4.0,0.0,0.0,4,4
Lahore,2026-07-31 03:00:00+00:00,4.0,3.9566666666666666,-0.043333333333333446,0.043333333333333446,4,4
Islamabad,2026-07-31 04:00:00+00:00,3.0,2.953333333333333,-0.046666666666666856,0.046666666666666856,3,3
Karachi,2026-07-31 04:00:00+00:00,4.0,4.0,0.0,0.0,4,4
Lahore,2026-07-31 04:00:00+00:00,4.0,3.89,-0.10999999999999988,0.10999999999999988,4,4
Islamabad,2026-07-31 05:00:00+00:00,3.0,3.006666666666667,0.006666666666666821,0.006666666666666821,3,3
Karachi,2026-07-31 05:00:00+00:00,4.0,4.0,0.0,0.0,4,4
Lahore,2026-07-31 05:00:00+00:00,4.0,3.8366666666666664,-0.16333333333333355,0.16333333333333355,4,4
Islamabad,2026-07-31 06:00:00+00:00,3.0,3.9133333333333336,0.9133333333333336,0.9133333333333336,4,3
Karachi,2026-07-31 06:00:00+00:00,4.0,4.0,0.0,0.0,4,4
Lahore,2026-07-31 06:00:00+00:00,5.0,3.5966666666666667,-1.4033333333333333,1.4033333333333333,4,5
Islamabad,2026-07-31 07:00:00+00:00,3.0,3.1966666666666668,0.19666666666666677,0.19666666666666677,3,3
Karachi,2026-07-31 07:00:00+00:00,4.0,4.0,0.0,0.0,4,4
Lahore,2026-07-31 07:00:00+00:00,5.0,4.556666666666667,-0.44333333333333336,0.44333333333333336,5,5
Islamabad,2026-07-31 08:00:00+00:00,3.0,3.0866666666666664,0.08666666666666645,0.08666666666666645,3,3
Karachi,2026-07-31 08:00:00+00:00,4.0,4.0,0.0,0.0,4,4
Lahore,2026-07-31 08:00:00+00:00,5.0,4.703333333333333,-0.29666666666666686,0.29666666666666686,5,5
Islamabad,2026-07-31 09:00:00+00:00,3.0,3.02,0.020000000000000018,0.020000000000000018,3,3
Karachi,2026-07-31 09:00:00+00:00,4.0,4.0,0.0,0.0,4,4
Lahore,2026-07-31 09:00:00+00:00,5.0,4.803333333333334,-0.19666666666666632,0.19666666666666632,5,5
Islamabad,2026-07-31 10:00:00+00:00,3.0,3.0166666666666666,0.016666666666666607,0.016666666666666607,3,3
Karachi,2026-07-31 10:00:00+00:00,4.0,4.0,0.0,0.0,4,4
Lahore,2026-07-31 10:00:00+00:00,5.0,4.55,-0.4500000000000002,0.4500000000000002,5,5
Islamabad,2026-07-31 11:00:00+00:00,4.0,3.9266666666666667,-0.07333333333333325,0.07333333333333325,4,4
Karachi,2026-07-31 11:00:00+00:00,4.0,4.0,0.0,0.0,4,4
Lahore,2026-07-31 11:00:00+00:00,4.0,4.503333333333333,0.503333333333333,0.503333333333333,5,4
Islamabad,2026-07-31 12:00:00+00:00,4.0,3.7,-0.2999999999999998,0.2999999999999998,4,4
Karachi,2026-07-31 12:00:00+00:00,4.0,4.0,0.0,0.0,4,4
Lahore,2026-07-31 12:00:00+00:00,3.0,3.8533333333333335,0.8533333333333335,0.8533333333333335,4,3
Islamabad,2026-07-31 13:00:00+00:00,3.0,3.6933333333333334,0.6933333333333334,0.6933333333333334,4,3
Karachi,2026-07-31 13:00:00+00:00,4.0,4.0,0.0,0.0,4,4
Lahore,2026-07-31 13:00:00+00:00,3.0,3.1866666666666665,0.18666666666666654,0.18666666666666654,3,3
Islamabad,2026-07-31 14:00:00+00:00,3.0,3.33,0.33000000000000007,0.33000000000000007,3,3
Karachi,2026-07-31 14:00:00+00:00,4.0,4.0,0.0,0.0,4,4
Lahore,2026-07-31 14:00:00+00:00,3.0,2.9833333333333334,-0.016666666666666607,0.016666666666666607,3,3
Islamabad,2026-07-31 15:00:00+00:00,3.0,3.0566666666666666,0.05666666666666664,0.05666666666666664,3,3
Karachi,2026-07-31 15:00:00+00:00,4.0,4.0,0.0,0.0,4,4
Lahore,2026-07-31 15:00:00+00:00,3.0,2.986666666666667,-0.013333333333333197,0.013333333333333197,3,3
Islamabad,2026-07-31 16:00:00+00:00,3.0,2.92,-0.08000000000000007,0.08000000000000007,3,3
Karachi,2026-07-31 16:00:00+00:00,4.0,4.0,0.0,0.0,4,4
Lahore,2026-07-31 16:00:00+00:00,3.0,2.9166666666666665,-0.08333333333333348,0.08333333333333348,3,3
Islamabad,2026-07-31 17:00:00+00:00,3.0,2.993333333333333,-0.006666666666666821,0.006666666666666821,3,3
Karachi,2026-07-31 17:00:00+00:00,4.0,4.0,0.0,0.0,4,4
Lahore,2026-07-31 17:00:00+00:00,2.0,2.7466666666666666,0.7466666666666666,0.7466666666666666,3,2
Islamabad,2026-07-31 18:00:00+00:00,3.0,2.993333333333333,-0.006666666666666821,0.006666666666666821,3,3
Karachi,2026-07-31 18:00:00+00:00,4.0,4.0,0.0,0.0,4,4
Lahore,2026-07-31 18:00:00+00:00,2.0,2.1233333333333335,0.12333333333333352,0.12333333333333352,2,2
Islamabad,2026-07-31 19:00:00+00:00,3.0,2.966666666666667,-0.033333333333333215,0.033333333333333215,3,3
Karachi,2026-07-31 19:00:00+00:00,4.0,4.0,0.0,0.0,4,4
Lahore,2026-07-31 19:00:00+00:00,2.0,2.02,0.020000000000000018,0.020000000000000018,2,2
Islamabad,2026-07-31 20:00:00+00:00,3.0,2.7933333333333334,-0.20666666666666655,0.20666666666666655,3,3
Karachi,2026-07-31 20:00:00+00:00,4.0,4.0,0.0,0.0,4,4
Lahore,2026-07-31 20:00:00+00:00,2.0,2.0433333333333334,0.043333333333333446,0.043333333333333446,2,2
Islamabad,2026-07-31 21:00:00+00:00,3.0,2.8933333333333335,-0.10666666666666647,0.10666666666666647,3,3
Karachi,2026-07-31 21:00:00+00:00,4.0,4.0,0.0,0.0,4,4
Lahore,2026-07-31 21:00:00+00:00,2.0,2.0366666666666666,0.036666666666666625,0.036666666666666625,2,2
Islamabad,2026-07-31 22:00:00+00:00,2.0,2.7933333333333334,0.7933333333333334,0.7933333333333334,3,2
Karachi,2026-07-31 22:00:00+00:00,4.0,4.0,0.0,0.0,4,4
Lahore,2026-07-31 22:00:00+00:00,2.0,2.03,0.029999999999999805,0.029999999999999805,2,2
Islamabad,2026-07-31 23:00:00+00:00,2.0,2.17,0.16999999999999993,0.16999999999999993,2,2
Karachi,2026-07-31 23:00:00+00:00,4.0,4.0,0.0,0.0,4,4
Lahore,2026-07-31 23:00:00+00:00,2.0,2.03,0.029999999999999805,0.029999999999999805,2,2
Islamabad,2026-08-01 00:00:00+00:00,2.0,2.1333333333333333,0.1333333333333333,0.1333333333333333,2,2
Karachi,2026-08-01 00:00:00+00:00,4.0,4.0,0.0,0.0,4,4
Lahore,2026-08-01 00:00:00+00:00,2.0,2.02,0.020000000000000018,0.020000000000000018,2,2
Islamabad,2026-08-01 01:00:00+00:00,2.0,2.1066666666666665,0.10666666666666647,0.10666666666666647,2,2
Karachi,2026-08-01 01:00:00+00:00,4.0,4.0,0.0,0.0,4,4
Lahore,2026-08-01 01:00:00+00:00,2.0,2.0033333333333334,0.0033333333333334103,0.0033333333333334103,2,2
Islamabad,2026-08-01 02:00:00+00:00,2.0,2.0733333333333333,0.07333333333333325,0.07333333333333325,2,2
Karachi,2026-08-01 02:00:00+00:00,4.0,4.0,0.0,0.0,4,4
Lahore,2026-08-01 02:00:00+00:00,3.0,2.4566666666666666,-0.5433333333333334,0.5433333333333334,2,3
Islamabad,2026-08-01 03:00:00+00:00,2.0,2.09,0.08999999999999986,0.08999999999999986,2,2
Karachi,2026-08-01 03:00:00+00:00,4.0,4.0,0.0,0.0,4,4
Lahore,2026-08-01 03:00:00+00:00,3.0,2.6166666666666667,-0.3833333333333333,0.3833333333333333,3,3
Islamabad,2026-08-01 04:00:00+00:00,3.0,2.493333333333333,-0.5066666666666668,0.5066666666666668,2,3
Karachi,2026-08-01 04:00:00+00:00,4.0,4.0,0.0,0.0,4,4
Lahore,2026-08-01 04:00:00+00:00,3.0,2.763333333333333,-0.2366666666666668,0.2366666666666668,3,3
Islamabad,2026-08-01 05:00:00+00:00,3.0,2.683333333333333,-0.3166666666666669,0.3166666666666669,3,3
Karachi,2026-08-01 05:00:00+00:00,4.0,4.0,0.0,0.0,4,4
Lahore,2026-08-01 05:00:00+00:00,4.0,3.13,-0.8700000000000001,0.8700000000000001,3,4
Islamabad,2026-08-01 06:00:00+00:00,3.0,2.933333333333333,-0.06666666666666687,0.06666666666666687,3,3
Karachi,2026-08-01 06:00:00+00:00,4.0,4.0,0.0,0.0,4,4
Lahore,2026-08-01 06:00:00+00:00,3.0,4.04,1.04,1.04,4,3
Islamabad,2026-08-01 07:00:00+00:00,3.0,2.8666666666666667,-0.1333333333333333,0.1333333333333333,3,3
Karachi,2026-08-01 07:00:00+00:00,4.0,4.0,0.0,0.0,4,4
Lahore,2026-08-01 07:00:00+00:00,3.0,3.0233333333333334,0.023333333333333428,0.023333333333333428,3,3
Islamabad,2026-08-01 08:00:00+00:00,3.0,2.89,-0.10999999999999988,0.10999999999999988,3,3
Karachi,2026-08-01 08:00:00+00:00,4.0,4.0,0.0,0.0,4,4
Lahore,2026-08-01 08:00:00+00:00,3.0,3.01,0.009999999999999787,0.009999999999999787,3,3
Islamabad,2026-08-01 09:00:00+00:00,3.0,2.8866666666666667,-0.11333333333333329,0.11333333333333329,3,3
Karachi,2026-08-01 09:00:00+00:00,4.0,4.0,0.0,0.0,4,4
Lahore,2026-08-01 09:00:00+00:00,3.0,2.9833333333333334,-0.016666666666666607,0.016666666666666607,3,3
Islamabad,2026-08-01 10:00:00+00:00,3.0,2.8566666666666665,-0.14333333333333353,0.14333333333333353,3,3
Karachi,2026-08-01 10:00:00+00:00,4.0,4.0,0.0,0.0,4,4
Lahore,2026-08-01 10:00:00+00:00,3.0,2.98,-0.020000000000000018,0.020000000000000018,3,3
Islamabad,2026-08-01 11:00:00+00:00,3.0,2.8566666666666665,-0.14333333333333353,0.14333333333333353,3,3
Karachi,2026-08-01 11:00:00+00:00,4.0,4.0,0.0,0.0,4,4
Lahore,2026-08-01 11:00:00+00:00,3.0,3.0,0.0,0.0,3,3
Islamabad,2026-08-01 12:00:00+00:00,3.0,2.6766666666666667,-0.32333333333333325,0.32333333333333325,3,3
Karachi,2026-08-01 12:00:00+00:00,4.0,4.0,0.0,0.0,4,4
Lahore,2026-08-01 12:00:00+00:00,3.0,3.026666666666667,0.02666666666666684,0.02666666666666684,3,3
Islamabad,2026-08-01 13:00:00+00:00,3.0,2.7666666666666666,-0.2333333333333334,0.2333333333333334,3,3
Karachi,2026-08-01 13:00:00+00:00,4.0,4.0,0.0,0.0,4,4
Lahore,2026-08-01 13:00:00+00:00,3.0,3.033333333333333,0.033333333333333215,0.033333333333333215,3,3
Islamabad,2026-08-01 14:00:00+00:00,3.0,2.8933333333333335,-0.10666666666666647,0.10666666666666647,3,3
Karachi,2026-08-01 14:00:00+00:00,4.0,4.0,0.0,0.0,4,4
Lahore,2026-08-01 14:00:00+00:00,3.0,2.86,-0.14000000000000012,0.14000000000000012,3,3
Islamabad,2026-08-01 15:00:00+00:00,3.0,2.9266666666666667,-0.07333333333333325,0.07333333333333325,3,3
Karachi,2026-08-01 15:00:00+00:00,4.0,4.0,0.0,0.0,4,4
Lahore,2026-08-01 15:00:00+00:00,3.0,3.0033333333333334,0.0033333333333334103,0.0033333333333334103,3,3
Islamabad,2026-08-01 16:00:00+00:00,3.0,2.97,-0.029999999999999805,0.029999999999999805,3,3
Karachi,2026-08-01 16:00:00+00:00,4.0,4.0,0.0,0.0,4,4
Lahore,2026-08-01 16:00:00+00:00,3.0,2.993333333333333,-0.006666666666666821,0.006666666666666821,3,3
Islamabad,2026-08-01 17:00:00+00:00,3.0,2.9966666666666666,-0.0033333333333334103,0.0033333333333334103,3,3
Karachi,2026-08-01 17:00:00+00:00,4.0,4.0,0.0,0.0,4,4
Lahore,2026-08-01 17:00:00+00:00,3.0,2.9966666666666666,-0.0033333333333334103,0.0033333333333334103,3,3
Islamabad,2026-08-01 18:00:00+00:00,4.0,3.8333333333333335,-0.16666666666666652,0.16666666666666652,4,4
Karachi,2026-08-01 18:00:00+00:00,4.0,4.0,0.0,0.0,4,4
Lahore,2026-08-01 18:00:00+00:00,3.0,2.993333333333333,-0.006666666666666821,0.006666666666666821,3,3
Islamabad,2026-08-01 19:00:00+00:00,4.0,3.92,-0.08000000000000007,0.08000000000000007,4,4
Karachi,2026-08-01 19:00:00+00:00,4.0,4.0,0.0,0.0,4,4
Lahore,2026-08-01 19:00:00+00:00,3.0,2.9766666666666666,-0.023333333333333428,0.023333333333333428,3,3
Islamabad,2026-08-01 20:00:00+00:00,4.0,3.9966666666666666,-0.0033333333333334103,0.0033333333333334103,4,4
Karachi,2026-08-01 20:00:00+00:00,4.0,4.0,0.0,0.0,4,4
Lahore,2026-08-01 20:00:00+00:00,3.0,2.986666666666667,-0.013333333333333197,0.013333333333333197,3,3
Islamabad,2026-08-01 21:00:00+00:00,4.0,3.9766666666666666,-0.023333333333333428,0.023333333333333428,4,4
Karachi,2026-08-01 21:00:00+00:00,4.0,4.0,0.0,0.0,4,4
Lahore,2026-08-01 21:00:00+00:00,3.0,2.986666666666667,-0.013333333333333197,0.013333333333333197,3,3
Islamabad,2026-08-01 22:00:00+00:00,4.0,3.96,-0.040000000000000036,0.040000000000000036,4,4
Karachi,2026-08-01 22:00:00+00:00,4.0,4.0,0.0,0.0,4,4
Lahore,2026-08-01 22:00:00+00:00,3.0,2.8733333333333335,-0.12666666666666648,0.12666666666666648,3,3
Islamabad,2026-08-01 23:00:00+00:00,4.0,3.9566666666666666,-0.043333333333333446,0.043333333333333446,4,4
Karachi,2026-08-01 23:00:00+00:00,4.0,4.0,0.0,0.0,4,4
Lahore,2026-08-01 23:00:00+00:00,3.0,2.8666666666666667,-0.1333333333333333,0.1333333333333333,3,3
Islamabad,2026-08-02 00:00:00+00:00,4.0,3.9066666666666667,-0.09333333333333327,0.09333333333333327,4,4
Karachi,2026-08-02 00:00:00+00:00,4.0,4.0,0.0,0.0,4,4
Lahore,2026-08-02 00:00:00+00:00,3.0,2.8333333333333335,-0.16666666666666652,0.16666666666666652,3,3
Islamabad,2026-08-02 01:00:00+00:00,3.0,3.3733333333333335,0.3733333333333335,0.3733333333333335,3,3
Karachi,2026-08-02 01:00:00+00:00,4.0,4.0,0.0,0.0,4,4
Lahore,2026-08-02 01:00:00+00:00,3.0,2.78,-0.2200000000000002,0.2200000000000002,3,3
Islamabad,2026-08-02 02:00:00+00:00,3.0,3.0833333333333335,0.08333333333333348,0.08333333333333348,3,3
Karachi,2026-08-02 02:00:00+00:00,4.0,4.0,0.0,0.0,4,4
Lahore,2026-08-02 02:00:00+00:00,3.0,2.7466666666666666,-0.2533333333333334,0.2533333333333334,3,3
Islamabad,2026-08-02 03:00:00+00:00,3.0,2.9166666666666665,-0.08333333333333348,0.08333333333333348,3,3
Karachi,2026-08-02 03:00:00+00:00,4.0,4.0,0.0,0.0,4,4
Lahore,2026-08-02 03:00:00+00:00,3.0,2.86,-0.14000000000000012,0.14000000000000012,3,3
Islamabad,2026-08-02 04:00:00+00:00,3.0,3.01,0.009999999999999787,0.009999999999999787,3,3
Karachi,2026-08-02 04:00:00+00:00,4.0,4.0,0.0,0.0,4,4
Lahore,2026-08-02 04:00:00+00:00,2.0,2.6566666666666667,0.6566666666666667,0.6566666666666667,3,2
Islamabad,2026-08-02 05:00:00+00:00,3.0,3.04,0.040000000000000036,0.040000000000000036,3,3
Karachi,2026-08-02 05:00:00+00:00,4.0,4.0,0.0,0.0,4,4
Lahore,2026-08-02 05:00:00+00:00,2.0,2.1566666666666667,0.15666666666666673,0.15666666666666673,2,2
Islamabad,2026-08-02 06:00:00+00:00,3.0,3.0,0.0,0.0,3,3
Karachi,2026-08-02 06:00:00+00:00,4.0,4.0,0.0,0.0,4,4
Lahore,2026-08-02 06:00:00+00:00,3.0,2.7666666666666666,-0.2333333333333334,0.2333333333333334,3,3
Islamabad,2026-08-02 07:00:00+00:00,3.0,2.993333333333333,-0.006666666666666821,0.006666666666666821,3,3
Karachi,2026-08-02 07:00:00+00:00,4.0,4.0,0.0,0.0,4,4
Lahore,2026-08-02 07:00:00+00:00,3.0,2.8233333333333333,-0.17666666666666675,0.17666666666666675,3,3
Islamabad,2026-08-02 08:00:00+00:00,3.0,2.9133333333333336,-0.08666666666666645,0.08666666666666645,3,3
Karachi,2026-08-02 08:00:00+00:00,4.0,4.0,0.0,0.0,4,4
Lahore,2026-08-02 08:00:00+00:00,3.0,2.8333333333333335,-0.16666666666666652,0.16666666666666652,3,3
Islamabad,2026-08-02 09:00:00+00:00,3.0,2.94,-0.06000000000000005,0.06000000000000005,3,3
Karachi,2026-08-02 09:00:00+00:00,4.0,4.0,0.0,0.0,4,4
Lahore,2026-08-02 09:00:00+00:00,3.0,2.816666666666667,-0.18333333333333313,0.18333333333333313,3,3
Islamabad,2026-08-02 10:00:00+00:00,3.0,2.88,-0.1200000000000001,0.1200000000000001,3,3
Karachi,2026-08-02 10:00:00+00:00,4.0,4.0,0.0,0.0,4,4
Lahore,2026-08-02 10:00:00+00:00,3.0,2.68,-0.31999999999999984,0.31999999999999984,3,3
Islamabad,2026-08-02 11:00:00+00:00,3.0,2.8666666666666667,-0.1333333333333333,0.1333333333333333,3,3
Karachi,2026-08-02 11:00:00+00:00,4.0,4.0,0.0,0.0,4,4
Lahore,2026-08-02 11:00:00+00:00,3.0,2.6533333333333333,-0.3466666666666667,0.3466666666666667,3,3
Islamabad,2026-08-02 12:00:00+00:00,3.0,2.84,-0.16000000000000014,0.16000000000000014,3,3
Karachi,2026-08-02 12:00:00+00:00,4.0,4.0,0.0,0.0,4,4
Lahore,2026-08-02 12:00:00+00:00,2.0,2.256666666666667,0.2566666666666668,0.2566666666666668,2,2
Islamabad,2026-08-02 13:00:00+00:00,3.0,2.8333333333333335,-0.16666666666666652,0.16666666666666652,3,3
Karachi,2026-08-02 13:00:00+00:00,4.0,4.0,0.0,0.0,4,4
Lahore,2026-08-02 13:00:00+00:00,3.0,2.1333333333333333,-0.8666666666666667,0.8666666666666667,2,3
Islamabad,2026-08-02 14:00:00+00:00,3.0,2.9,-0.10000000000000009,0.10000000000000009,3,3
Karachi,2026-08-02 14:00:00+00:00,4.0,4.0,0.0,0.0,4,4
Lahore,2026-08-02 14:00:00+00:00,3.0,2.8933333333333335,-0.10666666666666647,0.10666666666666647,3,3
Islamabad,2026-08-02 15:00:00+00:00,3.0,2.99,-0.009999999999999787,0.009999999999999787,3,3
Karachi,2026-08-02 15:00:00+00:00,4.0,4.0,0.0,0.0,4,4
Lahore,2026-08-02 15:00:00+00:00,3.0,3.0,0.0,0.0,3,3
Islamabad,2026-08-02 16:00:00+00:00,3.0,2.8533333333333335,-0.1466666666666665,0.1466666666666665,3,3
Karachi,2026-08-02 16:00:00+00:00,4.0,4.0,0.0,0.0,4,4
Lahore,2026-08-02 16:00:00+00:00,3.0,2.9466666666666668,-0.05333333333333323,0.05333333333333323,3,3
Islamabad,2026-08-02 17:00:00+00:00,4.0,3.9166666666666665,-0.08333333333333348,0.08333333333333348,4,4
Karachi,2026-08-02 17:00:00+00:00,4.0,4.0,0.0,0.0,4,4
Lahore,2026-08-02 17:00:00+00:00,3.0,2.97,-0.029999999999999805,0.029999999999999805,3,3
Islamabad,2026-08-02 18:00:00+00:00,4.0,3.91,-0.08999999999999986,0.08999999999999986,4,4
Karachi,2026-08-02 18:00:00+00:00,4.0,4.0,0.0,0.0,4,4
Lahore,2026-08-02 18:00:00+00:00,3.0,2.97,-0.029999999999999805,0.029999999999999805,3,3
Islamabad,2026-08-02 19:00:00+00:00,4.0,3.98,-0.020000000000000018,0.020000000000000018,4,4
Karachi,2026-08-02 19:00:00+00:00,4.0,4.0,0.0,0.0,4,4
Lahore,2026-08-02 19:00:00+00:00,3.0,2.98,-0.020000000000000018,0.020000000000000018,3,3
Islamabad,2026-08-02 20:00:00+00:00,4.0,3.966666666666667,-0.033333333333333215,0.033333333333333215,4,4
Karachi,2026-08-02 20:00:00+00:00,4.0,4.0,0.0,0.0,4,4
Lahore,2026-08-02 20:00:00+00:00,3.0,2.8866666666666667,-0.11333333333333329,0.11333333333333329,3,3
Islamabad,2026-08-02 21:00:00+00:00,4.0,3.99,-0.009999999999999787,0.009999999999999787,4,4
Karachi,2026-08-02 21:00:00+00:00,4.0,4.0,0.0,0.0,4,4
Lahore,2026-08-02 21:00:00+00:00,3.0,2.9466666666666668,-0.05333333333333323,0.05333333333333323,3,3
Islamabad,2026-08-02 22:00:00+00:00,4.0,3.9766666666666666,-0.023333333333333428,0.023333333333333428,4,4
Karachi,2026-08-02 22:00:00+00:00,4.0,4.0,0.0,0.0,4,4
Lahore,2026-08-02 22:00:00+00:00,3.0,2.9566666666666666,-0.043333333333333446,0.043333333333333446,3,3
Islamabad,2026-08-02 23:00:00+00:00,4.0,3.9433333333333334,-0.05666666666666664,0.05666666666666664,4,4
Karachi,2026-08-02 23:00:00+00:00,4.0,3.993333333333333,-0.006666666666666821,0.006666666666666821,4,4
Lahore,2026-08-02 23:00:00+00:00,3.0,2.98,-0.020000000000000018,0.020000000000000018,3,3
Islamabad,2026-08-03 00:00:00+00:00,4.0,3.94,-0.06000000000000005,0.06000000000000005,4,4
Karachi,2026-08-03 00:00:00+00:00,4.0,4.0,0.0,0.0,4,4
Lahore,2026-08-03 00:00:00+00:00,3.0,2.96,-0.040000000000000036,0.040000000000000036,3,3
Islamabad,2026-08-03 01:00:00+00:00,4.0,3.783333333333333,-0.21666666666666679,0.21666666666666679,4,4
Karachi,2026-08-03 01:00:00+00:00,4.0,4.0,0.0,0.0,4,4
Lahore,2026-08-03 01:00:00+00:00,3.0,2.96,-0.040000000000000036,0.040000000000000036,3,3
Islamabad,2026-08-03 02:00:00+00:00,4.0,3.6366666666666667,-0.3633333333333333,0.3633333333333333,4,4
Karachi,2026-08-03 02:00:00+00:00,4.0,4.0,0.0,0.0,4,4
Lahore,2026-08-03 02:00:00+00:00,3.0,3.02,0.020000000000000018,0.020000000000000018,3,3
Islamabad,2026-08-03 03:00:00+00:00,3.0,3.32,0.31999999999999984,0.31999999999999984,3,3
Karachi,2026-08-03 03:00:00+00:00,4.0,4.0,0.0,0.0,4,4
Lahore,2026-08-03 03:00:00+00:00,3.0,3.066666666666667,0.06666666666666687,0.06666666666666687,3,3
Islamabad,2026-08-03 04:00:00+00:00,3.0,3.24,0.2400000000000002,0.2400000000000002,3,3
Karachi,2026-08-03 04:00:00+00:00,4.0,4.0,0.0,0.0,4,4
Lahore,2026-08-03 04:00:00+00:00,3.0,3.1133333333333333,0.11333333333333329,0.11333333333333329,3,3
Islamabad,2026-08-03 05:00:00+00:00,3.0,3.1166666666666667,0.1166666666666667,0.1166666666666667,3,3
Karachi,2026-08-03 05:00:00+00:00,4.0,4.0,0.0,0.0,4,4
Lahore,2026-08-03 05:00:00+00:00,4.0,3.77,-0.22999999999999998,0.22999999999999998,4,4
Islamabad,2026-08-03 06:00:00+00:00,3.0,3.7,0.7000000000000002,0.7000000000000002,4,3
Karachi,2026-08-03 06:00:00+00:00,4.0,4.0,0.0,0.0,4,4
Lahore,2026-08-03 06:00:00+00:00,4.0,3.79,-0.20999999999999996,0.20999999999999996,4,4
Islamabad,2026-08-03 07:00:00+00:00,4.0,3.35,-0.6499999999999999,0.6499999999999999,3,4
Karachi,2026-08-03 07:00:00+00:00,4.0,3.9266666666666667,-0.07333333333333325,0.07333333333333325,4,4
Lahore,2026-08-03 07:00:00+00:00,4.0,3.6533333333333333,-0.3466666666666667,0.3466666666666667,4,4
Islamabad,2026-08-03 08:00:00+00:00,4.0,3.493333333333333,-0.5066666666666668,0.5066666666666668,3,4
Karachi,2026-08-03 08:00:00+00:00,4.0,3.5,-0.5,0.5,4,4
Lahore,2026-08-03 08:00:00+00:00,4.0,3.6666666666666665,-0.3333333333333335,0.3333333333333335,4,4
Islamabad,2026-08-03 09:00:00+00:00,4.0,3.7733333333333334,-0.22666666666666657,0.22666666666666657,4,4
Karachi,2026-08-03 09:00:00+00:00,4.0,3.2733333333333334,-0.7266666666666666,0.7266666666666666,3,4
Lahore,2026-08-03 09:00:00+00:00,4.0,3.6733333333333333,-0.32666666666666666,0.32666666666666666,4,4
Islamabad,2026-08-03 10:00:00+00:00,4.0,3.85,-0.1499999999999999,0.1499999999999999,4,4
Karachi,2026-08-03 10:00:00+00:00,4.0,3.433333333333333,-0.5666666666666669,0.5666666666666669,3,4
Lahore,2026-08-03 10:00:00+00:00,4.0,3.736666666666667,-0.2633333333333332,0.2633333333333332,4,4
Islamabad,2026-08-03 11:00:00+00:00,4.0,3.8733333333333335,-0.12666666666666648,0.12666666666666648,4,4
Karachi,2026-08-03 11:00:00+00:00,4.0,3.6666666666666665,-0.3333333333333335,0.3333333333333335,4,4
Lahore,2026-08-03 11:00:00+00:00,3.0,3.756666666666667,0.7566666666666668,0.7566666666666668,4,3
Islamabad,2026-08-03 12:00:00+00:00,4.0,3.8833333333333333,-0.1166666666666667,0.1166666666666667,4,4
Karachi,2026-08-03 12:00:00+00:00,4.0,3.6533333333333333,-0.3466666666666667,0.3466666666666667,4,4
Lahore,2026-08-03 12:00:00+00:00,3.0,3.1766666666666667,0.17666666666666675,0.17666666666666675,3,3
Islamabad,2026-08-03 13:00:00+00:00,4.0,3.83,-0.16999999999999993,0.16999999999999993,4,4
Karachi,2026-08-03 13:00:00+00:00,4.0,3.6233333333333335,-0.3766666666666665,0.3766666666666665,4,4
Lahore,2026-08-03 13:00:00+00:00,3.0,2.9766666666666666,-0.023333333333333428,0.023333333333333428,3,3
Islamabad,2026-08-03 14:00:00+00:00,4.0,3.933333333333333,-0.06666666666666687,0.06666666666666687,4,4
Karachi,2026-08-03 14:00:00+00:00,4.0,3.37,-0.6299999999999999,0.6299999999999999,3,4
Lahore,2026-08-03 14:00:00+00:00,3.0,2.993333333333333,-0.006666666666666821,0.006666666666666821,3,3
Islamabad,2026-08-03 15:00:00+00:00,4.0,3.9433333333333334,-0.05666666666666664,0.05666666666666664,4,4
Karachi,2026-08-03 15:00:00+00:00,3.0,3.39,0.3900000000000001,0.3900000000000001,3,3
Lahore,2026-08-03 15:00:00+00:00,3.0,3.3533333333333335,0.3533333333333335,0.3533333333333335,3,3
Islamabad,2026-08-03 16:00:00+00:00,4.0,3.99,-0.009999999999999787,0.009999999999999787,4,4
Karachi,2026-08-03 16:00:00+00:00,4.0,3.0166666666666666,-0.9833333333333334,0.9833333333333334,3,4
Lahore,2026-08-03 16:00:00+00:00,3.0,3.3366666666666664,0.33666666666666645,0.33666666666666645,3,3
Islamabad,2026-08-03 17:00:00+00:00,5.0,4.136666666666667,-0.8633333333333333,0.8633333333333333,4,5
Karachi,2026-08-03 17:00:00+00:00,4.0,3.72,-0.2799999999999998,0.2799999999999998,4,4
Lahore,2026-08-03 17:00:00+00:00,4.0,3.5733333333333333,-0.42666666666666675,0.42666666666666675,4,4
Islamabad,2026-08-03 18:00:00+00:00,5.0,4.616666666666666,-0.38333333333333375,0.38333333333333375,5,5
Karachi,2026-08-03 18:00:00+00:00,4.0,3.776666666666667,-0.22333333333333316,0.22333333333333316,4,4
Lahore,2026-08-03 18:00:00+00:00,4.0,3.8633333333333333,-0.13666666666666671,0.13666666666666671,4,4
Islamabad,2026-08-03 19:00:00+00:00,5.0,4.61,-0.3899999999999997,0.3899999999999997,5,5
Karachi,2026-08-03 19:00:00+00:00,4.0,3.86,-0.14000000000000012,0.14000000000000012,4,4
Lahore,2026-08-03 19:00:00+00:00,4.0,3.7933333333333334,-0.20666666666666655,0.20666666666666655,4,4
Islamabad,2026-08-03 20:00:00+00:00,5.0,4.576666666666667,-0.4233333333333329,0.4233333333333329,5,5
Karachi,2026-08-03 20:00:00+00:00,4.0,3.703333333333333,-0.29666666666666686,0.29666666666666686,4,4
Lahore,2026-08-03 20:00:00+00:00,4.0,3.8266666666666667,-0.17333333333333334,0.17333333333333334,4,4
Islamabad,2026-08-03 21:00:00+00:00,5.0,4.48,-0.5199999999999996,0.5199999999999996,4,5
Karachi,2026-08-03 21:00:00+00:00,3.0,3.22,0.2200000000000002,0.2200000000000002,3,3
Lahore,2026-08-03 21:00:00+00:00,4.0,3.73,-0.27,0.27,4,4
Islamabad,2026-08-03 22:00:00+00:00,5.0,4.463333333333333,-0.5366666666666671,0.5366666666666671,4,5
Karachi,2026-08-03 22:00:00+00:00,3.0,3.1433333333333335,0.14333333333333353,0.14333333333333353,3,3
Lahore,2026-08-03 22:00:00+00:00,4.0,3.71,-0.29000000000000004,0.29000000000000004,4,4
Islamabad,2026-08-03 23:00:00+00:00,5.0,4.473333333333334,-0.5266666666666664,0.5266666666666664,4,5
Karachi,2026-08-03 23:00:00+00:00,3.0,3.09,0.08999999999999986,0.08999999999999986,3,3
Lahore,2026-08-03 23:00:00+00:00,4.0,3.776666666666667,-0.22333333333333316,0.22333333333333316,4,4
Islamabad,2026-08-04 00:00:00+00:00,5.0,4.426666666666667,-0.5733333333333333,0.5733333333333333,4,5
Karachi,2026-08-04 00:00:00+00:00,3.0,3.026666666666667,0.02666666666666684,0.02666666666666684,3,3
Lahore,2026-08-04 00:00:00+00:00,4.0,3.66,-0.33999999999999986,0.33999999999999986,4,4
Islamabad,2026-08-04 01:00:00+00:00,5.0,4.453333333333333,-0.5466666666666669,0.5466666666666669,4,5
Karachi,2026-08-04 01:00:00+00:00,3.0,3.02,0.020000000000000018,0.020000000000000018,3,3
Lahore,2026-08-04 01:00:00+00:00,4.0,3.816666666666667,-0.18333333333333313,0.18333333333333313,4,4
Islamabad,2026-08-04 02:00:00+00:00,4.0,4.42,0.41999999999999993,0.41999999999999993,4,4
Karachi,2026-08-04 02:00:00+00:00,3.0,3.0,0.0,0.0,3,3
Lahore,2026-08-04 02:00:00+00:00,4.0,3.84,-0.16000000000000014,0.16000000000000014,4,4
Islamabad,2026-08-04 03:00:00+00:00,4.0,4.3533333333333335,0.3533333333333335,0.3533333333333335,4,4
Karachi,2026-08-04 03:00:00+00:00,3.0,3.0,0.0,0.0,3,3
Lahore,2026-08-04 03:00:00+00:00,4.0,3.8233333333333333,-0.17666666666666675,0.17666666666666675,4,4
Islamabad,2026-08-04 04:00:00+00:00,5.0,4.006666666666667,-0.9933333333333332,0.9933333333333332,4,5
Karachi,2026-08-04 04:00:00+00:00,3.0,3.0,0.0,0.0,3,3
Lahore,2026-08-04 04:00:00+00:00,4.0,3.6133333333333333,-0.3866666666666667,0.3866666666666667,4,4
Islamabad,2026-08-04 05:00:00+00:00,5.0,4.5,-0.5,0.5,4,5
Karachi,2026-08-04 05:00:00+00:00,3.0,3.0,0.0,0.0,3,3
Lahore,2026-08-04 05:00:00+00:00,4.0,3.6133333333333333,-0.3866666666666667,0.3866666666666667,4,4
Islamabad,2026-08-04 06:00:00+00:00,4.0,4.413333333333333,0.4133333333333331,0.4133333333333331,4,4
Karachi,2026-08-04 06:00:00+00:00,3.0,3.0,0.0,0.0,3,3
Lahore,2026-08-04 06:00:00+00:00,4.0,4.126666666666667,0.12666666666666693,0.12666666666666693,4,4
Islamabad,2026-08-04 07:00:00+00:00,4.0,3.736666666666667,-0.2633333333333332,0.2633333333333332,4,4
Karachi,2026-08-04 07:00:00+00:00,3.0,3.0,0.0,0.0,3,3
Lahore,2026-08-04 07:00:00+00:00,3.0,3.6666666666666665,0.6666666666666665,0.6666666666666665,4,3
Islamabad,2026-08-04 08:00:00+00:00,3.0,3.36,0.3599999999999999,0.3599999999999999,3,3
Karachi,2026-08-04 08:00:00+00:00,3.0,3.0,0.0,0.0,3,3
Lahore,2026-08-04 08:00:00+00:00,3.0,2.8233333333333333,-0.17666666666666675,0.17666666666666675,3,3
Islamabad,2026-08-04 09:00:00+00:00,3.0,3.47,0.4700000000000002,0.4700000000000002,3,3
Karachi,2026-08-04 09:00:00+00:00,3.0,3.0,0.0,0.0,3,3
Lahore,2026-08-04 09:00:00+00:00,3.0,2.8866666666666667,-0.11333333333333329,0.11333333333333329,3,3
Islamabad,2026-08-04 10:00:00+00:00,3.0,3.43,0.43000000000000016,0.43000000000000016,3,3
Karachi,2026-08-04 10:00:00+00:00,3.0,3.006666666666667,0.006666666666666821,0.006666666666666821,3,3
Lahore,2026-08-04 10:00:00+00:00,3.0,2.9466666666666668,-0.05333333333333323,0.05333333333333323,3,3
Islamabad,2026-08-04 11:00:00+00:00,3.0,3.01,0.009999999999999787,0.009999999999999787,3,3
Karachi,2026-08-04 11:00:00+00:00,3.0,3.0833333333333335,0.08333333333333348,0.08333333333333348,3,3
Lahore,2026-08-04 11:00:00+00:00,3.0,3.09,0.08999999999999986,0.08999999999999986,3,3
Islamabad,2026-08-04 12:00:00+00:00,3.0,3.0,0.0,0.0,3,3
Karachi,2026-08-04 12:00:00+00:00,4.0,3.76,-0.2400000000000002,0.2400000000000002,4,4
Lahore,2026-08-04 12:00:00+00:00,3.0,3.013333333333333,0.013333333333333197,0.013333333333333197,3,3
Islamabad,2026-08-04 13:00:00+00:00,3.0,2.95,-0.04999999999999982,0.04999999999999982,3,3
Karachi,2026-08-04 13:00:00+00:00,4.0,3.98,-0.020000000000000018,0.020000000000000018,4,4
Lahore,2026-08-04 13:00:00+00:00,4.0,3.82,-0.18000000000000016,0.18000000000000016,4,4
Islamabad,2026-08-04 14:00:00+00:00,3.0,2.7733333333333334,-0.22666666666666657,0.22666666666666657,3,3
Karachi,2026-08-04 14:00:00+00:00,4.0,4.0,0.0,0.0,4,4
Lahore,2026-08-04 14:00:00+00:00,4.0,3.86,-0.14000000000000012,0.14000000000000012,4,4
Islamabad,2026-08-04 15:00:00+00:00,3.0,2.986666666666667,-0.013333333333333197,0.013333333333333197,3,3
Karachi,2026-08-04 15:00:00+00:00,4.0,4.0,0.0,0.0,4,4
Lahore,2026-08-04 15:00:00+00:00,4.0,3.9433333333333334,-0.05666666666666664,0.05666666666666664,4,4
Islamabad,2026-08-04 16:00:00+00:00,3.0,3.0033333333333334,0.0033333333333334103,0.0033333333333334103,3,3
Karachi,2026-08-04 16:00:00+00:00,4.0,4.0,0.0,0.0,4,4
Lahore,2026-08-04 16:00:00+00:00,4.0,3.9366666666666665,-0.06333333333333346,0.06333333333333346,4,4
Islamabad,2026-08-04 17:00:00+00:00,4.0,3.8733333333333335,-0.12666666666666648,0.12666666666666648,4,4
Karachi,2026-08-04 17:00:00+00:00,4.0,4.0,0.0,0.0,4,4
Lahore,2026-08-04 17:00:00+00:00,4.0,3.986666666666667,-0.013333333333333197,0.013333333333333197,4,4
Islamabad,2026-08-04 18:00:00+00:00,4.0,4.283333333333333,0.2833333333333332,0.2833333333333332,4,4
Karachi,2026-08-04 18:00:00+00:00,4.0,4.0,0.0,0.0,4,4
Lahore,2026-08-04 18:00:00+00:00,4.0,3.973333333333333,-0.02666666666666684,0.02666666666666684,4,4
Islamabad,2026-08-04 19:00:00+00:00,4.0,4.296666666666667,0.29666666666666686,0.29666666666666686,4,4
Karachi,2026-08-04 19:00:00+00:00,4.0,4.0,0.0,0.0,4,4
Lahore,2026-08-04 19:00:00+00:00,4.0,3.986666666666667,-0.013333333333333197,0.013333333333333197,4,4
Islamabad,2026-08-04 20:00:00+00:00,4.0,4.303333333333334,0.3033333333333337,0.3033333333333337,4,4
Karachi,2026-08-04 20:00:00+00:00,4.0,4.0,0.0,0.0,4,4
Lahore,2026-08-04 20:00:00+00:00,4.0,3.9833333333333334,-0.016666666666666607,0.016666666666666607,4,4
Islamabad,2026-08-04 21:00:00+00:00,4.0,4.273333333333333,0.27333333333333343,0.27333333333333343,4,4
Karachi,2026-08-04 21:00:00+00:00,4.0,3.99,-0.009999999999999787,0.009999999999999787,4,4
Lahore,2026-08-04 21:00:00+00:00,4.0,3.9433333333333334,-0.05666666666666664,0.05666666666666664,4,4
Islamabad,2026-08-04 22:00:00+00:00,4.0,3.966666666666667,-0.033333333333333215,0.033333333333333215,4,4
Karachi,2026-08-04 22:00:00+00:00,4.0,3.993333333333333,-0.006666666666666821,0.006666666666666821,4,4
Lahore,2026-08-04 22:00:00+00:00,4.0,3.9,-0.10000000000000009,0.10000000000000009,4,4
Islamabad,2026-08-04 23:00:00+00:00,4.0,3.9966666666666666,-0.0033333333333334103,0.0033333333333334103,4,4
Karachi,2026-08-04 23:00:00+00:00,4.0,3.9833333333333334,-0.016666666666666607,0.016666666666666607,4,4
Lahore,2026-08-04 23:00:00+00:00,4.0,3.9,-0.10000000000000009,0.10000000000000009,4,4
Islamabad,2026-08-05 00:00:00+00:00,4.0,3.8733333333333335,-0.12666666666666648,0.12666666666666648,4,4
Karachi,2026-08-05 00:00:00+00:00,4.0,3.993333333333333,-0.006666666666666821,0.006666666666666821,4,4
Lahore,2026-08-05 00:00:00+00:00,4.0,3.8866666666666667,-0.11333333333333329,0.11333333333333329,4,4
Islamabad,2026-08-05 01:00:00+00:00,4.0,4.053333333333334,0.05333333333333368,0.05333333333333368,4,4
Karachi,2026-08-05 01:00:00+00:00,4.0,3.993333333333333,-0.006666666666666821,0.006666666666666821,4,4
Lahore,2026-08-05 01:00:00+00:00,4.0,3.8933333333333335,-0.10666666666666647,0.10666666666666647,4,4
Islamabad,2026-08-05 02:00:00+00:00,4.0,3.9966666666666666,-0.0033333333333334103,0.0033333333333334103,4,4
Karachi,2026-08-05 02:00:00+00:00,4.0,4.0,0.0,0.0,4,4
Lahore,2026-08-05 02:00:00+00:00,4.0,3.8333333333333335,-0.16666666666666652,0.16666666666666652,4,4
Islamabad,2026-08-05 03:00:00+00:00,3.0,3.6566666666666667,0.6566666666666667,0.6566666666666667,4,3
Karachi,2026-08-05 03:00:00+00:00,4.0,4.0,0.0,0.0,4,4
Lahore,2026-08-05 03:00:00+00:00,4.0,3.6866666666666665,-0.31333333333333346,0.31333333333333346,4,4
Islamabad,2026-08-05 04:00:00+00:00,3.0,3.19,0.18999999999999995,0.18999999999999995,3,3
Karachi,2026-08-05 04:00:00+00:00,4.0,4.0,0.0,0.0,4,4
Lahore,2026-08-05 04:00:00+00:00,4.0,3.6566666666666667,-0.34333333333333327,0.34333333333333327,4,4
Islamabad,2026-08-05 05:00:00+00:00,3.0,3.28,0.2799999999999998,0.2799999999999998,3,3
Karachi,2026-08-05 05:00:00+00:00,4.0,4.0,0.0,0.0,4,4
Lahore,2026-08-05 05:00:00+00:00,4.0,3.966666666666667,-0.033333333333333215,0.033333333333333215,4,4
Islamabad,2026-08-05 06:00:00+00:00,4.0,3.04,-0.96,0.96,3,4
Karachi,2026-08-05 06:00:00+00:00,4.0,4.0,0.0,0.0,4,4
Lahore,2026-08-05 06:00:00+00:00,3.0,3.993333333333333,0.9933333333333332,0.9933333333333332,4,3
Islamabad,2026-08-05 07:00:00+00:00,4.0,3.4266666666666667,-0.5733333333333333,0.5733333333333333,3,4
Karachi,2026-08-05 07:00:00+00:00,4.0,4.0,0.0,0.0,4,4
Lahore,2026-08-05 07:00:00+00:00,3.0,3.08,0.08000000000000007,0.08000000000000007,3,3
Islamabad,2026-08-05 08:00:00+00:00,4.0,3.44,-0.56,0.56,3,4
Karachi,2026-08-05 08:00:00+00:00,4.0,4.0,0.0,0.0,4,4
Lahore,2026-08-05 08:00:00+00:00,3.0,3.0,0.0,0.0,3,3
Islamabad,2026-08-05 09:00:00+00:00,4.0,3.4433333333333334,-0.5566666666666666,0.5566666666666666,3,4
Karachi,2026-08-05 09:00:00+00:00,4.0,4.0,0.0,0.0,4,4
Lahore,2026-08-05 09:00:00+00:00,3.0,3.0,0.0,0.0,3,3
Islamabad,2026-08-05 10:00:00+00:00,4.0,3.46,-0.54,0.54,3,4
Karachi,2026-08-05 10:00:00+00:00,4.0,4.0,0.0,0.0,4,4
Lahore,2026-08-05 10:00:00+00:00,3.0,2.85,-0.1499999999999999,0.1499999999999999,3,3
Islamabad,2026-08-05 11:00:00+00:00,4.0,3.39,-0.6099999999999999,0.6099999999999999,3,4
Karachi,2026-08-05 11:00:00+00:00,4.0,4.0,0.0,0.0,4,4
Lahore,2026-08-05 11:00:00+00:00,3.0,2.9966666666666666,-0.0033333333333334103,0.0033333333333334103,3,3
Islamabad,2026-08-05 12:00:00+00:00,3.0,3.2666666666666666,0.2666666666666666,0.2666666666666666,3,3
Karachi,2026-08-05 12:00:00+00:00,4.0,4.0,0.0,0.0,4,4
Lahore,2026-08-05 12:00:00+00:00,3.0,2.98,-0.020000000000000018,0.020000000000000018,3,3
Islamabad,2026-08-05 13:00:00+00:00,3.0,3.1866666666666665,0.18666666666666654,0.18666666666666654,3,3
Karachi,2026-08-05 13:00:00+00:00,4.0,4.0,0.0,0.0,4,4
Lahore,2026-08-05 13:00:00+00:00,3.0,2.98,-0.020000000000000018,0.020000000000000018,3,3
Islamabad,2026-08-05 14:00:00+00:00,4.0,3.1966666666666668,-0.8033333333333332,0.8033333333333332,3,4
Karachi,2026-08-05 14:00:00+00:00,4.0,4.0,0.0,0.0,4,4
Lahore,2026-08-05 14:00:00+00:00,3.0,3.0,0.0,0.0,3,3
Islamabad,2026-08-05 15:00:00+00:00,4.0,3.8133333333333335,-0.18666666666666654,0.18666666666666654,4,4
Karachi,2026-08-05 15:00:00+00:00,4.0,4.0,0.0,0.0,4,4
Lahore,2026-08-05 15:00:00+00:00,3.0,3.0,0.0,0.0,3,3
Islamabad,2026-08-05 16:00:00+00:00,4.0,3.9766666666666666,-0.023333333333333428,0.023333333333333428,4,4
Karachi,2026-08-05 16:00:00+00:00,4.0,4.0,0.0,0.0,4,4
Lahore,2026-08-05 16:00:00+00:00,3.0,3.0,0.0,0.0,3,3
Islamabad,2026-08-05 17:00:00+00:00,4.0,3.993333333333333,-0.006666666666666821,0.006666666666666821,4,4
Karachi,2026-08-05 17:00:00+00:00,4.0,4.0,0.0,0.0,4,4
Lahore,2026-08-05 17:00:00+00:00,3.0,3.0,0.0,0.0,3,3
Islamabad,2026-08-05 18:00:00+00:00,4.0,3.99,-0.009999999999999787,0.009999999999999787,4,4
Karachi,2026-08-05 18:00:00+00:00,4.0,4.0,0.0,0.0,4,4
Lahore,2026-08-05 18:00:00+00:00,3.0,3.0,0.0,0.0,3,3
Islamabad,2026-08-05 19:00:00+00:00,5.0,4.48,-0.5199999999999996,0.5199999999999996,4,5
Karachi,2026-08-05 19:00:00+00:00,4.0,4.0,0.0,0.0,4,4
Lahore,2026-08-05 19:00:00+00:00,3.0,3.0,0.0,0.0,3,3
Islamabad,2026-08-05 20:00:00+00:00,5.0,4.62,-0.3799999999999999,0.3799999999999999,5,5
Karachi,2026-08-05 20:00:00+00:00,4.0,4.0,0.0,0.0,4,4
Lahore,2026-08-05 20:00:00+00:00,3.0,3.0,0.0,0.0,3,3
Islamabad,2026-08-05 21:00:00+00:00,5.0,4.6033333333333335,-0.3966666666666665,0.3966666666666665,5,5
Karachi,2026-08-05 21:00:00+00:00,4.0,4.0,0.0,0.0,4,4
Lahore,2026-08-05 21:00:00+00:00,3.0,3.0,0.0,0.0,3,3
Islamabad,2026-08-05 22:00:00+00:00,5.0,4.52,-0.4800000000000004,0.4800000000000004,5,5
Karachi,2026-08-05 22:00:00+00:00,4.0,4.0,0.0,0.0,4,4
Lahore,2026-08-05 22:00:00+00:00,3.0,3.0,0.0,0.0,3,3
Islamabad,2026-08-05 23:00:00+00:00,5.0,4.463333333333333,-0.5366666666666671,0.5366666666666671,4,5
Karachi,2026-08-05 23:00:00+00:00,4.0,4.0,0.0,0.0,4,4
Lahore,2026-08-05 23:00:00+00:00,3.0,3.0,0.0,0.0,3,3
Islamabad,2026-08-06 00:00:00+00:00,4.0,4.45,0.4500000000000002,0.4500000000000002,4,4
Karachi,2026-08-06 00:00:00+00:00,4.0,4.0,0.0,0.0,4,4
Lahore,2026-08-06 00:00:00+00:00,3.0,3.0,0.0,0.0,3,3
Islamabad,2026-08-06 01:00:00+00:00,4.0,3.9033333333333333,-0.09666666666666668,0.09666666666666668,4,4
Karachi,2026-08-06 01:00:00+00:00,4.0,4.0,0.0,0.0,4,4
Lahore,2026-08-06 01:00:00+00:00,3.0,3.0,0.0,0.0,3,3
Islamabad,2026-08-06 02:00:00+00:00,4.0,3.8066666666666666,-0.19333333333333336,0.19333333333333336,4,4
Karachi,2026-08-06 02:00:00+00:00,4.0,4.0,0.0,0.0,4,4
Lahore,2026-08-06 02:00:00+00:00,3.0,2.99,-0.009999999999999787,0.009999999999999787,3,3
Islamabad,2026-08-06 03:00:00+00:00,4.0,3.8,-0.20000000000000018,0.20000000000000018,4,4
Karachi,2026-08-06 03:00:00+00:00,4.0,4.0,0.0,0.0,4,4
Lahore,2026-08-06 03:00:00+00:00,3.0,3.0,0.0,0.0,3,3
Islamabad,2026-08-06 04:00:00+00:00,5.0,3.9433333333333334,-1.0566666666666666,1.0566666666666666,4,5
Karachi,2026-08-06 04:00:00+00:00,4.0,4.0,0.0,0.0,4,4
Lahore,2026-08-06 04:00:00+00:00,3.0,2.993333333333333,-0.006666666666666821,0.006666666666666821,3,3
Islamabad,2026-08-06 05:00:00+00:00,5.0,4.586666666666667,-0.4133333333333331,0.4133333333333331,5,5
Karachi,2026-08-06 05:00:00+00:00,4.0,4.0,0.0,0.0,4,4
Lahore,2026-08-06 05:00:00+00:00,4.0,3.256666666666667,-0.7433333333333332,0.7433333333333332,3,4
Islamabad,2026-08-06 06:00:00+00:00,4.0,4.566666666666666,0.5666666666666664,0.5666666666666664,5,4
Karachi,2026-08-06 06:00:00+00:00,4.0,4.0,0.0,0.0,4,4
Lahore,2026-08-06 06:00:00+00:00,4.0,3.8266666666666667,-0.17333333333333334,0.17333333333333334,4,4
Islamabad,2026-08-06 07:00:00+00:00,4.0,3.89,-0.10999999999999988,0.10999999999999988,4,4
Karachi,2026-08-06 07:00:00+00:00,4.0,4.0,0.0,0.0,4,4
Lahore,2026-08-06 07:00:00+00:00,4.0,4.0,0.0,0.0,4,4
Islamabad,2026-08-06 08:00:00+00:00,4.0,3.8766666666666665,-0.12333333333333352,0.12333333333333352,4,4
Karachi,2026-08-06 08:00:00+00:00,4.0,4.0,0.0,0.0,4,4
Lahore,2026-08-06 08:00:00+00:00,4.0,4.0,0.0,0.0,4,4
Islamabad,2026-08-06 09:00:00+00:00,4.0,3.87,-0.1299999999999999,0.1299999999999999,4,4
Karachi,2026-08-06 09:00:00+00:00,4.0,4.0,0.0,0.0,4,4
Lahore,2026-08-06 09:00:00+00:00,4.0,3.7066666666666666,-0.29333333333333345,0.29333333333333345,4,4
Islamabad,2026-08-06 10:00:00+00:00,3.0,3.7266666666666666,0.7266666666666666,0.7266666666666666,4,3
Karachi,2026-08-06 10:00:00+00:00,4.0,4.0,0.0,0.0,4,4
Lahore,2026-08-06 10:00:00+00:00,4.0,3.6733333333333333,-0.32666666666666666,0.32666666666666666,4,4
Islamabad,2026-08-06 11:00:00+00:00,3.0,3.263333333333333,0.2633333333333332,0.2633333333333332,3,3
Karachi,2026-08-06 11:00:00+00:00,4.0,4.0,0.0,0.0,4,4
Lahore,2026-08-06 11:00:00+00:00,4.0,3.8633333333333333,-0.13666666666666671,0.13666666666666671,4,4
Islamabad,2026-08-06 12:00:00+00:00,4.0,3.7533333333333334,-0.2466666666666666,0.2466666666666666,4,4
Karachi,2026-08-06 12:00:00+00:00,4.0,4.0,0.0,0.0,4,4
Lahore,2026-08-06 12:00:00+00:00,4.0,4.0,0.0,0.0,4,4
Islamabad,2026-08-06 13:00:00+00:00,4.0,3.85,-0.1499999999999999,0.1499999999999999,4,4
Karachi,2026-08-06 13:00:00+00:00,4.0,4.0,0.0,0.0,4,4
Lahore,2026-08-06 13:00:00+00:00,4.0,3.993333333333333,-0.006666666666666821,0.006666666666666821,4,4
Islamabad,2026-08-06 14:00:00+00:00,4.0,3.986666666666667,-0.013333333333333197,0.013333333333333197,4,4
Karachi,2026-08-06 14:00:00+00:00,4.0,4.0,0.0,0.0,4,4
Lahore,2026-08-06 14:00:00+00:00,3.0,3.933333333333333,0.9333333333333331,0.9333333333333331,4,3
Islamabad,2026-08-06 15:00:00+00:00,5.0,4.096666666666667,-0.9033333333333333,0.9033333333333333,4,5
Karachi,2026-08-06 15:00:00+00:00,4.0,4.0,0.0,0.0,4,4
Lahore,2026-08-06 15:00:00+00:00,3.0,3.0233333333333334,0.023333333333333428,0.023333333333333428,3,3
Islamabad,2026-08-06 16:00:00+00:00,5.0,4.88,-0.1200000000000001,0.1200000000000001,5,5
Karachi,2026-08-06 16:00:00+00:00,4.0,4.0,0.0,0.0,4,4
Lahore,2026-08-06 16:00:00+00:00,3.0,3.0,0.0,0.0,3,3
Islamabad,2026-08-06 17:00:00+00:00,5.0,4.91,-0.08999999999999986,0.08999999999999986,5,5
Karachi,2026-08-06 17:00:00+00:00,4.0,4.0,0.0,0.0,4,4
Lahore,2026-08-06 17:00:00+00:00,3.0,3.0,0.0,0.0,3,3
Islamabad,2026-08-06 18:00:00+00:00,5.0,4.933333333333334,-0.06666666666666643,0.06666666666666643,5,5
Karachi,2026-08-06 18:00:00+00:00,4.0,4.0,0.0,0.0,4,4
Lahore,2026-08-06 18:00:00+00:00,4.0,3.92,-0.08000000000000007,0.08000000000000007,4,4
Islamabad,2026-08-06 19:00:00+00:00,5.0,4.8966666666666665,-0.1033333333333335,0.1033333333333335,5,5
Karachi,2026-08-06 19:00:00+00:00,4.0,4.0,0.0,0.0,4,4
Lahore,2026-08-06 19:00:00+00:00,4.0,3.9233333333333333,-0.07666666666666666,0.07666666666666666,4,4
Islamabad,2026-08-06 20:00:00+00:00,5.0,4.89,-0.11000000000000032,0.11000000000000032,5,5
Karachi,2026-08-06 20:00:00+00:00,4.0,4.0,0.0,0.0,4,4
Lahore,2026-08-06 20:00:00+00:00,4.0,3.97,-0.029999999999999805,0.029999999999999805,4,4
Islamabad,2026-08-06 21:00:00+00:00,5.0,4.886666666666667,-0.11333333333333329,0.11333333333333329,5,5
Karachi,2026-08-06 21:00:00+00:00,4.0,4.0,0.0,0.0,4,4
Lahore,2026-08-06 21:00:00+00:00,4.0,3.9766666666666666,-0.023333333333333428,0.023333333333333428,4,4
Islamabad,2026-08-06 22:00:00+00:00,5.0,4.87,-0.1299999999999999,0.1299999999999999,5,5
Karachi,2026-08-06 22:00:00+00:00,4.0,4.0,0.0,0.0,4,4
Lahore,2026-08-06 22:00:00+00:00,4.0,3.87,-0.1299999999999999,0.1299999999999999,4,4
Islamabad,2026-08-06 23:00:00+00:00,5.0,4.866666666666666,-0.13333333333333375,0.13333333333333375,5,5
Karachi,2026-08-06 23:00:00+00:00,4.0,4.0,0.0,0.0,4,4
Lahore,2026-08-06 23:00:00+00:00,4.0,3.8733333333333335,-0.12666666666666648,0.12666666666666648,4,4
Islamabad,2026-08-07 00:00:00+00:00,5.0,4.84,-0.16000000000000014,0.16000000000000014,5,5
Karachi,2026-08-07 00:00:00+00:00,4.0,4.0,0.0,0.0,4,4
Lahore,2026-08-07 00:00:00+00:00,4.0,3.8866666666666667,-0.11333333333333329,0.11333333333333329,4,4
Islamabad,2026-08-07 01:00:00+00:00,5.0,4.8566666666666665,-0.14333333333333353,0.14333333333333353,5,5
Karachi,2026-08-07 01:00:00+00:00,4.0,3.98,-0.020000000000000018,0.020000000000000018,4,4
Lahore,2026-08-07 01:00:00+00:00,4.0,3.8933333333333335,-0.10666666666666647,0.10666666666666647,4,4
Islamabad,2026-08-07 02:00:00+00:00,5.0,4.516666666666667,-0.4833333333333334,0.4833333333333334,5,5
Karachi,2026-08-07 02:00:00+00:00,3.0,3.2933333333333334,0.29333333333333345,0.29333333333333345,3,3
Lahore,2026-08-07 02:00:00+00:00,4.0,3.8733333333333335,-0.12666666666666648,0.12666666666666648,4,4
Islamabad,2026-08-07 03:00:00+00:00,5.0,4.336666666666667,-0.6633333333333331,0.6633333333333331,4,5
Karachi,2026-08-07 03:00:00+00:00,3.0,3.0166666666666666,0.016666666666666607,0.016666666666666607,3,3
Lahore,2026-08-07 03:00:00+00:00,4.0,3.6366666666666667,-0.3633333333333333,0.3633333333333333,4,4
Islamabad,2026-08-07 04:00:00+00:00,5.0,4.343333333333334,-0.6566666666666663,0.6566666666666663,4,5
Karachi,2026-08-07 04:00:00+00:00,3.0,3.046666666666667,0.046666666666666856,0.046666666666666856,3,3
Lahore,2026-08-07 04:00:00+00:00,5.0,3.5533333333333332,-1.4466666666666668,1.4466666666666668,4,5
Islamabad,2026-08-07 05:00:00+00:00,5.0,4.796666666666667,-0.20333333333333314,0.20333333333333314,5,5
Karachi,2026-08-07 05:00:00+00:00,3.0,3.046666666666667,0.046666666666666856,0.046666666666666856,3,3
Lahore,2026-08-07 05:00:00+00:00,5.0,4.6066666666666665,-0.39333333333333353,0.39333333333333353,5,5
Islamabad,2026-08-07 06:00:00+00:00,5.0,4.496666666666667,-0.503333333333333,0.503333333333333,4,5
Karachi,2026-08-07 06:00:00+00:00,3.0,3.04,0.040000000000000036,0.040000000000000036,3,3
Lahore,2026-08-07 06:00:00+00:00,4.0,4.826666666666667,0.8266666666666671,0.8266666666666671,5,4
Islamabad,2026-08-07 07:00:00+00:00,5.0,4.553333333333334,-0.4466666666666663,0.4466666666666663,5,5
Karachi,2026-08-07 07:00:00+00:00,3.0,3.0433333333333334,0.043333333333333446,0.043333333333333446,3,3
Lahore,2026-08-07 07:00:00+00:00,4.0,4.226666666666667,0.22666666666666657,0.22666666666666657,4,4
Islamabad,2026-08-07 08:00:00+00:00,5.0,4.47,-0.5300000000000002,0.5300000000000002,4,5
Karachi,2026-08-07 08:00:00+00:00,3.0,3.1233333333333335,0.12333333333333352,0.12333333333333352,3,3
Lahore,2026-08-07 08:00:00+00:00,4.0,3.8666666666666667,-0.1333333333333333,0.1333333333333333,4,4
Islamabad,2026-08-07 09:00:00+00:00,5.0,4.51,-0.4900000000000002,0.4900000000000002,5,5
Karachi,2026-08-07 09:00:00+00:00,3.0,3.046666666666667,0.046666666666666856,0.046666666666666856,3,3
Lahore,2026-08-07 09:00:00+00:00,4.0,3.86,-0.14000000000000012,0.14000000000000012,4,4
Islamabad,2026-08-07 10:00:00+00:00,5.0,4.583333333333333,-0.41666666666666696,0.41666666666666696,5,5
Karachi,2026-08-07 10:00:00+00:00,3.0,3.04,0.040000000000000036,0.040000000000000036,3,3
Lahore,2026-08-07 10:00:00+00:00,5.0,4.346666666666667,-0.6533333333333333,0.6533333333333333,4,5
Islamabad,2026-08-07 11:00:00+00:00,5.0,4.57,-0.4299999999999997,0.4299999999999997,5,5
Karachi,2026-08-07 11:00:00+00:00,3.0,3.04,0.040000000000000036,0.040000000000000036,3,3
Lahore,2026-08-07 11:00:00+00:00,5.0,4.54,-0.45999999999999996,0.45999999999999996,5,5
Islamabad,2026-08-07 12:00:00+00:00,5.0,4.6033333333333335,-0.3966666666666665,0.3966666666666665,5,5
Karachi,2026-08-07 12:00:00+00:00,3.0,3.04,0.040000000000000036,0.040000000000000036,3,3
Lahore,2026-08-07 12:00:00+00:00,5.0,4.636666666666667,-0.3633333333333333,0.3633333333333333,5,5
Islamabad,2026-08-07 13:00:00+00:00,5.0,4.59,-0.41000000000000014,0.41000000000000014,5,5
Karachi,2026-08-07 13:00:00+00:00,3.0,3.033333333333333,0.033333333333333215,0.033333333333333215,3,3
Lahore,2026-08-07 13:00:00+00:00,5.0,4.86,-0.13999999999999968,0.13999999999999968,5,5
Islamabad,2026-08-07 14:00:00+00:00,5.0,4.93,-0.07000000000000028,0.07000000000000028,5,5
Karachi,2026-08-07 14:00:00+00:00,3.0,3.033333333333333,0.033333333333333215,0.033333333333333215,3,3
Lahore,2026-08-07 14:00:00+00:00,5.0,4.963333333333333,-0.03666666666666707,0.03666666666666707,5,5
Islamabad,2026-08-07 15:00:00+00:00,5.0,4.97,-0.03000000000000025,0.03000000000000025,5,5
Karachi,2026-08-07 15:00:00+00:00,3.0,3.046666666666667,0.046666666666666856,0.046666666666666856,3,3
Lahore,2026-08-07 15:00:00+00:00,5.0,4.983333333333333,-0.016666666666666607,0.016666666666666607,5,5
Islamabad,2026-08-07 16:00:00+00:00,5.0,4.976666666666667,-0.023333333333333428,0.023333333333333428,5,5
Karachi,2026-08-07 16:00:00+00:00,3.0,3.0733333333333333,0.07333333333333325,0.07333333333333325,3,3
Lahore,2026-08-07 16:00:00+00:00,5.0,4.98,-0.019999999999999574,0.019999999999999574,5,5
Islamabad,2026-08-07 17:00:00+00:00,5.0,4.993333333333333,-0.006666666666666821,0.006666666666666821,5,5
Karachi,2026-08-07 17:00:00+00:00,4.0,3.8133333333333335,-0.18666666666666654,0.18666666666666654,4,4
Lahore,2026-08-07 17:00:00+00:00,5.0,4.976666666666667,-0.023333333333333428,0.023333333333333428,5,5
Islamabad,2026-08-07 18:00:00+00:00,5.0,4.966666666666667,-0.033333333333333215,0.033333333333333215,5,5
Karachi,2026-08-07 18:00:00+00:00,4.0,3.9766666666666666,-0.023333333333333428,0.023333333333333428,4,4
Lahore,2026-08-07 18:00:00+00:00,5.0,4.97,-0.03000000000000025,0.03000000000000025,5,5
Islamabad,2026-08-07 19:00:00+00:00,5.0,4.993333333333333,-0.006666666666666821,0.006666666666666821,5,5
Karachi,2026-08-07 19:00:00+00:00,4.0,3.8633333333333333,-0.13666666666666671,0.13666666666666671,4,4
Lahore,2026-08-07 19:00:00+00:00,5.0,4.956666666666667,-0.043333333333333,0.043333333333333,5,5
Islamabad,2026-08-07 20:00:00+00:00,5.0,4.99,-0.009999999999999787,0.009999999999999787,5,5
Karachi,2026-08-07 20:00:00+00:00,4.0,3.79,-0.20999999999999996,0.20999999999999996,4,4
Lahore,2026-08-07 20:00:00+00:00,5.0,4.96,-0.040000000000000036,0.040000000000000036,5,5
Islamabad,2026-08-07 21:00:00+00:00,5.0,5.0,0.0,0.0,5,5
Karachi,2026-08-07 21:00:00+00:00,4.0,3.47,-0.5299999999999998,0.5299999999999998,3,4
Lahore,2026-08-07 21:00:00+00:00,5.0,4.963333333333333,-0.03666666666666707,0.03666666666666707,5,5
Islamabad,2026-08-07 22:00:00+00:00,5.0,5.0,0.0,0.0,5,5
Karachi,2026-08-07 22:00:00+00:00,3.0,3.493333333333333,0.4933333333333332,0.4933333333333332,3,3
Lahore,2026-08-07 22:00:00+00:00,5.0,4.913333333333333,-0.08666666666666689,0.08666666666666689,5,5
Islamabad,2026-08-07 23:00:00+00:00,5.0,4.98,-0.019999999999999574,0.019999999999999574,5,5
Karachi,2026-08-07 23:00:00+00:00,3.0,3.16,0.16000000000000014,0.16000000000000014,3,3
Lahore,2026-08-07 23:00:00+00:00,5.0,4.866666666666666,-0.13333333333333375,0.13333333333333375,5,5
Islamabad,2026-08-08 00:00:00+00:00,5.0,4.976666666666667,-0.023333333333333428,0.023333333333333428,5,5
Karachi,2026-08-08 00:00:00+00:00,3.0,3.06,0.06000000000000005,0.06000000000000005,3,3
Lahore,2026-08-08 00:00:00+00:00,4.0,4.473333333333334,0.4733333333333336,0.4733333333333336,4,4
Islamabad,2026-08-08 01:00:00+00:00,5.0,4.97,-0.03000000000000025,0.03000000000000025,5,5
Karachi,2026-08-08 01:00:00+00:00,3.0,3.06,0.06000000000000005,0.06000000000000005,3,3
Lahore,2026-08-08 01:00:00+00:00,4.0,3.966666666666667,-0.033333333333333215,0.033333333333333215,4,4
Islamabad,2026-08-08 02:00:00+00:00,5.0,4.953333333333333,-0.046666666666666856,0.046666666666666856,5,5
Karachi,2026-08-08 02:00:00+00:00,3.0,3.0433333333333334,0.043333333333333446,0.043333333333333446,3,3
Lahore,2026-08-08 02:00:00+00:00,4.0,3.8233333333333333,-0.17666666666666675,0.17666666666666675,4,4
Islamabad,2026-08-08 03:00:00+00:00,5.0,4.94,-0.05999999999999961,0.05999999999999961,5,5
Karachi,2026-08-08 03:00:00+00:00,3.0,3.0433333333333334,0.043333333333333446,0.043333333333333446,3,3
Lahore,2026-08-08 03:00:00+00:00,3.0,3.6466666666666665,0.6466666666666665,0.6466666666666665,4,3
Islamabad,2026-08-08 04:00:00+00:00,5.0,4.52,-0.4800000000000004,0.4800000000000004,5,5
Karachi,2026-08-08 04:00:00+00:00,3.0,3.0,0.0,0.0,3,3
Lahore,2026-08-08 04:00:00+00:00,3.0,3.006666666666667,0.006666666666666821,0.006666666666666821,3,3
Islamabad,2026-08-08 05:00:00+00:00,5.0,4.49,-0.5099999999999998,0.5099999999999998,4,5
Karachi,2026-08-08 05:00:00+00:00,3.0,3.0,0.0,0.0,3,3
Lahore,2026-08-08 05:00:00+00:00,3.0,2.8566666666666665,-0.14333333333333353,0.14333333333333353,3,3
Islamabad,2026-08-08 06:00:00+00:00,5.0,4.546666666666667,-0.45333333333333314,0.45333333333333314,5,5
Karachi,2026-08-08 06:00:00+00:00,3.0,3.0,0.0,0.0,3,3
Lahore,2026-08-08 06:00:00+00:00,3.0,2.756666666666667,-0.24333333333333318,0.24333333333333318,3,3
Islamabad,2026-08-08 07:00:00+00:00,5.0,4.366666666666666,-0.6333333333333337,0.6333333333333337,4,5
Karachi,2026-08-08 07:00:00+00:00,3.0,3.0,0.0,0.0,3,3
Lahore,2026-08-08 07:00:00+00:00,3.0,2.8366666666666664,-0.16333333333333355,0.16333333333333355,3,3
Islamabad,2026-08-08 08:00:00+00:00,5.0,4.28,-0.7199999999999998,0.7199999999999998,4,5
Karachi,2026-08-08 08:00:00+00:00,3.0,3.0,0.0,0.0,3,3
Lahore,2026-08-08 08:00:00+00:00,3.0,2.8133333333333335,-0.18666666666666654,0.18666666666666654,3,3
Islamabad,2026-08-08 09:00:00+00:00,5.0,4.293333333333333,-0.706666666666667,0.706666666666667,4,5
Karachi,2026-08-08 09:00:00+00:00,3.0,3.0,0.0,0.0,3,3
Lahore,2026-08-08 09:00:00+00:00,3.0,2.8533333333333335,-0.1466666666666665,0.1466666666666665,3,3
Islamabad,2026-08-08 10:00:00+00:00,5.0,4.533333333333333,-0.4666666666666668,0.4666666666666668,5,5
Karachi,2026-08-08 10:00:00+00:00,3.0,3.0,0.0,0.0,3,3
Lahore,2026-08-08 10:00:00+00:00,3.0,2.7933333333333334,-0.20666666666666655,0.20666666666666655,3,3
Islamabad,2026-08-08 11:00:00+00:00,5.0,4.613333333333333,-0.3866666666666667,0.3866666666666667,5,5
Karachi,2026-08-08 11:00:00+00:00,3.0,3.0,0.0,0.0,3,3
Lahore,2026-08-08 11:00:00+00:00,3.0,2.8033333333333332,-0.19666666666666677,0.19666666666666677,3,3
Islamabad,2026-08-08 12:00:00+00:00,5.0,4.6066666666666665,-0.39333333333333353,0.39333333333333353,5,5
Karachi,2026-08-08 12:00:00+00:00,3.0,3.0,0.0,0.0,3,3
Lahore,2026-08-08 12:00:00+00:00,2.0,2.5933333333333333,0.5933333333333333,0.5933333333333333,3,2
Islamabad,2026-08-08 13:00:00+00:00,5.0,4.51,-0.4900000000000002,0.4900000000000002,5,5
Karachi,2026-08-08 13:00:00+00:00,3.0,3.0,0.0,0.0,3,3
Lahore,2026-08-08 13:00:00+00:00,2.0,2.1533333333333333,0.15333333333333332,0.15333333333333332,2,2
Islamabad,2026-08-08 14:00:00+00:00,5.0,4.463333333333333,-0.5366666666666671,0.5366666666666671,4,5
Karachi,2026-08-08 14:00:00+00:00,3.0,3.0,0.0,0.0,3,3
Lahore,2026-08-08 14:00:00+00:00,2.0,2.57,0.5699999999999998,0.5699999999999998,3,2
Islamabad,2026-08-08 15:00:00+00:00,5.0,4.516666666666667,-0.4833333333333334,0.4833333333333334,5,5
Karachi,2026-08-08 15:00:00+00:00,3.0,3.0,0.0,0.0,3,3
Lahore,2026-08-08 15:00:00+00:00,2.0,2.4766666666666666,0.47666666666666657,0.47666666666666657,2,2
Islamabad,2026-08-08 16:00:00+00:00,4.0,4.39,0.3899999999999997,0.3899999999999997,4,4
Karachi,2026-08-08 16:00:00+00:00,3.0,3.0,0.0,0.0,3,3
Lahore,2026-08-08 16:00:00+00:00,2.0,2.4966666666666666,0.4966666666666666,0.4966666666666666,2,2
Islamabad,2026-08-08 17:00:00+00:00,4.0,4.026666666666666,0.026666666666666394,0.026666666666666394,4,4
Karachi,2026-08-08 17:00:00+00:00,3.0,3.0,0.0,0.0,3,3
Lahore,2026-08-08 17:00:00+00:00,3.0,2.6366666666666667,-0.3633333333333333,0.3633333333333333,3,3
Islamabad,2026-08-08 18:00:00+00:00,4.0,3.9633333333333334,-0.036666666666666625,0.036666666666666625,4,4
Karachi,2026-08-08 18:00:00+00:00,3.0,3.0,0.0,0.0,3,3
Lahore,2026-08-08 18:00:00+00:00,3.0,2.8766666666666665,-0.12333333333333352,0.12333333333333352,3,3
Islamabad,2026-08-08 19:00:00+00:00,4.0,4.023333333333333,0.023333333333333428,0.023333333333333428,4,4
Karachi,2026-08-08 19:00:00+00:00,3.0,3.0,0.0,0.0,3,3
Lahore,2026-08-08 19:00:00+00:00,3.0,2.8333333333333335,-0.16666666666666652,0.16666666666666652,3,3
Islamabad,2026-08-08 20:00:00+00:00,4.0,3.986666666666667,-0.013333333333333197,0.013333333333333197,4,4
Karachi,2026-08-08 20:00:00+00:00,3.0,3.0,0.0,0.0,3,3
Lahore,2026-08-08 20:00:00+00:00,3.0,2.8433333333333333,-0.15666666666666673,0.15666666666666673,3,3
Islamabad,2026-08-08 21:00:00+00:00,4.0,3.986666666666667,-0.013333333333333197,0.013333333333333197,4,4
Karachi,2026-08-08 21:00:00+00:00,3.0,3.0,0.0,0.0,3,3
Lahore,2026-08-08 21:00:00+00:00,3.0,2.8133333333333335,-0.18666666666666654,0.18666666666666654,3,3
Islamabad,2026-08-08 22:00:00+00:00,4.0,3.986666666666667,-0.013333333333333197,0.013333333333333197,4,4
Karachi,2026-08-08 22:00:00+00:00,3.0,3.0,0.0,0.0,3,3
Lahore,2026-08-08 22:00:00+00:00,3.0,2.83,-0.16999999999999993,0.16999999999999993,3,3
Islamabad,2026-08-08 23:00:00+00:00,4.0,3.986666666666667,-0.013333333333333197,0.013333333333333197,4,4
Karachi,2026-08-08 23:00:00+00:00,3.0,3.0,0.0,0.0,3,3
Lahore,2026-08-08 23:00:00+00:00,3.0,2.85,-0.1499999999999999,0.1499999999999999,3,3
Islamabad,2026-08-09 00:00:00+00:00,4.0,3.933333333333333,-0.06666666666666687,0.06666666666666687,4,4
Karachi,2026-08-09 00:00:00+00:00,3.0,3.0,0.0,0.0,3,3
Lahore,2026-08-09 00:00:00+00:00,3.0,2.8133333333333335,-0.18666666666666654,0.18666666666666654,3,3
Islamabad,2026-08-09 01:00:00+00:00,4.0,3.89,-0.10999999999999988,0.10999999999999988,4,4
Karachi,2026-08-09 01:00:00+00:00,3.0,3.0,0.0,0.0,3,3
Lahore,2026-08-09 01:00:00+00:00,3.0,2.8566666666666665,-0.14333333333333353,0.14333333333333353,3,3
Islamabad,2026-08-09 02:00:00+00:00,4.0,3.5433333333333334,-0.45666666666666655,0.45666666666666655,4,4
Karachi,2026-08-09 02:00:00+00:00,3.0,3.0,0.0,0.0,3,3
Lahore,2026-08-09 02:00:00+00:00,3.0,2.8233333333333333,-0.17666666666666675,0.17666666666666675,3,3
Islamabad,2026-08-09 03:00:00+00:00,3.0,3.46,0.45999999999999996,0.45999999999999996,3,3
Karachi,2026-08-09 03:00:00+00:00,3.0,3.0,0.0,0.0,3,3
Lahore,2026-08-09 03:00:00+00:00,3.0,2.88,-0.1200000000000001,0.1200000000000001,3,3
Islamabad,2026-08-09 04:00:00+00:00,3.0,2.933333333333333,-0.06666666666666687,0.06666666666666687,3,3
Karachi,2026-08-09 04:00:00+00:00,3.0,3.0,0.0,0.0,3,3
Lahore,2026-08-09 04:00:00+00:00,3.0,3.04,0.040000000000000036,0.040000000000000036,3,3
Islamabad,2026-08-09 05:00:00+00:00,3.0,2.8433333333333333,-0.15666666666666673,0.15666666666666673,3,3
Karachi,2026-08-09 05:00:00+00:00,3.0,3.0,0.0,0.0,3,3
Lahore,2026-08-09 05:00:00+00:00,4.0,3.1133333333333333,-0.8866666666666667,0.8866666666666667,3,4
Islamabad,2026-08-09 06:00:00+00:00,3.0,2.86,-0.14000000000000012,0.14000000000000012,3,3
Karachi,2026-08-09 06:00:00+00:00,3.0,3.0,0.0,0.0,3,3
Lahore,2026-08-09 06:00:00+00:00,3.0,3.55,0.5499999999999998,0.5499999999999998,4,3
Islamabad,2026-08-09 07:00:00+00:00,3.0,2.82,-0.18000000000000016,0.18000000000000016,3,3
Karachi,2026-08-09 07:00:00+00:00,3.0,3.0,0.0,0.0,3,3
Lahore,2026-08-09 07:00:00+00:00,3.0,2.9466666666666668,-0.05333333333333323,0.05333333333333323,3,3
Islamabad,2026-08-09 08:00:00+00:00,3.0,2.8733333333333335,-0.12666666666666648,0.12666666666666648,3,3
Karachi,2026-08-09 08:00:00+00:00,3.0,3.0,0.0,0.0,3,3
Lahore,2026-08-09 08:00:00+00:00,3.0,3.013333333333333,0.013333333333333197,0.013333333333333197,3,3
Islamabad,2026-08-09 09:00:00+00:00,3.0,2.9166666666666665,-0.08333333333333348,0.08333333333333348,3,3
Karachi,2026-08-09 09:00:00+00:00,3.0,3.0,0.0,0.0,3,3
Lahore,2026-08-09 09:00:00+00:00,3.0,3.013333333333333,0.013333333333333197,0.013333333333333197,3,3
Islamabad,2026-08-09 10:00:00+00:00,3.0,2.9466666666666668,-0.05333333333333323,0.05333333333333323,3,3
Karachi,2026-08-09 10:00:00+00:00,3.0,3.0,0.0,0.0,3,3
Lahore,2026-08-09 10:00:00+00:00,3.0,3.0,0.0,0.0,3,3
Islamabad,2026-08-09 11:00:00+00:00,3.0,2.95,-0.04999999999999982,0.04999999999999982,3,3
Karachi,2026-08-09 11:00:00+00:00,3.0,3.0,0.0,0.0,3,3
Lahore,2026-08-09 11:00:00+00:00,3.0,2.933333333333333,-0.06666666666666687,0.06666666666666687,3,3
Islamabad,2026-08-09 12:00:00+00:00,2.0,2.6666666666666665,0.6666666666666665,0.6666666666666665,3,2
Karachi,2026-08-09 12:00:00+00:00,3.0,3.0,0.0,0.0,3,3
Lahore,2026-08-09 12:00:00+00:00,3.0,2.9433333333333334,-0.05666666666666664,0.05666666666666664,3,3
Islamabad,2026-08-09 13:00:00+00:00,2.0,2.2133333333333334,0.21333333333333337,0.21333333333333337,2,2
Karachi,2026-08-09 13:00:00+00:00,3.0,3.0,0.0,0.0,3,3
Lahore,2026-08-09 13:00:00+00:00,3.0,2.9566666666666666,-0.043333333333333446,0.043333333333333446,3,3
Islamabad,2026-08-09 14:00:00+00:00,3.0,2.64,-0.3599999999999999,0.3599999999999999,3,3
Karachi,2026-08-09 14:00:00+00:00,3.0,3.0,0.0,0.0,3,3
Lahore,2026-08-09 14:00:00+00:00,3.0,2.9966666666666666,-0.0033333333333334103,0.0033333333333334103,3,3
Islamabad,2026-08-09 15:00:00+00:00,3.0,2.7866666666666666,-0.21333333333333337,0.21333333333333337,3,3
Karachi,2026-08-09 15:00:00+00:00,3.0,3.0,0.0,0.0,3,3
Lahore,2026-08-09 15:00:00+00:00,3.0,3.0033333333333334,0.0033333333333334103,0.0033333333333334103,3,3
Islamabad,2026-08-09 16:00:00+00:00,3.0,2.86,-0.14000000000000012,0.14000000000000012,3,3
Karachi,2026-08-09 16:00:00+00:00,3.0,3.0,0.0,0.0,3,3
Lahore,2026-08-09 16:00:00+00:00,3.0,3.1633333333333336,0.16333333333333355,0.16333333333333355,3,3
Islamabad,2026-08-09 17:00:00+00:00,3.0,2.8666666666666667,-0.1333333333333333,0.1333333333333333,3,3
Karachi,2026-08-09 17:00:00+00:00,3.0,3.0,0.0,0.0,3,3
Lahore,2026-08-09 17:00:00+00:00,4.0,3.75,-0.25,0.25,4,4
Islamabad,2026-08-09 18:00:00+00:00,3.0,2.993333333333333,-0.006666666666666821,0.006666666666666821,3,3
Karachi,2026-08-09 18:00:00+00:00,3.0,3.0,0.0,0.0,3,3
Lahore,2026-08-09 18:00:00+00:00,4.0,3.93,-0.06999999999999984,0.06999999999999984,4,4
Islamabad,2026-08-09 19:00:00+00:00,3.0,2.986666666666667,-0.013333333333333197,0.013333333333333197,3,3
Karachi,2026-08-09 19:00:00+00:00,3.0,3.0,0.0,0.0,3,3
Lahore,2026-08-09 19:00:00+00:00,4.0,3.9466666666666668,-0.05333333333333323,0.05333333333333323,4,4
Islamabad,2026-08-09 20:00:00+00:00,3.0,2.9833333333333334,-0.016666666666666607,0.016666666666666607,3,3
Karachi,2026-08-09 20:00:00+00:00,3.0,3.0,0.0,0.0,3,3
Lahore,2026-08-09 20:00:00+00:00,4.0,3.9566666666666666,-0.043333333333333446,0.043333333333333446,4,4
Islamabad,2026-08-09 21:00:00+00:00,4.0,3.8666666666666667,-0.1333333333333333,0.1333333333333333,4,4
Karachi,2026-08-09 21:00:00+00:00,3.0,3.0,0.0,0.0,3,3
Lahore,2026-08-09 21:00:00+00:00,4.0,3.9633333333333334,-0.036666666666666625,0.036666666666666625,4,4
Islamabad,2026-08-09 22:00:00+00:00,4.0,4.11,0.11000000000000032,0.11000000000000032,4,4
Karachi,2026-08-09 22:00:00+00:00,3.0,3.0,0.0,0.0,3,3
Lahore,2026-08-09 22:00:00+00:00,4.0,3.953333333333333,-0.046666666666666856,0.046666666666666856,4,4
Islamabad,2026-08-09 23:00:00+00:00,4.0,4.27,0.2699999999999996,0.2699999999999996,4,4
Karachi,2026-08-09 23:00:00+00:00,3.0,3.0,0.0,0.0,3,3
Lahore,2026-08-09 23:00:00+00:00,4.0,3.97,-0.029999999999999805,0.029999999999999805,4,4
Islamabad,2026-08-10 00:00:00+00:00,4.0,4.17,0.16999999999999993,0.16999999999999993,4,4
Karachi,2026-08-10 00:00:00+00:00,3.0,3.0,0.0,0.0,3,3
Lahore,2026-08-10 00:00:00+00:00,4.0,3.93,-0.06999999999999984,0.06999999999999984,4,4
Islamabad,2026-08-10 01:00:00+00:00,4.0,4.113333333333333,0.11333333333333329,0.11333333333333329,4,4
Karachi,2026-08-10 01:00:00+00:00,3.0,3.0,0.0,0.0,3,3
Lahore,2026-08-10 01:00:00+00:00,4.0,3.9766666666666666,-0.023333333333333428,0.023333333333333428,4,4
Islamabad,2026-08-10 02:00:00+00:00,4.0,3.46,-0.54,0.54,3,4
Karachi,2026-08-10 02:00:00+00:00,3.0,3.0,0.0,0.0,3,3
Lahore,2026-08-10 02:00:00+00:00,4.0,4.076666666666667,0.0766666666666671,0.0766666666666671,4,4
Islamabad,2026-08-10 03:00:00+00:00,3.0,3.46,0.45999999999999996,0.45999999999999996,3,3
Karachi,2026-08-10 03:00:00+00:00,3.0,3.0,0.0,0.0,3,3
Lahore,2026-08-10 03:00:00+00:00,3.0,3.53,0.5299999999999998,0.5299999999999998,4,3
Islamabad,2026-08-10 04:00:00+00:00,3.0,3.02,0.020000000000000018,0.020000000000000018,3,3
Karachi,2026-08-10 04:00:00+00:00,3.0,3.0,0.0,0.0,3,3
Lahore,2026-08-10 04:00:00+00:00,3.0,3.19,0.18999999999999995,0.18999999999999995,3,3
Islamabad,2026-08-10 05:00:00+00:00,4.0,3.7733333333333334,-0.22666666666666657,0.22666666666666657,4,4
Karachi,2026-08-10 05:00:00+00:00,3.0,3.0,0.0,0.0,3,3
Lahore,2026-08-10 05:00:00+00:00,3.0,3.1066666666666665,0.10666666666666647,0.10666666666666647,3,3
Islamabad,2026-08-10 06:00:00+00:00,4.0,3.8033333333333332,-0.19666666666666677,0.19666666666666677,4,4
Karachi,2026-08-10 06:00:00+00:00,3.0,3.0,0.0,0.0,3,3
Lahore,2026-08-10 06:00:00+00:00,3.0,3.03,0.029999999999999805,0.029999999999999805,3,3
Islamabad,2026-08-10 07:00:00+00:00,4.0,3.8233333333333333,-0.17666666666666675,0.17666666666666675,4,4
Karachi,2026-08-10 07:00:00+00:00,3.0,3.0,0.0,0.0,3,3
Lahore,2026-08-10 07:00:00+00:00,3.0,3.026666666666667,0.02666666666666684,0.02666666666666684,3,3
Islamabad,2026-08-10 08:00:00+00:00,4.0,3.9266666666666667,-0.07333333333333325,0.07333333333333325,4,4
Karachi,2026-08-10 08:00:00+00:00,3.0,2.95,-0.04999999999999982,0.04999999999999982,3,3
Lahore,2026-08-10 08:00:00+00:00,3.0,3.0233333333333334,0.023333333333333428,0.023333333333333428,3,3
Islamabad,2026-08-10 09:00:00+00:00,4.0,3.94,-0.06000000000000005,0.06000000000000005,4,4
Karachi,2026-08-10 09:00:00+00:00,3.0,2.71,-0.29000000000000004,0.29000000000000004,3,3
Lahore,2026-08-10 09:00:00+00:00,3.0,3.006666666666667,0.006666666666666821,0.006666666666666821,3,3
Islamabad,2026-08-10 10:00:00+00:00,4.0,3.94,-0.06000000000000005,0.06000000000000005,4,4
Karachi,2026-08-10 10:00:00+00:00,3.0,2.7066666666666666,-0.29333333333333345,0.29333333333333345,3,3
Lahore,2026-08-10 10:00:00+00:00,3.0,3.0033333333333334,0.0033333333333334103,0.0033333333333334103,3,3
Islamabad,2026-08-10 11:00:00+00:00,4.0,3.9433333333333334,-0.05666666666666664,0.05666666666666664,4,4
Karachi,2026-08-10 11:00:00+00:00,3.0,2.73,-0.27,0.27,3,3
Lahore,2026-08-10 11:00:00+00:00,3.0,3.006666666666667,0.006666666666666821,0.006666666666666821,3,3
Islamabad,2026-08-10 12:00:00+00:00,4.0,3.91,-0.08999999999999986,0.08999999999999986,4,4
Karachi,2026-08-10 12:00:00+00:00,3.0,2.8433333333333333,-0.15666666666666673,0.15666666666666673,3,3
Lahore,2026-08-10 12:00:00+00:00,4.0,3.763333333333333,-0.2366666666666668,0.2366666666666668,4,4
Islamabad,2026-08-10 13:00:00+00:00,4.0,3.8533333333333335,-0.1466666666666665,0.1466666666666665,4,4
Karachi,2026-08-10 13:00:00+00:00,3.0,3.0,0.0,0.0,3,3
Lahore,2026-08-10 13:00:00+00:00,4.0,3.89,-0.10999999999999988,0.10999999999999988,4,4
Islamabad,2026-08-10 14:00:00+00:00,4.0,3.9366666666666665,-0.06333333333333346,0.06333333333333346,4,4
Karachi,2026-08-10 14:00:00+00:00,3.0,3.0,0.0,0.0,3,3
Lahore,2026-08-10 14:00:00+00:00,4.0,3.9133333333333336,-0.08666666666666645,0.08666666666666645,4,4
Islamabad,2026-08-10 15:00:00+00:00,4.0,3.96,-0.040000000000000036,0.040000000000000036,4,4
Karachi,2026-08-10 15:00:00+00:00,3.0,3.0,0.0,0.0,3,3
Lahore,2026-08-10 15:00:00+00:00,4.0,3.94,-0.06000000000000005,0.06000000000000005,4,4
Islamabad,2026-08-10 16:00:00+00:00,5.0,4.16,-0.8399999999999999,0.8399999999999999,4,5
Karachi,2026-08-10 16:00:00+00:00,3.0,3.0,0.0,0.0,3,3
Lahore,2026-08-10 16:00:00+00:00,4.0,3.966666666666667,-0.033333333333333215,0.033333333333333215,4,4
Islamabad,2026-08-10 17:00:00+00:00,5.0,4.586666666666667,-0.4133333333333331,0.4133333333333331,5,5
Karachi,2026-08-10 17:00:00+00:00,3.0,3.0,0.0,0.0,3,3
Lahore,2026-08-10 17:00:00+00:00,4.0,3.9633333333333334,-0.036666666666666625,0.036666666666666625,4,4
Islamabad,2026-08-10 18:00:00+00:00,5.0,4.653333333333333,-0.3466666666666667,0.3466666666666667,5,5
Karachi,2026-08-10 18:00:00+00:00,3.0,3.0,0.0,0.0,3,3
Lahore,2026-08-10 18:00:00+00:00,4.0,3.973333333333333,-0.02666666666666684,0.02666666666666684,4,4
Islamabad,2026-08-10 19:00:00+00:00,5.0,4.67,-0.33000000000000007,0.33000000000000007,5,5
Karachi,2026-08-10 19:00:00+00:00,3.0,3.0,0.0,0.0,3,3
Lahore,2026-08-10 19:00:00+00:00,4.0,3.9166666666666665,-0.08333333333333348,0.08333333333333348,4,4
Islamabad,2026-08-10 20:00:00+00:00,5.0,4.8566666666666665,-0.14333333333333353,0.14333333333333353,5,5
Karachi,2026-08-10 20:00:00+00:00,3.0,3.0,0.0,0.0,3,3
Lahore,2026-08-10 20:00:00+00:00,4.0,3.9466666666666668,-0.05333333333333323,0.05333333333333323,4,4
Islamabad,2026-08-10 21:00:00+00:00,5.0,4.86,-0.13999999999999968,0.13999999999999968,5,5
Karachi,2026-08-10 21:00:00+00:00,3.0,3.0,0.0,0.0,3,3
Lahore,2026-08-10 21:00:00+00:00,3.0,3.81,0.81,0.81,4,3
Islamabad,2026-08-10 22:00:00+00:00,5.0,4.866666666666666,-0.13333333333333375,0.13333333333333375,5,5
Karachi,2026-08-10 22:00:00+00:00,3.0,3.0,0.0,0.0,3,3
Lahore,2026-08-10 22:00:00+00:00,3.0,3.22,0.2200000000000002,0.2200000000000002,3,3
Islamabad,2026-08-10 23:00:00+00:00,5.0,4.866666666666666,-0.13333333333333375,0.13333333333333375,5,5
Karachi,2026-08-10 23:00:00+00:00,3.0,3.0,0.0,0.0,3,3
Lahore,2026-08-10 23:00:00+00:00,3.0,3.2666666666666666,0.2666666666666666,0.2666666666666666,3,3
Islamabad,2026-08-11 00:00:00+00:00,5.0,4.8933333333333335,-0.10666666666666647,0.10666666666666647,5,5
Karachi,2026-08-11 00:00:00+00:00,3.0,3.0,0.0,0.0,3,3
Lahore,2026-08-11 00:00:00+00:00,3.0,3.24,0.2400000000000002,0.2400000000000002,3,3
Islamabad,2026-08-11 01:00:00+00:00,5.0,4.903333333333333,-0.09666666666666668,0.09666666666666668,5,5
Karachi,2026-08-11 01:00:00+00:00,3.0,3.0,0.0,0.0,3,3
Lahore,2026-08-11 01:00:00+00:00,3.0,3.3533333333333335,0.3533333333333335,0.3533333333333335,3,3
Islamabad,2026-08-11 02:00:00+00:00,5.0,4.903333333333333,-0.09666666666666668,0.09666666666666668,5,5
Karachi,2026-08-11 02:00:00+00:00,3.0,3.0,0.0,0.0,3,3
Lahore,2026-08-11 02:00:00+00:00,4.0,3.3133333333333335,-0.6866666666666665,0.6866666666666665,3,4
Islamabad,2026-08-11 03:00:00+00:00,5.0,4.91,-0.08999999999999986,0.08999999999999986,5,5
Karachi,2026-08-11 03:00:00+00:00,3.0,3.0,0.0,0.0,3,3
Lahore,2026-08-11 03:00:00+00:00,3.0,3.8033333333333332,0.8033333333333332,0.8033333333333332,4,3
Islamabad,2026-08-11 04:00:00+00:00,5.0,4.84,-0.16000000000000014,0.16000000000000014,5,5
Karachi,2026-08-11 04:00:00+00:00,3.0,3.0,0.0,0.0,3,3
Lahore,2026-08-11 04:00:00+00:00,3.0,3.1433333333333335,0.14333333333333353,0.14333333333333353,3,3
Islamabad,2026-08-11 05:00:00+00:00,4.0,4.343333333333334,0.3433333333333337,0.3433333333333337,4,4
Karachi,2026-08-11 05:00:00+00:00,3.0,3.0,0.0,0.0,3,3
Lahore,2026-08-11 05:00:00+00:00,3.0,3.1333333333333333,0.1333333333333333,0.1333333333333333,3,3
Islamabad,2026-08-11 06:00:00+00:00,4.0,4.343333333333334,0.3433333333333337,0.3433333333333337,4,4
Karachi,2026-08-11 06:00:00+00:00,3.0,3.0,0.0,0.0,3,3
Lahore,2026-08-11 06:00:00+00:00,3.0,3.0633333333333335,0.06333333333333346,0.06333333333333346,3,3
Islamabad,2026-08-11 07:00:00+00:00,4.0,4.256666666666667,0.2566666666666668,0.2566666666666668,4,4
Karachi,2026-08-11 07:00:00+00:00,3.0,3.0,0.0,0.0,3,3
Lahore,2026-08-11 07:00:00+00:00,3.0,3.0633333333333335,0.06333333333333346,0.06333333333333346,3,3
Islamabad,2026-08-11 08:00:00+00:00,4.0,3.973333333333333,-0.02666666666666684,0.02666666666666684,4,4
Karachi,2026-08-11 08:00:00+00:00,3.0,3.0,0.0,0.0,3,3
Lahore,2026-08-11 08:00:00+00:00,3.0,2.953333333333333,-0.046666666666666856,0.046666666666666856,3,3
Islamabad,2026-08-11 09:00:00+00:00,4.0,3.94,-0.06000000000000005,0.06000000000000005,4,4
Karachi,2026-08-11 09:00:00+00:00,3.0,3.0,0.0,0.0,3,3
Lahore,2026-08-11 09:00:00+00:00,3.0,3.033333333333333,0.033333333333333215,0.033333333333333215,3,3
Islamabad,2026-08-11 10:00:00+00:00,4.0,3.933333333333333,-0.06666666666666687,0.06666666666666687,4,4
Karachi,2026-08-11 10:00:00+00:00,3.0,3.0,0.0,0.0,3,3
Lahore,2026-08-11 10:00:00+00:00,3.0,2.9366666666666665,-0.06333333333333346,0.06333333333333346,3,3
Islamabad,2026-08-11 11:00:00+00:00,4.0,3.9366666666666665,-0.06333333333333346,0.06333333333333346,4,4
Karachi,2026-08-11 11:00:00+00:00,3.0,3.0,0.0,0.0,3,3
Lahore,2026-08-11 11:00:00+00:00,3.0,2.8466666666666667,-0.15333333333333332,0.15333333333333332,3,3
Islamabad,2026-08-11 12:00:00+00:00,4.0,3.93,-0.06999999999999984,0.06999999999999984,4,4
Karachi,2026-08-11 12:00:00+00:00,3.0,3.0,0.0,0.0,3,3
Lahore,2026-08-11 12:00:00+00:00,3.0,2.9466666666666668,-0.05333333333333323,0.05333333333333323,3,3
Islamabad,2026-08-11 13:00:00+00:00,4.0,3.8633333333333333,-0.13666666666666671,0.13666666666666671,4,4
Karachi,2026-08-11 13:00:00+00:00,3.0,3.0,0.0,0.0,3,3
Lahore,2026-08-11 13:00:00+00:00,2.0,2.8,0.7999999999999998,0.7999999999999998,3,2
Islamabad,2026-08-11 14:00:00+00:00,4.0,3.8966666666666665,-0.1033333333333335,0.1033333333333335,4,4
Karachi,2026-08-11 14:00:00+00:00,3.0,3.0,0.0,0.0,3,3
Lahore,2026-08-11 14:00:00+00:00,2.0,2.16,0.16000000000000014,0.16000000000000014,2,2
Islamabad,2026-08-11 15:00:00+00:00,4.0,4.026666666666666,0.026666666666666394,0.026666666666666394,4,4
Karachi,2026-08-11 15:00:00+00:00,3.0,3.0,0.0,0.0,3,3
Lahore,2026-08-11 15:00:00+00:00,2.0,2.19,0.18999999999999995,0.18999999999999995,2,2
Islamabad,2026-08-11 16:00:00+00:00,4.0,3.98,-0.020000000000000018,0.020000000000000018,4,4
Karachi,2026-08-11 16:00:00+00:00,3.0,3.0,0.0,0.0,3,3
Lahore,2026-08-11 16:00:00+00:00,2.0,2.3866666666666667,0.3866666666666667,0.3866666666666667,2,2
Islamabad,2026-08-11 17:00:00+00:00,4.0,4.1433333333333335,0.14333333333333353,0.14333333333333353,4,4
Karachi,2026-08-11 17:00:00+00:00,3.0,3.0,0.0,0.0,3,3
Lahore,2026-08-11 17:00:00+00:00,3.0,2.8566666666666665,-0.14333333333333353,0.14333333333333353,3,3
Islamabad,2026-08-11 18:00:00+00:00,4.0,4.113333333333333,0.11333333333333329,0.11333333333333329,4,4
Karachi,2026-08-11 18:00:00+00:00,3.0,3.0,0.0,0.0,3,3
Lahore,2026-08-11 18:00:00+00:00,3.0,2.8933333333333335,-0.10666666666666647,0.10666666666666647,3,3
Islamabad,2026-08-11 19:00:00+00:00,4.0,4.163333333333333,0.1633333333333331,0.1633333333333331,4,4
Karachi,2026-08-11 19:00:00+00:00,3.0,3.0,0.0,0.0,3,3
Lahore,2026-08-11 19:00:00+00:00,3.0,2.9166666666666665,-0.08333333333333348,0.08333333333333348,3,3
Islamabad,2026-08-11 20:00:00+00:00,4.0,4.223333333333334,0.2233333333333336,0.2233333333333336,4,4
Karachi,2026-08-11 20:00:00+00:00,3.0,3.0,0.0,0.0,3,3
Lahore,2026-08-11 20:00:00+00:00,3.0,2.93,-0.06999999999999984,0.06999999999999984,3,3
Islamabad,2026-08-11 21:00:00+00:00,4.0,4.266666666666667,0.2666666666666666,0.2666666666666666,4,4
Karachi,2026-08-11 21:00:00+00:00,3.0,3.0,0.0,0.0,3,3
Lahore,2026-08-11 21:00:00+00:00,3.0,2.9366666666666665,-0.06333333333333346,0.06333333333333346,3,3
Islamabad,2026-08-11 22:00:00+00:00,4.0,4.26,0.2599999999999998,0.2599999999999998,4,4
Karachi,2026-08-11 22:00:00+00:00,3.0,3.0,0.0,0.0,3,3
Lahore,2026-08-11 22:00:00+00:00,3.0,2.966666666666667,-0.033333333333333215,0.033333333333333215,3,3
Islamabad,2026-08-11 23:00:00+00:00,4.0,4.223333333333334,0.2233333333333336,0.2233333333333336,4,4
Karachi,2026-08-11 23:00:00+00:00,3.0,3.0,0.0,0.0,3,3
Lahore,2026-08-11 23:00:00+00:00,3.0,2.966666666666667,-0.033333333333333215,0.033333333333333215,3,3
Islamabad,2026-08-12 00:00:00+00:00,4.0,4.13,0.1299999999999999,0.1299999999999999,4,4
Karachi,2026-08-12 00:00:00+00:00,3.0,3.0,0.0,0.0,3,3
Lahore,2026-08-12 00:00:00+00:00,3.0,2.95,-0.04999999999999982,0.04999999999999982,3,3
Islamabad,2026-08-12 01:00:00+00:00,4.0,4.15,0.15000000000000036,0.15000000000000036,4,4
Karachi,2026-08-12 01:00:00+00:00,3.0,3.0,0.0,0.0,3,3
Lahore,2026-08-12 01:00:00+00:00,3.0,2.9833333333333334,-0.016666666666666607,0.016666666666666607,3,3
Islamabad,2026-08-12 02:00:00+00:00,4.0,4.21,0.20999999999999996,0.20999999999999996,4,4
Karachi,2026-08-12 02:00:00+00:00,3.0,3.0,0.0,0.0,3,3
Lahore,2026-08-12 02:00:00+00:00,3.0,3.0166666666666666,0.016666666666666607,0.016666666666666607,3,3
Islamabad,2026-08-12 03:00:00+00:00,4.0,3.8833333333333333,-0.1166666666666667,0.1166666666666667,4,4
Karachi,2026-08-12 03:00:00+00:00,3.0,3.0,0.0,0.0,3,3
Lahore,2026-08-12 03:00:00+00:00,3.0,3.066666666666667,0.06666666666666687,0.06666666666666687,3,3
Islamabad,2026-08-12 04:00:00+00:00,4.0,3.6366666666666667,-0.3633333333333333,0.3633333333333333,4,4
Karachi,2026-08-12 04:00:00+00:00,3.0,3.0,0.0,0.0,3,3
Lahore,2026-08-12 04:00:00+00:00,3.0,3.13,0.1299999999999999,0.1299999999999999,3,3
Islamabad,2026-08-12 05:00:00+00:00,4.0,3.81,-0.18999999999999995,0.18999999999999995,4,4
Karachi,2026-08-12 05:00:00+00:00,3.0,3.0,0.0,0.0,3,3
Lahore,2026-08-12 05:00:00+00:00,3.0,3.1133333333333333,0.11333333333333329,0.11333333333333329,3,3
Islamabad,2026-08-12 06:00:00+00:00,4.0,4.0633333333333335,0.06333333333333346,0.06333333333333346,4,4
Karachi,2026-08-12 06:00:00+00:00,3.0,3.0,0.0,0.0,3,3
Lahore,2026-08-12 06:00:00+00:00,3.0,3.09,0.08999999999999986,0.08999999999999986,3,3
Islamabad,2026-08-12 07:00:00+00:00,4.0,3.8633333333333333,-0.13666666666666671,0.13666666666666671,4,4
Karachi,2026-08-12 07:00:00+00:00,3.0,3.0,0.0,0.0,3,3
Lahore,2026-08-12 07:00:00+00:00,3.0,2.91,-0.08999999999999986,0.08999999999999986,3,3
Islamabad,2026-08-12 08:00:00+00:00,4.0,3.8933333333333335,-0.10666666666666647,0.10666666666666647,4,4
Karachi,2026-08-12 08:00:00+00:00,3.0,3.0,0.0,0.0,3,3
Lahore,2026-08-12 08:00:00+00:00,3.0,2.6233333333333335,-0.3766666666666665,0.3766666666666665,3,3
Islamabad,2026-08-12 09:00:00+00:00,4.0,3.816666666666667,-0.18333333333333313,0.18333333333333313,4,4
Karachi,2026-08-12 09:00:00+00:00,3.0,3.0,0.0,0.0,3,3
Lahore,2026-08-12 09:00:00+00:00,3.0,2.756666666666667,-0.24333333333333318,0.24333333333333318,3,3
Islamabad,2026-08-12 10:00:00+00:00,4.0,3.9,-0.10000000000000009,0.10000000000000009,4,4
Karachi,2026-08-12 10:00:00+00:00,3.0,3.0,0.0,0.0,3,3
Lahore,2026-08-12 10:00:00+00:00,2.0,2.7,0.7000000000000002,0.7000000000000002,3,2
Islamabad,2026-08-12 11:00:00+00:00,4.0,3.8466666666666667,-0.15333333333333332,0.15333333333333332,4,4
Karachi,2026-08-12 11:00:00+00:00,3.0,3.0,0.0,0.0,3,3
Lahore,2026-08-12 11:00:00+00:00,3.0,2.3966666666666665,-0.6033333333333335,0.6033333333333335,2,3
Islamabad,2026-08-12 12:00:00+00:00,3.0,3.433333333333333,0.4333333333333331,0.4333333333333331,3,3
Karachi,2026-08-12 12:00:00+00:00,3.0,3.0,0.0,0.0,3,3
Lahore,2026-08-12 12:00:00+00:00,3.0,2.78,-0.2200000000000002,0.2200000000000002,3,3
Islamabad,2026-08-12 13:00:00+00:00,4.0,3.3333333333333335,-0.6666666666666665,0.6666666666666665,3,4
Karachi,2026-08-12 13:00:00+00:00,3.0,3.0,0.0,0.0,3,3
Lahore,2026-08-12 13:00:00+00:00,3.0,2.93,-0.06999999999999984,0.06999999999999984,3,3
Islamabad,2026-08-12 14:00:00+00:00,4.0,3.97,-0.029999999999999805,0.029999999999999805,4,4
Karachi,2026-08-12 14:00:00+00:00,3.0,3.0,0.0,0.0,3,3
Lahore,2026-08-12 14:00:00+00:00,3.0,3.0166666666666666,0.016666666666666607,0.016666666666666607,3,3
Islamabad,2026-08-12 15:00:00+00:00,4.0,4.263333333333334,0.26333333333333364,0.26333333333333364,4,4
Karachi,2026-08-12 15:00:00+00:00,3.0,3.0,0.0,0.0,3,3
Lahore,2026-08-12 15:00:00+00:00,3.0,3.03,0.029999999999999805,0.029999999999999805,3,3
Islamabad,2026-08-12 16:00:00+00:00,4.0,4.31,0.3099999999999996,0.3099999999999996,4,4
Karachi,2026-08-12 16:00:00+00:00,3.0,3.0,0.0,0.0,3,3
Lahore,2026-08-12 16:00:00+00:00,3.0,3.0,0.0,0.0,3,3
Islamabad,2026-08-12 17:00:00+00:00,4.0,4.316666666666666,0.31666666666666643,0.31666666666666643,4,4
Karachi,2026-08-12 17:00:00+00:00,3.0,3.0,0.0,0.0,3,3
Lahore,2026-08-12 17:00:00+00:00,4.0,3.9433333333333334,-0.05666666666666664,0.05666666666666664,4,4
Islamabad,2026-08-12 18:00:00+00:00,4.0,4.316666666666666,0.31666666666666643,0.31666666666666643,4,4
Karachi,2026-08-12 18:00:00+00:00,3.0,3.0,0.0,0.0,3,3
Lahore,2026-08-12 18:00:00+00:00,3.0,4.033333333333333,1.0333333333333332,1.0333333333333332,4,3
Islamabad,2026-08-12 19:00:00+00:00,5.0,4.226666666666667,-0.7733333333333334,0.7733333333333334,4,5
Karachi,2026-08-12 19:00:00+00:00,3.0,3.0,0.0,0.0,3,3
Lahore,2026-08-12 19:00:00+00:00,3.0,3.1433333333333335,0.14333333333333353,0.14333333333333353,3,3
Islamabad,2026-08-12 20:00:00+00:00,5.0,4.58,-0.41999999999999993,0.41999999999999993,5,5
Karachi,2026-08-12 20:00:00+00:00,3.0,3.0,0.0,0.0,3,3
Lahore,2026-08-12 20:00:00+00:00,3.0,3.1,0.10000000000000009,0.10000000000000009,3,3
Islamabad,2026-08-12 21:00:00+00:00,5.0,4.8966666666666665,-0.1033333333333335,0.1033333333333335,5,5
Karachi,2026-08-12 21:00:00+00:00,3.0,3.0,0.0,0.0,3,3
Lahore,2026-08-12 21:00:00+00:00,3.0,2.8966666666666665,-0.1033333333333335,0.1033333333333335,3,3
Islamabad,2026-08-12 22:00:00+00:00,5.0,4.89,-0.11000000000000032,0.11000000000000032,5,5
Karachi,2026-08-12 22:00:00+00:00,3.0,3.0,0.0,0.0,3,3
Lahore,2026-08-12 22:00:00+00:00,3.0,2.9233333333333333,-0.07666666666666666,0.07666666666666666,3,3
Islamabad,2026-08-12 23:00:00+00:00,5.0,4.883333333333334,-0.11666666666666625,0.11666666666666625,5,5
Karachi,2026-08-12 23:00:00+00:00,3.0,3.0,0.0,0.0,3,3
Lahore,2026-08-12 23:00:00+00:00,3.0,2.9466666666666668,-0.05333333333333323,0.05333333333333323,3,3
Islamabad,2026-08-13 00:00:00+00:00,4.0,4.586666666666667,0.5866666666666669,0.5866666666666669,5,4
Karachi,2026-08-13 00:00:00+00:00,3.0,3.0,0.0,0.0,3,3
Lahore,2026-08-13 00:00:00+00:00,3.0,2.91,-0.08999999999999986,0.08999999999999986,3,3
Islamabad,2026-08-13 01:00:00+00:00,4.0,4.426666666666667,0.42666666666666675,0.42666666666666675,4,4
Karachi,2026-08-13 01:00:00+00:00,3.0,3.0,0.0,0.0,3,3
Lahore,2026-08-13 01:00:00+00:00,3.0,2.9033333333333333,-0.09666666666666668,0.09666666666666668,3,3
Islamabad,2026-08-13 02:00:00+00:00,4.0,3.9566666666666666,-0.043333333333333446,0.043333333333333446,4,4
Karachi,2026-08-13 02:00:00+00:00,3.0,3.0,0.0,0.0,3,3
Lahore,2026-08-13 02:00:00+00:00,3.0,2.8733333333333335,-0.12666666666666648,0.12666666666666648,3,3
Islamabad,2026-08-13 03:00:00+00:00,4.0,3.816666666666667,-0.18333333333333313,0.18333333333333313,4,4
Karachi,2026-08-13 03:00:00+00:00,3.0,3.0,0.0,0.0,3,3
Lahore,2026-08-13 03:00:00+00:00,2.0,2.83,0.8300000000000001,0.8300000000000001,3,2
Islamabad,2026-08-13 04:00:00+00:00,3.0,3.6866666666666665,0.6866666666666665,0.6866666666666665,4,3
Karachi,2026-08-13 04:00:00+00:00,3.0,3.0,0.0,0.0,3,3
Lahore,2026-08-13 04:00:00+00:00,3.0,2.296666666666667,-0.7033333333333331,0.7033333333333331,2,3
Islamabad,2026-08-13 05:00:00+00:00,3.0,3.026666666666667,0.02666666666666684,0.02666666666666684,3,3
Karachi,2026-08-13 05:00:00+00:00,3.0,3.0,0.0,0.0,3,3
Lahore,2026-08-13 05:00:00+00:00,3.0,2.94,-0.06000000000000005,0.06000000000000005,3,3
Islamabad,2026-08-13 06:00:00+00:00,3.0,3.0233333333333334,0.023333333333333428,0.023333333333333428,3,3
Karachi,2026-08-13 06:00:00+00:00,3.0,3.0,0.0,0.0,3,3
Lahore,2026-08-13 06:00:00+00:00,3.0,2.9366666666666665,-0.06333333333333346,0.06333333333333346,3,3
Islamabad,2026-08-13 07:00:00+00:00,3.0,2.98,-0.020000000000000018,0.020000000000000018,3,3
Karachi,2026-08-13 07:00:00+00:00,3.0,3.0,0.0,0.0,3,3
Lahore,2026-08-13 07:00:00+00:00,3.0,3.006666666666667,0.006666666666666821,0.006666666666666821,3,3
Islamabad,2026-08-13 08:00:00+00:00,3.0,2.9966666666666666,-0.0033333333333334103,0.0033333333333334103,3,3
Karachi,2026-08-13 08:00:00+00:00,3.0,3.0,0.0,0.0,3,3
Lahore,2026-08-13 08:00:00+00:00,3.0,3.01,0.009999999999999787,0.009999999999999787,3,3
Islamabad,2026-08-13 09:00:00+00:00,3.0,3.0,0.0,0.0,3,3
Karachi,2026-08-13 09:00:00+00:00,3.0,3.0,0.0,0.0,3,3
Lahore,2026-08-13 09:00:00+00:00,3.0,3.01,0.009999999999999787,0.009999999999999787,3,3
Islamabad,2026-08-13 10:00:00+00:00,3.0,3.006666666666667,0.006666666666666821,0.006666666666666821,3,3
Karachi,2026-08-13 10:00:00+00:00,3.0,3.0,0.0,0.0,3,3
Lahore,2026-08-13 10:00:00+00:00,3.0,2.83,-0.16999999999999993,0.16999999999999993,3,3
Islamabad,2026-08-13 11:00:00+00:00,3.0,3.0033333333333334,0.0033333333333334103,0.0033333333333334103,3,3
Karachi,2026-08-13 11:00:00+00:00,3.0,3.0,0.0,0.0,3,3
Lahore,2026-08-13 11:00:00+00:00,2.0,2.7266666666666666,0.7266666666666666,0.7266666666666666,3,2
Islamabad,2026-08-13 12:00:00+00:00,3.0,3.006666666666667,0.006666666666666821,0.006666666666666821,3,3
Karachi,2026-08-13 12:00:00+00:00,3.0,3.0,0.0,0.0,3,3
Lahore,2026-08-13 12:00:00+00:00,2.0,2.013333333333333,0.013333333333333197,0.013333333333333197,2,2
Islamabad,2026-08-13 13:00:00+00:00,3.0,3.006666666666667,0.006666666666666821,0.006666666666666821,3,3
Karachi,2026-08-13 13:00:00+00:00,3.0,3.0,0.0,0.0,3,3
Lahore,2026-08-13 13:00:00+00:00,2.0,2.01,0.009999999999999787,0.009999999999999787,2,2
Islamabad,2026-08-13 14:00:00+00:00,3.0,3.0,0.0,0.0,3,3
Karachi,2026-08-13 14:00:00+00:00,3.0,2.9966666666666666,-0.0033333333333334103,0.0033333333333334103,3,3
Lahore,2026-08-13 14:00:00+00:00,2.0,2.0366666666666666,0.036666666666666625,0.036666666666666625,2,2
Islamabad,2026-08-13 15:00:00+00:00,4.0,3.183333333333333,-0.8166666666666669,0.8166666666666669,3,4
Karachi,2026-08-13 15:00:00+00:00,3.0,3.0,0.0,0.0,3,3
Lahore,2026-08-13 15:00:00+00:00,2.0,2.5366666666666666,0.5366666666666666,0.5366666666666666,3,2
Islamabad,2026-08-13 16:00:00+00:00,4.0,3.9133333333333336,-0.08666666666666645,0.08666666666666645,4,4
Karachi,2026-08-13 16:00:00+00:00,3.0,3.0,0.0,0.0,3,3
Lahore,2026-08-13 16:00:00+00:00,3.0,2.65,-0.3500000000000001,0.3500000000000001,3,3
Islamabad,2026-08-13 17:00:00+00:00,4.0,4.116666666666666,0.11666666666666625,0.11666666666666625,4,4
Karachi,2026-08-13 17:00:00+00:00,3.0,3.0,0.0,0.0,3,3
Lahore,2026-08-13 17:00:00+00:00,3.0,2.986666666666667,-0.013333333333333197,0.013333333333333197,3,3
Islamabad,2026-08-13 18:00:00+00:00,4.0,4.3,0.2999999999999998,0.2999999999999998,4,4
Karachi,2026-08-13 18:00:00+00:00,3.0,3.0,0.0,0.0,3,3
Lahore,2026-08-13 18:00:00+00:00,3.0,2.993333333333333,-0.006666666666666821,0.006666666666666821,3,3
Islamabad,2026-08-13 19:00:00+00:00,4.0,4.293333333333333,0.293333333333333,0.293333333333333,4,4
Karachi,2026-08-13 19:00:00+00:00,3.0,3.0,0.0,0.0,3,3
Lahore,2026-08-13 19:00:00+00:00,3.0,3.0,0.0,0.0,3,3
Islamabad,2026-08-13 20:00:00+00:00,4.0,3.9966666666666666,-0.0033333333333334103,0.0033333333333334103,4,4
Karachi,2026-08-13 20:00:00+00:00,3.0,3.0,0.0,0.0,3,3
Lahore,2026-08-13 20:00:00+00:00,3.0,2.9966666666666666,-0.0033333333333334103,0.0033333333333334103,3,3
Islamabad,2026-08-13 21:00:00+00:00,4.0,3.993333333333333,-0.006666666666666821,0.006666666666666821,4,4
Karachi,2026-08-13 21:00:00+00:00,3.0,3.0,0.0,0.0,3,3
Lahore,2026-08-13 21:00:00+00:00,3.0,3.0,0.0,0.0,3,3
Islamabad,2026-08-13 22:00:00+00:00,4.0,3.993333333333333,-0.006666666666666821,0.006666666666666821,4,4
Karachi,2026-08-13 22:00:00+00:00,3.0,3.0,0.0,0.0,3,3
Lahore,2026-08-13 22:00:00+00:00,3.0,3.0,0.0,0.0,3,3
Islamabad,2026-08-13 23:00:00+00:00,4.0,3.99,-0.009999999999999787,0.009999999999999787,4,4
Karachi,2026-08-13 23:00:00+00:00,3.0,3.0,0.0,0.0,3,3
Lahore,2026-08-13 23:00:00+00:00,3.0,3.0,0.0,0.0,3,3
Islamabad,2026-08-14 00:00:00+00:00,4.0,3.98,-0.020000000000000018,0.020000000000000018,4,4
Karachi,2026-08-14 00:00:00+00:00,3.0,3.0,0.0,0.0,3,3
Lahore,2026-08-14 00:00:00+00:00,3.0,3.0,0.0,0.0,3,3
Islamabad,2026-08-14 01:00:00+00:00,4.0,4.046666666666667,0.046666666666666856,0.046666666666666856,4,4
Karachi,2026-08-14 01:00:00+00:00,3.0,3.0,0.0,0.0,3,3
Lahore,2026-08-14 01:00:00+00:00,3.0,3.0,0.0,0.0,3,3
Islamabad,2026-08-14 02:00:00+00:00,4.0,3.9466666666666668,-0.05333333333333323,0.05333333333333323,4,4
Karachi,2026-08-14 02:00:00+00:00,3.0,3.0,0.0,0.0,3,3
Lahore,2026-08-14 02:00:00+00:00,3.0,2.9966666666666666,-0.0033333333333334103,0.0033333333333334103,3,3
Islamabad,2026-08-14 03:00:00+00:00,4.0,3.5366666666666666,-0.4633333333333334,0.4633333333333334,4,4
Karachi,2026-08-14 03:00:00+00:00,3.0,3.0,0.0,0.0,3,3
Lahore,2026-08-14 03:00:00+00:00,4.0,3.0833333333333335,-0.9166666666666665,0.9166666666666665,3,4
Islamabad,2026-08-14 04:00:00+00:00,4.0,3.6466666666666665,-0.3533333333333335,0.3533333333333335,4,4
Karachi,2026-08-14 04:00:00+00:00,3.0,3.0,0.0,0.0,3,3
Lahore,2026-08-14 04:00:00+00:00,4.0,3.8533333333333335,-0.1466666666666665,0.1466666666666665,4,4
Islamabad,2026-08-14 05:00:00+00:00,4.0,3.76,-0.2400000000000002,0.2400000000000002,4,4
Karachi,2026-08-14 05:00:00+00:00,3.0,3.0,0.0,0.0,3,3
Lahore,2026-08-14 05:00:00+00:00,4.0,3.9766666666666666,-0.023333333333333428,0.023333333333333428,4,4
Islamabad,2026-08-14 06:00:00+00:00,4.0,4.35,0.34999999999999964,0.34999999999999964,4,4
Karachi,2026-08-14 06:00:00+00:00,3.0,2.9966666666666666,-0.0033333333333334103,0.0033333333333334103,3,3
Lahore,2026-08-14 06:00:00+00:00,3.0,3.97,0.9700000000000002,0.9700000000000002,4,3
Islamabad,2026-08-14 07:00:00+00:00,4.0,3.8533333333333335,-0.1466666666666665,0.1466666666666665,4,4
Karachi,2026-08-14 07:00:00+00:00,3.0,2.9966666666666666,-0.0033333333333334103,0.0033333333333334103,3,3
Lahore,2026-08-14 07:00:00+00:00,3.0,3.006666666666667,0.006666666666666821,0.006666666666666821,3,3
Islamabad,2026-08-14 08:00:00+00:00,4.0,3.6166666666666667,-0.3833333333333333,0.3833333333333333,4,4
Karachi,2026-08-14 08:00:00+00:00,3.0,2.9966666666666666,-0.0033333333333334103,0.0033333333333334103,3,3
Lahore,2026-08-14 08:00:00+00:00,2.0,2.9066666666666667,0.9066666666666667,0.9066666666666667,3,2
Islamabad,2026-08-14 09:00:00+00:00,4.0,3.7466666666666666,-0.2533333333333334,0.2533333333333334,4,4
Karachi,2026-08-14 09:00:00+00:00,3.0,2.9966666666666666,-0.0033333333333334103,0.0033333333333334103,3,3
Lahore,2026-08-14 09:00:00+00:00,2.0,2.1033333333333335,0.1033333333333335,0.1033333333333335,2,2
Islamabad,2026-08-14 10:00:00+00:00,4.0,3.8633333333333333,-0.13666666666666671,0.13666666666666671,4,4
Karachi,2026-08-14 10:00:00+00:00,3.0,3.0,0.0,0.0,3,3
Lahore,2026-08-14 10:00:00+00:00,2.0,2.01,0.009999999999999787,0.009999999999999787,2,2
Islamabad,2026-08-14 11:00:00+00:00,4.0,3.8833333333333333,-0.1166666666666667,0.1166666666666667,4,4
Karachi,2026-08-14 11:00:00+00:00,3.0,3.0,0.0,0.0,3,3
Lahore,2026-08-14 11:00:00+00:00,2.0,2.0933333333333333,0.09333333333333327,0.09333333333333327,2,2
Islamabad,2026-08-14 12:00:00+00:00,4.0,3.8866666666666667,-0.11333333333333329,0.11333333333333329,4,4
Karachi,2026-08-14 12:00:00+00:00,3.0,3.0,0.0,0.0,3,3
Lahore,2026-08-14 12:00:00+00:00,2.0,2.01,0.009999999999999787,0.009999999999999787,2,2
Islamabad,2026-08-14 13:00:00+00:00,4.0,3.91,-0.08999999999999986,0.08999999999999986,4,4
Karachi,2026-08-14 13:00:00+00:00,3.0,3.0,0.0,0.0,3,3
Lahore,2026-08-14 13:00:00+00:00,2.0,2.01,0.009999999999999787,0.009999999999999787,2,2
Islamabad,2026-08-14 14:00:00+00:00,5.0,4.46,-0.54,0.54,4,5
Karachi,2026-08-14 14:00:00+00:00,3.0,3.0,0.0,0.0,3,3
Lahore,2026-08-14 14:00:00+00:00,2.0,2.0033333333333334,0.0033333333333334103,0.0033333333333334103,2,2
Islamabad,2026-08-14 15:00:00+00:00,5.0,4.616666666666666,-0.38333333333333375,0.38333333333333375,5,5
Karachi,2026-08-14 15:00:00+00:00,3.0,3.0,0.0,0.0,3,3
Lahore,2026-08-14 15:00:00+00:00,2.0,2.0366666666666666,0.036666666666666625,0.036666666666666625,2,2
Islamabad,2026-08-14 16:00:00+00:00,5.0,4.713333333333333,-0.28666666666666707,0.28666666666666707,5,5
Karachi,2026-08-14 16:00:00+00:00,3.0,3.0,0.0,0.0,3,3
Lahore,2026-08-14 16:00:00+00:00,2.0,2.0033333333333334,0.0033333333333334103,0.0033333333333334103,2,2
Islamabad,2026-08-14 17:00:00+00:00,5.0,4.846666666666667,-0.15333333333333332,0.15333333333333332,5,5
Karachi,2026-08-14 17:00:00+00:00,3.0,3.0,0.0,0.0,3,3
Lahore,2026-08-14 17:00:00+00:00,2.0,2.0366666666666666,0.036666666666666625,0.036666666666666625,2,2
Islamabad,2026-08-14 18:00:00+00:00,5.0,4.86,-0.13999999999999968,0.13999999999999968,5,5
Karachi,2026-08-14 18:00:00+00:00,3.0,3.0,0.0,0.0,3,3
Lahore,2026-08-14 18:00:00+00:00,2.0,2.1533333333333333,0.15333333333333332,0.15333333333333332,2,2
Islamabad,2026-08-14 19:00:00+00:00,5.0,4.886666666666667,-0.11333333333333329,0.11333333333333329,5,5
Karachi,2026-08-14 19:00:00+00:00,3.0,2.9966666666666666,-0.0033333333333334103,0.0033333333333334103,3,3
Lahore,2026-08-14 19:00:00+00:00,2.0,2.013333333333333,0.013333333333333197,0.013333333333333197,2,2
Islamabad,2026-08-14 20:00:00+00:00,5.0,4.9,-0.09999999999999964,0.09999999999999964,5,5
Karachi,2026-08-14 20:00:00+00:00,3.0,3.0,0.0,0.0,3,3
Lahore,2026-08-14 20:00:00+00:00,2.0,2.433333333333333,0.4333333333333331,0.4333333333333331,2,2
Islamabad,2026-08-14 21:00:00+00:00,5.0,4.8966666666666665,-0.1033333333333335,0.1033333333333335,5,5
Karachi,2026-08-14 21:00:00+00:00,3.0,3.0,0.0,0.0,3,3
Lahore,2026-08-14 21:00:00+00:00,3.0,2.8,-0.20000000000000018,0.20000000000000018,3,3
Islamabad,2026-08-14 22:00:00+00:00,5.0,4.92,-0.08000000000000007,0.08000000000000007,5,5
Karachi,2026-08-14 22:00:00+00:00,3.0,3.0,0.0,0.0,3,3
Lahore,2026-08-14 22:00:00+00:00,3.0,2.933333333333333,-0.06666666666666687,0.06666666666666687,3,3
Islamabad,2026-08-14 23:00:00+00:00,5.0,4.92,-0.08000000000000007,0.08000000000000007,5,5
Karachi,2026-08-14 23:00:00+00:00,3.0,3.0,0.0,0.0,3,3
Lahore,2026-08-14 23:00:00+00:00,3.0,2.84,-0.16000000000000014,0.16000000000000014,3,3
Islamabad,2026-08-15 00:00:00+00:00,5.0,4.846666666666667,-0.15333333333333332,0.15333333333333332,5,5
Karachi,2026-08-15 00:00:00+00:00,3.0,3.0,0.0,0.0,3,3
Lahore,2026-08-15 00:00:00+00:00,3.0,2.8,-0.20000000000000018,0.20000000000000018,3,3
Islamabad,2026-08-15 01:00:00+00:00,5.0,4.786666666666667,-0.21333333333333293,0.21333333333333293,5,5
Karachi,2026-08-15 01:00:00+00:00,3.0,3.0,0.0,0.0,3,3
Lahore,2026-08-15 01:00:00+00:00,3.0,2.83,-0.16999999999999993,0.16999999999999993,3,3
Islamabad,2026-08-15 02:00:00+00:00,5.0,4.78,-0.21999999999999975,0.21999999999999975,5,5
Karachi,2026-08-15 02:00:00+00:00,3.0,3.0,0.0,0.0,3,3
Lahore,2026-08-15 02:00:00+00:00,3.0,2.9033333333333333,-0.09666666666666668,0.09666666666666668,3,3
Islamabad,2026-08-15 03:00:00+00:00,5.0,4.763333333333334,-0.23666666666666636,0.23666666666666636,5,5
Karachi,2026-08-15 03:00:00+00:00,3.0,3.0,0.0,0.0,3,3
Lahore,2026-08-15 03:00:00+00:00,3.0,3.0166666666666666,0.016666666666666607,0.016666666666666607,3,3
Islamabad,2026-08-15 04:00:00+00:00,4.0,4.333333333333333,0.33333333333333304,0.33333333333333304,4,4
Karachi,2026-08-15 04:00:00+00:00,3.0,3.0,0.0,0.0,3,3
Lahore,2026-08-15 04:00:00+00:00,3.0,3.06,0.06000000000000005,0.06000000000000005,3,3
Islamabad,2026-08-15 05:00:00+00:00,4.0,4.026666666666666,0.026666666666666394,0.026666666666666394,4,4
Karachi,2026-08-15 05:00:00+00:00,3.0,3.0,0.0,0.0,3,3
Lahore,2026-08-15 05:00:00+00:00,4.0,3.026666666666667,-0.9733333333333332,0.9733333333333332,3,4
Islamabad,2026-08-15 06:00:00+00:00,4.0,4.083333333333333,0.08333333333333304,0.08333333333333304,4,4
Karachi,2026-08-15 06:00:00+00:00,3.0,3.0,0.0,0.0,3,3
Lahore,2026-08-15 06:00:00+00:00,3.0,3.5966666666666667,0.5966666666666667,0.5966666666666667,4,3
Islamabad,2026-08-15 07:00:00+00:00,4.0,3.85,-0.1499999999999999,0.1499999999999999,4,4
Karachi,2026-08-15 07:00:00+00:00,3.0,3.0,0.0,0.0,3,3
Lahore,2026-08-15 07:00:00+00:00,3.0,3.17,0.16999999999999993,0.16999999999999993,3,3
