city,latitude,longitude,timestamp,temperature,humidity,pressure,wind_speed
Islamabad,33.7104,73.1338,2026-02-16 00:00:00+00:00,11.6,45,951.3,0.63
Islamabad,33.7104,73.1338,2026-02-16 01:00:00+00:00,11.1,48,951.1,1.01
Islamabad,33.7104,73.1338,2026-02-16 02:00:00+00:00,10.4,53,951.5,0.68
Islamabad,33.7104,73.1338,2026-02-16 03:00:00+00:00,12.8,53,952.5,0.66
Islamabad,33.7104,73.1338,2026-02-16 04:00:00+00:00,16.1,55,953.4,0.59
Islamabad,33.7104,73.1338,2026-02-16 05:00:00+00:00,18.7,43,954.2,0.76
Islamabad,33.7104,73.1338,2026-02-16 06:00:00+00:00,19.8,43,954.5,1.15
Islamabad,33.7104,73.1338,2026-02-16 07:00:00+00:00,21.9,39,954.2,1.09
Islamabad,33.7104,73.1338,2026-02-16 08:00:00+00:00,23.1,35,953.3,1.66
Islamabad,33.7104,73.1338,2026-02-16 09:00:00+00:00,23.5,31,952.4,1.83
Islamabad,33.7104,73.1338,2026-02-16 10:00:00+00:00,23.2,29,951.7,1.97
Islamabad,33.7104,73.1338,2026-02-16 11:00:00+00:00,22.4,31,951.5,1.66
Islamabad,33.7104,73.1338,2026-02-16 12:00:00+00:00,19.8,52,950.9,1.3
Islamabad,33.7104,73.1338,2026-02-16 13:00:00+00:00,16.2,57,950.6,1.39
Islamabad,33.7104,73.1338,2026-02-16 14:00:00+00:00,14.9,63,950.8,1.37
Islamabad,33.7104,73.1338,2026-02-16 15:00:00+00:00,13.1,68,951.3,1.6
Islamabad,33.7104,73.1338,2026-02-16 16:00:00+00:00,12.9,63,951.9,1.77
Islamabad,33.7104,73.1338,2026-02-16 17:00:00+00:00,12.5,61,952.0,1.93
Islamabad,33.7104,73.1338,2026-02-16 18:00:00+00:00,11.7,63,952.1,1.28
Islamabad,33.7104,73.1338,2026-02-16 19:00:00+00:00,12.0,61,952.3,1.59
Islamabad,33.7104,73.1338,2026-02-16 20:00:00+00:00,11.5,60,952.3,1.23
Islamabad,33.7104,73.1338,2026-02-16 21:00:00+00:00,11.2,58,952.1,1.14
Islamabad,33.7104,73.1338,2026-02-16 22:00:00+00:00,11.4,57,952.5,1.32
Islamabad,33.7104,73.1338,2026-02-16 23:00:00+00:00,11.1,59,952.5,1.3
Islamabad,33.7104,73.1338,2026-02-17 00:00:00+00:00,11.8,55,952.1,0.96
Islamabad,33.7104,73.1338,2026-02-17 01:00:00+00:00,11.7,56,952.7,0.97
Islamabad,33.7104,73.1338,2026-02-17 02:00:00+00:00,11.6,57,953.6,1.21
Islamabad,33.7104,73.1338,2026-02-17 03:00:00+00:00,12.9,58,955.3,2.12
Islamabad,33.7104,73.1338,2026-02-17 04:00:00+00:00,15.5,57,956.2,1.66
Islamabad,33.7104,73.1338,2026-02-17 05:00:00+00:00,18.7,50,957.0,0.21
Islamabad,33.7104,73.1338,2026-02-17 06:00:00+00:00,20.1,44,957.7,1.31
Islamabad,33.7104,73.1338,2026-02-17 07:00:00+00:00,21.2,39,957.8,1.17
Islamabad,33.7104,73.1338,2026-02-17 08:00:00+00:00,21.3,42,957.2,1.95
Islamabad,33.7104,73.1338,2026-02-17 09:00:00+00:00,21.4,45,956.6,2.02
Islamabad,33.7104,73.1338,2026-02-17 10:00:00+00:00,21.2,45,956.2,2.16
Islamabad,33.7104,73.1338,2026-02-17 11:00:00+00:00,20.7,46,956.1,1.63
Islamabad,33.7104,73.1338,2026-02-17 12:00:00+00:00,20.1,54,954.9,0.6
Islamabad,33.7104,73.1338,2026-02-17 13:00:00+00:00,16.6,58,953.9,1.22
Islamabad,33.7104,73.1338,2026-02-17 14:00:00+00:00,14.3,68,953.8,1.3
Islamabad,33.7104,73.1338,2026-02-17 15:00:00+00:00,11.9,76,953.8,1.75
Islamabad,33.7104,73.1338,2026-02-17 16:00:00+00:00,10.7,76,953.9,1.77
Islamabad,33.7104,73.1338,2026-02-17 17:00:00+00:00,10.4,71,953.5,1.83
Islamabad,33.7104,73.1338,2026-02-17 18:00:00+00:00,10.4,68,952.9,1.77
Islamabad,33.7104,73.1338,2026-02-17 19:00:00+00:00,10.9,65,952.6,1.96
Islamabad,33.7104,73.1338,2026-02-17 20:00:00+00:00,10.5,65,952.6,1.7
Islamabad,33.7104,73.1338,2026-02-17 21:00:00+00:00,10.2,66,952.3,1.81
Islamabad,33.7104,73.1338,2026-02-17 22:00:00+00:00,10.0,67,952.0,1.54
Islamabad,33.7104,73.1338,2026-02-17 23:00:00+00:00,9.8,68,951.8,1.44
Islamabad,33.7104,73.1338,2026-02-18 00:00:00+00:00,9.9,67,952.5,0.43
Islamabad,33.7104,73.1338,2026-02-18 01:00:00+00:00,9.9,66,952.9,0.81
Islamabad,33.7104,73.1338,2026-02-18 02:00:00+00:00,10.0,65,953.4,0.84
Islamabad,33.7104,73.1338,2026-02-18 03:00:00+00:00,13.0,58,954.7,0.63
Islamabad,33.7104,73.1338,2026-02-18 04:00:00+00:00,16.2,54,955.8,1.05
Islamabad,33.7104,73.1338,2026-02-18 05:00:00+00:00,18.5,47,956.5,0.97
Islamabad,33.7104,73.1338,2026-02-18 06:00:00+00:00,19.8,42,957.5,1.32
Islamabad,33.7104,73.1338,2026-02-18 07:00:00+00:00,21.4,36,957.1,1.6
Islamabad,33.7104,73.1338,2026-02-18 08:00:00+00:00,21.8,36,956.7,2.02
Islamabad,33.7104,73.1338,2026-02-18 09:00:00+00:00,21.8,39,956.0,2.34
Islamabad,33.7104,73.1338,2026-02-18 10:00:00+00:00,20.8,44,955.8,2.7
Islamabad,33.7104,73.1338,2026-02-18 11:00:00+00:00,20.7,45,955.5,1.48
Islamabad,33.7104,73.1338,2026-02-18 12:00:00+00:00,19.4,60,954.9,1.27
Islamabad,33.7104,73.1338,2026-02-18 13:00:00+00:00,17.1,58,954.7,0.86
Islamabad,33.7104,73.1338,2026-02-18 14:00:00+00:00,15.1,64,954.7,1.23
Islamabad,33.7104,73.1338,2026-02-18 15:00:00+00:00,14.1,68,954.9,1.61
Islamabad,33.7104,73.1338,2026-02-18 16:00:00+00:00,13.1,72,955.0,1.66
Islamabad,33.7104,73.1338,2026-02-18 17:00:00+00:00,12.6,72,955.2,1.62
Islamabad,33.7104,73.1338,2026-02-18 18:00:00+00:00,12.8,71,955.2,1.36
Islamabad,33.7104,73.1338,2026-02-18 19:00:00+00:00,12.7,69,955.2,1.58
Islamabad,33.7104,73.1338,2026-02-18 20:00:00+00:00,12.0,69,954.7,1.5
Islamabad,33.7104,73.1338,2026-02-18 21:00:00+00:00,11.4,71,954.7,1.46
Islamabad,33.7104,73.1338,2026-02-18 22:00:00+00:00,11.2,73,954.6,1.69
Islamabad,33.7104,73.1338,2026-02-18 23:00:00+00:00,10.7,74,954.6,1.33
Islamabad,33.7104,73.1338,2026-02-19 00:00:00+00:00,9.7,80,954.5,0.65
Islamabad,33.7104,73.1338,2026-02-19 01:00:00+00:00,10.5,76,955.2,1.02
Islamabad,33.7104,73.1338,2026-02-19 02:00:00+00:00,10.4,77,955.4,0.84
Islamabad,33.7104,73.1338,2026-02-19 03:00:00+00:00,13.2,69,956.9,0.85
Islamabad,33.7104,73.1338,2026-02-19 04:00:00+00:00,16.7,63,958.0,0.18
Islamabad,33.7104,73.1338,2026-02-19 05:00:00+00:00,19.0,52,958.6,0.96
Islamabad,33.7104,73.1338,2026-02-19 06:00:00+00:00,20.5,48,959.0,1.8
Islamabad,33.7104,73.1338,2026-02-19 07:00:00+00:00,22.3,44,958.5,1.84
Islamabad,33.7104,73.1338,2026-02-19 08:00:00+00:00,23.3,41,957.7,2.02
Islamabad,33.7104,73.1338,2026-02-19 09:00:00+00:00,23.8,37,956.9,2.06
Islamabad,33.7104,73.1338,2026-02-19 10:00:00+00:00,23.8,32,956.4,1.79
Islamabad,33.7104,73.1338,2026-02-19 11:00:00+00:00,23.3,32,955.9,1.65
Islamabad,33.7104,73.1338,2026-02-19 12:00:00+00:00,21.2,52,955.9,1.05
Islamabad,33.7104,73.1338,2026-02-19 13:00:00+00:00,18.0,52,955.8,1.08
Islamabad,33.7104,73.1338,2026-02-19 14:00:00+00:00,16.1,61,956.0,1.09
Islamabad,33.7104,73.1338,2026-02-19 15:00:00+00:00,14.2,71,956.2,1.37
Islamabad,33.7104,73.1338,2026-02-19 16:00:00+00:00,12.8,75,956.4,1.81
Islamabad,33.7104,73.1338,2026-02-19 17:00:00+00:00,12.7,72,956.8,1.64
Islamabad,33.7104,73.1338,2026-02-19 18:00:00+00:00,13.0,69,957.3,1.08
Islamabad,33.7104,73.1338,2026-02-19 19:00:00+00:00,13.2,66,957.7,1.26
Islamabad,33.7104,73.1338,2026-02-19 20:00:00+00:00,12.2,68,957.6,1.12
Islamabad,33.7104,73.1338,2026-02-19 21:00:00+00:00,11.9,69,957.3,1.23
Islamabad,33.7104,73.1338,2026-02-19 22:00:00+00:00,11.9,71,957.1,1.21
Islamabad,33.7104,73.1338,2026-02-19 23:00:00+00:00,11.7,73,956.9,1.16
Islamabad,33.7104,73.1338,2026-02-20 00:00:00+00:00,11.4,73,957.2,0.78
Islamabad,33.7104,73.1338,2026-02-20 01:00:00+00:00,11.2,74,957.5,1.07
Islamabad,33.7104,73.1338,2026-02-20 02:00:00+00:00,11.1,74,958.0,1.04
Islamabad,33.7104,73.1338,2026-02-20 03:00:00+00:00,13.4,68,959.2,1.3
Islamabad,33.7104,73.1338,2026-02-20 04:00:00+00:00,16.9,63,960.6,1.15
Islamabad,33.7104,73.1338,2026-02-20 05:00:00+00:00,19.5,52,961.3,1.1
Islamabad,33.7104,73.1338,2026-02-20 06:00:00+00:00,20.8,45,961.7,1.61
Islamabad,33.7104,73.1338,2026-02-20 07:00:00+00:00,22.6,42,961.3,1.75
Islamabad,33.7104,73.1338,2026-02-20 08:00:00+00:00,23.7,39,960.3,2.21
Islamabad,33.7104,73.1338,2026-02-20 09:00:00+00:00,24.1,34,959.3,2.65
Islamabad,33.7104,73.1338,2026-02-20 10:00:00+00:00,23.9,33,958.5,2.8
Islamabad,33.7104,73.1338,2026-02-20 11:00:00+00:00,23.3,34,958.0,2.49
Islamabad,33.7104,73.1338,2026-02-20 12:00:00+00:00,20.5,51,957.3,1.59
Islamabad,33.7104,73.1338,2026-02-20 13:00:00+00:00,17.2,56,956.6,1.3
Islamabad,33.7104,73.1338,2026-02-20 14:00:00+00:00,15.1,67,956.3,1.58
Islamabad,33.7104,73.1338,2026-02-20 15:00:00+00:00,12.6,81,955.8,2.05
Islamabad,33.7104,73.1338,2026-02-20 16:00:00+00:00,11.6,85,955.5,2.22
Islamabad,33.7104,73.1338,2026-02-20 17:00:00+00:00,11.4,81,955.1,2.21
Islamabad,33.7104,73.1338,2026-02-20 18:00:00+00:00,11.1,80,955.0,1.84
Islamabad,33.7104,73.1338,2026-02-20 19:00:00+00:00,12.0,70,954.8,1.79
Islamabad,33.7104,73.1338,2026-02-20 20:00:00+00:00,12.1,66,954.4,1.96
Islamabad,33.7104,73.1338,2026-02-20 21:00:00+00:00,12.0,67,953.6,1.85
Islamabad,33.7104,73.1338,2026-02-20 22:00:00+00:00,11.6,68,952.9,1.65
Islamabad,33.7104,73.1338,2026-02-20 23:00:00+00:00,11.1,69,952.2,1.53
Islamabad,33.7104,73.1338,2026-02-21 00:00:00+00:00,9.5,77,951.7,0.78
Islamabad,33.7104,73.1338,2026-02-21 01:00:00+00:00,9.9,77,951.7,1.05
Islamabad,33.7104,73.1338,2026-02-21 02:00:00+00:00,9.7,79,951.7,0.87
Islamabad,33.7104,73.1338,2026-02-21 03:00:00+00:00,12.3,74,952.7,1.13
Islamabad,33.7104,73.1338,2026-02-21 04:00:00+00:00,16.5,63,953.7,0.1
Islamabad,33.7104,73.1338,2026-02-21 05:00:00+00:00,18.7,55,954.3,1.02
Islamabad,33.7104,73.1338,2026-02-21 06:00:00+00:00,19.7,50,954.7,1.61
Islamabad,33.7104,73.1338,2026-02-21 07:00:00+00:00,21.8,44,954.3,1.36
Islamabad,33.7104,73.1338,2026-02-21 08:00:00+00:00,23.1,40,953.5,1.41
Islamabad,33.7104,73.1338,2026-02-21 09:00:00+00:00,23.8,36,952.5,1.54
Islamabad,33.7104,73.1338,2026-02-21 10:00:00+00:00,24.0,32,951.7,1.3
Islamabad,33.7104,73.1338,2026-02-21 11:00:00+00:00,23.6,29,951.0,1.14
Islamabad,33.7104,73.1338,2026-02-21 12:00:00+00:00,21.4,48,950.4,1.07
Islamabad,33.7104,73.1338,2026-02-21 13:00:00+00:00,17.8,46,949.7,1.22
Islamabad,33.7104,73.1338,2026-02-21 14:00:00+00:00,15.8,56,949.9,1.39
Islamabad,33.7104,73.1338,2026-02-21 15:00:00+00:00,13.0,68,949.5,2.2
Islamabad,33.7104,73.1338,2026-02-21 16:00:00+00:00,12.1,68,949.4,2.06
Islamabad,33.7104,73.1338,2026-02-21 17:00:00+00:00,12.2,65,949.5,1.69
Islamabad,33.7104,73.1338,2026-02-21 18:00:00+00:00,12.2,66,949.6,1.08
Islamabad,33.7104,73.1338,2026-02-21 19:00:00+00:00,12.3,67,949.3,1.37
Islamabad,33.7104,73.1338,2026-02-21 20:00:00+00:00,12.0,69,949.0,1.39
Islamabad,33.7104,73.1338,2026-02-21 21:00:00+00:00,11.8,69,948.7,1.23
Islamabad,33.7104,73.1338,2026-02-21 22:00:00+00:00,11.8,70,948.2,1.34
Islamabad,33.7104,73.1338,2026-02-21 23:00:00+00:00,11.7,72,947.7,1.32
Islamabad,33.7104,73.1338,2026-02-22 00:00:00+00:00,11.5,77,947.8,1.06
Islamabad,33.7104,73.1338,2026-02-22 01:00:00+00:00,11.4,80,947.9,1.12
Islamabad,33.7104,73.1338,2026-02-22 02:00:00+00:00,11.1,82,948.2,0.98
Islamabad,33.7104,73.1338,2026-02-22 03:00:00+00:00,13.4,76,949.1,1.21
Islamabad,33.7104,73.1338,2026-02-22 04:00:00+00:00,17.3,65,950.2,0.2
Islamabad,33.7104,73.1338,2026-02-22 05:00:00+00:00,19.8,55,950.7,1.15
Islamabad,33.7104,73.1338,2026-02-22 06:00:00+00:00,21.1,52,951.0,1.6
Islamabad,33.7104,73.1338,2026-02-22 07:00:00+00:00,22.8,46,950.5,1.92
Islamabad,33.7104,73.1338,2026-02-22 08:00:00+00:00,23.8,41,950.1,2.23
Islamabad,33.7104,73.1338,2026-02-22 09:00:00+00:00,24.3,36,949.2,1.98
Islamabad,33.7104,73.1338,2026-02-22 10:00:00+00:00,24.5,33,948.9,1.71
Islamabad,33.7104,73.1338,2026-02-22 11:00:00+00:00,24.1,32,948.6,1.5
Islamabad,33.7104,73.1338,2026-02-22 12:00:00+00:00,22.4,49,948.5,0.36
Islamabad,33.7104,73.1338,2026-02-22 13:00:00+00:00,19.7,49,948.4,0.2
Islamabad,33.7104,73.1338,2026-02-22 14:00:00+00:00,17.4,52,948.8,0.6
Islamabad,33.7104,73.1338,2026-02-22 15:00:00+00:00,16.2,57,948.9,1.41
Islamabad,33.7104,73.1338,2026-02-22 16:00:00+00:00,15.0,62,949.2,1.53
Islamabad,33.7104,73.1338,2026-02-22 17:00:00+00:00,13.7,68,949.1,1.83
Islamabad,33.7104,73.1338,2026-02-22 18:00:00+00:00,13.4,71,949.2,1.36
Islamabad,33.7104,73.1338,2026-02-22 19:00:00+00:00,12.8,73,949.1,1.52
Islamabad,33.7104,73.1338,2026-02-22 20:00:00+00:00,12.1,73,948.9,1.41
Islamabad,33.7104,73.1338,2026-02-22 21:00:00+00:00,11.9,70,948.4,1.19
Islamabad,33.7104,73.1338,2026-02-22 22:00:00+00:00,12.1,67,948.0,1.28
Islamabad,33.7104,73.1338,2026-02-22 23:00:00+00:00,12.3,65,947.7,1.39
Islamabad,33.7104,73.1338,2026-02-23 00:00:00+00:00,11.3,66,947.4,0.92
Islamabad,33.7104,73.1338,2026-02-23 01:00:00+00:00,11.5,64,947.7,1.23
Islamabad,33.7104,73.1338,2026-02-23 02:00:00+00:00,11.2,67,948.2,1.14
Islamabad,33.7104,73.1338,2026-02-23 03:00:00+00:00,13.9,64,949.3,1.3
Islamabad,33.7104,73.1338,2026-02-23 04:00:00+00:00,17.9,57,950.9,0.36
Islamabad,33.7104,73.1338,2026-02-23 05:00:00+00:00,20.5,50,951.3,0.51
Islamabad,33.7104,73.1338,2026-02-23 06:00:00+00:00,21.8,49,951.8,1.47
Islamabad,33.7104,73.1338,2026-02-23 07:00:00+00:00,23.7,39,951.5,2.02
Islamabad,33.7104,73.1338,2026-02-23 08:00:00+00:00,24.4,34,951.1,2.44
Islamabad,33.7104,73.1338,2026-02-23 09:00:00+00:00,24.6,32,950.5,2.2
Islamabad,33.7104,73.1338,2026-02-23 10:00:00+00:00,24.6,31,950.0,1.81
Islamabad,33.7104,73.1338,2026-02-23 11:00:00+00:00,24.2,32,949.8,1.43
Islamabad,33.7104,73.1338,2026-02-23 12:00:00+00:00,22.3,49,949.5,0.66
Islamabad,33.7104,73.1338,2026-02-23 13:00:00+00:00,19.7,46,949.4,0.34
Islamabad,33.7104,73.1338,2026-02-23 14:00:00+00:00,17.0,56,949.6,0.91
Islamabad,33.7104,73.1338,2026-02-23 15:00:00+00:00,15.5,64,949.7,1.52
Islamabad,33.7104,73.1338,2026-02-23 16:00:00+00:00,13.5,73,950.0,2.14
Islamabad,33.7104,73.1338,2026-02-23 17:00:00+00:00,12.6,75,949.9,2.26
Islamabad,33.7104,73.1338,2026-02-23 18:00:00+00:00,12.2,78,950.1,1.37
Islamabad,33.7104,73.1338,2026-02-23 19:00:00+00:00,12.9,72,950.2,1.72
Islamabad,33.7104,73.1338,2026-02-23 20:00:00+00:00,12.8,71,950.1,1.66
Islamabad,33.7104,73.1338,2026-02-23 21:00:00+00:00,12.3,70,949.8,1.66
Islamabad,33.7104,73.1338,2026-02-23 22:00:00+00:00,11.9,69,949.3,1.57
Islamabad,33.7104,73.1338,2026-02-23 23:00:00+00:00,11.8,66,949.0,1.64
Islamabad,33.7104,73.1338,2026-02-24 00:00:00+00:00,11.1,69,949.0,0.67
Islamabad,33.7104,73.1338,2026-02-24 01:00:00+00:00,11.3,66,949.4,1.07
Islamabad,33.7104,73.1338,2026-02-24 02:00:00+00:00,11.2,66,950.1,0.95
Islamabad,33.7104,73.1338,2026-02-24 03:00:00+00:00,13.9,63,951.6,1.15
Islamabad,33.7104,73.1338,2026-02-24 04:00:00+00:00,17.5,56,952.7,0.51
Islamabad,33.7104,73.1338,2026-02-24 05:00:00+00:00,20.0,46,953.4,0.91
Islamabad,33.7104,73.1338,2026-02-24 06:00:00+00:00,21.6,45,953.8,1.52
Islamabad,33.7104,73.1338,2026-02-24 07:00:00+00:00,23.6,40,953.7,1.59
Islamabad,33.7104,73.1338,2026-02-24 08:00:00+00:00,24.7,33,953.2,1.54
Islamabad,33.7104,73.1338,2026-02-24 09:00:00+00:00,25.2,29,952.3,1.12
Islamabad,33.7104,73.1338,2026-02-24 10:00:00+00:00,25.1,27,951.8,0.89
Islamabad,33.7104,73.1338,2026-02-24 11:00:00+00:00,24.7,28,951.7,0.82
Islamabad,33.7104,73.1338,2026-02-24 12:00:00+00:00,23.2,44,951.4,0.07
Islamabad,33.7104,73.1338,2026-02-24 13:00:00+00:00,19.6,41,951.3,0.47
Islamabad,33.7104,73.1338,2026-02-24 14:00:00+00:00,16.8,52,951.4,1.16
Islamabad,33.7104,73.1338,2026-02-24 15:00:00+00:00,14.9,66,951.5,1.83
Islamabad,33.7104,73.1338,2026-02-24 16:00:00+00:00,13.4,72,951.7,1.87
Islamabad,33.7104,73.1338,2026-02-24 17:00:00+00:00,13.3,71,951.8,2.47
Islamabad,33.7104,73.1338,2026-02-24 18:00:00+00:00,12.3,76,952.2,0.98
Islamabad,33.7104,73.1338,2026-02-24 19:00:00+00:00,13.1,70,952.5,1.24
Islamabad,33.7104,73.1338,2026-02-24 20:00:00+00:00,13.0,66,952.3,1.49
Islamabad,33.7104,73.1338,2026-02-24 21:00:00+00:00,12.9,63,952.1,1.46
Islamabad,33.7104,73.1338,2026-02-24 22:00:00+00:00,12.8,63,951.6,1.41
Islamabad,33.7104,73.1338,2026-02-24 23:00:00+00:00,12.5,65,951.4,1.16
Islamabad,33.7104,73.1338,2026-02-25 00:00:00+00:00,12.6,65,951.2,0.51
Islamabad,33.7104,73.1338,2026-02-25 01:00:00+00:00,12.5,64,951.6,1.02
Islamabad,33.7104,73.1338,2026-02-25 02:00:00+00:00,12.6,64,951.9,1.11
Islamabad,33.7104,73.1338,2026-02-25 03:00:00+00:00,15.0,62,953.2,1.43
Islamabad,33.7104,73.1338,2026-02-25 04:00:00+00:00,18.7,56,954.1,0.57
Islamabad,33.7104,73.1338,2026-02-25 05:00:00+00:00,21.3,45,954.7,0.92
Islamabad,33.7104,73.1338,2026-02-25 06:00:00+00:00,22.5,43,954.7,1.71
Islamabad,33.7104,73.1338,2026-02-25 07:00:00+00:00,24.1,36,954.4,1.9
Islamabad,33.7104,73.1338,2026-02-25 08:00:00+00:00,24.9,31,953.5,1.89
Islamabad,33.7104,73.1338,2026-02-25 09:00:00+00:00,25.2,28,952.7,2.02
Islamabad,33.7104,73.1338,2026-02-25 10:00:00+00:00,25.0,27,952.2,2.3
Islamabad,33.7104,73.1338,2026-02-25 11:00:00+00:00,24.4,30,951.8,2.08
Islamabad,33.7104,73.1338,2026-02-25 12:00:00+00:00,22.7,47,951.2,0.82
Islamabad,33.7104,73.1338,2026-02-25 13:00:00+00:00,20.3,42,951.4,0.34
Islamabad,33.7104,73.1338,2026-02-25 14:00:00+00:00,17.1,55,951.4,0.9
Islamabad,33.7104,73.1338,2026-02-25 15:00:00+00:00,15.3,67,951.7,1.66
Islamabad,33.7104,73.1338,2026-02-25 16:00:00+00:00,13.4,76,951.8,2.38
Islamabad,33.7104,73.1338,2026-02-25 17:00:00+00:00,12.9,76,952.2,2.06
Islamabad,33.7104,73.1338,2026-02-25 18:00:00+00:00,12.4,77,952.1,1.57
Islamabad,33.7104,73.1338,2026-02-25 19:00:00+00:00,12.9,73,952.3,1.77
Islamabad,33.7104,73.1338,2026-02-25 20:00:00+00:00,13.2,69,952.2,1.81
Islamabad,33.7104,73.1338,2026-02-25 21:00:00+00:00,13.3,66,951.7,1.66
Islamabad,33.7104,73.1338,2026-02-25 22:00:00+00:00,12.9,67,951.3,1.57
Islamabad,33.7104,73.1338,2026-02-25 23:00:00+00:00,12.6,68,950.7,1.26
Islamabad,33.7104,73.1338,2026-02-26 00:00:00+00:00,12.2,67,950.6,0.78
Islamabad,33.7104,73.1338,2026-02-26 01:00:00+00:00,12.3,66,950.4,1.53
Islamabad,33.7104,73.1338,2026-02-26 02:00:00+00:00,11.8,68,950.3,1.48
Islamabad,33.7104,73.1338,2026-02-26 03:00:00+00:00,14.3,66,951.4,1.52
Islamabad,33.7104,73.1338,2026-02-26 04:00:00+00:00,19.0,54,952.2,0.94
Islamabad,33.7104,73.1338,2026-02-26 05:00:00+00:00,21.6,44,952.5,1.34
Islamabad,33.7104,73.1338,2026-02-26 06:00:00+00:00,22.9,37,952.5,1.85
Islamabad,33.7104,73.1338,2026-02-26 07:00:00+00:00,24.2,32,952.0,1.86
Islamabad,33.7104,73.1338,2026-02-26 08:00:00+00:00,24.7,31,951.1,1.69
Islamabad,33.7104,73.1338,2026-02-26 09:00:00+00:00,24.9,31,950.2,1.4
Islamabad,33.7104,73.1338,2026-02-26 10:00:00+00:00,24.8,31,949.6,1.27
Islamabad,33.7104,73.1338,2026-02-26 11:00:00+00:00,24.3,32,948.9,0.96
Islamabad,33.7104,73.1338,2026-02-26 12:00:00+00:00,22.6,48,948.4,0.71
Islamabad,33.7104,73.1338,2026-02-26 13:00:00+00:00,20.2,43,948.1,0.47
Islamabad,33.7104,73.1338,2026-02-26 14:00:00+00:00,17.1,54,947.9,1.03
Islamabad,33.7104,73.1338,2026-02-26 15:00:00+00:00,15.6,63,947.9,1.73
Islamabad,33.7104,73.1338,2026-02-26 16:00:00+00:00,13.7,72,947.9,2.12
Islamabad,33.7104,73.1338,2026-02-26 17:00:00+00:00,12.6,75,947.8,1.71
Islamabad,33.7104,73.1338,2026-02-26 18:00:00+00:00,12.1,79,947.8,1.39
Islamabad,33.7104,73.1338,2026-02-26 19:00:00+00:00,12.3,77,947.8,2.1
Islamabad,33.7104,73.1338,2026-02-26 20:00:00+00:00,12.3,76,947.9,1.82
Islamabad,33.7104,73.1338,2026-02-26 21:00:00+00:00,12.3,74,947.5,1.83
Islamabad,33.7104,73.1338,2026-02-26 22:00:00+00:00,12.2,72,947.0,1.47
Islamabad,33.7104,73.1338,2026-02-26 23:00:00+00:00,12.4,67,946.7,1.42
Islamabad,33.7104,73.1338,2026-02-27 00:00:00+00:00,13.6,58,947.5,0.53
Islamabad,33.7104,73.1338,2026-02-27 01:00:00+00:00,13.5,55,947.5,0.97
Islamabad,33.7104,73.1338,2026-02-27 02:00:00+00:00,13.1,58,947.8,0.89
Islamabad,33.7104,73.1338,2026-02-27 03:00:00+00:00,16.0,55,948.7,1.04
Islamabad,33.7104,73.1338,2026-02-27 04:00:00+00:00,19.3,47,949.8,0.45
Islamabad,33.7104,73.1338,2026-02-27 05:00:00+00:00,22.0,40,950.1,0.41
Islamabad,33.7104,73.1338,2026-02-27 06:00:00+00:00,23.4,32,950.3,1.51
Islamabad,33.7104,73.1338,2026-02-27 07:00:00+00:00,24.6,28,950.1,1.08
Islamabad,33.7104,73.1338,2026-02-27 08:00:00+00:00,25.4,27,949.3,1.22
Islamabad,33.7104,73.1338,2026-02-27 09:00:00+00:00,25.0,27,948.6,2.7
Islamabad,33.7104,73.1338,2026-02-27 10:00:00+00:00,24.3,28,948.3,0.85
Islamabad,33.7104,73.1338,2026-02-27 11:00:00+00:00,24.1,30,947.8,1.2
Islamabad,33.7104,73.1338,2026-02-27 12:00:00+00:00,23.5,39,947.0,0.16
Islamabad,33.7104,73.1338,2026-02-27 13:00:00+00:00,20.3,37,946.7,0.4
Islamabad,33.7104,73.1338,2026-02-27 14:00:00+00:00,17.6,48,947.0,1.64
Islamabad,33.7104,73.1338,2026-02-27 15:00:00+00:00,15.3,61,946.9,2.45
Islamabad,33.7104,73.1338,2026-02-27 16:00:00+00:00,13.8,66,947.0,2.18
Islamabad,33.7104,73.1338,2026-02-27 17:00:00+00:00,13.8,65,947.1,2.04
Islamabad,33.7104,73.1338,2026-02-27 18:00:00+00:00,14.3,62,947.3,1.61
Islamabad,33.7104,73.1338,2026-02-27 19:00:00+00:00,15.0,55,947.6,1.6
Islamabad,33.7104,73.1338,2026-02-27 20:00:00+00:00,15.0,50,947.7,1.76
Islamabad,33.7104,73.1338,2026-02-27 21:00:00+00:00,14.3,50,947.6,1.56
Islamabad,33.7104,73.1338,2026-02-27 22:00:00+00:00,13.6,55,947.3,1.35
Islamabad,33.7104,73.1338,2026-02-27 23:00:00+00:00,13.0,58,947.0,1.35
Islamabad,33.7104,73.1338,2026-02-28 00:00:00+00:00,13.8,55,947.0,0.92
Islamabad,33.7104,73.1338,2026-02-28 01:00:00+00:00,13.8,58,947.7,1.24
Islamabad,33.7104,73.1338,2026-02-28 02:00:00+00:00,13.5,61,948.3,1.08
Islamabad,33.7104,73.1338,2026-02-28 03:00:00+00:00,15.7,61,949.6,1.06
Islamabad,33.7104,73.1338,2026-02-28 04:00:00+00:00,19.5,53,950.9,0.52
Islamabad,33.7104,73.1338,2026-02-28 05:00:00+00:00,22.2,41,951.4,1.03
Islamabad,33.7104,73.1338,2026-02-28 06:00:00+00:00,23.4,35,951.6,1.91
Islamabad,33.7104,73.1338,2026-02-28 07:00:00+00:00,24.8,29,951.3,1.43
Islamabad,33.7104,73.1338,2026-02-28 08:00:00+00:00,25.4,27,950.5,1.35
Islamabad,33.7104,73.1338,2026-02-28 09:00:00+00:00,25.6,25,949.4,1.89
Islamabad,33.7104,73.1338,2026-02-28 10:00:00+00:00,25.4,25,949.2,2.67
Islamabad,33.7104,73.1338,2026-02-28 11:00:00+00:00,24.6,27,948.7,2.78
Islamabad,33.7104,73.1338,2026-02-28 12:00:00+00:00,22.2,38,948.4,1.76
Islamabad,33.7104,73.1338,2026-02-28 13:00:00+00:00,18.8,44,948.5,1.35
Islamabad,33.7104,73.1338,2026-02-28 14:00:00+00:00,16.1,56,948.3,1.35
Islamabad,33.7104,73.1338,2026-02-28 15:00:00+00:00,13.6,72,948.1,1.95
Islamabad,33.7104,73.1338,2026-02-28 16:00:00+00:00,12.3,79,948.3,2.27
Islamabad,33.7104,73.1338,2026-02-28 17:00:00+00:00,11.7,79,948.3,2.12
Islamabad,33.7104,73.1338,2026-02-28 18:00:00+00:00,10.7,80,948.0,1.71
Islamabad,33.7104,73.1338,2026-02-28 19:00:00+00:00,11.5,68,948.3,2.4
Islamabad,33.7104,73.1338,2026-02-28 20:00:00+00:00,12.3,56,948.3,2.12
Islamabad,33.7104,73.1338,2026-02-28 21:00:00+00:00,12.3,53,947.8,1.93
Islamabad,33.7104,73.1338,2026-02-28 22:00:00+00:00,12.0,55,947.5,1.9
Islamabad,33.7104,73.1338,2026-02-28 23:00:00+00:00,11.6,58,947.0,1.82
Islamabad,33.7104,73.1338,2026-03-01 00:00:00+00:00,10.7,65,947.0,1.27
Islamabad,33.7104,73.1338,2026-03-01 01:00:00+00:00,11.8,62,947.5,1.65
Islamabad,33.7104,73.1338,2026-03-01 02:00:00+00:00,11.9,63,947.9,1.25
Islamabad,33.7104,73.1338,2026-03-01 03:00:00+00:00,15.2,59,949.3,1.32
Islamabad,33.7104,73.1338,2026-03-01 04:00:00+00:00,19.7,46,950.4,0.81
Islamabad,33.7104,73.1338,2026-03-01 05:00:00+00:00,22.6,37,950.8,1.1
Islamabad,33.7104,73.1338,2026-03-01 06:00:00+00:00,24.8,25,951.1,1.6
Islamabad,33.7104,73.1338,2026-03-01 07:00:00+00:00,26.0,21,951.0,2.67
Islamabad,33.7104,73.1338,2026-03-01 08:00:00+00:00,26.1,21,950.6,3.34
Islamabad,33.7104,73.1338,2026-03-01 09:00:00+00:00,26.0,20,950.0,3.29
Islamabad,33.7104,73.1338,2026-03-01 10:00:00+00:00,25.7,21,949.8,3.17
Islamabad,33.7104,73.1338,2026-03-01 11:00:00+00:00,25.0,24,949.5,2.82
Islamabad,33.7104,73.1338,2026-03-01 12:00:00+00:00,22.5,38,949.2,1.71
Islamabad,33.7104,73.1338,2026-03-01 13:00:00+00:00,19.2,41,949.3,1.21
Islamabad,33.7104,73.1338,2026-03-01 14:00:00+00:00,16.3,51,949.1,1.14
Islamabad,33.7104,73.1338,2026-03-01 15:00:00+00:00,14.1,62,949.2,1.75
Islamabad,33.7104,73.1338,2026-03-01 16:00:00+00:00,12.7,67,949.4,2.21
Islamabad,33.7104,73.1338,2026-03-01 17:00:00+00:00,12.0,64,949.7,2.2
Islamabad,33.7104,73.1338,2026-03-01 18:00:00+00:00,11.2,59,949.7,1.64
Islamabad,33.7104,73.1338,2026-03-01 19:00:00+00:00,11.5,50,949.8,2.1
Islamabad,33.7104,73.1338,2026-03-01 20:00:00+00:00,11.9,46,949.8,1.94
Islamabad,33.7104,73.1338,2026-03-01 21:00:00+00:00,12.2,42,949.3,2.0
Islamabad,33.7104,73.1338,2026-03-01 22:00:00+00:00,12.0,41,949.1,1.84
Islamabad,33.7104,73.1338,2026-03-01 23:00:00+00:00,12.1,40,949.3,1.66
Islamabad,33.7104,73.1338,2026-03-02 00:00:00+00:00,10.0,50,949.0,1.09
Islamabad,33.7104,73.1338,2026-03-02 01:00:00+00:00,11.2,50,949.6,1.72
Islamabad,33.7104,73.1338,2026-03-02 02:00:00+00:00,11.7,52,950.1,1.53
Islamabad,33.7104,73.1338,2026-03-02 03:00:00+00:00,15.1,53,951.6,1.45
Islamabad,33.7104,73.1338,2026-03-02 04:00:00+00:00,20.0,42,953.3,0.62
Islamabad,33.7104,73.1338,2026-03-02 05:00:00+00:00,22.8,37,953.9,0.83
Islamabad,33.7104,73.1338,2026-03-02 06:00:00+00:00,24.9,28,954.3,1.46
Islamabad,33.7104,73.1338,2026-03-02 07:00:00+00:00,26.5,20,954.2,2.79
Islamabad,33.7104,73.1338,2026-03-02 08:00:00+00:00,26.7,20,953.7,3.26
Islamabad,33.7104,73.1338,2026-03-02 09:00:00+00:00,26.7,20,953.0,3.38
Islamabad,33.7104,73.1338,2026-03-02 10:00:00+00:00,26.5,19,952.5,3.29
Islamabad,33.7104,73.1338,2026-03-02 11:00:00+00:00,25.7,21,951.9,2.85
Islamabad,33.7104,73.1338,2026-03-02 12:00:00+00:00,22.6,38,951.6,1.74
Islamabad,33.7104,73.1338,2026-03-02 13:00:00+00:00,19.2,40,951.5,1.38
Islamabad,33.7104,73.1338,2026-03-02 14:00:00+00:00,16.7,51,951.4,1.35
Islamabad,33.7104,73.1338,2026-03-02 15:00:00+00:00,14.1,64,951.1,2.16
Islamabad,33.7104,73.1338,2026-03-02 16:00:00+00:00,13.0,64,951.4,2.27
Islamabad,33.7104,73.1338,2026-03-02 17:00:00+00:00,12.6,56,951.9,1.85
Islamabad,33.7104,73.1338,2026-03-02 18:00:00+00:00,12.2,54,951.7,1.37
Islamabad,33.7104,73.1338,2026-03-02 19:00:00+00:00,13.2,48,951.9,1.55
Islamabad,33.7104,73.1338,2026-03-02 20:00:00+00:00,13.1,48,951.7,1.52
Islamabad,33.7104,73.1338,2026-03-02 21:00:00+00:00,13.1,49,951.5,1.86
Islamabad,33.7104,73.1338,2026-03-02 22:00:00+00:00,13.3,50,951.0,2.15
Islamabad,33.7104,73.1338,2026-03-02 23:00:00+00:00,13.7,50,950.6,2.2
Islamabad,33.7104,73.1338,2026-03-03 00:00:00+00:00,11.3,61,950.1,1.13
Islamabad,33.7104,73.1338,2026-03-03 01:00:00+00:00,12.3,55,950.4,1.49
Islamabad,33.7104,73.1338,2026-03-03 02:00:00+00:00,12.5,54,950.6,1.31
Islamabad,33.7104,73.1338,2026-03-03 03:00:00+00:00,15.8,53,951.9,1.39
Islamabad,33.7104,73.1338,2026-03-03 04:00:00+00:00,21.3,45,953.4,1.19
Islamabad,33.7104,73.1338,2026-03-03 05:00:00+00:00,24.8,30,953.8,1.07
Islamabad,33.7104,73.1338,2026-03-03 06:00:00+00:00,26.6,27,954.0,0.87
Islamabad,33.7104,73.1338,2026-03-03 07:00:00+00:00,28.4,21,954.0,1.64
Islamabad,33.7104,73.1338,2026-03-03 08:00:00+00:00,29.0,18,953.3,2.11
Islamabad,33.7104,73.1338,2026-03-03 09:00:00+00:00,29.1,18,952.5,2.29
Islamabad,33.7104,73.1338,2026-03-03 10:00:00+00:00,28.8,20,952.0,2.68
Islamabad,33.7104,73.1338,2026-03-03 11:00:00+00:00,27.7,24,951.3,2.34
Islamabad,33.7104,73.1338,2026-03-03 12:00:00+00:00,25.1,42,950.5,1.71
Islamabad,33.7104,73.1338,2026-03-03 13:00:00+00:00,21.3,42,950.7,1.35
Islamabad,33.7104,73.1338,2026-03-03 14:00:00+00:00,18.7,51,950.8,1.46
Islamabad,33.7104,73.1338,2026-03-03 15:00:00+00:00,16.7,61,951.1,1.89
Islamabad,33.7104,73.1338,2026-03-03 16:00:00+00:00,15.4,64,951.6,2.18
Islamabad,33.7104,73.1338,2026-03-03 17:00:00+00:00,14.9,59,952.0,2.33
Islamabad,33.7104,73.1338,2026-03-03 18:00:00+00:00,14.2,57,951.7,1.87
Islamabad,33.7104,73.1338,2026-03-03 19:00:00+00:00,14.6,50,952.0,1.89
Islamabad,33.7104,73.1338,2026-03-03 20:00:00+00:00,14.5,49,952.1,1.55
Islamabad,33.7104,73.1338,2026-03-03 21:00:00+00:00,14.7,51,951.6,1.74
Islamabad,33.7104,73.1338,2026-03-03 22:00:00+00:00,14.5,52,951.4,1.25
Islamabad,33.7104,73.1338,2026-03-03 23:00:00+00:00,14.3,52,951.4,1.24
Islamabad,33.7104,73.1338,2026-03-04 00:00:00+00:00,14.6,46,951.2,0.76
Islamabad,33.7104,73.1338,2026-03-04 01:00:00+00:00,14.7,45,952.2,0.61
Islamabad,33.7104,73.1338,2026-03-04 02:00:00+00:00,15.4,46,952.7,0.36
Islamabad,33.7104,73.1338,2026-03-04 03:00:00+00:00,19.2,46,954.2,0.6
Islamabad,33.7104,73.1338,2026-03-04 04:00:00+00:00,22.9,37,955.3,0.4
Islamabad,33.7104,73.1338,2026-03-04 05:00:00+00:00,25.0,33,956.0,0.89
Islamabad,33.7104,73.1338,2026-03-04 06:00:00+00:00,25.8,29,956.0,1.06
Islamabad,33.7104,73.1338,2026-03-04 07:00:00+00:00,27.5,25,956.1,1.14
Islamabad,33.7104,73.1338,2026-03-04 08:00:00+00:00,29.4,21,955.8,1.1
Islamabad,33.7104,73.1338,2026-03-04 09:00:00+00:00,29.9,21,954.6,0.81
Islamabad,33.7104,73.1338,2026-03-04 10:00:00+00:00,30.0,21,953.8,0.64
Islamabad,33.7104,73.1338,2026-03-04 11:00:00+00:00,29.3,27,953.4,0.81
Islamabad,33.7104,73.1338,2026-03-04 12:00:00+00:00,27.4,43,952.6,0.98
Islamabad,33.7104,73.1338,2026-03-04 13:00:00+00:00,24.2,37,952.3,1.09
Islamabad,33.7104,73.1338,2026-03-04 14:00:00+00:00,21.9,45,952.2,0.85
Islamabad,33.7104,73.1338,2026-03-04 15:00:00+00:00,19.8,53,952.3,1.2
Islamabad,33.7104,73.1338,2026-03-04 16:00:00+00:00,18.2,60,952.5,1.57
Islamabad,33.7104,73.1338,2026-03-04 17:00:00+00:00,17.0,61,952.4,1.71
Islamabad,33.7104,73.1338,2026-03-04 18:00:00+00:00,16.3,59,952.0,1.11
Islamabad,33.7104,73.1338,2026-03-04 19:00:00+00:00,16.2,56,952.0,1.14
Islamabad,33.7104,73.1338,2026-03-04 20:00:00+00:00,16.1,55,952.0,1.31
Islamabad,33.7104,73.1338,2026-03-04 21:00:00+00:00,16.4,53,951.8,1.63
Islamabad,33.7104,73.1338,2026-03-04 22:00:00+00:00,16.2,53,951.1,1.87
Islamabad,33.7104,73.1338,2026-03-04 23:00:00+00:00,15.9,55,950.3,1.94
Islamabad,33.7104,73.1338,2026-03-05 00:00:00+00:00,14.7,61,950.3,0.51
Islamabad,33.7104,73.1338,2026-03-05 01:00:00+00:00,15.7,56,950.6,0.55
Islamabad,33.7104,73.1338,2026-03-05 02:00:00+00:00,15.9,58,950.9,0.57
Islamabad,33.7104,73.1338,2026-03-05 03:00:00+00:00,19.7,52,952.1,0.59
Islamabad,33.7104,73.1338,2026-03-05 04:00:00+00:00,24.0,46,952.8,0.49
Islamabad,33.7104,73.1338,2026-03-05 05:00:00+00:00,26.7,38,953.4,0.86
Islamabad,33.7104,73.1338,2026-03-05 06:00:00+00:00,28.4,34,953.9,1.29
Islamabad,33.7104,73.1338,2026-03-05 07:00:00+00:00,30.5,28,953.3,1.3
Islamabad,33.7104,73.1338,2026-03-05 08:00:00+00:00,31.5,25,952.7,1.52
Islamabad,33.7104,73.1338,2026-03-05 09:00:00+00:00,31.7,25,951.4,1.23
Islamabad,33.7104,73.1338,2026-03-05 10:00:00+00:00,31.6,26,950.5,1.21
Islamabad,33.7104,73.1338,2026-03-05 11:00:00+00:00,30.8,32,949.9,1.06
Islamabad,33.7104,73.1338,2026-03-05 12:00:00+00:00,27.6,49,949.1,1.44
Islamabad,33.7104,73.1338,2026-03-05 13:00:00+00:00,24.7,46,948.7,1.05
Islamabad,33.7104,73.1338,2026-03-05 14:00:00+00:00,21.7,55,948.4,1.1
Islamabad,33.7104,73.1338,2026-03-05 15:00:00+00:00,20.0,62,948.7,1.36
Islamabad,33.7104,73.1338,2026-03-05 16:00:00+00:00,18.5,69,949.1,1.73
Islamabad,33.7104,73.1338,2026-03-05 17:00:00+00:00,17.9,70,949.3,1.86
Islamabad,33.7104,73.1338,2026-03-05 18:00:00+00:00,18.1,66,949.2,1.11
Islamabad,33.7104,73.1338,2026-03-05 19:00:00+00:00,18.5,60,949.2,1.18
Islamabad,33.7104,73.1338,2026-03-05 20:00:00+00:00,18.3,57,948.9,0.98
Islamabad,33.7104,73.1338,2026-03-05 21:00:00+00:00,18.1,53,948.8,1.14
Islamabad,33.7104,73.1338,2026-03-05 22:00:00+00:00,18.1,51,948.4,0.97
Islamabad,33.7104,73.1338,2026-03-05 23:00:00+00:00,18.1,48,948.0,1.0
Islamabad,33.7104,73.1338,2026-03-06 00:00:00+00:00,19.3,50,948.3,0.78
Islamabad,33.7104,73.1338,2026-03-06 01:00:00+00:00,19.0,49,948.8,0.63
Islamabad,33.7104,73.1338,2026-03-06 02:00:00+00:00,18.1,54,949.0,0.82
Islamabad,33.7104,73.1338,2026-03-06 03:00:00+00:00,20.8,54,950.1,0.6
Islamabad,33.7104,73.1338,2026-03-06 04:00:00+00:00,24.2,44,951.2,0.18
Islamabad,33.7104,73.1338,2026-03-06 05:00:00+00:00,26.7,35,951.8,0.95
Islamabad,33.7104,73.1338,2026-03-06 06:00:00+00:00,28.4,29,952.0,1.65
Islamabad,33.7104,73.1338,2026-03-06 07:00:00+00:00,29.6,27,951.9,1.61
Islamabad,33.7104,73.1338,2026-03-06 08:00:00+00:00,30.3,28,951.3,2.06
Islamabad,33.7104,73.1338,2026-03-06 09:00:00+00:00,30.7,27,950.2,2.06
Islamabad,33.7104,73.1338,2026-03-06 10:00:00+00:00,31.0,27,949.5,2.25
Islamabad,33.7104,73.1338,2026-03-06 11:00:00+00:00,30.3,31,949.3,1.28
Islamabad,33.7104,73.1338,2026-03-06 12:00:00+00:00,29.0,43,948.7,0.67
Islamabad,33.7104,73.1338,2026-03-06 13:00:00+00:00,26.2,37,948.4,0.32
Islamabad,33.7104,73.1338,2026-03-06 14:00:00+00:00,23.8,41,948.7,0.9
Islamabad,33.7104,73.1338,2026-03-06 15:00:00+00:00,23.0,41,949.3,1.73
Islamabad,33.7104,73.1338,2026-03-06 16:00:00+00:00,23.8,34,950.1,2.65
Islamabad,33.7104,73.1338,2026-03-06 17:00:00+00:00,22.0,37,950.3,2.13
Islamabad,33.7104,73.1338,2026-03-06 18:00:00+00:00,20.5,50,950.7,1.71
Islamabad,33.7104,73.1338,2026-03-06 19:00:00+00:00,20.0,55,950.8,1.4
Islamabad,33.7104,73.1338,2026-03-06 20:00:00+00:00,19.4,60,950.9,1.64
Islamabad,33.7104,73.1338,2026-03-06 21:00:00+00:00,19.0,61,950.6,1.88
Islamabad,33.7104,73.1338,2026-03-06 22:00:00+00:00,19.7,51,950.7,2.52
Islamabad,33.7104,73.1338,2026-03-06 23:00:00+00:00,19.3,50,950.5,2.27
Islamabad,33.7104,73.1338,2026-03-07 00:00:00+00:00,18.7,61,950.2,1.19
Islamabad,33.7104,73.1338,2026-03-07 01:00:00+00:00,18.2,61,950.5,1.66
Islamabad,33.7104,73.1338,2026-03-07 02:00:00+00:00,18.3,59,951.1,1.63
Islamabad,33.7104,73.1338,2026-03-07 03:00:00+00:00,21.2,52,952.2,1.44
Islamabad,33.7104,73.1338,2026-03-07 04:00:00+00:00,23.9,46,953.4,1.19
Islamabad,33.7104,73.1338,2026-03-07 05:00:00+00:00,25.5,44,954.1,1.42
Islamabad,33.7104,73.1338,2026-03-07 06:00:00+00:00,25.7,47,954.8,2.21
Islamabad,33.7104,73.1338,2026-03-07 07:00:00+00:00,26.2,47,954.7,2.15
Islamabad,33.7104,73.1338,2026-03-07 08:00:00+00:00,26.9,42,954.1,2.78
Islamabad,33.7104,73.1338,2026-03-07 09:00:00+00:00,27.4,37,953.3,3.11
Islamabad,33.7104,73.1338,2026-03-07 10:00:00+00:00,26.6,43,952.9,3.09
Islamabad,33.7104,73.1338,2026-03-07 11:00:00+00:00,26.5,45,952.8,2.0
Islamabad,33.7104,73.1338,2026-03-07 12:00:00+00:00,25.8,61,952.6,0.9
Islamabad,33.7104,73.1338,2026-03-07 13:00:00+00:00,23.3,54,952.5,1.41
Islamabad,33.7104,73.1338,2026-03-07 14:00:00+00:00,22.4,53,952.8,1.32
Islamabad,33.7104,73.1338,2026-03-07 15:00:00+00:00,20.8,57,953.1,1.45
Islamabad,33.7104,73.1338,2026-03-07 16:00:00+00:00,19.1,63,953.4,1.8
Islamabad,33.7104,73.1338,2026-03-07 17:00:00+00:00,18.2,65,953.7,1.73
Islamabad,33.7104,73.1338,2026-03-07 18:00:00+00:00,18.3,64,953.5,1.23
Islamabad,33.7104,73.1338,2026-03-07 19:00:00+00:00,17.9,67,953.5,1.78
Islamabad,33.7104,73.1338,2026-03-07 20:00:00+00:00,17.4,69,953.4,1.9
Islamabad,33.7104,73.1338,2026-03-07 21:00:00+00:00,16.8,70,952.9,1.83
Islamabad,33.7104,73.1338,2026-03-07 22:00:00+00:00,16.1,71,952.5,1.49
Islamabad,33.7104,73.1338,2026-03-07 23:00:00+00:00,15.6,69,952.0,1.02
Islamabad,33.7104,73.1338,2026-03-08 00:00:00+00:00,16.6,67,951.8,0.56
Islamabad,33.7104,73.1338,2026-03-08 01:00:00+00:00,16.3,66,952.1,1.11
Islamabad,33.7104,73.1338,2026-03-08 02:00:00+00:00,15.9,67,952.5,0.96
Islamabad,33.7104,73.1338,2026-03-08 03:00:00+00:00,19.2,62,953.8,0.45
Islamabad,33.7104,73.1338,2026-03-08 04:00:00+00:00,24.0,51,955.1,1.15
Islamabad,33.7104,73.1338,2026-03-08 05:00:00+00:00,26.2,43,955.7,1.82
Islamabad,33.7104,73.1338,2026-03-08 06:00:00+00:00,28.0,34,956.0,2.27
Islamabad,33.7104,73.1338,2026-03-08 07:00:00+00:00,30.1,27,955.4,1.45
Islamabad,33.7104,73.1338,2026-03-08 08:00:00+00:00,31.3,20,954.8,1.15
Islamabad,33.7104,73.1338,2026-03-08 09:00:00+00:00,31.2,19,953.7,0.97
Islamabad,33.7104,73.1338,2026-03-08 10:00:00+00:00,31.1,19,952.9,1.32
Islamabad,33.7104,73.1338,2026-03-08 11:00:00+00:00,30.9,22,952.4,0.47
Islamabad,33.7104,73.1338,2026-03-08 12:00:00+00:00,27.6,48,952.0,1.33
Islamabad,33.7104,73.1338,2026-03-08 13:00:00+00:00,24.1,50,951.6,1.7
Islamabad,33.7104,73.1338,2026-03-08 14:00:00+00:00,21.8,60,951.9,1.59
Islamabad,33.7104,73.1338,2026-03-08 15:00:00+00:00,19.9,68,952.4,1.61
Islamabad,33.7104,73.1338,2026-03-08 16:00:00+00:00,17.9,75,952.3,1.92
Islamabad,33.7104,73.1338,2026-03-08 17:00:00+00:00,17.2,76,952.5,1.96
Islamabad,33.7104,73.1338,2026-03-08 18:00:00+00:00,17.3,75,952.5,1.37
Islamabad,33.7104,73.1338,2026-03-08 19:00:00+00:00,17.9,68,952.6,1.55
Islamabad,33.7104,73.1338,2026-03-08 20:00:00+00:00,18.0,59,952.6,1.38
Islamabad,33.7104,73.1338,2026-03-08 21:00:00+00:00,17.9,51,951.9,1.36
Islamabad,33.7104,73.1338,2026-03-08 22:00:00+00:00,17.7,47,951.4,1.2
Islamabad,33.7104,73.1338,2026-03-08 23:00:00+00:00,17.4,45,951.1,0.89
Islamabad,33.7104,73.1338,2026-03-09 00:00:00+00:00,18.0,44,951.2,1.06
Islamabad,33.7104,73.1338,2026-03-09 01:00:00+00:00,18.3,43,951.7,0.62
Islamabad,33.7104,73.1338,2026-03-09 02:00:00+00:00,18.2,48,952.0,0.7
Islamabad,33.7104,73.1338,2026-03-09 03:00:00+00:00,20.8,49,952.8,0.94
Islamabad,33.7104,73.1338,2026-03-09 04:00:00+00:00,23.5,45,953.5,1.29
Islamabad,33.7104,73.1338,2026-03-09 05:00:00+00:00,24.7,42,953.9,0.55
Islamabad,33.7104,73.1338,2026-03-09 06:00:00+00:00,27.2,35,954.2,1.65
Islamabad,33.7104,73.1338,2026-03-09 07:00:00+00:00,29.3,26,954.1,2.0
Islamabad,33.7104,73.1338,2026-03-09 08:00:00+00:00,30.9,22,953.4,1.92
Islamabad,33.7104,73.1338,2026-03-09 09:00:00+00:00,30.5,24,952.7,1.74
Islamabad,33.7104,73.1338,2026-03-09 10:00:00+00:00,29.6,27,952.1,0.67
Islamabad,33.7104,73.1338,2026-03-09 11:00:00+00:00,29.3,30,952.1,0.79
Islamabad,33.7104,73.1338,2026-03-09 12:00:00+00:00,28.1,44,951.6,0.2
Islamabad,33.7104,73.1338,2026-03-09 13:00:00+00:00,25.3,42,951.6,0.39
Islamabad,33.7104,73.1338,2026-03-09 14:00:00+00:00,22.7,49,951.8,1.3
Islamabad,33.7104,73.1338,2026-03-09 15:00:00+00:00,21.8,51,952.9,1.73
Islamabad,33.7104,73.1338,2026-03-09 16:00:00+00:00,21.4,52,954.0,3.29
Islamabad,33.7104,73.1338,2026-03-09 17:00:00+00:00,19.9,54,955.2,5.28
Islamabad,33.7104,73.1338,2026-03-09 18:00:00+00:00,18.0,76,955.5,3.6
Islamabad,33.7104,73.1338,2026-03-09 19:00:00+00:00,18.3,75,955.0,2.65
Islamabad,33.7104,73.1338,2026-03-09 20:00:00+00:00,18.0,75,954.7,2.06
Islamabad,33.7104,73.1338,2026-03-09 21:00:00+00:00,18.6,66,954.2,3.68
Islamabad,33.7104,73.1338,2026-03-09 22:00:00+00:00,19.0,60,953.8,3.57
Islamabad,33.7104,73.1338,2026-03-09 23:00:00+00:00,18.4,62,954.0,1.35
Islamabad,33.7104,73.1338,2026-03-10 00:00:00+00:00,17.8,65,954.1,2.55
Islamabad,33.7104,73.1338,2026-03-10 01:00:00+00:00,17.6,76,955.1,3.11
Islamabad,33.7104,73.1338,2026-03-10 02:00:00+00:00,16.9,82,955.6,3.07
Islamabad,33.7104,73.1338,2026-03-10 03:00:00+00:00,19.3,68,956.5,0.81
Islamabad,33.7104,73.1338,2026-03-10 04:00:00+00:00,19.9,72,957.4,1.59
Islamabad,33.7104,73.1338,2026-03-10 05:00:00+00:00,22.0,58,957.8,0.85
Islamabad,33.7104,73.1338,2026-03-10 06:00:00+00:00,24.2,45,958.5,2.72
Islamabad,33.7104,73.1338,2026-03-10 07:00:00+00:00,26.2,40,957.9,2.96
Islamabad,33.7104,73.1338,2026-03-10 08:00:00+00:00,23.8,52,957.2,1.78
Islamabad,33.7104,73.1338,2026-03-10 09:00:00+00:00,24.9,44,955.8,1.75
Islamabad,33.7104,73.1338,2026-03-10 10:00:00+00:00,23.6,55,955.0,4.0
Islamabad,33.7104,73.1338,2026-03-10 11:00:00+00:00,23.1,47,953.8,4.11
Islamabad,33.7104,73.1338,2026-03-10 12:00:00+00:00,20.5,67,953.3,5.8
Islamabad,33.7104,73.1338,2026-03-10 13:00:00+00:00,19.8,64,954.1,3.57
Islamabad,33.7104,73.1338,2026-03-10 14:00:00+00:00,18.2,77,954.2,5.21
Islamabad,33.7104,73.1338,2026-03-10 15:00:00+00:00,18.2,72,955.5,2.85
Islamabad,33.7104,73.1338,2026-03-10 16:00:00+00:00,17.0,81,955.8,4.55
Islamabad,33.7104,73.1338,2026-03-10 17:00:00+00:00,17.3,71,954.8,2.95
Islamabad,33.7104,73.1338,2026-03-10 18:00:00+00:00,16.7,86,953.9,1.61
Islamabad,33.7104,73.1338,2026-03-10 19:00:00+00:00,16.9,82,954.2,2.7
Islamabad,33.7104,73.1338,2026-03-10 20:00:00+00:00,16.5,81,953.6,1.2
Islamabad,33.7104,73.1338,2026-03-10 21:00:00+00:00,16.3,83,954.0,2.64
Islamabad,33.7104,73.1338,2026-03-10 22:00:00+00:00,15.5,94,955.2,0.96
Islamabad,33.7104,73.1338,2026-03-10 23:00:00+00:00,15.7,87,954.2,3.18
Islamabad,33.7104,73.1338,2026-03-11 00:00:00+00:00,15.6,86,954.2,2.36
Islamabad,33.7104,73.1338,2026-03-11 01:00:00+00:00,17.0,74,953.6,4.77
Islamabad,33.7104,73.1338,2026-03-11 02:00:00+00:00,17.3,70,954.3,1.73
Islamabad,33.7104,73.1338,2026-03-11 03:00:00+00:00,18.7,67,955.4,3.52
Islamabad,33.7104,73.1338,2026-03-11 04:00:00+00:00,20.0,72,956.0,2.62
Islamabad,33.7104,73.1338,2026-03-11 05:00:00+00:00,22.1,55,956.7,1.98
Islamabad,33.7104,73.1338,2026-03-11 06:00:00+00:00,24.2,45,955.8,2.43
Islamabad,33.7104,73.1338,2026-03-11 07:00:00+00:00,23.7,49,956.0,3.18
Islamabad,33.7104,73.1338,2026-03-11 08:00:00+00:00,20.7,67,955.7,1.57
Islamabad,33.7104,73.1338,2026-03-11 09:00:00+00:00,21.7,60,954.4,2.6
Islamabad,33.7104,73.1338,2026-03-11 10:00:00+00:00,23.6,51,953.4,2.41
Islamabad,33.7104,73.1338,2026-03-11 11:00:00+00:00,24.0,48,952.9,1.5
Islamabad,33.7104,73.1338,2026-03-11 12:00:00+00:00,22.5,48,952.7,2.55
Islamabad,33.7104,73.1338,2026-03-11 13:00:00+00:00,20.8,50,952.4,2.46
Islamabad,33.7104,73.1338,2026-03-11 14:00:00+00:00,19.7,52,952.4,2.5
Islamabad,33.7104,73.1338,2026-03-11 15:00:00+00:00,19.0,53,952.5,2.11
Islamabad,33.7104,73.1338,2026-03-11 16:00:00+00:00,18.2,56,952.0,2.45
Islamabad,33.7104,73.1338,2026-03-11 17:00:00+00:00,17.3,60,951.1,2.31
Islamabad,33.7104,73.1338,2026-03-11 18:00:00+00:00,17.2,66,952.0,1.3
Islamabad,33.7104,73.1338,2026-03-11 19:00:00+00:00,17.8,66,951.4,1.25
Islamabad,33.7104,73.1338,2026-03-11 20:00:00+00:00,17.2,68,950.5,1.38
Islamabad,33.7104,73.1338,2026-03-11 21:00:00+00:00,16.8,70,949.9,1.74
Islamabad,33.7104,73.1338,2026-03-11 22:00:00+00:00,16.2,74,949.4,1.1
Islamabad,33.7104,73.1338,2026-03-11 23:00:00+00:00,14.8,85,950.4,1.05
Islamabad,33.7104,73.1338,2026-03-12 00:00:00+00:00,14.9,90,950.2,1.26
Islamabad,33.7104,73.1338,2026-03-12 01:00:00+00:00,14.6,89,949.6,1.98
Islamabad,33.7104,73.1338,2026-03-12 02:00:00+00:00,15.2,85,949.7,1.09
Islamabad,33.7104,73.1338,2026-03-12 03:00:00+00:00,16.9,80,950.4,0.61
Islamabad,33.7104,73.1338,2026-03-12 04:00:00+00:00,18.9,65,951.0,0.83
Islamabad,33.7104,73.1338,2026-03-12 05:00:00+00:00,20.6,58,951.3,1.5
Islamabad,33.7104,73.1338,2026-03-12 06:00:00+00:00,20.2,63,952.7,2.79
Islamabad,33.7104,73.1338,2026-03-12 07:00:00+00:00,21.0,60,952.4,2.31
Islamabad,33.7104,73.1338,2026-03-12 08:00:00+00:00,21.9,57,951.5,1.94
Islamabad,33.7104,73.1338,2026-03-12 09:00:00+00:00,22.2,54,950.6,0.62
Islamabad,33.7104,73.1338,2026-03-12 10:00:00+00:00,22.5,48,950.1,0.43
Islamabad,33.7104,73.1338,2026-03-12 11:00:00+00:00,22.4,44,950.2,0.62
Islamabad,33.7104,73.1338,2026-03-12 12:00:00+00:00,22.1,62,950.0,0.42
Islamabad,33.7104,73.1338,2026-03-12 13:00:00+00:00,19.8,57,949.9,1.47
Islamabad,33.7104,73.1338,2026-03-12 14:00:00+00:00,17.7,61,950.6,2.75
Islamabad,33.7104,73.1338,2026-03-12 15:00:00+00:00,16.2,67,950.6,2.66
Islamabad,33.7104,73.1338,2026-03-12 16:00:00+00:00,15.0,71,950.7,2.6
Islamabad,33.7104,73.1338,2026-03-12 17:00:00+00:00,14.5,70,950.8,2.17
Islamabad,33.7104,73.1338,2026-03-12 18:00:00+00:00,14.6,84,950.9,1.55
Islamabad,33.7104,73.1338,2026-03-12 19:00:00+00:00,15.3,78,951.1,1.38
Islamabad,33.7104,73.1338,2026-03-12 20:00:00+00:00,14.9,75,951.1,1.13
Islamabad,33.7104,73.1338,2026-03-12 21:00:00+00:00,14.6,72,951.1,1.27
Islamabad,33.7104,73.1338,2026-03-12 22:00:00+00:00,14.1,71,950.4,1.27
Islamabad,33.7104,73.1338,2026-03-12 23:00:00+00:00,13.8,71,950.2,1.15
Islamabad,33.7104,73.1338,2026-03-13 00:00:00+00:00,12.8,79,950.0,1.07
Islamabad,33.7104,73.1338,2026-03-13 01:00:00+00:00,12.8,79,950.1,1.37
Islamabad,33.7104,73.1338,2026-03-13 02:00:00+00:00,13.0,79,950.4,1.47
Islamabad,33.7104,73.1338,2026-03-13 03:00:00+00:00,16.3,77,951.9,1.3
Islamabad,33.7104,73.1338,2026-03-13 04:00:00+00:00,20.4,59,953.3,0.39
Islamabad,33.7104,73.1338,2026-03-13 05:00:00+00:00,22.6,48,953.6,0.92
Islamabad,33.7104,73.1338,2026-03-13 06:00:00+00:00,23.7,40,953.6,1.39
Islamabad,33.7104,73.1338,2026-03-13 07:00:00+00:00,24.6,34,953.2,1.5
Islamabad,33.7104,73.1338,2026-03-13 08:00:00+00:00,25.1,30,952.4,1.71
Islamabad,33.7104,73.1338,2026-03-13 09:00:00+00:00,24.9,30,951.5,1.82
Islamabad,33.7104,73.1338,2026-03-13 10:00:00+00:00,24.7,32,950.7,2.02
Islamabad,33.7104,73.1338,2026-03-13 11:00:00+00:00,24.1,36,950.6,2.11
Islamabad,33.7104,73.1338,2026-03-13 12:00:00+00:00,22.3,47,950.2,1.92
Islamabad,33.7104,73.1338,2026-03-13 13:00:00+00:00,19.2,57,950.0,1.73
Islamabad,33.7104,73.1338,2026-03-13 14:00:00+00:00,16.3,70,949.7,1.65
Islamabad,33.7104,73.1338,2026-03-13 15:00:00+00:00,14.4,82,949.7,2.07
Islamabad,33.7104,73.1338,2026-03-13 16:00:00+00:00,13.2,88,949.9,2.05
Islamabad,33.7104,73.1338,2026-03-13 17:00:00+00:00,12.7,89,949.8,2.18
Islamabad,33.7104,73.1338,2026-03-13 18:00:00+00:00,12.3,91,949.5,2.3
Islamabad,33.7104,73.1338,2026-03-13 19:00:00+00:00,13.5,78,949.5,2.32
Islamabad,33.7104,73.1338,2026-03-13 20:00:00+00:00,13.2,75,949.2,1.82
Islamabad,33.7104,73.1338,2026-03-13 21:00:00+00:00,12.6,75,948.8,1.82
Islamabad,33.7104,73.1338,2026-03-13 22:00:00+00:00,12.5,72,948.3,1.98
Islamabad,33.7104,73.1338,2026-03-13 23:00:00+00:00,12.3,73,947.8,1.93
Islamabad,33.7104,73.1338,2026-03-14 00:00:00+00:00,12.0,79,947.7,1.45
Islamabad,33.7104,73.1338,2026-03-14 01:00:00+00:00,13.3,68,948.1,1.65
Islamabad,33.7104,73.1338,2026-03-14 02:00:00+00:00,13.9,64,948.5,1.58
Islamabad,33.7104,73.1338,2026-03-14 03:00:00+00:00,16.7,63,949.5,1.68
Islamabad,33.7104,73.1338,2026-03-14 04:00:00+00:00,20.8,51,950.7,0.78
Islamabad,33.7104,73.1338,2026-03-14 05:00:00+00:00,23.4,40,951.1,0.76
Islamabad,33.7104,73.1338,2026-03-14 06:00:00+00:00,24.9,40,951.2,0.98
Islamabad,33.7104,73.1338,2026-03-14 07:00:00+00:00,26.2,31,950.7,1.66
Islamabad,33.7104,73.1338,2026-03-14 08:00:00+00:00,26.8,25,950.2,1.86
Islamabad,33.7104,73.1338,2026-03-14 09:00:00+00:00,26.8,24,949.1,1.23
Islamabad,33.7104,73.1338,2026-03-14 10:00:00+00:00,26.9,24,948.3,0.85
Islamabad,33.7104,73.1338,2026-03-14 11:00:00+00:00,26.3,28,947.6,1.17
Islamabad,33.7104,73.1338,2026-03-14 12:00:00+00:00,23.7,55,947.1,1.25
Islamabad,33.7104,73.1338,2026-03-14 13:00:00+00:00,20.2,55,946.6,1.3
Islamabad,33.7104,73.1338,2026-03-14 14:00:00+00:00,18.1,58,946.5,1.07
Islamabad,33.7104,73.1338,2026-03-14 15:00:00+00:00,17.9,55,947.2,1.47
Islamabad,33.7104,73.1338,2026-03-14 16:00:00+00:00,17.6,55,947.7,1.63
Islamabad,33.7104,73.1338,2026-03-14 17:00:00+00:00,17.4,54,947.8,1.78
Islamabad,33.7104,73.1338,2026-03-14 18:00:00+00:00,17.2,48,948.0,1.18
Islamabad,33.7104,73.1338,2026-03-14 19:00:00+00:00,17.3,50,948.1,1.15
Islamabad,33.7104,73.1338,2026-03-14 20:00:00+00:00,17.4,43,948.0,1.66
Islamabad,33.7104,73.1338,2026-03-14 21:00:00+00:00,17.0,42,947.5,1.35
Islamabad,33.7104,73.1338,2026-03-14 22:00:00+00:00,17.0,48,947.3,1.49
Islamabad,33.7104,73.1338,2026-03-14 23:00:00+00:00,16.5,59,947.5,0.81
Islamabad,33.7104,73.1338,2026-03-15 00:00:00+00:00,16.9,49,947.1,0.72
Islamabad,33.7104,73.1338,2026-03-15 01:00:00+00:00,15.8,56,947.6,2.02
Islamabad,33.7104,73.1338,2026-03-15 02:00:00+00:00,15.0,71,948.9,1.64
Islamabad,33.7104,73.1338,2026-03-15 03:00:00+00:00,14.6,83,949.4,2.31
Islamabad,33.7104,73.1338,2026-03-15 04:00:00+00:00,14.8,86,949.2,1.97
Islamabad,33.7104,73.1338,2026-03-15 05:00:00+00:00,16.9,75,949.9,0.95
Islamabad,33.7104,73.1338,2026-03-15 06:00:00+00:00,18.7,60,950.4,1.36
Islamabad,33.7104,73.1338,2026-03-15 07:00:00+00:00,17.8,63,950.7,0.78
Islamabad,33.7104,73.1338,2026-03-15 08:00:00+00:00,15.8,78,950.1,3.51
Islamabad,33.7104,73.1338,2026-03-15 09:00:00+00:00,15.4,75,949.0,3.22
Islamabad,33.7104,73.1338,2026-03-15 10:00:00+00:00,14.6,75,949.2,0.36
Islamabad,33.7104,73.1338,2026-03-15 11:00:00+00:00,15.0,71,948.9,0.67
Islamabad,33.7104,73.1338,2026-03-15 12:00:00+00:00,13.9,84,949.4,2.21
Islamabad,33.7104,73.1338,2026-03-15 13:00:00+00:00,12.8,88,949.3,2.59
Islamabad,33.7104,73.1338,2026-03-15 14:00:00+00:00,12.7,86,948.8,3.06
Islamabad,33.7104,73.1338,2026-03-15 15:00:00+00:00,13.2,78,949.2,2.12
Islamabad,33.7104,73.1338,2026-03-15 16:00:00+00:00,13.1,75,950.1,2.15
Islamabad,33.7104,73.1338,2026-03-15 17:00:00+00:00,12.2,78,950.3,1.39
Islamabad,33.7104,73.1338,2026-03-15 18:00:00+00:00,12.5,81,950.1,1.09
Islamabad,33.7104,73.1338,2026-03-15 19:00:00+00:00,11.9,79,949.9,0.32
Islamabad,33.7104,73.1338,2026-03-15 20:00:00+00:00,11.5,82,948.8,1.35
Islamabad,33.7104,73.1338,2026-03-15 21:00:00+00:00,11.2,82,948.3,1.5
Islamabad,33.7104,73.1338,2026-03-15 22:00:00+00:00,10.5,84,948.7,0.89
Islamabad,33.7104,73.1338,2026-03-15 23:00:00+00:00,10.8,93,949.1,0.6
Islamabad,33.7104,73.1338,2026-03-16 00:00:00+00:00,11.0,89,949.2,1.17
Islamabad,33.7104,73.1338,2026-03-16 01:00:00+00:00,9.8,90,949.2,1.25
Islamabad,33.7104,73.1338,2026-03-16 02:00:00+00:00,10.6,87,949.9,0.47
Islamabad,33.7104,73.1338,2026-03-16 03:00:00+00:00,12.3,81,951.2,0.05
Islamabad,33.7104,73.1338,2026-03-16 04:00:00+00:00,13.6,71,951.6,0.85
Islamabad,33.7104,73.1338,2026-03-16 05:00:00+00:00,15.4,64,952.0,1.28
Islamabad,33.7104,73.1338,2026-03-16 06:00:00+00:00,16.0,62,951.6,1.27
Islamabad,33.7104,73.1338,2026-03-16 07:00:00+00:00,17.0,59,951.8,1.7
Islamabad,33.7104,73.1338,2026-03-16 08:00:00+00:00,17.7,53,951.6,2.04
Islamabad,33.7104,73.1338,2026-03-16 09:00:00+00:00,18.3,46,950.8,1.4
Islamabad,33.7104,73.1338,2026-03-16 10:00:00+00:00,18.7,43,950.2,1.01
Islamabad,33.7104,73.1338,2026-03-16 11:00:00+00:00,18.6,43,949.5,0.84
Islamabad,33.7104,73.1338,2026-03-16 12:00:00+00:00,18.1,48,949.5,1.41
Islamabad,33.7104,73.1338,2026-03-16 13:00:00+00:00,15.8,63,949.4,1.45
Islamabad,33.7104,73.1338,2026-03-16 14:00:00+00:00,15.3,61,950.0,0.42
Islamabad,33.7104,73.1338,2026-03-16 15:00:00+00:00,13.2,67,950.3,0.81
Islamabad,33.7104,73.1338,2026-03-16 16:00:00+00:00,12.5,73,950.9,1.35
Islamabad,33.7104,73.1338,2026-03-16 17:00:00+00:00,11.6,79,951.1,1.52
Islamabad,33.7104,73.1338,2026-03-16 18:00:00+00:00,11.6,82,951.3,1.5
Islamabad,33.7104,73.1338,2026-03-16 19:00:00+00:00,11.4,83,951.4,1.52
Islamabad,33.7104,73.1338,2026-03-16 20:00:00+00:00,11.1,83,951.3,1.08
Islamabad,33.7104,73.1338,2026-03-16 21:00:00+00:00,11.0,82,950.9,1.23
Islamabad,33.7104,73.1338,2026-03-16 22:00:00+00:00,10.7,82,950.5,1.22
Islamabad,33.7104,73.1338,2026-03-16 23:00:00+00:00,10.9,80,950.3,1.24
Islamabad,33.7104,73.1338,2026-03-17 00:00:00+00:00,10.8,76,949.8,1.53
Islamabad,33.7104,73.1338,2026-03-17 01:00:00+00:00,11.0,73,949.9,1.87
Islamabad,33.7104,73.1338,2026-03-17 02:00:00+00:00,11.1,75,950.1,1.73
Islamabad,33.7104,73.1338,2026-03-17 03:00:00+00:00,14.1,69,951.4,1.45
Islamabad,33.7104,73.1338,2026-03-17 04:00:00+00:00,16.9,55,952.2,0.43
Islamabad,33.7104,73.1338,2026-03-17 05:00:00+00:00,19.3,43,952.4,0.85
Islamabad,33.7104,73.1338,2026-03-17 06:00:00+00:00,19.3,48,952.6,1.2
Islamabad,33.7104,73.1338,2026-03-17 07:00:00+00:00,21.4,38,952.2,1.64
Islamabad,33.7104,73.1338,2026-03-17 08:00:00+00:00,21.8,35,951.9,1.8
Islamabad,33.7104,73.1338,2026-03-17 09:00:00+00:00,21.5,36,951.0,1.55
Islamabad,33.7104,73.1338,2026-03-17 10:00:00+00:00,21.8,34,950.4,0.96
Islamabad,33.7104,73.1338,2026-03-17 11:00:00+00:00,21.8,33,949.9,0.4
Islamabad,33.7104,73.1338,2026-03-17 12:00:00+00:00,20.2,49,949.8,1.77
Islamabad,33.7104,73.1338,2026-03-17 13:00:00+00:00,18.0,62,949.4,1.08
Islamabad,33.7104,73.1338,2026-03-17 14:00:00+00:00,16.7,64,949.6,0.32
Islamabad,33.7104,73.1338,2026-03-17 15:00:00+00:00,16.0,67,950.1,0.84
Islamabad,33.7104,73.1338,2026-03-17 16:00:00+00:00,15.4,73,950.6,1.39
Islamabad,33.7104,73.1338,2026-03-17 17:00:00+00:00,14.4,79,950.9,1.57
Islamabad,33.7104,73.1338,2026-03-17 18:00:00+00:00,15.4,80,951.0,1.57
Islamabad,33.7104,73.1338,2026-03-17 19:00:00+00:00,15.4,82,951.1,1.72
Islamabad,33.7104,73.1338,2026-03-17 20:00:00+00:00,14.9,85,951.2,1.0
Islamabad,33.7104,73.1338,2026-03-17 21:00:00+00:00,14.7,86,950.8,1.09
Islamabad,33.7104,73.1338,2026-03-17 22:00:00+00:00,13.8,91,951.2,0.1
Islamabad,33.7104,73.1338,2026-03-17 23:00:00+00:00,13.1,95,951.4,0.73
Islamabad,33.7104,73.1338,2026-03-18 00:00:00+00:00,14.1,75,950.9,1.82
Islamabad,33.7104,73.1338,2026-03-18 01:00:00+00:00,14.4,71,951.4,2.55
Islamabad,33.7104,73.1338,2026-03-18 02:00:00+00:00,15.1,67,951.3,2.55
Islamabad,33.7104,73.1338,2026-03-18 03:00:00+00:00,15.5,77,952.3,0.25
Islamabad,33.7104,73.1338,2026-03-18 04:00:00+00:00,15.9,75,953.5,1.25
Islamabad,33.7104,73.1338,2026-03-18 05:00:00+00:00,15.1,88,954.0,0.18
Islamabad,33.7104,73.1338,2026-03-18 06:00:00+00:00,14.3,90,955.3,0.15
Islamabad,33.7104,73.1338,2026-03-18 07:00:00+00:00,14.3,89,954.7,2.55
Islamabad,33.7104,73.1338,2026-03-18 08:00:00+00:00,15.2,77,954.4,2.92
Islamabad,33.7104,73.1338,2026-03-18 09:00:00+00:00,16.1,64,953.6,1.52
Islamabad,33.7104,73.1338,2026-03-18 10:00:00+00:00,16.9,55,953.0,1.3
Islamabad,33.7104,73.1338,2026-03-18 11:00:00+00:00,16.5,58,952.9,1.52
Islamabad,33.7104,73.1338,2026-03-18 12:00:00+00:00,14.7,77,953.6,2.94
Islamabad,33.7104,73.1338,2026-03-18 13:00:00+00:00,13.1,94,953.7,1.9
Islamabad,33.7104,73.1338,2026-03-18 14:00:00+00:00,13.2,91,953.9,1.76
Islamabad,33.7104,73.1338,2026-03-18 15:00:00+00:00,13.2,91,954.0,0.55
Islamabad,33.7104,73.1338,2026-03-18 16:00:00+00:00,12.9,89,953.9,0.32
Islamabad,33.7104,73.1338,2026-03-18 17:00:00+00:00,13.1,87,954.1,0.47
Islamabad,33.7104,73.1338,2026-03-18 18:00:00+00:00,14.2,85,954.6,0.25
Islamabad,33.7104,73.1338,2026-03-18 19:00:00+00:00,14.0,86,954.7,0.54
Islamabad,33.7104,73.1338,2026-03-18 20:00:00+00:00,14.0,84,954.2,0.43
Islamabad,33.7104,73.1338,2026-03-18 21:00:00+00:00,13.9,84,954.1,0.5
Islamabad,33.7104,73.1338,2026-03-18 22:00:00+00:00,13.4,88,953.6,0.97
Islamabad,33.7104,73.1338,2026-03-18 23:00:00+00:00,13.1,89,952.9,1.36
Islamabad,33.7104,73.1338,2026-03-19 00:00:00+00:00,13.3,83,952.9,1.93
Islamabad,33.7104,73.1338,2026-03-19 01:00:00+00:00,13.7,79,953.0,1.99
Islamabad,33.7104,73.1338,2026-03-19 02:00:00+00:00,13.9,77,953.6,1.41
Islamabad,33.7104,73.1338,2026-03-19 03:00:00+00:00,14.4,77,954.6,1.29
Islamabad,33.7104,73.1338,2026-03-19 04:00:00+00:00,16.1,69,954.9,1.81
Islamabad,33.7104,73.1338,2026-03-19 05:00:00+00:00,17.8,59,955.5,2.51
Islamabad,33.7104,73.1338,2026-03-19 06:00:00+00:00,17.9,59,955.9,2.84
Islamabad,33.7104,73.1338,2026-03-19 07:00:00+00:00,17.5,63,955.9,2.41
Islamabad,33.7104,73.1338,2026-03-19 08:00:00+00:00,17.9,62,955.1,2.02
Islamabad,33.7104,73.1338,2026-03-19 09:00:00+00:00,17.1,67,953.9,2.35
Islamabad,33.7104,73.1338,2026-03-19 10:00:00+00:00,17.6,66,953.1,1.1
Islamabad,33.7104,73.1338,2026-03-19 11:00:00+00:00,18.0,61,952.1,0.74
Islamabad,33.7104,73.1338,2026-03-19 12:00:00+00:00,15.8,78,952.1,2.1
Islamabad,33.7104,73.1338,2026-03-19 13:00:00+00:00,15.4,84,952.0,1.22
Islamabad,33.7104,73.1338,2026-03-19 14:00:00+00:00,13.8,92,951.8,0.9
Islamabad,33.7104,73.1338,2026-03-19 15:00:00+00:00,13.8,89,952.1,1.3
Islamabad,33.7104,73.1338,2026-03-19 16:00:00+00:00,13.5,85,952.2,0.46
Islamabad,33.7104,73.1338,2026-03-19 17:00:00+00:00,13.5,83,952.5,0.3
Islamabad,33.7104,73.1338,2026-03-19 18:00:00+00:00,13.9,83,952.6,0.45
Islamabad,33.7104,73.1338,2026-03-19 19:00:00+00:00,13.8,84,952.2,0.0
Islamabad,33.7104,73.1338,2026-03-19 20:00:00+00:00,13.2,85,951.7,0.11
Islamabad,33.7104,73.1338,2026-03-19 21:00:00+00:00,11.9,94,951.4,1.06
Islamabad,33.7104,73.1338,2026-03-19 22:00:00+00:00,12.5,95,951.4,0.21
Islamabad,33.7104,73.1338,2026-03-19 23:00:00+00:00,11.9,96,950.6,0.89
Islamabad,33.7104,73.1338,2026-03-20 00:00:00+00:00,11.9,94,950.3,0.4
Islamabad,33.7104,73.1338,2026-03-20 01:00:00+00:00,11.8,95,950.0,1.09
Islamabad,33.7104,73.1338,2026-03-20 02:00:00+00:00,12.1,95,950.2,1.05
Islamabad,33.7104,73.1338,2026-03-20 03:00:00+00:00,14.1,87,950.9,0.75
Islamabad,33.7104,73.1338,2026-03-20 04:00:00+00:00,16.0,73,951.2,0.52
Islamabad,33.7104,73.1338,2026-03-20 05:00:00+00:00,17.6,64,951.7,1.18
Islamabad,33.7104,73.1338,2026-03-20 06:00:00+00:00,17.9,60,951.7,1.4
Islamabad,33.7104,73.1338,2026-03-20 07:00:00+00:00,18.5,58,951.1,0.43
Islamabad,33.7104,73.1338,2026-03-20 08:00:00+00:00,19.6,56,950.4,1.08
Islamabad,33.7104,73.1338,2026-03-20 09:00:00+00:00,16.9,70,949.9,2.87
Islamabad,33.7104,73.1338,2026-03-20 10:00:00+00:00,17.3,65,949.5,2.42
Islamabad,33.7104,73.1338,2026-03-20 11:00:00+00:00,16.4,71,949.6,0.81
Islamabad,33.7104,73.1338,2026-03-20 12:00:00+00:00,17.1,64,949.4,1.32
Islamabad,33.7104,73.1338,2026-03-20 13:00:00+00:00,16.0,74,949.6,0.5
Islamabad,33.7104,73.1338,2026-03-20 14:00:00+00:00,14.8,75,950.0,0.51
Islamabad,33.7104,73.1338,2026-03-20 15:00:00+00:00,13.3,83,950.6,1.21
Islamabad,33.7104,73.1338,2026-03-20 16:00:00+00:00,12.5,86,951.2,0.95
Islamabad,33.7104,73.1338,2026-03-20 17:00:00+00:00,11.8,88,951.6,0.7
Islamabad,33.7104,73.1338,2026-03-20 18:00:00+00:00,12.1,87,951.6,0.71
Islamabad,33.7104,73.1338,2026-03-20 19:00:00+00:00,11.7,86,951.5,0.96
Islamabad,33.7104,73.1338,2026-03-20 20:00:00+00:00,11.4,88,950.9,1.35
Islamabad,33.7104,73.1338,2026-03-20 21:00:00+00:00,11.1,89,950.8,1.05
Islamabad,33.7104,73.1338,2026-03-20 22:00:00+00:00,10.8,89,950.6,1.55
Islamabad,33.7104,73.1338,2026-03-20 23:00:00+00:00,10.4,90,950.4,1.03
Islamabad,33.7104,73.1338,2026-03-21 00:00:00+00:00,11.1,83,950.5,0.56
Islamabad,33.7104,73.1338,2026-03-21 01:00:00+00:00,10.7,86,951.1,1.12
Islamabad,33.7104,73.1338,2026-03-21 02:00:00+00:00,11.6,84,951.8,1.03
Islamabad,33.7104,73.1338,2026-03-21 03:00:00+00:00,14.1,79,953.4,1.62
Islamabad,33.7104,73.1338,2026-03-21 04:00:00+00:00,15.8,70,954.7,1.31
Islamabad,33.7104,73.1338,2026-03-21 05:00:00+00:00,18.2,61,955.2,1.09
Islamabad,33.7104,73.1338,2026-03-21 06:00:00+00:00,19.3,58,955.4,1.5
Islamabad,33.7104,73.1338,2026-03-21 07:00:00+00:00,20.5,54,955.3,1.81
Islamabad,33.7104,73.1338,2026-03-21 08:00:00+00:00,21.3,51,954.7,1.95
Islamabad,33.7104,73.1338,2026-03-21 09:00:00+00:00,21.6,50,953.9,1.77
Islamabad,33.7104,73.1338,2026-03-21 10:00:00+00:00,21.6,49,953.2,1.54
Islamabad,33.7104,73.1338,2026-03-21 11:00:00+00:00,21.2,50,953.1,1.88
Islamabad,33.7104,73.1338,2026-03-21 12:00:00+00:00,20.4,52,953.5,1.24
Islamabad,33.7104,73.1338,2026-03-21 13:00:00+00:00,18.0,66,953.3,1.13
Islamabad,33.7104,73.1338,2026-03-21 14:00:00+00:00,15.6,73,953.3,1.03
Islamabad,33.7104,73.1338,2026-03-21 15:00:00+00:00,14.1,82,953.2,1.54
Islamabad,33.7104,73.1338,2026-03-21 16:00:00+00:00,12.6,89,953.6,1.87
Islamabad,33.7104,73.1338,2026-03-21 17:00:00+00:00,12.1,90,953.5,2.01
Islamabad,33.7104,73.1338,2026-03-21 18:00:00+00:00,11.3,93,953.6,2.24
Islamabad,33.7104,73.1338,2026-03-21 19:00:00+00:00,12.4,84,953.8,1.99
Islamabad,33.7104,73.1338,2026-03-21 20:00:00+00:00,12.5,80,953.4,1.77
Islamabad,33.7104,73.1338,2026-03-21 21:00:00+00:00,12.2,81,952.7,1.54
Islamabad,33.7104,73.1338,2026-03-21 22:00:00+00:00,11.6,85,952.4,1.52
Islamabad,33.7104,73.1338,2026-03-21 23:00:00+00:00,11.2,88,952.0,1.44
Islamabad,33.7104,73.1338,2026-03-22 00:00:00+00:00,10.6,89,951.8,0.95
Islamabad,33.7104,73.1338,2026-03-22 01:00:00+00:00,11.1,87,951.9,1.16
Islamabad,33.7104,73.1338,2026-03-22 02:00:00+00:00,12.3,84,952.5,1.25
Islamabad,33.7104,73.1338,2026-03-22 03:00:00+00:00,15.9,76,953.6,0.96
Islamabad,33.7104,73.1338,2026-03-22 04:00:00+00:00,18.7,63,953.9,0.47
Islamabad,33.7104,73.1338,2026-03-22 05:00:00+00:00,21.0,52,954.0,1.6
Islamabad,33.7104,73.1338,2026-03-22 06:00:00+00:00,22.2,45,954.3,2.72
Islamabad,33.7104,73.1338,2026-03-22 07:00:00+00:00,23.2,43,953.8,3.15
Islamabad,33.7104,73.1338,2026-03-22 08:00:00+00:00,23.4,42,953.4,3.47
Islamabad,33.7104,73.1338,2026-03-22 09:00:00+00:00,23.6,40,952.5,3.24
Islamabad,33.7104,73.1338,2026-03-22 10:00:00+00:00,23.4,39,951.7,2.97
Islamabad,33.7104,73.1338,2026-03-22 11:00:00+00:00,22.8,40,951.3,2.72
Islamabad,33.7104,73.1338,2026-03-22 12:00:00+00:00,21.6,50,950.9,1.77
Islamabad,33.7104,73.1338,2026-03-22 13:00:00+00:00,19.6,56,950.5,1.7
Islamabad,33.7104,73.1338,2026-03-22 14:00:00+00:00,17.1,67,950.3,1.45
Islamabad,33.7104,73.1338,2026-03-22 15:00:00+00:00,14.8,80,950.2,1.73
Islamabad,33.7104,73.1338,2026-03-22 16:00:00+00:00,13.3,86,950.3,1.86
Islamabad,33.7104,73.1338,2026-03-22 17:00:00+00:00,13.0,83,950.5,2.09
Islamabad,33.7104,73.1338,2026-03-22 18:00:00+00:00,12.7,82,950.7,1.74
Islamabad,33.7104,73.1338,2026-03-22 19:00:00+00:00,13.3,77,950.7,1.8
Islamabad,33.7104,73.1338,2026-03-22 20:00:00+00:00,13.5,72,950.6,1.41
Islamabad,33.7104,73.1338,2026-03-22 21:00:00+00:00,13.3,67,950.5,1.25
Islamabad,33.7104,73.1338,2026-03-22 22:00:00+00:00,12.6,67,950.4,1.3
Islamabad,33.7104,73.1338,2026-03-22 23:00:00+00:00,12.3,67,950.0,1.6
Islamabad,33.7104,73.1338,2026-03-23 00:00:00+00:00,12.8,69,949.9,0.54
Islamabad,33.7104,73.1338,2026-03-23 01:00:00+00:00,13.5,65,950.5,1.19
Islamabad,33.7104,73.1338,2026-03-23 02:00:00+00:00,14.2,67,951.2,1.45
Islamabad,33.7104,73.1338,2026-03-23 03:00:00+00:00,17.2,70,952.0,1.25
Islamabad,33.7104,73.1338,2026-03-23 04:00:00+00:00,20.6,53,952.7,0.46
Islamabad,33.7104,73.1338,2026-03-23 05:00:00+00:00,22.3,48,953.0,1.07
Islamabad,33.7104,73.1338,2026-03-23 06:00:00+00:00,23.5,41,952.9,1.73
Islamabad,33.7104,73.1338,2026-03-23 07:00:00+00:00,24.6,37,952.4,2.06
Islamabad,33.7104,73.1338,2026-03-23 08:00:00+00:00,24.2,35,952.3,1.35
Islamabad,33.7104,73.1338,2026-03-23 09:00:00+00:00,23.7,34,951.5,0.93
Islamabad,33.7104,73.1338,2026-03-23 10:00:00+00:00,23.5,35,951.1,0.6
Islamabad,33.7104,73.1338,2026-03-23 11:00:00+00:00,23.3,36,951.1,1.44
Islamabad,33.7104,73.1338,2026-03-23 12:00:00+00:00,22.5,42,950.0,2.89
Islamabad,33.7104,73.1338,2026-03-23 13:00:00+00:00,19.3,54,949.8,2.57
Islamabad,33.7104,73.1338,2026-03-23 14:00:00+00:00,16.6,64,949.9,1.69
Islamabad,33.7104,73.1338,2026-03-23 15:00:00+00:00,16.2,65,950.4,1.7
Islamabad,33.7104,73.1338,2026-03-23 16:00:00+00:00,16.0,63,951.0,1.71
Islamabad,33.7104,73.1338,2026-03-23 17:00:00+00:00,15.7,59,951.1,1.45
Islamabad,33.7104,73.1338,2026-03-23 18:00:00+00:00,15.8,60,951.3,0.7
Islamabad,33.7104,73.1338,2026-03-23 19:00:00+00:00,15.9,60,951.6,2.35
Islamabad,33.7104,73.1338,2026-03-23 20:00:00+00:00,16.0,56,952.3,2.02
Islamabad,33.7104,73.1338,2026-03-23 21:00:00+00:00,15.3,62,951.9,1.47
Islamabad,33.7104,73.1338,2026-03-23 22:00:00+00:00,15.3,62,951.7,2.45
Islamabad,33.7104,73.1338,2026-03-23 23:00:00+00:00,14.5,66,951.0,2.21
Islamabad,33.7104,73.1338,2026-03-24 00:00:00+00:00,14.9,59,951.2,0.79
Islamabad,33.7104,73.1338,2026-03-24 01:00:00+00:00,14.3,65,951.3,1.07
Islamabad,33.7104,73.1338,2026-03-24 02:00:00+00:00,15.3,69,951.7,0.94
Islamabad,33.7104,73.1338,2026-03-24 03:00:00+00:00,18.1,64,952.8,1.04
Islamabad,33.7104,73.1338,2026-03-24 04:00:00+00:00,20.9,52,953.7,0.89
Islamabad,33.7104,73.1338,2026-03-24 05:00:00+00:00,22.6,47,954.4,1.95
Islamabad,33.7104,73.1338,2026-03-24 06:00:00+00:00,23.5,46,954.6,2.17
Islamabad,33.7104,73.1338,2026-03-24 07:00:00+00:00,24.5,40,954.0,2.57
Islamabad,33.7104,73.1338,2026-03-24 08:00:00+00:00,25.1,36,953.2,2.65
Islamabad,33.7104,73.1338,2026-03-24 09:00:00+00:00,25.6,32,951.8,2.26
Islamabad,33.7104,73.1338,2026-03-24 10:00:00+00:00,25.6,32,951.1,2.25
Islamabad,33.7104,73.1338,2026-03-24 11:00:00+00:00,25.1,33,950.2,2.07
Islamabad,33.7104,73.1338,2026-03-24 12:00:00+00:00,23.3,43,950.2,2.06
Islamabad,33.7104,73.1338,2026-03-24 13:00:00+00:00,20.4,54,949.8,1.59
Islamabad,33.7104,73.1338,2026-03-24 14:00:00+00:00,18.0,62,949.5,1.62
Islamabad,33.7104,73.1338,2026-03-24 15:00:00+00:00,16.1,71,949.5,1.87
Islamabad,33.7104,73.1338,2026-03-24 16:00:00+00:00,14.9,75,949.4,2.17
Islamabad,33.7104,73.1338,2026-03-24 17:00:00+00:00,14.3,74,949.2,2.35
Islamabad,33.7104,73.1338,2026-03-24 18:00:00+00:00,13.7,80,949.6,2.07
Islamabad,33.7104,73.1338,2026-03-24 19:00:00+00:00,14.2,77,949.5,2.21
Islamabad,33.7104,73.1338,2026-03-24 20:00:00+00:00,14.3,74,949.3,1.98
Islamabad,33.7104,73.1338,2026-03-24 21:00:00+00:00,13.7,74,948.9,1.9
Islamabad,33.7104,73.1338,2026-03-24 22:00:00+00:00,13.1,75,948.3,1.87
Islamabad,33.7104,73.1338,2026-03-24 23:00:00+00:00,12.9,73,947.6,1.93
Islamabad,33.7104,73.1338,2026-03-25 00:00:00+00:00,12.7,72,947.9,1.03
Islamabad,33.7104,73.1338,2026-03-25 01:00:00+00:00,13.5,68,948.5,1.26
Islamabad,33.7104,73.1338,2026-03-25 02:00:00+00:00,15.2,67,949.2,1.36
Islamabad,33.7104,73.1338,2026-03-25 03:00:00+00:00,18.7,66,950.2,1.2
Islamabad,33.7104,73.1338,2026-03-25 04:00:00+00:00,21.9,51,951.2,0.99
Islamabad,33.7104,73.1338,2026-03-25 05:00:00+00:00,23.4,47,951.7,1.46
Islamabad,33.7104,73.1338,2026-03-25 06:00:00+00:00,24.7,42,952.2,2.17
Islamabad,33.7104,73.1338,2026-03-25 07:00:00+00:00,25.9,39,951.9,1.94
Islamabad,33.7104,73.1338,2026-03-25 08:00:00+00:00,26.4,37,951.1,1.55
Islamabad,33.7104,73.1338,2026-03-25 09:00:00+00:00,26.5,35,950.7,2.58
Islamabad,33.7104,73.1338,2026-03-25 10:00:00+00:00,26.1,35,949.9,1.47
Islamabad,33.7104,73.1338,2026-03-25 11:00:00+00:00,25.5,42,949.8,0.95
Islamabad,33.7104,73.1338,2026-03-25 12:00:00+00:00,22.5,54,950.2,1.82
Islamabad,33.7104,73.1338,2026-03-25 13:00:00+00:00,20.3,61,951.7,4.26
Islamabad,33.7104,73.1338,2026-03-25 14:00:00+00:00,18.6,73,951.9,1.81
Islamabad,33.7104,73.1338,2026-03-25 15:00:00+00:00,18.2,76,952.3,1.83
Islamabad,33.7104,73.1338,2026-03-25 16:00:00+00:00,17.6,81,953.5,0.96
Islamabad,33.7104,73.1338,2026-03-25 17:00:00+00:00,17.4,89,953.4,1.46
Islamabad,33.7104,73.1338,2026-03-25 18:00:00+00:00,17.1,78,953.3,2.8
Islamabad,33.7104,73.1338,2026-03-25 19:00:00+00:00,17.8,71,953.2,2.79
Islamabad,33.7104,73.1338,2026-03-25 20:00:00+00:00,17.6,67,953.6,1.28
Islamabad,33.7104,73.1338,2026-03-25 21:00:00+00:00,17.3,67,953.4,1.33
Islamabad,33.7104,73.1338,2026-03-25 22:00:00+00:00,16.6,65,953.2,1.03
Islamabad,33.7104,73.1338,2026-03-25 23:00:00+00:00,16.2,66,953.3,0.96
Islamabad,33.7104,73.1338,2026-03-26 00:00:00+00:00,16.3,77,953.8,0.85
Islamabad,33.7104,73.1338,2026-03-26 01:00:00+00:00,15.9,81,953.9,0.96
Islamabad,33.7104,73.1338,2026-03-26 02:00:00+00:00,16.6,80,954.6,1.43
Islamabad,33.7104,73.1338,2026-03-26 03:00:00+00:00,17.7,78,955.2,1.09
Islamabad,33.7104,73.1338,2026-03-26 04:00:00+00:00,19.5,66,956.0,1.0
Islamabad,33.7104,73.1338,2026-03-26 05:00:00+00:00,21.0,58,956.3,1.03
Islamabad,33.7104,73.1338,2026-03-26 06:00:00+00:00,22.6,50,956.7,0.68
Islamabad,33.7104,73.1338,2026-03-26 07:00:00+00:00,23.7,45,956.1,1.48
Islamabad,33.7104,73.1338,2026-03-26 08:00:00+00:00,24.2,45,955.3,2.19
Islamabad,33.7104,73.1338,2026-03-26 09:00:00+00:00,22.8,55,954.8,2.88
Islamabad,33.7104,73.1338,2026-03-26 10:00:00+00:00,23.2,54,954.1,1.68
Islamabad,33.7104,73.1338,2026-03-26 11:00:00+00:00,23.3,51,953.5,1.41
Islamabad,33.7104,73.1338,2026-03-26 12:00:00+00:00,22.5,53,953.4,1.55
Islamabad,33.7104,73.1338,2026-03-26 13:00:00+00:00,20.6,62,953.2,1.71
Islamabad,33.7104,73.1338,2026-03-26 14:00:00+00:00,18.4,72,953.1,1.5
Islamabad,33.7104,73.1338,2026-03-26 15:00:00+00:00,17.2,79,952.8,1.42
Islamabad,33.7104,73.1338,2026-03-26 16:00:00+00:00,16.1,85,953.3,1.48
Islamabad,33.7104,73.1338,2026-03-26 17:00:00+00:00,14.8,90,953.3,1.71
Islamabad,33.7104,73.1338,2026-03-26 18:00:00+00:00,14.7,92,952.7,1.58
Islamabad,33.7104,73.1338,2026-03-26 19:00:00+00:00,14.8,91,952.3,1.57
Islamabad,33.7104,73.1338,2026-03-26 20:00:00+00:00,14.5,92,951.7,1.53
Islamabad,33.7104,73.1338,2026-03-26 21:00:00+00:00,14.5,90,950.8,1.75
Islamabad,33.7104,73.1338,2026-03-26 22:00:00+00:00,14.4,89,950.0,1.59
Islamabad,33.7104,73.1338,2026-03-26 23:00:00+00:00,13.9,90,948.6,1.42
Islamabad,33.7104,73.1338,2026-03-27 00:00:00+00:00,13.4,87,949.0,1.52
Islamabad,33.7104,73.1338,2026-03-27 01:00:00+00:00,13.8,82,948.8,1.85
Islamabad,33.7104,73.1338,2026-03-27 02:00:00+00:00,15.2,78,948.8,1.64
Islamabad,33.7104,73.1338,2026-03-27 03:00:00+00:00,18.5,72,949.7,0.6
Islamabad,33.7104,73.1338,2026-03-27 04:00:00+00:00,21.1,60,951.3,1.64
Islamabad,33.7104,73.1338,2026-03-27 05:00:00+00:00,23.1,55,951.8,0.72
Islamabad,33.7104,73.1338,2026-03-27 06:00:00+00:00,24.6,50,951.8,1.01
Islamabad,33.7104,73.1338,2026-03-27 07:00:00+00:00,25.7,46,951.3,1.57
Islamabad,33.7104,73.1338,2026-03-27 08:00:00+00:00,26.2,43,950.3,1.68
Islamabad,33.7104,73.1338,2026-03-27 09:00:00+00:00,26.6,39,949.3,2.11
Islamabad,33.7104,73.1338,2026-03-27 10:00:00+00:00,26.5,38,948.2,1.95
Islamabad,33.7104,73.1338,2026-03-27 11:00:00+00:00,26.1,38,947.4,2.15
Islamabad,33.7104,73.1338,2026-03-27 12:00:00+00:00,25.0,56,946.9,1.13
Islamabad,33.7104,73.1338,2026-03-27 13:00:00+00:00,23.6,51,946.7,0.55
Islamabad,33.7104,73.1338,2026-03-27 14:00:00+00:00,22.5,45,947.0,0.16
Islamabad,33.7104,73.1338,2026-03-27 15:00:00+00:00,20.9,49,947.2,0.55
Islamabad,33.7104,73.1338,2026-03-27 16:00:00+00:00,18.5,60,947.4,1.16
Islamabad,33.7104,73.1338,2026-03-27 17:00:00+00:00,17.8,66,947.4,1.2
Islamabad,33.7104,73.1338,2026-03-27 18:00:00+00:00,18.3,59,947.3,1.19
Islamabad,33.7104,73.1338,2026-03-27 19:00:00+00:00,17.8,62,946.9,1.2
Islamabad,33.7104,73.1338,2026-03-27 20:00:00+00:00,17.0,68,946.5,0.95
Islamabad,33.7104,73.1338,2026-03-27 21:00:00+00:00,16.6,69,945.6,0.87
Islamabad,33.7104,73.1338,2026-03-27 22:00:00+00:00,16.1,69,944.9,0.98
Islamabad,33.7104,73.1338,2026-03-27 23:00:00+00:00,15.7,70,944.3,0.97
Islamabad,33.7104,73.1338,2026-03-28 00:00:00+00:00,16.1,67,944.3,0.57
Islamabad,33.7104,73.1338,2026-03-28 01:00:00+00:00,16.6,67,944.9,1.05
Islamabad,33.7104,73.1338,2026-03-28 02:00:00+00:00,17.4,70,945.8,0.87
Islamabad,33.7104,73.1338,2026-03-28 03:00:00+00:00,19.7,65,946.4,0.6
Islamabad,33.7104,73.1338,2026-03-28 04:00:00+00:00,21.8,54,946.7,0.6
Islamabad,33.7104,73.1338,2026-03-28 05:00:00+00:00,23.6,48,946.6,0.71
Islamabad,33.7104,73.1338,2026-03-28 06:00:00+00:00,24.9,44,947.1,1.4
Islamabad,33.7104,73.1338,2026-03-28 07:00:00+00:00,26.5,39,946.8,1.29
Islamabad,33.7104,73.1338,2026-03-28 08:00:00+00:00,27.3,36,946.6,2.06
Islamabad,33.7104,73.1338,2026-03-28 09:00:00+00:00,26.5,38,945.8,2.06
Islamabad,33.7104,73.1338,2026-03-28 10:00:00+00:00,25.9,40,945.2,0.76
Islamabad,33.7104,73.1338,2026-03-28 11:00:00+00:00,26.6,35,944.9,0.67
Islamabad,33.7104,73.1338,2026-03-28 12:00:00+00:00,25.1,58,944.2,0.76
Islamabad,33.7104,73.1338,2026-03-28 13:00:00+00:00,23.0,52,944.1,1.44
Islamabad,33.7104,73.1338,2026-03-28 14:00:00+00:00,22.5,50,944.5,2.15
Islamabad,33.7104,73.1338,2026-03-28 15:00:00+00:00,21.9,53,944.9,2.01
Islamabad,33.7104,73.1338,2026-03-28 16:00:00+00:00,20.9,57,945.8,1.55
Islamabad,33.7104,73.1338,2026-03-28 17:00:00+00:00,20.6,58,945.9,1.55
Islamabad,33.7104,73.1338,2026-03-28 18:00:00+00:00,19.8,64,946.3,1.21
Islamabad,33.7104,73.1338,2026-03-28 19:00:00+00:00,19.3,70,946.5,0.87
Islamabad,33.7104,73.1338,2026-03-28 20:00:00+00:00,17.9,87,946.8,0.68
Islamabad,33.7104,73.1338,2026-03-28 21:00:00+00:00,16.7,93,946.7,3.48
Islamabad,33.7104,73.1338,2026-03-28 22:00:00+00:00,16.6,92,946.1,2.76
Islamabad,33.7104,73.1338,2026-03-28 23:00:00+00:00,16.7,91,945.8,1.12
Islamabad,33.7104,73.1338,2026-03-29 00:00:00+00:00,17.1,90,947.2,0.46
Islamabad,33.7104,73.1338,2026-03-29 01:00:00+00:00,17.0,88,947.4,0.86
Islamabad,33.7104,73.1338,2026-03-29 02:00:00+00:00,17.5,86,948.5,1.18
Islamabad,33.7104,73.1338,2026-03-29 03:00:00+00:00,18.5,81,949.4,1.11
Islamabad,33.7104,73.1338,2026-03-29 04:00:00+00:00,20.1,70,950.3,1.27
Islamabad,33.7104,73.1338,2026-03-29 05:00:00+00:00,21.5,61,950.7,2.08
Islamabad,33.7104,73.1338,2026-03-29 06:00:00+00:00,21.9,58,951.3,2.99
Islamabad,33.7104,73.1338,2026-03-29 07:00:00+00:00,23.1,53,951.3,2.5
Islamabad,33.7104,73.1338,2026-03-29 08:00:00+00:00,23.4,52,950.6,1.8
Islamabad,33.7104,73.1338,2026-03-29 09:00:00+00:00,24.3,50,950.1,1.57
Islamabad,33.7104,73.1338,2026-03-29 10:00:00+00:00,23.8,52,949.0,1.0
Islamabad,33.7104,73.1338,2026-03-29 11:00:00+00:00,23.5,52,948.2,1.59
Islamabad,33.7104,73.1338,2026-03-29 12:00:00+00:00,22.4,55,948.8,1.22
Islamabad,33.7104,73.1338,2026-03-29 13:00:00+00:00,21.0,61,948.6,1.61
Islamabad,33.7104,73.1338,2026-03-29 14:00:00+00:00,19.4,67,948.3,1.59
Islamabad,33.7104,73.1338,2026-03-29 15:00:00+00:00,18.0,75,948.2,1.64
Islamabad,33.7104,73.1338,2026-03-29 16:00:00+00:00,17.2,81,948.6,1.62
Islamabad,33.7104,73.1338,2026-03-29 17:00:00+00:00,17.1,81,948.4,1.8
Islamabad,33.7104,73.1338,2026-03-29 18:00:00+00:00,18.3,74,948.1,1.45
Islamabad,33.7104,73.1338,2026-03-29 19:00:00+00:00,18.6,74,947.8,1.31
Islamabad,33.7104,73.1338,2026-03-29 20:00:00+00:00,18.7,71,947.5,0.91
Islamabad,33.7104,73.1338,2026-03-29 21:00:00+00:00,18.3,71,947.1,1.19
Islamabad,33.7104,73.1338,2026-03-29 22:00:00+00:00,16.9,84,948.5,1.75
Islamabad,33.7104,73.1338,2026-03-29 23:00:00+00:00,16.3,87,947.4,1.57
Islamabad,33.7104,73.1338,2026-03-30 00:00:00+00:00,16.5,86,947.1,3.21
Islamabad,33.7104,73.1338,2026-03-30 01:00:00+00:00,16.3,89,948.4,3.16
Islamabad,33.7104,73.1338,2026-03-30 02:00:00+00:00,16.2,87,949.3,2.82
Islamabad,33.7104,73.1338,2026-03-30 03:00:00+00:00,17.1,83,949.5,3.15
Islamabad,33.7104,73.1338,2026-03-30 04:00:00+00:00,18.3,79,950.7,3.42
Islamabad,33.7104,73.1338,2026-03-30 05:00:00+00:00,17.8,82,950.8,1.48
Islamabad,33.7104,73.1338,2026-03-30 06:00:00+00:00,17.9,83,951.8,1.17
Islamabad,33.7104,73.1338,2026-03-30 07:00:00+00:00,19.1,74,951.7,3.65
Islamabad,33.7104,73.1338,2026-03-30 08:00:00+00:00,23.1,55,950.3,3.68
Islamabad,33.7104,73.1338,2026-03-30 09:00:00+00:00,24.5,48,949.2,5.04
Islamabad,33.7104,73.1338,2026-03-30 10:00:00+00:00,19.8,77,948.9,2.71
Islamabad,33.7104,73.1338,2026-03-30 11:00:00+00:00,16.7,93,951.1,0.85
Islamabad,33.7104,73.1338,2026-03-30 12:00:00+00:00,17.0,89,948.2,3.68
Islamabad,33.7104,73.1338,2026-03-30 13:00:00+00:00,17.3,85,948.9,1.71
Islamabad,33.7104,73.1338,2026-03-30 14:00:00+00:00,16.5,87,949.3,0.65
Islamabad,33.7104,73.1338,2026-03-30 15:00:00+00:00,15.6,95,950.5,1.12
Islamabad,33.7104,73.1338,2026-03-30 16:00:00+00:00,15.6,91,950.9,1.43
Islamabad,33.7104,73.1338,2026-03-30 17:00:00+00:00,15.4,89,950.8,1.92
Islamabad,33.7104,73.1338,2026-03-30 18:00:00+00:00,14.8,95,951.9,3.22
Islamabad,33.7104,73.1338,2026-03-30 19:00:00+00:00,14.5,95,950.9,1.81
Islamabad,33.7104,73.1338,2026-03-30 20:00:00+00:00,14.7,88,951.3,2.3
Islamabad,33.7104,73.1338,2026-03-30 21:00:00+00:00,14.9,78,950.6,2.07
Islamabad,33.7104,73.1338,2026-03-30 22:00:00+00:00,13.4,90,950.0,1.72
Islamabad,33.7104,73.1338,2026-03-30 23:00:00+00:00,12.2,96,949.6,1.58
Islamabad,33.7104,73.1338,2026-03-31 00:00:00+00:00,13.7,78,950.3,1.17
Islamabad,33.7104,73.1338,2026-03-31 01:00:00+00:00,12.8,84,950.3,1.3
Islamabad,33.7104,73.1338,2026-03-31 02:00:00+00:00,13.7,85,950.9,1.37
Islamabad,33.7104,73.1338,2026-03-31 03:00:00+00:00,17.2,79,952.4,0.81
Islamabad,33.7104,73.1338,2026-03-31 04:00:00+00:00,19.8,63,953.1,0.85
Islamabad,33.7104,73.1338,2026-03-31 05:00:00+00:00,22.2,51,953.5,0.97
Islamabad,33.7104,73.1338,2026-03-31 06:00:00+00:00,23.3,44,953.7,0.6
Islamabad,33.7104,73.1338,2026-03-31 07:00:00+00:00,24.6,41,953.3,1.49
Islamabad,33.7104,73.1338,2026-03-31 08:00:00+00:00,25.2,39,952.6,1.7
Islamabad,33.7104,73.1338,2026-03-31 09:00:00+00:00,25.4,39,951.4,1.66
Islamabad,33.7104,73.1338,2026-03-31 10:00:00+00:00,25.5,38,950.2,1.52
Islamabad,33.7104,73.1338,2026-03-31 11:00:00+00:00,25.1,40,949.6,1.05
Islamabad,33.7104,73.1338,2026-03-31 12:00:00+00:00,23.9,58,949.1,1.0
Islamabad,33.7104,73.1338,2026-03-31 13:00:00+00:00,21.4,59,949.0,1.89
Islamabad,33.7104,73.1338,2026-03-31 14:00:00+00:00,18.7,74,949.0,1.86
Islamabad,33.7104,73.1338,2026-03-31 15:00:00+00:00,16.5,86,949.3,1.9
Islamabad,33.7104,73.1338,2026-03-31 16:00:00+00:00,15.7,87,949.7,2.02
Islamabad,33.7104,73.1338,2026-03-31 17:00:00+00:00,15.2,85,949.8,1.61
Islamabad,33.7104,73.1338,2026-03-31 18:00:00+00:00,15.5,81,950.2,1.3
Islamabad,33.7104,73.1338,2026-03-31 19:00:00+00:00,15.8,78,950.6,1.25
Islamabad,33.7104,73.1338,2026-03-31 20:00:00+00:00,15.3,79,950.5,0.96
Islamabad,33.7104,73.1338,2026-03-31 21:00:00+00:00,15.3,75,950.3,1.27
Islamabad,33.7104,73.1338,2026-03-31 22:00:00+00:00,15.3,73,950.1,1.47
Islamabad,33.7104,73.1338,2026-03-31 23:00:00+00:00,15.1,73,949.8,1.25
Islamabad,33.7104,73.1338,2026-04-01 00:00:00+00:00,16.9,61,951.0,0.43
Islamabad,33.7104,73.1338,2026-04-01 01:00:00+00:00,15.0,67,951.5,1.0
Islamabad,33.7104,73.1338,2026-04-01 02:00:00+00:00,16.2,68,952.4,2.02
Islamabad,33.7104,73.1338,2026-04-01 03:00:00+00:00,18.8,64,953.3,1.73
Islamabad,33.7104,73.1338,2026-04-01 04:00:00+00:00,21.4,56,954.0,0.59
Islamabad,33.7104,73.1338,2026-04-01 05:00:00+00:00,23.1,49,954.5,0.9
Islamabad,33.7104,73.1338,2026-04-01 06:00:00+00:00,23.7,47,955.0,1.42
Islamabad,33.7104,73.1338,2026-04-01 07:00:00+00:00,24.8,40,954.9,1.14
Islamabad,33.7104,73.1338,2026-04-01 08:00:00+00:00,24.9,37,954.1,0.95
Islamabad,33.7104,73.1338,2026-04-01 09:00:00+00:00,25.3,35,953.1,0.5
Islamabad,33.7104,73.1338,2026-04-01 10:00:00+00:00,25.5,34,952.1,0.6
Islamabad,33.7104,73.1338,2026-04-01 11:00:00+00:00,25.3,34,951.1,0.41
Islamabad,33.7104,73.1338,2026-04-01 12:00:00+00:00,24.2,52,951.2,0.79
Islamabad,33.7104,73.1338,2026-04-01 13:00:00+00:00,22.7,57,951.2,0.1
Islamabad,33.7104,73.1338,2026-04-01 14:00:00+00:00,20.2,59,951.3,0.51
Islamabad,33.7104,73.1338,2026-04-01 15:00:00+00:00,18.9,63,951.5,1.06
Islamabad,33.7104,73.1338,2026-04-01 16:00:00+00:00,18.0,68,952.0,1.17
Islamabad,33.7104,73.1338,2026-04-01 17:00:00+00:00,17.3,70,951.9,1.46
Islamabad,33.7104,73.1338,2026-04-01 18:00:00+00:00,19.0,61,951.8,1.0
Islamabad,33.7104,73.1338,2026-04-01 19:00:00+00:00,18.6,65,951.9,0.76
Islamabad,33.7104,73.1338,2026-04-01 20:00:00+00:00,18.2,67,951.8,0.97
Islamabad,33.7104,73.1338,2026-04-01 21:00:00+00:00,17.9,69,951.2,1.04
Islamabad,33.7104,73.1338,2026-04-01 22:00:00+00:00,17.7,70,951.1,1.18
Islamabad,33.7104,73.1338,2026-04-01 23:00:00+00:00,17.8,70,951.0,1.12
Islamabad,33.7104,73.1338,2026-04-02 00:00:00+00:00,17.8,69,950.6,1.97
Islamabad,33.7104,73.1338,2026-04-02 01:00:00+00:00,18.0,70,950.5,2.01
Islamabad,33.7104,73.1338,2026-04-02 02:00:00+00:00,18.2,73,951.3,1.68
Islamabad,33.7104,73.1338,2026-04-02 03:00:00+00:00,18.9,75,952.2,1.42
Islamabad,33.7104,73.1338,2026-04-02 04:00:00+00:00,21.6,67,953.1,0.35
Islamabad,33.7104,73.1338,2026-04-02 05:00:00+00:00,23.2,58,953.9,0.21
Islamabad,33.7104,73.1338,2026-04-02 06:00:00+00:00,25.5,46,954.4,0.6
Islamabad,33.7104,73.1338,2026-04-02 07:00:00+00:00,26.8,37,954.0,1.33
Islamabad,33.7104,73.1338,2026-04-02 08:00:00+00:00,24.9,44,954.1,3.34
Islamabad,33.7104,73.1338,2026-04-02 09:00:00+00:00,22.7,57,953.2,2.05
Islamabad,33.7104,73.1338,2026-04-02 10:00:00+00:00,23.8,55,952.4,1.27
Islamabad,33.7104,73.1338,2026-04-02 11:00:00+00:00,24.9,48,951.5,1.35
Islamabad,33.7104,73.1338,2026-04-02 12:00:00+00:00,24.1,53,951.2,2.5
Islamabad,33.7104,73.1338,2026-04-02 13:00:00+00:00,22.0,62,950.5,1.54
Islamabad,33.7104,73.1338,2026-04-02 14:00:00+00:00,19.5,74,949.9,1.77
Islamabad,33.7104,73.1338,2026-04-02 15:00:00+00:00,17.5,83,949.8,1.99
Islamabad,33.7104,73.1338,2026-04-02 16:00:00+00:00,17.2,83,949.9,1.78
Islamabad,33.7104,73.1338,2026-04-02 17:00:00+00:00,17.1,81,949.7,1.77
Islamabad,33.7104,73.1338,2026-04-02 18:00:00+00:00,17.4,82,949.3,1.46
Islamabad,33.7104,73.1338,2026-04-02 19:00:00+00:00,18.4,76,949.3,1.32
Islamabad,33.7104,73.1338,2026-04-02 20:00:00+00:00,18.4,75,949.0,1.38
Islamabad,33.7104,73.1338,2026-04-02 21:00:00+00:00,18.0,75,948.2,1.3
Islamabad,33.7104,73.1338,2026-04-02 22:00:00+00:00,17.5,77,947.6,1.55
Islamabad,33.7104,73.1338,2026-04-02 23:00:00+00:00,18.2,68,948.6,1.55
Islamabad,33.7104,73.1338,2026-04-03 00:00:00+00:00,18.5,68,947.7,5.65
Islamabad,33.7104,73.1338,2026-04-03 01:00:00+00:00,18.1,73,948.7,1.21
Islamabad,33.7104,73.1338,2026-04-03 02:00:00+00:00,17.1,86,949.7,2.43
Islamabad,33.7104,73.1338,2026-04-03 03:00:00+00:00,17.5,82,950.2,3.19
Islamabad,33.7104,73.1338,2026-04-03 04:00:00+00:00,18.6,75,950.1,5.93
Islamabad,33.7104,73.1338,2026-04-03 05:00:00+00:00,20.5,67,950.7,3.54
Islamabad,33.7104,73.1338,2026-04-03 06:00:00+00:00,19.4,70,950.1,4.15
Islamabad,33.7104,73.1338,2026-04-03 07:00:00+00:00,18.4,84,951.1,3.18
Islamabad,33.7104,73.1338,2026-04-03 08:00:00+00:00,17.6,87,951.3,1.41
Islamabad,33.7104,73.1338,2026-04-03 09:00:00+00:00,17.5,88,950.2,4.18
Islamabad,33.7104,73.1338,2026-04-03 10:00:00+00:00,20.2,75,949.3,3.96
Islamabad,33.7104,73.1338,2026-04-03 11:00:00+00:00,20.4,70,948.7,3.77
Islamabad,33.7104,73.1338,2026-04-03 12:00:00+00:00,19.4,66,949.7,2.43
Islamabad,33.7104,73.1338,2026-04-03 13:00:00+00:00,18.6,72,949.5,1.08
Islamabad,33.7104,73.1338,2026-04-03 14:00:00+00:00,17.3,71,949.2,0.97
Islamabad,33.7104,73.1338,2026-04-03 15:00:00+00:00,17.8,69,949.0,0.81
Islamabad,33.7104,73.1338,2026-04-03 16:00:00+00:00,15.6,80,950.1,1.19
Islamabad,33.7104,73.1338,2026-04-03 17:00:00+00:00,15.0,92,950.5,1.77
Islamabad,33.7104,73.1338,2026-04-03 18:00:00+00:00,15.0,93,951.2,4.15
Islamabad,33.7104,73.1338,2026-04-03 19:00:00+00:00,14.5,96,951.7,4.68
Islamabad,33.7104,73.1338,2026-04-03 20:00:00+00:00,14.1,95,952.2,4.29
Islamabad,33.7104,73.1338,2026-04-03 21:00:00+00:00,14.5,87,951.4,3.92
Islamabad,33.7104,73.1338,2026-04-03 22:00:00+00:00,13.9,81,950.6,2.66
Islamabad,33.7104,73.1338,2026-04-03 23:00:00+00:00,14.1,78,950.5,2.38
Islamabad,33.7104,73.1338,2026-04-04 00:00:00+00:00,13.6,87,951.2,1.2
Islamabad,33.7104,73.1338,2026-04-04 01:00:00+00:00,14.2,79,950.3,3.16
Islamabad,33.7104,73.1338,2026-04-04 02:00:00+00:00,15.5,73,951.6,2.89
Islamabad,33.7104,73.1338,2026-04-04 03:00:00+00:00,17.2,68,952.6,2.11
Islamabad,33.7104,73.1338,2026-04-04 04:00:00+00:00,18.9,56,953.2,2.12
Islamabad,33.7104,73.1338,2026-04-04 05:00:00+00:00,19.8,55,953.4,2.04
Islamabad,33.7104,73.1338,2026-04-04 06:00:00+00:00,19.3,62,953.3,2.65
Islamabad,33.7104,73.1338,2026-04-04 07:00:00+00:00,17.8,68,953.5,1.5
Islamabad,33.7104,73.1338,2026-04-04 08:00:00+00:00,17.7,67,953.2,2.91
Islamabad,33.7104,73.1338,2026-04-04 09:00:00+00:00,19.5,58,951.7,1.93
Islamabad,33.7104,73.1338,2026-04-04 10:00:00+00:00,19.7,60,950.7,0.67
Islamabad,33.7104,73.1338,2026-04-04 11:00:00+00:00,20.1,56,950.5,1.25
Islamabad,33.7104,73.1338,2026-04-04 12:00:00+00:00,19.0,60,950.8,1.87
Islamabad,33.7104,73.1338,2026-04-04 13:00:00+00:00,18.3,68,950.8,0.18
Islamabad,33.7104,73.1338,2026-04-04 14:00:00+00:00,16.3,70,950.7,1.25
Islamabad,33.7104,73.1338,2026-04-04 15:00:00+00:00,15.7,72,950.7,1.7
Islamabad,33.7104,73.1338,2026-04-04 16:00:00+00:00,15.2,72,950.7,1.7
Islamabad,33.7104,73.1338,2026-04-04 17:00:00+00:00,14.8,71,950.8,1.21
Islamabad,33.7104,73.1338,2026-04-04 18:00:00+00:00,14.2,70,950.9,0.59
Islamabad,33.7104,73.1338,2026-04-04 19:00:00+00:00,13.3,76,950.5,0.63
Islamabad,33.7104,73.1338,2026-04-04 20:00:00+00:00,12.8,80,950.4,1.04
Islamabad,33.7104,73.1338,2026-04-04 21:00:00+00:00,12.5,83,949.9,1.27
Islamabad,33.7104,73.1338,2026-04-04 22:00:00+00:00,12.0,86,949.6,1.36
Islamabad,33.7104,73.1338,2026-04-04 23:00:00+00:00,12.0,84,949.4,1.6
Islamabad,33.7104,73.1338,2026-04-05 00:00:00+00:00,11.0,88,949.1,1.36
Islamabad,33.7104,73.1338,2026-04-05 01:00:00+00:00,10.6,92,949.0,1.98
Islamabad,33.7104,73.1338,2026-04-05 02:00:00+00:00,12.7,86,949.5,1.73
Islamabad,33.7104,73.1338,2026-04-05 03:00:00+00:00,17.0,76,950.9,0.57
Islamabad,33.7104,73.1338,2026-04-05 04:00:00+00:00,19.7,58,951.4,0.81
Islamabad,33.7104,73.1338,2026-04-05 05:00:00+00:00,21.5,48,951.6,1.05
Islamabad,33.7104,73.1338,2026-04-05 06:00:00+00:00,22.5,41,952.1,1.91
Islamabad,33.7104,73.1338,2026-04-05 07:00:00+00:00,23.1,41,951.5,2.4
Islamabad,33.7104,73.1338,2026-04-05 08:00:00+00:00,23.1,38,950.9,2.16
Islamabad,33.7104,73.1338,2026-04-05 09:00:00+00:00,23.2,40,950.0,0.58
Islamabad,33.7104,73.1338,2026-04-05 10:00:00+00:00,20.9,50,949.8,2.69
Islamabad,33.7104,73.1338,2026-04-05 11:00:00+00:00,20.5,51,949.3,1.73
Islamabad,33.7104,73.1338,2026-04-05 12:00:00+00:00,20.8,52,949.2,1.35
Islamabad,33.7104,73.1338,2026-04-05 13:00:00+00:00,19.2,58,948.9,1.68
Islamabad,33.7104,73.1338,2026-04-05 14:00:00+00:00,17.6,64,948.5,2.02
Islamabad,33.7104,73.1338,2026-04-05 15:00:00+00:00,16.9,63,948.5,2.27
Islamabad,33.7104,73.1338,2026-04-05 16:00:00+00:00,16.0,64,948.6,1.95
Islamabad,33.7104,73.1338,2026-04-05 17:00:00+00:00,15.2,70,948.5,1.24
Islamabad,33.7104,73.1338,2026-04-05 18:00:00+00:00,15.5,65,949.2,0.76
Islamabad,33.7104,73.1338,2026-04-05 19:00:00+00:00,15.0,65,949.1,0.98
Islamabad,33.7104,73.1338,2026-04-05 20:00:00+00:00,14.5,71,948.7,1.22
Islamabad,33.7104,73.1338,2026-04-05 21:00:00+00:00,13.9,75,948.4,1.19
Islamabad,33.7104,73.1338,2026-04-05 22:00:00+00:00,13.9,75,948.3,1.28
Islamabad,33.7104,73.1338,2026-04-05 23:00:00+00:00,13.8,76,947.9,1.28
Islamabad,33.7104,73.1338,2026-04-06 00:00:00+00:00,14.1,75,948.1,0.96
Islamabad,33.7104,73.1338,2026-04-06 01:00:00+00:00,14.1,76,948.4,1.19
Islamabad,33.7104,73.1338,2026-04-06 02:00:00+00:00,15.4,76,949.4,1.35
Islamabad,33.7104,73.1338,2026-04-06 03:00:00+00:00,18.1,66,950.4,0.43
Islamabad,33.7104,73.1338,2026-04-06 04:00:00+00:00,20.3,57,951.3,0.54
Islamabad,33.7104,73.1338,2026-04-06 05:00:00+00:00,22.0,49,951.6,1.28
Islamabad,33.7104,73.1338,2026-04-06 06:00:00+00:00,22.8,42,952.0,2.06
Islamabad,33.7104,73.1338,2026-04-06 07:00:00+00:00,23.6,41,951.5,1.38
Islamabad,33.7104,73.1338,2026-04-06 08:00:00+00:00,23.9,43,950.6,1.61
Islamabad,33.7104,73.1338,2026-04-06 09:00:00+00:00,23.8,43,949.8,1.74
Islamabad,33.7104,73.1338,2026-04-06 10:00:00+00:00,24.2,41,949.2,2.86
Islamabad,33.7104,73.1338,2026-04-06 11:00:00+00:00,23.3,42,948.4,2.73
Islamabad,33.7104,73.1338,2026-04-06 12:00:00+00:00,22.9,45,947.6,2.08
Islamabad,33.7104,73.1338,2026-04-06 13:00:00+00:00,21.2,49,948.0,2.24
Islamabad,33.7104,73.1338,2026-04-06 14:00:00+00:00,19.0,55,948.3,3.25
Islamabad,33.7104,73.1338,2026-04-06 15:00:00+00:00,18.0,57,948.4,2.06
Islamabad,33.7104,73.1338,2026-04-06 16:00:00+00:00,17.4,57,948.7,2.75
Islamabad,33.7104,73.1338,2026-04-06 17:00:00+00:00,16.9,58,948.8,1.79
Islamabad,33.7104,73.1338,2026-04-06 18:00:00+00:00,17.1,61,948.3,1.76
Islamabad,33.7104,73.1338,2026-04-06 19:00:00+00:00,17.7,59,948.1,2.35
Islamabad,33.7104,73.1338,2026-04-06 20:00:00+00:00,17.6,59,947.8,2.46
Islamabad,33.7104,73.1338,2026-04-06 21:00:00+00:00,17.2,57,947.4,2.84
Islamabad,33.7104,73.1338,2026-04-06 22:00:00+00:00,16.7,58,946.9,2.48
Islamabad,33.7104,73.1338,2026-04-06 23:00:00+00:00,16.2,62,946.6,1.79
Islamabad,33.7104,73.1338,2026-04-07 00:00:00+00:00,15.4,74,947.0,1.54
Islamabad,33.7104,73.1338,2026-04-07 01:00:00+00:00,13.7,94,948.1,3.66
Islamabad,33.7104,73.1338,2026-04-07 02:00:00+00:00,13.8,91,948.2,2.48
Islamabad,33.7104,73.1338,2026-04-07 03:00:00+00:00,14.4,91,947.8,2.17
Islamabad,33.7104,73.1338,2026-04-07 04:00:00+00:00,15.6,85,947.8,3.0
Islamabad,33.7104,73.1338,2026-04-07 05:00:00+00:00,16.9,78,948.9,2.44
Islamabad,33.7104,73.1338,2026-04-07 06:00:00+00:00,15.1,84,948.8,2.83
Islamabad,33.7104,73.1338,2026-04-07 07:00:00+00:00,14.8,88,948.8,3.22
Islamabad,33.7104,73.1338,2026-04-07 08:00:00+00:00,14.6,89,948.1,3.78
Islamabad,33.7104,73.1338,2026-04-07 09:00:00+00:00,14.9,90,947.5,3.5
Islamabad,33.7104,73.1338,2026-04-07 10:00:00+00:00,15.0,87,946.3,4.57
Islamabad,33.7104,73.1338,2026-04-07 11:00:00+00:00,14.5,88,945.8,4.32
Islamabad,33.7104,73.1338,2026-04-07 12:00:00+00:00,14.0,89,946.0,4.2
Islamabad,33.7104,73.1338,2026-04-07 13:00:00+00:00,14.0,89,945.5,2.52
Islamabad,33.7104,73.1338,2026-04-07 14:00:00+00:00,13.7,91,945.7,2.69
Islamabad,33.7104,73.1338,2026-04-07 15:00:00+00:00,13.5,89,946.2,6.57
Islamabad,33.7104,73.1338,2026-04-07 16:00:00+00:00,13.1,96,947.0,7.05
Islamabad,33.7104,73.1338,2026-04-07 17:00:00+00:00,12.9,99,947.1,4.97
Islamabad,33.7104,73.1338,2026-04-07 18:00:00+00:00,11.9,94,948.0,4.26
Islamabad,33.7104,73.1338,2026-04-07 19:00:00+00:00,11.9,95,947.9,2.3
Islamabad,33.7104,73.1338,2026-04-07 20:00:00+00:00,11.9,97,947.9,0.62
Islamabad,33.7104,73.1338,2026-04-07 21:00:00+00:00,11.7,92,947.6,0.5
Islamabad,33.7104,73.1338,2026-04-07 22:00:00+00:00,11.1,97,947.7,1.0
Islamabad,33.7104,73.1338,2026-04-07 23:00:00+00:00,10.9,95,947.3,0.75
Islamabad,33.7104,73.1338,2026-04-08 00:00:00+00:00,12.0,95,947.0,0.81
Islamabad,33.7104,73.1338,2026-04-08 01:00:00+00:00,11.8,97,947.3,1.84
Islamabad,33.7104,73.1338,2026-04-08 02:00:00+00:00,12.1,94,947.8,2.05
Islamabad,33.7104,73.1338,2026-04-08 03:00:00+00:00,13.0,92,948.4,0.86
Islamabad,33.7104,73.1338,2026-04-08 04:00:00+00:00,13.4,85,949.2,1.46
Islamabad,33.7104,73.1338,2026-04-08 05:00:00+00:00,14.0,85,949.9,0.43
Islamabad,33.7104,73.1338,2026-04-08 06:00:00+00:00,14.4,81,949.7,0.4
Islamabad,33.7104,73.1338,2026-04-08 07:00:00+00:00,15.3,75,949.9,1.08
Islamabad,33.7104,73.1338,2026-04-08 08:00:00+00:00,16.8,67,949.7,1.31
Islamabad,33.7104,73.1338,2026-04-08 09:00:00+00:00,13.1,87,949.5,1.92
Islamabad,33.7104,73.1338,2026-04-08 10:00:00+00:00,14.8,79,948.9,1.15
Islamabad,33.7104,73.1338,2026-04-08 11:00:00+00:00,15.5,72,948.9,1.18
Islamabad,33.7104,73.1338,2026-04-08 12:00:00+00:00,14.6,77,949.3,1.99
Islamabad,33.7104,73.1338,2026-04-08 13:00:00+00:00,14.1,79,949.0,1.5
Islamabad,33.7104,73.1338,2026-04-08 14:00:00+00:00,12.9,91,949.4,1.12
Islamabad,33.7104,73.1338,2026-04-08 15:00:00+00:00,12.6,93,950.3,0.91
Islamabad,33.7104,73.1338,2026-04-08 16:00:00+00:00,12.4,90,950.9,0.95
Islamabad,33.7104,73.1338,2026-04-08 17:00:00+00:00,12.5,82,951.4,1.57
Islamabad,33.7104,73.1338,2026-04-08 18:00:00+00:00,12.8,84,951.7,0.95
Islamabad,33.7104,73.1338,2026-04-08 19:00:00+00:00,11.8,91,951.9,0.87
Islamabad,33.7104,73.1338,2026-04-08 20:00:00+00:00,11.5,89,952.7,1.61
Islamabad,33.7104,73.1338,2026-04-08 21:00:00+00:00,11.4,88,952.2,1.83
Islamabad,33.7104,73.1338,2026-04-08 22:00:00+00:00,11.2,87,951.7,1.89
Islamabad,33.7104,73.1338,2026-04-08 23:00:00+00:00,11.2,87,951.8,1.45
Islamabad,33.7104,73.1338,2026-04-09 00:00:00+00:00,11.1,92,953.4,0.43
Islamabad,33.7104,73.1338,2026-04-09 01:00:00+00:00,11.5,87,953.5,1.67
Islamabad,33.7104,73.1338,2026-04-09 02:00:00+00:00,12.1,92,953.6,1.91
Islamabad,33.7104,73.1338,2026-04-09 03:00:00+00:00,14.7,78,954.4,0.07
Islamabad,33.7104,73.1338,2026-04-09 04:00:00+00:00,16.7,64,955.2,0.75
Islamabad,33.7104,73.1338,2026-04-09 05:00:00+00:00,18.0,55,956.0,1.49
Islamabad,33.7104,73.1338,2026-04-09 06:00:00+00:00,18.4,51,956.1,1.51
Islamabad,33.7104,73.1338,2026-04-09 07:00:00+00:00,18.8,52,955.9,1.17
Islamabad,33.7104,73.1338,2026-04-09 08:00:00+00:00,19.6,49,955.6,1.02
Islamabad,33.7104,73.1338,2026-04-09 09:00:00+00:00,19.3,53,955.1,1.76
Islamabad,33.7104,73.1338,2026-04-09 10:00:00+00:00,19.3,55,954.5,0.65
Islamabad,33.7104,73.1338,2026-04-09 11:00:00+00:00,19.3,54,954.3,1.1
Islamabad,33.7104,73.1338,2026-04-09 12:00:00+00:00,18.8,51,954.4,0.54
Islamabad,33.7104,73.1338,2026-04-09 13:00:00+00:00,17.9,69,954.4,0.4
Islamabad,33.7104,73.1338,2026-04-09 14:00:00+00:00,16.2,68,954.5,0.05
Islamabad,33.7104,73.1338,2026-04-09 15:00:00+00:00,14.1,77,954.7,0.8
Islamabad,33.7104,73.1338,2026-04-09 16:00:00+00:00,13.6,82,955.2,1.13
Islamabad,33.7104,73.1338,2026-04-09 17:00:00+00:00,12.8,87,955.0,1.3
Islamabad,33.7104,73.1338,2026-04-09 18:00:00+00:00,12.0,91,955.3,0.89
Islamabad,33.7104,73.1338,2026-04-09 19:00:00+00:00,11.7,95,955.6,1.14
Islamabad,33.7104,73.1338,2026-04-09 20:00:00+00:00,11.3,96,955.4,1.57
Islamabad,33.7104,73.1338,2026-04-09 21:00:00+00:00,11.0,94,954.8,1.87
Islamabad,33.7104,73.1338,2026-04-09 22:00:00+00:00,11.0,88,954.3,1.81
Islamabad,33.7104,73.1338,2026-04-09 23:00:00+00:00,10.4,90,953.9,1.6
Islamabad,33.7104,73.1338,2026-04-10 00:00:00+00:00,10.5,87,954.3,1.19
Islamabad,33.7104,73.1338,2026-04-10 01:00:00+00:00,11.4,79,954.5,1.89
Islamabad,33.7104,73.1338,2026-04-10 02:00:00+00:00,13.5,73,955.4,2.33
Islamabad,33.7104,73.1338,2026-04-10 03:00:00+00:00,16.9,64,955.9,1.81
Islamabad,33.7104,73.1338,2026-04-10 04:00:00+00:00,19.8,52,956.2,1.31
Islamabad,33.7104,73.1338,2026-04-10 05:00:00+00:00,22.0,42,956.3,1.68
Islamabad,33.7104,73.1338,2026-04-10 06:00:00+00:00,23.2,39,956.5,1.8
Islamabad,33.7104,73.1338,2026-04-10 07:00:00+00:00,24.0,39,955.9,2.62
Islamabad,33.7104,73.1338,2026-04-10 08:00:00+00:00,24.3,41,955.2,3.0
Islamabad,33.7104,73.1338,2026-04-10 09:00:00+00:00,24.6,41,954.3,2.76
Islamabad,33.7104,73.1338,2026-04-10 10:00:00+00:00,24.3,41,953.2,2.83
Islamabad,33.7104,73.1338,2026-04-10 11:00:00+00:00,23.6,42,952.8,3.24
Islamabad,33.7104,73.1338,2026-04-10 12:00:00+00:00,22.0,48,952.5,2.45
Islamabad,33.7104,73.1338,2026-04-10 13:00:00+00:00,19.9,58,952.8,1.31
Islamabad,33.7104,73.1338,2026-04-10 14:00:00+00:00,17.5,65,952.3,1.08
Islamabad,33.7104,73.1338,2026-04-10 15:00:00+00:00,15.4,77,952.4,1.43
Islamabad,33.7104,73.1338,2026-04-10 16:00:00+00:00,14.3,83,952.4,2.26
Islamabad,33.7104,73.1338,2026-04-10 17:00:00+00:00,14.1,81,952.2,2.17
Islamabad,33.7104,73.1338,2026-04-10 18:00:00+00:00,14.5,81,952.4,1.48
Islamabad,33.7104,73.1338,2026-04-10 19:00:00+00:00,14.1,80,952.2,1.65
Islamabad,33.7104,73.1338,2026-04-10 20:00:00+00:00,14.5,72,951.8,2.13
Islamabad,33.7104,73.1338,2026-04-10 21:00:00+00:00,14.8,68,951.1,1.41
Islamabad,33.7104,73.1338,2026-04-10 22:00:00+00:00,14.9,66,950.9,0.86
Islamabad,33.7104,73.1338,2026-04-10 23:00:00+00:00,14.7,67,950.5,0.8
Islamabad,33.7104,73.1338,2026-04-11 00:00:00+00:00,14.5,70,950.7,0.41
Islamabad,33.7104,73.1338,2026-04-11 01:00:00+00:00,14.9,66,950.7,1.25
Islamabad,33.7104,73.1338,2026-04-11 02:00:00+00:00,16.3,67,951.0,1.75
Islamabad,33.7104,73.1338,2026-04-11 03:00:00+00:00,19.1,62,951.8,0.82
Islamabad,33.7104,73.1338,2026-04-11 04:00:00+00:00,20.0,57,952.3,1.64
Islamabad,33.7104,73.1338,2026-04-11 05:00:00+00:00,21.4,49,952.9,1.32
Islamabad,33.7104,73.1338,2026-04-11 06:00:00+00:00,22.4,44,953.0,0.79
Islamabad,33.7104,73.1338,2026-04-11 07:00:00+00:00,22.2,44,953.1,2.06
Islamabad,33.7104,73.1338,2026-04-11 08:00:00+00:00,23.1,41,952.5,1.24
Islamabad,33.7104,73.1338,2026-04-11 09:00:00+00:00,21.9,48,952.2,0.75
Islamabad,33.7104,73.1338,2026-04-11 10:00:00+00:00,22.2,46,951.8,0.71
Islamabad,33.7104,73.1338,2026-04-11 11:00:00+00:00,21.5,47,951.3,1.01
Islamabad,33.7104,73.1338,2026-04-11 12:00:00+00:00,20.4,56,950.4,0.96
Islamabad,33.7104,73.1338,2026-04-11 13:00:00+00:00,18.9,66,950.7,1.63
Islamabad,33.7104,73.1338,2026-04-11 14:00:00+00:00,17.1,68,950.6,2.04
Islamabad,33.7104,73.1338,2026-04-11 15:00:00+00:00,16.3,68,950.8,2.03
Islamabad,33.7104,73.1338,2026-04-11 16:00:00+00:00,16.0,64,951.3,1.66
Islamabad,33.7104,73.1338,2026-04-11 17:00:00+00:00,15.4,66,951.2,1.3
Islamabad,33.7104,73.1338,2026-04-11 18:00:00+00:00,15.0,73,951.7,1.1
Islamabad,33.7104,73.1338,2026-04-11 19:00:00+00:00,15.1,74,951.6,1.55
Islamabad,33.7104,73.1338,2026-04-11 20:00:00+00:00,14.8,75,951.0,1.75
Islamabad,33.7104,73.1338,2026-04-11 21:00:00+00:00,14.4,77,950.1,1.71
Islamabad,33.7104,73.1338,2026-04-11 22:00:00+00:00,13.6,81,949.4,1.33
Islamabad,33.7104,73.1338,2026-04-11 23:00:00+00:00,13.7,79,949.6,1.37
Islamabad,33.7104,73.1338,2026-04-12 00:00:00+00:00,12.9,80,949.4,0.57
Islamabad,33.7104,73.1338,2026-04-12 01:00:00+00:00,13.2,78,949.5,1.43
Islamabad,33.7104,73.1338,2026-04-12 02:00:00+00:00,15.6,75,950.4,1.66
Islamabad,33.7104,73.1338,2026-04-12 03:00:00+00:00,19.7,66,951.2,1.1
Islamabad,33.7104,73.1338,2026-04-12 04:00:00+00:00,22.4,49,951.7,1.03
Islamabad,33.7104,73.1338,2026-04-12 05:00:00+00:00,24.1,39,951.5,2.1
Islamabad,33.7104,73.1338,2026-04-12 06:00:00+00:00,24.6,39,952.0,2.41
Islamabad,33.7104,73.1338,2026-04-12 07:00:00+00:00,25.1,39,951.5,2.28
Islamabad,33.7104,73.1338,2026-04-12 08:00:00+00:00,25.7,38,950.7,2.03
Islamabad,33.7104,73.1338,2026-04-12 09:00:00+00:00,25.8,38,950.1,2.42
Islamabad,33.7104,73.1338,2026-04-12 10:00:00+00:00,25.8,38,949.3,2.42
Islamabad,33.7104,73.1338,2026-04-12 11:00:00+00:00,25.3,41,948.8,2.2
Islamabad,33.7104,73.1338,2026-04-12 12:00:00+00:00,24.4,49,948.7,1.25
Islamabad,33.7104,73.1338,2026-04-12 13:00:00+00:00,21.7,62,948.4,1.25
Islamabad,33.7104,73.1338,2026-04-12 14:00:00+00:00,18.9,66,948.2,0.82
Islamabad,33.7104,73.1338,2026-04-12 15:00:00+00:00,17.5,70,948.4,1.01
Islamabad,33.7104,73.1338,2026-04-12 16:00:00+00:00,15.6,77,948.9,1.42
Islamabad,33.7104,73.1338,2026-04-12 17:00:00+00:00,14.4,81,949.0,1.71
Islamabad,33.7104,73.1338,2026-04-12 18:00:00+00:00,14.5,81,949.3,1.73
Islamabad,33.7104,73.1338,2026-04-12 19:00:00+00:00,14.7,80,949.1,1.96
Islamabad,33.7104,73.1338,2026-04-12 20:00:00+00:00,14.4,79,948.8,2.01
Islamabad,33.7104,73.1338,2026-04-12 21:00:00+00:00,14.3,77,948.3,2.06
Islamabad,33.7104,73.1338,2026-04-12 22:00:00+00:00,14.3,75,948.4,1.88
Islamabad,33.7104,73.1338,2026-04-12 23:00:00+00:00,14.2,74,948.2,1.88
Islamabad,33.7104,73.1338,2026-04-13 00:00:00+00:00,14.1,71,948.6,1.01
Islamabad,33.7104,73.1338,2026-04-13 01:00:00+00:00,14.8,70,949.5,1.27
Islamabad,33.7104,73.1338,2026-04-13 02:00:00+00:00,17.1,69,950.3,1.63
Islamabad,33.7104,73.1338,2026-04-13 03:00:00+00:00,20.9,62,950.7,1.31
Islamabad,33.7104,73.1338,2026-04-13 04:00:00+00:00,24.0,47,951.2,0.94
Islamabad,33.7104,73.1338,2026-04-13 05:00:00+00:00,26.2,36,951.2,1.15
Islamabad,33.7104,73.1338,2026-04-13 06:00:00+00:00,27.4,31,951.7,2.04
Islamabad,33.7104,73.1338,2026-04-13 07:00:00+00:00,28.0,32,951.5,2.91
Islamabad,33.7104,73.1338,2026-04-13 08:00:00+00:00,27.8,34,951.5,3.47
Islamabad,33.7104,73.1338,2026-04-13 09:00:00+00:00,27.7,33,950.8,3.16
Islamabad,33.7104,73.1338,2026-04-13 10:00:00+00:00,27.6,32,950.3,2.82
Islamabad,33.7104,73.1338,2026-04-13 11:00:00+00:00,27.0,33,950.1,2.76
Islamabad,33.7104,73.1338,2026-04-13 12:00:00+00:00,25.7,48,949.8,1.36
Islamabad,33.7104,73.1338,2026-04-13 13:00:00+00:00,23.4,52,949.7,1.38
Islamabad,33.7104,73.1338,2026-04-13 14:00:00+00:00,20.3,56,949.6,1.0
Islamabad,33.7104,73.1338,2026-04-13 15:00:00+00:00,17.8,69,949.6,2.18
Islamabad,33.7104,73.1338,2026-04-13 16:00:00+00:00,16.1,74,950.1,2.52
Islamabad,33.7104,73.1338,2026-04-13 17:00:00+00:00,15.1,76,950.0,2.26
Islamabad,33.7104,73.1338,2026-04-13 18:00:00+00:00,14.1,81,949.9,1.92
Islamabad,33.7104,73.1338,2026-04-13 19:00:00+00:00,15.3,73,950.1,2.18
Islamabad,33.7104,73.1338,2026-04-13 20:00:00+00:00,15.7,68,949.7,2.06
Islamabad,33.7104,73.1338,2026-04-13 21:00:00+00:00,15.5,65,949.0,2.12
Islamabad,33.7104,73.1338,2026-04-13 22:00:00+00:00,14.9,64,948.5,2.34
Islamabad,33.7104,73.1338,2026-04-13 23:00:00+00:00,14.6,62,948.0,2.09
Islamabad,33.7104,73.1338,2026-04-14 00:00:00+00:00,14.5,62,948.2,1.45
Islamabad,33.7104,73.1338,2026-04-14 01:00:00+00:00,15.6,58,949.1,1.66
Islamabad,33.7104,73.1338,2026-04-14 02:00:00+00:00,17.8,61,949.9,1.71
Islamabad,33.7104,73.1338,2026-04-14 03:00:00+00:00,21.8,59,951.0,1.08
Islamabad,33.7104,73.1338,2026-04-14 04:00:00+00:00,24.5,49,951.7,0.4
Islamabad,33.7104,73.1338,2026-04-14 05:00:00+00:00,26.4,46,951.6,1.17
Islamabad,33.7104,73.1338,2026-04-14 06:00:00+00:00,28.1,40,951.8,1.89
Islamabad,33.7104,73.1338,2026-04-14 07:00:00+00:00,28.9,35,951.4,2.87
Islamabad,33.7104,73.1338,2026-04-14 08:00:00+00:00,29.3,32,950.9,3.01
Islamabad,33.7104,73.1338,2026-04-14 09:00:00+00:00,29.4,28,950.2,3.0
Islamabad,33.7104,73.1338,2026-04-14 10:00:00+00:00,29.3,28,949.5,2.55
Islamabad,33.7104,73.1338,2026-04-14 11:00:00+00:00,28.7,31,948.8,2.15
Islamabad,33.7104,73.1338,2026-04-14 12:00:00+00:00,27.0,49,948.3,1.36
Islamabad,33.7104,73.1338,2026-04-14 13:00:00+00:00,24.0,56,948.2,1.49
Islamabad,33.7104,73.1338,2026-04-14 14:00:00+00:00,20.6,63,947.7,1.23
Islamabad,33.7104,73.1338,2026-04-14 15:00:00+00:00,18.1,74,947.6,1.78
Islamabad,33.7104,73.1338,2026-04-14 16:00:00+00:00,16.5,80,948.0,2.33
Islamabad,33.7104,73.1338,2026-04-14 17:00:00+00:00,16.0,78,948.0,2.43
Islamabad,33.7104,73.1338,2026-04-14 18:00:00+00:00,14.9,80,947.8,2.18
Islamabad,33.7104,73.1338,2026-04-14 19:00:00+00:00,16.1,66,948.1,2.36
Islamabad,33.7104,73.1338,2026-04-14 20:00:00+00:00,16.9,54,947.8,2.4
Islamabad,33.7104,73.1338,2026-04-14 21:00:00+00:00,17.0,49,946.9,2.49
Islamabad,33.7104,73.1338,2026-04-14 22:00:00+00:00,16.6,51,946.7,2.42
Islamabad,33.7104,73.1338,2026-04-14 23:00:00+00:00,16.1,54,946.6,2.12
Islamabad,33.7104,73.1338,2026-04-15 00:00:00+00:00,15.3,61,946.4,1.42
Islamabad,33.7104,73.1338,2026-04-15 01:00:00+00:00,16.3,59,946.5,2.01
Islamabad,33.7104,73.1338,2026-04-15 02:00:00+00:00,18.9,60,947.2,2.18
Islamabad,33.7104,73.1338,2026-04-15 03:00:00+00:00,23.3,56,948.1,1.8
Islamabad,33.7104,73.1338,2026-04-15 04:00:00+00:00,26.6,46,948.6,0.85
Islamabad,33.7104,73.1338,2026-04-15 05:00:00+00:00,29.1,31,948.8,1.79
Islamabad,33.7104,73.1338,2026-04-15 06:00:00+00:00,30.0,26,949.0,2.74
Islamabad,33.7104,73.1338,2026-04-15 07:00:00+00:00,30.5,29,948.5,3.07
Islamabad,33.7104,73.1338,2026-04-15 08:00:00+00:00,30.6,31,948.1,3.47
Islamabad,33.7104,73.1338,2026-04-15 09:00:00+00:00,30.6,31,947.4,3.55
Islamabad,33.7104,73.1338,2026-04-15 10:00:00+00:00,30.2,31,946.7,3.69
Islamabad,33.7104,73.1338,2026-04-15 11:00:00+00:00,29.3,35,946.2,3.32
Islamabad,33.7104,73.1338,2026-04-15 12:00:00+00:00,27.5,50,945.8,1.5
Islamabad,33.7104,73.1338,2026-04-15 13:00:00+00:00,25.0,55,945.3,1.37
Islamabad,33.7104,73.1338,2026-04-15 14:00:00+00:00,21.8,62,945.1,1.16
Islamabad,33.7104,73.1338,2026-04-15 15:00:00+00:00,19.3,73,945.2,1.68
Islamabad,33.7104,73.1338,2026-04-15 16:00:00+00:00,17.6,77,945.6,2.09
Islamabad,33.7104,73.1338,2026-04-15 17:00:00+00:00,17.7,71,945.8,2.22
Islamabad,33.7104,73.1338,2026-04-15 18:00:00+00:00,17.9,66,945.8,1.61
Islamabad,33.7104,73.1338,2026-04-15 19:00:00+00:00,18.9,59,946.2,1.61
Islamabad,33.7104,73.1338,2026-04-15 20:00:00+00:00,18.8,56,946.0,1.46
Islamabad,33.7104,73.1338,2026-04-15 21:00:00+00:00,18.2,57,945.6,1.46
Islamabad,33.7104,73.1338,2026-04-15 22:00:00+00:00,17.8,59,945.3,1.39
Islamabad,33.7104,73.1338,2026-04-15 23:00:00+00:00,17.5,61,945.2,1.3
Islamabad,33.7104,73.1338,2026-04-16 00:00:00+00:00,18.7,57,945.4,1.1
Islamabad,33.7104,73.1338,2026-04-16 01:00:00+00:00,18.8,57,945.9,1.3
Islamabad,33.7104,73.1338,2026-04-16 02:00:00+00:00,20.9,56,947.0,1.29
Islamabad,33.7104,73.1338,2026-04-16 03:00:00+00:00,23.5,55,948.0,0.91
Islamabad,33.7104,73.1338,2026-04-16 04:00:00+00:00,26.5,45,948.8,0.54
Islamabad,33.7104,73.1338,2026-04-16 05:00:00+00:00,28.6,36,949.7,0.72
Islamabad,33.7104,73.1338,2026-04-16 06:00:00+00:00,29.7,28,950.3,0.05
Islamabad,33.7104,73.1338,2026-04-16 07:00:00+00:00,28.8,34,950.8,3.46
Islamabad,33.7104,73.1338,2026-04-16 08:00:00+00:00,26.9,42,950.7,1.6
Islamabad,33.7104,73.1338,2026-04-16 09:00:00+00:00,28.2,36,950.4,0.82
Islamabad,33.7104,73.1338,2026-04-16 10:00:00+00:00,29.0,34,949.8,1.03
Islamabad,33.7104,73.1338,2026-04-16 11:00:00+00:00,25.8,51,949.8,1.66
Islamabad,33.7104,73.1338,2026-04-16 12:00:00+00:00,25.4,49,948.6,2.71
Islamabad,33.7104,73.1338,2026-04-16 13:00:00+00:00,23.6,55,949.2,2.36
Islamabad,33.7104,73.1338,2026-04-16 14:00:00+00:00,22.6,52,948.4,2.26
Islamabad,33.7104,73.1338,2026-04-16 15:00:00+00:00,22.2,51,948.9,2.69
Islamabad,33.7104,73.1338,2026-04-16 16:00:00+00:00,21.9,47,949.0,2.32
Islamabad,33.7104,73.1338,2026-04-16 17:00:00+00:00,21.5,44,949.1,2.27
Islamabad,33.7104,73.1338,2026-04-16 18:00:00+00:00,21.5,48,949.7,1.62
Islamabad,33.7104,73.1338,2026-04-16 19:00:00+00:00,21.6,50,949.8,1.12
Islamabad,33.7104,73.1338,2026-04-16 20:00:00+00:00,17.9,77,952.3,5.52
Islamabad,33.7104,73.1338,2026-04-16 21:00:00+00:00,17.9,79,949.6,3.13
Islamabad,33.7104,73.1338,2026-04-16 22:00:00+00:00,18.4,72,949.5,3.61
Islamabad,33.7104,73.1338,2026-04-16 23:00:00+00:00,18.9,63,949.3,3.33
Islamabad,33.7104,73.1338,2026-04-17 00:00:00+00:00,18.9,66,949.4,1.87
Islamabad,33.7104,73.1338,2026-04-17 01:00:00+00:00,18.8,70,949.8,2.53
Islamabad,33.7104,73.1338,2026-04-17 02:00:00+00:00,20.5,61,950.7,2.85
Islamabad,33.7104,73.1338,2026-04-17 03:00:00+00:00,23.3,59,951.7,1.45
Islamabad,33.7104,73.1338,2026-04-17 04:00:00+00:00,25.7,52,952.9,0.27
Islamabad,33.7104,73.1338,2026-04-17 05:00:00+00:00,26.6,48,953.7,0.87
Islamabad,33.7104,73.1338,2026-04-17 06:00:00+00:00,22.9,67,954.4,3.91
Islamabad,33.7104,73.1338,2026-04-17 07:00:00+00:00,21.6,75,954.7,3.88
Islamabad,33.7104,73.1338,2026-04-17 08:00:00+00:00,23.0,58,954.9,3.01
Islamabad,33.7104,73.1338,2026-04-17 09:00:00+00:00,22.0,64,954.0,3.7
Islamabad,33.7104,73.1338,2026-04-17 10:00:00+00:00,23.3,57,953.4,4.14
Islamabad,33.7104,73.1338,2026-04-17 11:00:00+00:00,24.4,48,952.2,3.53
Islamabad,33.7104,73.1338,2026-04-17 12:00:00+00:00,25.6,47,951.7,2.1
Islamabad,33.7104,73.1338,2026-04-17 13:00:00+00:00,23.6,59,951.3,1.06
Islamabad,33.7104,73.1338,2026-04-17 14:00:00+00:00,20.6,69,951.4,1.3
Islamabad,33.7104,73.1338,2026-04-17 15:00:00+00:00,19.6,73,951.7,1.38
Islamabad,33.7104,73.1338,2026-04-17 16:00:00+00:00,18.8,79,952.4,2.3
Islamabad,33.7104,73.1338,2026-04-17 17:00:00+00:00,18.7,79,952.3,1.7
Islamabad,33.7104,73.1338,2026-04-17 18:00:00+00:00,19.0,75,952.3,1.6
Islamabad,33.7104,73.1338,2026-04-17 19:00:00+00:00,19.6,68,952.4,2.05
Islamabad,33.7104,73.1338,2026-04-17 20:00:00+00:00,18.3,77,952.4,2.12
Islamabad,33.7104,73.1338,2026-04-17 21:00:00+00:00,18.2,76,951.6,2.45
Islamabad,33.7104,73.1338,2026-04-17 22:00:00+00:00,18.3,69,951.1,2.9
Islamabad,33.7104,73.1338,2026-04-17 23:00:00+00:00,17.2,75,950.5,2.3
Islamabad,33.7104,73.1338,2026-04-18 00:00:00+00:00,17.5,76,951.8,3.25
Islamabad,33.7104,73.1338,2026-04-18 01:00:00+00:00,16.8,83,952.0,2.57
Islamabad,33.7104,73.1338,2026-04-18 02:00:00+00:00,18.7,78,952.4,2.47
Islamabad,33.7104,73.1338,2026-04-18 03:00:00+00:00,22.2,68,952.8,1.7
Islamabad,33.7104,73.1338,2026-04-18 04:00:00+00:00,25.4,48,953.8,1.37
Islamabad,33.7104,73.1338,2026-04-18 05:00:00+00:00,25.4,52,954.1,1.87
Islamabad,33.7104,73.1338,2026-04-18 06:00:00+00:00,26.9,42,953.9,1.74
Islamabad,33.7104,73.1338,2026-04-18 07:00:00+00:00,28.3,39,953.5,0.94
Islamabad,33.7104,73.1338,2026-04-18 08:00:00+00:00,28.0,39,952.9,1.41
Islamabad,33.7104,73.1338,2026-04-18 09:00:00+00:00,29.0,34,951.8,0.58
Islamabad,33.7104,73.1338,2026-04-18 10:00:00+00:00,28.8,35,951.1,1.13
Islamabad,33.7104,73.1338,2026-04-18 11:00:00+00:00,28.7,39,950.4,1.1
Islamabad,33.7104,73.1338,2026-04-18 12:00:00+00:00,26.5,46,950.7,2.11
Islamabad,33.7104,73.1338,2026-04-18 13:00:00+00:00,24.3,55,950.1,3.32
Islamabad,33.7104,73.1338,2026-04-18 14:00:00+00:00,21.8,64,950.1,2.19
Islamabad,33.7104,73.1338,2026-04-18 15:00:00+00:00,20.8,70,950.2,2.25
Islamabad,33.7104,73.1338,2026-04-18 16:00:00+00:00,20.0,74,950.6,2.32
Islamabad,33.7104,73.1338,2026-04-18 17:00:00+00:00,19.7,78,950.9,2.1
Islamabad,33.7104,73.1338,2026-04-18 18:00:00+00:00,19.0,90,952.2,2.19
Islamabad,33.7104,73.1338,2026-04-18 19:00:00+00:00,18.3,90,951.9,3.5
Islamabad,33.7104,73.1338,2026-04-18 20:00:00+00:00,18.1,83,950.6,3.57
Islamabad,33.7104,73.1338,2026-04-18 21:00:00+00:00,18.3,75,949.3,3.62
Islamabad,33.7104,73.1338,2026-04-18 22:00:00+00:00,18.3,71,949.1,2.62
Islamabad,33.7104,73.1338,2026-04-18 23:00:00+00:00,17.5,79,948.4,1.2
Islamabad,33.7104,73.1338,2026-04-19 00:00:00+00:00,16.9,84,948.2,1.12
Islamabad,33.7104,73.1338,2026-04-19 01:00:00+00:00,16.6,85,948.6,0.79
Islamabad,33.7104,73.1338,2026-04-19 02:00:00+00:00,18.6,81,949.1,1.6
Islamabad,33.7104,73.1338,2026-04-19 03:00:00+00:00,22.0,65,950.0,0.7
Islamabad,33.7104,73.1338,2026-04-19 04:00:00+00:00,24.2,53,950.7,1.48
Islamabad,33.7104,73.1338,2026-04-19 05:00:00+00:00,25.8,48,951.0,1.63
Islamabad,33.7104,73.1338,2026-04-19 06:00:00+00:00,27.5,42,951.2,2.12
Islamabad,33.7104,73.1338,2026-04-19 07:00:00+00:00,28.3,40,951.2,2.22
Islamabad,33.7104,73.1338,2026-04-19 08:00:00+00:00,28.8,41,950.8,2.07
Islamabad,33.7104,73.1338,2026-04-19 09:00:00+00:00,29.0,37,950.1,2.08
Islamabad,33.7104,73.1338,2026-04-19 10:00:00+00:00,28.8,37,949.5,2.09
Islamabad,33.7104,73.1338,2026-04-19 11:00:00+00:00,28.3,39,949.1,1.48
Islamabad,33.7104,73.1338,2026-04-19 12:00:00+00:00,27.2,50,948.8,1.22
Islamabad,33.7104,73.1338,2026-04-19 13:00:00+00:00,25.2,61,948.7,1.03
Islamabad,33.7104,73.1338,2026-04-19 14:00:00+00:00,21.9,63,948.8,1.36
Islamabad,33.7104,73.1338,2026-04-19 15:00:00+00:00,20.2,72,948.7,1.66
Islamabad,33.7104,73.1338,2026-04-19 16:00:00+00:00,18.1,84,948.9,1.98
Islamabad,33.7104,73.1338,2026-04-19 17:00:00+00:00,17.5,86,948.7,1.94
Islamabad,33.7104,73.1338,2026-04-19 18:00:00+00:00,17.3,89,948.5,1.57
Islamabad,33.7104,73.1338,2026-04-19 19:00:00+00:00,17.9,84,948.7,1.53
Islamabad,33.7104,73.1338,2026-04-19 20:00:00+00:00,17.6,82,948.6,1.18
Islamabad,33.7104,73.1338,2026-04-19 21:00:00+00:00,17.1,81,948.2,1.11
Islamabad,33.7104,73.1338,2026-04-19 22:00:00+00:00,16.7,80,948.0,1.42
Islamabad,33.7104,73.1338,2026-04-19 23:00:00+00:00,16.2,80,947.6,1.57
Islamabad,33.7104,73.1338,2026-04-20 00:00:00+00:00,17.4,60,947.5,0.63
Islamabad,33.7104,73.1338,2026-04-20 01:00:00+00:00,17.9,61,948.1,0.51
Islamabad,33.7104,73.1338,2026-04-20 02:00:00+00:00,20.3,61,949.1,0.54
Islamabad,33.7104,73.1338,2026-04-20 03:00:00+00:00,23.4,60,950.0,0.65
Islamabad,33.7104,73.1338,2026-04-20 04:00:00+00:00,25.7,51,950.5,1.2
Islamabad,33.7104,73.1338,2026-04-20 05:00:00+00:00,27.8,44,950.8,1.66
Islamabad,33.7104,73.1338,2026-04-20 06:00:00+00:00,29.1,38,950.6,1.74
Islamabad,33.7104,73.1338,2026-04-20 07:00:00+00:00,30.3,33,950.4,1.84
Islamabad,33.7104,73.1338,2026-04-20 08:00:00+00:00,31.1,29,949.9,1.55
Islamabad,33.7104,73.1338,2026-04-20 09:00:00+00:00,31.4,27,949.3,2.12
Islamabad,33.7104,73.1338,2026-04-20 10:00:00+00:00,30.7,28,948.7,2.91
Islamabad,33.7104,73.1338,2026-04-20 11:00:00+00:00,30.3,30,948.6,2.3
Islamabad,33.7104,73.1338,2026-04-20 12:00:00+00:00,28.7,43,948.4,1.49
Islamabad,33.7104,73.1338,2026-04-20 13:00:00+00:00,25.8,49,948.0,1.56
Islamabad,33.7104,73.1338,2026-04-20 14:00:00+00:00,22.7,56,947.6,1.52
Islamabad,33.7104,73.1338,2026-04-20 15:00:00+00:00,20.3,70,947.7,1.83
Islamabad,33.7104,73.1338,2026-04-20 16:00:00+00:00,18.7,77,947.9,2.17
Islamabad,33.7104,73.1338,2026-04-20 17:00:00+00:00,18.4,76,948.0,2.14
Islamabad,33.7104,73.1338,2026-04-20 18:00:00+00:00,17.5,79,947.9,2.04
Islamabad,33.7104,73.1338,2026-04-20 19:00:00+00:00,18.2,71,947.8,2.37
Islamabad,33.7104,73.1338,2026-04-20 20:00:00+00:00,17.7,67,947.2,2.36
Islamabad,33.7104,73.1338,2026-04-20 21:00:00+00:00,17.3,66,946.3,2.42
Islamabad,33.7104,73.1338,2026-04-20 22:00:00+00:00,17.1,66,946.0,2.37
Islamabad,33.7104,73.1338,2026-04-20 23:00:00+00:00,16.9,68,945.6,2.04
Islamabad,33.7104,73.1338,2026-04-21 00:00:00+00:00,16.2,69,945.4,1.6
Islamabad,33.7104,73.1338,2026-04-21 01:00:00+00:00,17.3,64,945.8,2.06
Islamabad,33.7104,73.1338,2026-04-21 02:00:00+00:00,20.5,61,946.6,1.77
Islamabad,33.7104,73.1338,2026-04-21 03:00:00+00:00,24.7,53,947.6,0.94
Islamabad,33.7104,73.1338,2026-04-21 04:00:00+00:00,27.3,47,948.1,0.9
Islamabad,33.7104,73.1338,2026-04-21 05:00:00+00:00,29.6,34,948.4,1.65
Islamabad,33.7104,73.1338,2026-04-21 06:00:00+00:00,31.1,28,948.5,1.29
Islamabad,33.7104,73.1338,2026-04-21 07:00:00+00:00,32.1,25,948.4,2.34
Islamabad,33.7104,73.1338,2026-04-21 08:00:00+00:00,31.8,28,948.2,3.36
Islamabad,33.7104,73.1338,2026-04-21 09:00:00+00:00,31.8,28,947.7,3.32
Islamabad,33.7104,73.1338,2026-04-21 10:00:00+00:00,31.8,27,947.2,3.19
Islamabad,33.7104,73.1338,2026-04-21 11:00:00+00:00,31.1,30,946.9,3.03
Islamabad,33.7104,73.1338,2026-04-21 12:00:00+00:00,29.3,49,946.2,1.25
Islamabad,33.7104,73.1338,2026-04-21 13:00:00+00:00,26.6,51,946.1,1.42
Islamabad,33.7104,73.1338,2026-04-21 14:00:00+00:00,23.3,61,945.6,1.05
Islamabad,33.7104,73.1338,2026-04-21 15:00:00+00:00,21.5,66,945.8,1.57
Islamabad,33.7104,73.1338,2026-04-21 16:00:00+00:00,20.2,66,946.0,1.86
Islamabad,33.7104,73.1338,2026-04-21 17:00:00+00:00,19.9,61,946.4,1.77
Islamabad,33.7104,73.1338,2026-04-21 18:00:00+00:00,18.4,63,946.4,1.73
Islamabad,33.7104,73.1338,2026-04-21 19:00:00+00:00,19.0,58,946.5,2.28
Islamabad,33.7104,73.1338,2026-04-21 20:00:00+00:00,19.1,54,946.1,2.19
Islamabad,33.7104,73.1338,2026-04-21 21:00:00+00:00,19.3,50,945.8,2.31
Islamabad,33.7104,73.1338,2026-04-21 22:00:00+00:00,19.1,49,945.8,2.26
Islamabad,33.7104,73.1338,2026-04-21 23:00:00+00:00,18.7,53,945.4,1.99
Islamabad,33.7104,73.1338,2026-04-22 00:00:00+00:00,17.1,59,944.7,1.58
Islamabad,33.7104,73.1338,2026-04-22 01:00:00+00:00,18.2,59,945.2,1.72
Islamabad,33.7104,73.1338,2026-04-22 02:00:00+00:00,21.3,62,946.3,1.28
Islamabad,33.7104,73.1338,2026-04-22 03:00:00+00:00,25.7,58,947.2,0.7
Islamabad,33.7104,73.1338,2026-04-22 04:00:00+00:00,28.7,47,948.0,0.81
Islamabad,33.7104,73.1338,2026-04-22 05:00:00+00:00,31.5,33,947.9,1.33
Islamabad,33.7104,73.1338,2026-04-22 06:00:00+00:00,32.9,25,947.9,1.7
Islamabad,33.7104,73.1338,2026-04-22 07:00:00+00:00,33.6,23,947.8,2.8
Islamabad,33.7104,73.1338,2026-04-22 08:00:00+00:00,33.6,24,947.7,3.06
Islamabad,33.7104,73.1338,2026-04-22 09:00:00+00:00,33.6,25,947.1,2.88
Islamabad,33.7104,73.1338,2026-04-22 10:00:00+00:00,33.4,27,946.5,2.46
Islamabad,33.7104,73.1338,2026-04-22 11:00:00+00:00,32.7,31,946.1,2.2
Islamabad,33.7104,73.1338,2026-04-22 12:00:00+00:00,30.9,51,945.5,1.02
Islamabad,33.7104,73.1338,2026-04-22 13:00:00+00:00,29.2,53,945.2,0.76
Islamabad,33.7104,73.1338,2026-04-22 14:00:00+00:00,25.9,55,945.0,0.76
Islamabad,33.7104,73.1338,2026-04-22 15:00:00+00:00,24.5,57,945.5,1.48
Islamabad,33.7104,73.1338,2026-04-22 16:00:00+00:00,22.9,62,946.0,1.88
Islamabad,33.7104,73.1338,2026-04-22 17:00:00+00:00,22.2,62,946.1,1.99
Islamabad,33.7104,73.1338,2026-04-22 18:00:00+00:00,23.2,54,946.8,0.89
Islamabad,33.7104,73.1338,2026-04-22 19:00:00+00:00,24.6,44,947.0,0.92
Islamabad,33.7104,73.1338,2026-04-22 20:00:00+00:00,24.2,46,947.2,2.53
Islamabad,33.7104,73.1338,2026-04-22 21:00:00+00:00,22.5,59,947.0,4.35
Islamabad,33.7104,73.1338,2026-04-22 22:00:00+00:00,22.1,59,947.0,4.76
Islamabad,33.7104,73.1338,2026-04-22 23:00:00+00:00,22.4,54,946.1,3.86
Islamabad,33.7104,73.1338,2026-04-23 00:00:00+00:00,20.4,60,945.1,1.71
Islamabad,33.7104,73.1338,2026-04-23 01:00:00+00:00,21.8,55,945.8,1.9
Islamabad,33.7104,73.1338,2026-04-23 02:00:00+00:00,23.7,56,947.1,1.42
Islamabad,33.7104,73.1338,2026-04-23 03:00:00+00:00,24.6,52,948.9,2.97
Islamabad,33.7104,73.1338,2026-04-23 04:00:00+00:00,27.5,47,949.6,1.74
Islamabad,33.7104,73.1338,2026-04-23 05:00:00+00:00,28.8,42,950.2,1.35
Islamabad,33.7104,73.1338,2026-04-23 06:00:00+00:00,32.1,35,949.9,1.01
Islamabad,33.7104,73.1338,2026-04-23 07:00:00+00:00,33.0,30,949.7,1.2
Islamabad,33.7104,73.1338,2026-04-23 08:00:00+00:00,33.4,29,949.2,1.72
Islamabad,33.7104,73.1338,2026-04-23 09:00:00+00:00,33.0,27,948.8,0.85
Islamabad,33.7104,73.1338,2026-04-23 10:00:00+00:00,32.5,28,948.5,1.5
Islamabad,33.7104,73.1338,2026-04-23 11:00:00+00:00,31.4,37,948.1,1.06
Islamabad,33.7104,73.1338,2026-04-23 12:00:00+00:00,32.5,38,946.6,0.69
Islamabad,33.7104,73.1338,2026-04-23 13:00:00+00:00,29.0,48,946.5,2.1
Islamabad,33.7104,73.1338,2026-04-23 14:00:00+00:00,26.8,57,947.3,2.92
Islamabad,33.7104,73.1338,2026-04-23 15:00:00+00:00,24.4,66,947.2,2.04
Islamabad,33.7104,73.1338,2026-04-23 16:00:00+00:00,22.9,74,947.4,2.2
Islamabad,33.7104,73.1338,2026-04-23 17:00:00+00:00,22.2,76,947.0,1.93
Islamabad,33.7104,73.1338,2026-04-23 18:00:00+00:00,20.9,85,946.9,1.45
Islamabad,33.7104,73.1338,2026-04-23 19:00:00+00:00,22.2,76,947.4,1.88
Islamabad,33.7104,73.1338,2026-04-23 20:00:00+00:00,22.8,69,947.4,2.1
Islamabad,33.7104,73.1338,2026-04-23 21:00:00+00:00,22.0,71,946.8,2.25
Islamabad,33.7104,73.1338,2026-04-23 22:00:00+00:00,21.6,70,946.9,2.6
Islamabad,33.7104,73.1338,2026-04-23 23:00:00+00:00,20.9,73,946.7,1.66
Islamabad,33.7104,73.1338,2026-04-24 00:00:00+00:00,19.3,78,946.1,1.41
Islamabad,33.7104,73.1338,2026-04-24 01:00:00+00:00,20.5,72,947.0,1.61
Islamabad,33.7104,73.1338,2026-04-24 02:00:00+00:00,23.2,68,948.1,1.55
Islamabad,33.7104,73.1338,2026-04-24 03:00:00+00:00,26.9,57,949.0,0.73
Islamabad,33.7104,73.1338,2026-04-24 04:00:00+00:00,29.6,46,949.7,1.21
Islamabad,33.7104,73.1338,2026-04-24 05:00:00+00:00,32.0,35,949.7,1.24
Islamabad,33.7104,73.1338,2026-04-24 06:00:00+00:00,33.6,28,949.9,1.37
Islamabad,33.7104,73.1338,2026-04-24 07:00:00+00:00,33.1,26,950.0,2.26
Islamabad,33.7104,73.1338,2026-04-24 08:00:00+00:00,34.0,24,949.2,1.2
Islamabad,33.7104,73.1338,2026-04-24 09:00:00+00:00,33.7,24,948.5,0.75
Islamabad,33.7104,73.1338,2026-04-24 10:00:00+00:00,30.8,30,948.7,3.94
Islamabad,33.7104,73.1338,2026-04-24 11:00:00+00:00,28.7,43,948.5,3.66
Islamabad,33.7104,73.1338,2026-04-24 12:00:00+00:00,26.4,53,947.9,3.5
Islamabad,33.7104,73.1338,2026-04-24 13:00:00+00:00,24.2,66,948.2,3.24
Islamabad,33.7104,73.1338,2026-04-24 14:00:00+00:00,22.9,70,947.9,2.47
Islamabad,33.7104,73.1338,2026-04-24 15:00:00+00:00,22.8,68,948.8,3.87
Islamabad,33.7104,73.1338,2026-04-24 16:00:00+00:00,22.2,65,949.4,3.1
Islamabad,33.7104,73.1338,2026-04-24 17:00:00+00:00,21.9,63,949.6,2.95
Islamabad,33.7104,73.1338,2026-04-24 18:00:00+00:00,21.5,69,949.5,1.24
Islamabad,33.7104,73.1338,2026-04-24 19:00:00+00:00,21.3,71,950.6,1.18
Islamabad,33.7104,73.1338,2026-04-24 20:00:00+00:00,20.8,70,949.5,1.84
Islamabad,33.7104,73.1338,2026-04-24 21:00:00+00:00,20.2,70,948.9,2.18
Islamabad,33.7104,73.1338,2026-04-24 22:00:00+00:00,19.8,69,948.5,1.86
Islamabad,33.7104,73.1338,2026-04-24 23:00:00+00:00,19.5,70,948.6,1.23
Islamabad,33.7104,73.1338,2026-04-25 00:00:00+00:00,20.1,67,949.0,2.14
Islamabad,33.7104,73.1338,2026-04-25 01:00:00+00:00,21.4,59,949.5,2.98
Islamabad,33.7104,73.1338,2026-04-25 02:00:00+00:00,23.2,62,950.7,1.34
Islamabad,33.7104,73.1338,2026-04-25 03:00:00+00:00,25.9,53,951.7,1.33
Islamabad,33.7104,73.1338,2026-04-25 04:00:00+00:00,27.8,47,952.3,2.03
Islamabad,33.7104,73.1338,2026-04-25 05:00:00+00:00,29.2,42,952.4,2.01
Islamabad,33.7104,73.1338,2026-04-25 06:00:00+00:00,31.4,32,952.6,2.07
Islamabad,33.7104,73.1338,2026-04-25 07:00:00+00:00,32.2,31,952.3,1.65
Islamabad,33.7104,73.1338,2026-04-25 08:00:00+00:00,32.7,29,951.9,1.77
Islamabad,33.7104,73.1338,2026-04-25 09:00:00+00:00,33.0,29,951.1,1.55
Islamabad,33.7104,73.1338,2026-04-25 10:00:00+00:00,33.0,29,950.2,1.69
Islamabad,33.7104,73.1338,2026-04-25 11:00:00+00:00,31.9,30,949.6,2.84
Islamabad,33.7104,73.1338,2026-04-25 12:00:00+00:00,31.5,33,948.9,1.66
Islamabad,33.7104,73.1338,2026-04-25 13:00:00+00:00,28.8,43,948.4,1.61
Islamabad,33.7104,73.1338,2026-04-25 14:00:00+00:00,25.8,51,948.1,1.03
Islamabad,33.7104,73.1338,2026-04-25 15:00:00+00:00,24.0,59,948.5,1.27
Islamabad,33.7104,73.1338,2026-04-25 16:00:00+00:00,22.4,67,949.0,1.36
Islamabad,33.7104,73.1338,2026-04-25 17:00:00+00:00,21.1,72,949.0,1.59
Islamabad,33.7104,73.1338,2026-04-25 18:00:00+00:00,20.4,75,948.9,1.46
Islamabad,33.7104,73.1338,2026-04-25 19:00:00+00:00,21.1,66,948.7,1.69
Islamabad,33.7104,73.1338,2026-04-25 20:00:00+00:00,20.6,64,948.4,1.2
Islamabad,33.7104,73.1338,2026-04-25 21:00:00+00:00,19.9,65,947.9,1.2
Islamabad,33.7104,73.1338,2026-04-25 22:00:00+00:00,19.1,66,947.5,1.49
Islamabad,33.7104,73.1338,2026-04-25 23:00:00+00:00,18.3,68,947.2,1.3
Islamabad,33.7104,73.1338,2026-04-26 00:00:00+00:00,19.5,63,947.7,0.38
Islamabad,33.7104,73.1338,2026-04-26 01:00:00+00:00,20.3,60,947.8,0.96
Islamabad,33.7104,73.1338,2026-04-26 02:00:00+00:00,22.6,62,948.5,1.32
Islamabad,33.7104,73.1338,2026-04-26 03:00:00+00:00,27.2,49,949.4,0.9
Islamabad,33.7104,73.1338,2026-04-26 04:00:00+00:00,30.3,33,949.8,1.69
Islamabad,33.7104,73.1338,2026-04-26 05:00:00+00:00,32.3,23,949.5,2.87
Islamabad,33.7104,73.1338,2026-04-26 06:00:00+00:00,33.1,22,949.3,2.36
Islamabad,33.7104,73.1338,2026-04-26 07:00:00+00:00,33.7,23,949.0,3.0
Islamabad,33.7104,73.1338,2026-04-26 08:00:00+00:00,33.9,23,948.4,3.47
Islamabad,33.7104,73.1338,2026-04-26 09:00:00+00:00,33.9,22,947.6,3.51
Islamabad,33.7104,73.1338,2026-04-26 10:00:00+00:00,33.7,23,946.5,3.34
Islamabad,33.7104,73.1338,2026-04-26 11:00:00+00:00,33.0,24,945.7,3.0
Islamabad,33.7104,73.1338,2026-04-26 12:00:00+00:00,32.0,26,945.7,2.92
Islamabad,33.7104,73.1338,2026-04-26 13:00:00+00:00,29.3,35,945.6,1.76
Islamabad,33.7104,73.1338,2026-04-26 14:00:00+00:00,26.1,41,945.1,1.44
Islamabad,33.7104,73.1338,2026-04-26 15:00:00+00:00,23.7,51,944.9,1.41
Islamabad,33.7104,73.1338,2026-04-26 16:00:00+00:00,21.8,61,944.9,2.06
Islamabad,33.7104,73.1338,2026-04-26 17:00:00+00:00,21.3,64,944.7,2.12
Islamabad,33.7104,73.1338,2026-04-26 18:00:00+00:00,20.6,66,944.3,1.66
Islamabad,33.7104,73.1338,2026-04-26 19:00:00+00:00,21.1,59,944.0,1.91
Islamabad,33.7104,73.1338,2026-04-26 20:00:00+00:00,21.2,55,943.7,1.69
Islamabad,33.7104,73.1338,2026-04-26 21:00:00+00:00,21.1,53,943.2,1.42
Islamabad,33.7104,73.1338,2026-04-26 22:00:00+00:00,21.2,52,943.3,1.46
Islamabad,33.7104,73.1338,2026-04-26 23:00:00+00:00,20.7,53,942.7,1.58
Islamabad,33.7104,73.1338,2026-04-27 00:00:00+00:00,19.8,58,942.4,1.32
Islamabad,33.7104,73.1338,2026-04-27 01:00:00+00:00,20.8,58,942.9,1.43
Islamabad,33.7104,73.1338,2026-04-27 02:00:00+00:00,24.1,57,944.2,0.94
Islamabad,33.7104,73.1338,2026-04-27 03:00:00+00:00,27.4,46,945.1,0.74
Islamabad,33.7104,73.1338,2026-04-27 04:00:00+00:00,29.8,39,945.8,0.59
Islamabad,33.7104,73.1338,2026-04-27 05:00:00+00:00,31.9,34,945.9,0.75
Islamabad,33.7104,73.1338,2026-04-27 06:00:00+00:00,33.0,29,946.0,2.21
Islamabad,33.7104,73.1338,2026-04-27 07:00:00+00:00,33.3,26,945.8,1.6
Islamabad,33.7104,73.1338,2026-04-27 08:00:00+00:00,34.0,22,945.5,2.2
Islamabad,33.7104,73.1338,2026-04-27 09:00:00+00:00,34.2,20,944.6,1.8
Islamabad,33.7104,73.1338,2026-04-27 10:00:00+00:00,34.6,20,943.8,1.43
Islamabad,33.7104,73.1338,2026-04-27 11:00:00+00:00,33.9,23,942.9,1.77
Islamabad,33.7104,73.1338,2026-04-27 12:00:00+00:00,33.0,28,942.8,1.0
Islamabad,33.7104,73.1338,2026-04-27 13:00:00+00:00,31.8,40,942.5,0.1
Islamabad,33.7104,73.1338,2026-04-27 14:00:00+00:00,28.1,36,941.9,1.15
Islamabad,33.7104,73.1338,2026-04-27 15:00:00+00:00,26.2,43,942.3,1.35
Islamabad,33.7104,73.1338,2026-04-27 16:00:00+00:00,24.9,47,942.9,1.73
Islamabad,33.7104,73.1338,2026-04-27 17:00:00+00:00,24.4,47,943.0,1.5
Islamabad,33.7104,73.1338,2026-04-27 18:00:00+00:00,24.6,43,943.0,0.72
Islamabad,33.7104,73.1338,2026-04-27 19:00:00+00:00,25.4,41,942.8,1.31
Islamabad,33.7104,73.1338,2026-04-27 20:00:00+00:00,24.7,48,942.9,0.72
Islamabad,33.7104,73.1338,2026-04-27 21:00:00+00:00,25.2,40,943.3,2.87
Islamabad,33.7104,73.1338,2026-04-27 22:00:00+00:00,25.2,40,943.7,3.72
Islamabad,33.7104,73.1338,2026-04-27 23:00:00+00:00,24.6,42,943.5,3.77
Islamabad,33.7104,73.1338,2026-04-28 00:00:00+00:00,23.3,53,943.5,3.08
Islamabad,33.7104,73.1338,2026-04-28 01:00:00+00:00,22.8,58,943.7,2.31
Islamabad,33.7104,73.1338,2026-04-28 02:00:00+00:00,23.9,60,944.4,1.82
Islamabad,33.7104,73.1338,2026-04-28 03:00:00+00:00,26.6,46,946.2,1.94
Islamabad,33.7104,73.1338,2026-04-28 04:00:00+00:00,26.8,44,946.4,3.08
Islamabad,33.7104,73.1338,2026-04-28 05:00:00+00:00,26.7,43,947.2,2.78
Islamabad,33.7104,73.1338,2026-04-28 06:00:00+00:00,29.1,38,946.5,1.95
Islamabad,33.7104,73.1338,2026-04-28 07:00:00+00:00,30.1,36,946.2,2.33
Islamabad,33.7104,73.1338,2026-04-28 08:00:00+00:00,30.1,37,946.4,2.35
Islamabad,33.7104,73.1338,2026-04-28 09:00:00+00:00,26.4,50,946.3,1.46
Islamabad,33.7104,73.1338,2026-04-28 10:00:00+00:00,23.9,61,946.7,1.59
Islamabad,33.7104,73.1338,2026-04-28 11:00:00+00:00,24.5,56,945.7,3.4
Islamabad,33.7104,73.1338,2026-04-28 12:00:00+00:00,27.0,46,945.2,1.06
Islamabad,33.7104,73.1338,2026-04-28 13:00:00+00:00,26.0,60,945.6,0.81
Islamabad,33.7104,73.1338,2026-04-28 14:00:00+00:00,24.8,57,945.8,0.18
Islamabad,33.7104,73.1338,2026-04-28 15:00:00+00:00,23.6,61,946.5,0.1
Islamabad,33.7104,73.1338,2026-04-28 16:00:00+00:00,20.8,81,946.9,1.84
Islamabad,33.7104,73.1338,2026-04-28 17:00:00+00:00,20.8,79,946.4,2.32
Islamabad,33.7104,73.1338,2026-04-28 18:00:00+00:00,19.9,94,947.0,1.1
Islamabad,33.7104,73.1338,2026-04-28 19:00:00+00:00,19.9,98,946.4,0.96
Islamabad,33.7104,73.1338,2026-04-28 20:00:00+00:00,19.7,98,945.9,0.68
Islamabad,33.7104,73.1338,2026-04-28 21:00:00+00:00,19.4,96,945.0,0.76
Islamabad,33.7104,73.1338,2026-04-28 22:00:00+00:00,19.4,95,944.3,1.33
Islamabad,33.7104,73.1338,2026-04-28 23:00:00+00:00,19.2,93,943.8,1.55
Islamabad,33.7104,73.1338,2026-04-29 00:00:00+00:00,20.2,77,942.8,1.3
Islamabad,33.7104,73.1338,2026-04-29 01:00:00+00:00,20.3,78,943.2,1.0
Islamabad,33.7104,73.1338,2026-04-29 02:00:00+00:00,21.9,75,944.4,0.71
Islamabad,33.7104,73.1338,2026-04-29 03:00:00+00:00,23.6,64,945.4,1.7
Islamabad,33.7104,73.1338,2026-04-29 04:00:00+00:00,25.4,52,946.3,2.16
Islamabad,33.7104,73.1338,2026-04-29 05:00:00+00:00,26.0,50,947.1,2.94
Islamabad,33.7104,73.1338,2026-04-29 06:00:00+00:00,27.2,40,947.3,3.3
Islamabad,33.7104,73.1338,2026-04-29 07:00:00+00:00,27.2,39,947.2,4.99
Islamabad,33.7104,73.1338,2026-04-29 08:00:00+00:00,28.1,38,946.7,3.66
Islamabad,33.7104,73.1338,2026-04-29 09:00:00+00:00,28.3,36,946.1,4.1
Islamabad,33.7104,73.1338,2026-04-29 10:00:00+00:00,28.1,35,945.6,3.44
Islamabad,33.7104,73.1338,2026-04-29 11:00:00+00:00,27.5,36,945.2,2.2
Islamabad,33.7104,73.1338,2026-04-29 12:00:00+00:00,24.6,51,945.4,2.8
Islamabad,33.7104,73.1338,2026-04-29 13:00:00+00:00,24.6,52,945.2,1.17
Islamabad,33.7104,73.1338,2026-04-29 14:00:00+00:00,23.2,55,945.3,1.66
Islamabad,33.7104,73.1338,2026-04-29 15:00:00+00:00,22.4,56,945.4,1.81
Islamabad,33.7104,73.1338,2026-04-29 16:00:00+00:00,21.6,58,945.5,1.58
Islamabad,33.7104,73.1338,2026-04-29 17:00:00+00:00,20.8,60,945.3,1.3
Islamabad,33.7104,73.1338,2026-04-29 18:00:00+00:00,20.3,68,944.9,1.12
Islamabad,33.7104,73.1338,2026-04-29 19:00:00+00:00,20.0,72,944.3,1.2
Islamabad,33.7104,73.1338,2026-04-29 20:00:00+00:00,19.5,74,944.2,1.3
Islamabad,33.7104,73.1338,2026-04-29 21:00:00+00:00,19.2,73,943.6,1.01
Islamabad,33.7104,73.1338,2026-04-29 22:00:00+00:00,18.6,74,943.5,0.86
Islamabad,33.7104,73.1338,2026-04-29 23:00:00+00:00,18.3,74,943.4,1.12
Islamabad,33.7104,73.1338,2026-04-30 00:00:00+00:00,17.5,79,943.4,0.79
Islamabad,33.7104,73.1338,2026-04-30 01:00:00+00:00,18.8,75,944.0,1.54
Islamabad,33.7104,73.1338,2026-04-30 02:00:00+00:00,21.9,71,945.1,1.04
Islamabad,33.7104,73.1338,2026-04-30 03:00:00+00:00,25.2,51,946.1,0.27
Islamabad,33.7104,73.1338,2026-04-30 04:00:00+00:00,27.4,43,946.5,0.82
Islamabad,33.7104,73.1338,2026-04-30 05:00:00+00:00,29.0,38,947.0,0.74
Islamabad,33.7104,73.1338,2026-04-30 06:00:00+00:00,29.3,36,947.1,1.57
Islamabad,33.7104,73.1338,2026-04-30 07:00:00+00:00,30.2,34,946.8,2.07
Islamabad,33.7104,73.1338,2026-04-30 08:00:00+00:00,28.7,38,946.4,1.84
Islamabad,33.7104,73.1338,2026-04-30 09:00:00+00:00,29.4,38,946.2,1.3
Islamabad,33.7104,73.1338,2026-04-30 10:00:00+00:00,25.4,54,946.8,0.49
Islamabad,33.7104,73.1338,2026-04-30 11:00:00+00:00,26.9,44,945.9,1.52
Islamabad,33.7104,73.1338,2026-04-30 12:00:00+00:00,23.3,66,945.3,3.16
Islamabad,33.7104,73.1338,2026-04-30 13:00:00+00:00,24.2,64,945.5,1.1
Islamabad,33.7104,73.1338,2026-04-30 14:00:00+00:00,22.3,74,944.9,0.95
Islamabad,33.7104,73.1338,2026-04-30 15:00:00+00:00,21.4,76,944.5,1.01
Islamabad,33.7104,73.1338,2026-04-30 16:00:00+00:00,20.5,78,944.8,1.46
Islamabad,33.7104,73.1338,2026-04-30 17:00:00+00:00,19.6,78,944.9,1.55
Islamabad,33.7104,73.1338,2026-04-30 18:00:00+00:00,19.6,79,945.3,1.19
Islamabad,33.7104,73.1338,2026-04-30 19:00:00+00:00,20.0,75,945.2,1.01
Islamabad,33.7104,73.1338,2026-04-30 20:00:00+00:00,19.7,75,944.9,0.97
Islamabad,33.7104,73.1338,2026-04-30 21:00:00+00:00,19.2,76,944.6,1.01
Islamabad,33.7104,73.1338,2026-04-30 22:00:00+00:00,18.9,76,944.5,1.19
Islamabad,33.7104,73.1338,2026-04-30 23:00:00+00:00,18.7,75,944.3,1.28
Islamabad,33.7104,73.1338,2026-05-01 00:00:00+00:00,17.8,75,944.2,1.0
Islamabad,33.7104,73.1338,2026-05-01 01:00:00+00:00,18.4,74,944.6,1.42
Islamabad,33.7104,73.1338,2026-05-01 02:00:00+00:00,21.2,73,945.6,0.96
Islamabad,33.7104,73.1338,2026-05-01 03:00:00+00:00,25.2,49,946.8,0.66
Islamabad,33.7104,73.1338,2026-05-01 04:00:00+00:00,27.2,41,947.1,1.18
Islamabad,33.7104,73.1338,2026-05-01 05:00:00+00:00,28.9,34,947.6,1.54
Islamabad,33.7104,73.1338,2026-05-01 06:00:00+00:00,29.4,32,947.6,2.23
Islamabad,33.7104,73.1338,2026-05-01 07:00:00+00:00,30.5,30,947.3,1.83
Islamabad,33.7104,73.1338,2026-05-01 08:00:00+00:00,31.3,29,946.5,1.59
Islamabad,33.7104,73.1338,2026-05-01 09:00:00+00:00,31.8,27,945.7,1.5
Islamabad,33.7104,73.1338,2026-05-01 10:00:00+00:00,31.6,27,944.8,2.35
Islamabad,33.7104,73.1338,2026-05-01 11:00:00+00:00,31.3,27,944.3,2.2
Islamabad,33.7104,73.1338,2026-05-01 12:00:00+00:00,30.1,42,944.0,0.85
Islamabad,33.7104,73.1338,2026-05-01 13:00:00+00:00,28.8,44,944.0,0.66
Islamabad,33.7104,73.1338,2026-05-01 14:00:00+00:00,25.8,41,943.8,0.63
Islamabad,33.7104,73.1338,2026-05-01 15:00:00+00:00,23.6,51,943.5,1.09
Islamabad,33.7104,73.1338,2026-05-01 16:00:00+00:00,21.7,64,943.6,1.79
Islamabad,33.7104,73.1338,2026-05-01 17:00:00+00:00,20.5,70,943.6,1.87
Islamabad,33.7104,73.1338,2026-05-01 18:00:00+00:00,21.1,68,943.9,0.63
Islamabad,33.7104,73.1338,2026-05-01 19:00:00+00:00,21.3,65,944.0,1.7
Islamabad,33.7104,73.1338,2026-05-01 20:00:00+00:00,19.8,71,943.5,1.46
Islamabad,33.7104,73.1338,2026-05-01 21:00:00+00:00,19.2,73,943.1,1.63
Islamabad,33.7104,73.1338,2026-05-01 22:00:00+00:00,19.0,73,942.9,1.74
Islamabad,33.7104,73.1338,2026-05-01 23:00:00+00:00,19.2,70,942.8,1.57
Islamabad,33.7104,73.1338,2026-05-02 00:00:00+00:00,19.3,65,942.7,0.76
Islamabad,33.7104,73.1338,2026-05-02 01:00:00+00:00,19.4,67,942.8,1.46
Islamabad,33.7104,73.1338,2026-05-02 02:00:00+00:00,22.5,66,943.7,1.02
Islamabad,33.7104,73.1338,2026-05-02 03:00:00+00:00,26.5,45,944.9,1.19
Islamabad,33.7104,73.1338,2026-05-02 04:00:00+00:00,28.4,39,945.7,2.04
Islamabad,33.7104,73.1338,2026-05-02 05:00:00+00:00,30.3,33,945.9,1.73
Islamabad,33.7104,73.1338,2026-05-02 06:00:00+00:00,30.6,30,945.9,0.87
Islamabad,33.7104,73.1338,2026-05-02 07:00:00+00:00,32.0,27,945.5,1.15
Islamabad,33.7104,73.1338,2026-05-02 08:00:00+00:00,33.0,24,944.6,1.01
Islamabad,33.7104,73.1338,2026-05-02 09:00:00+00:00,33.2,25,944.0,1.35
Islamabad,33.7104,73.1338,2026-05-02 10:00:00+00:00,32.3,26,943.2,1.4
Islamabad,33.7104,73.1338,2026-05-02 11:00:00+00:00,32.0,26,942.7,2.26
Islamabad,33.7104,73.1338,2026-05-02 12:00:00+00:00,31.7,42,941.3,0.4
Islamabad,33.7104,73.1338,2026-05-02 13:00:00+00:00,28.2,47,942.5,2.38
Islamabad,33.7104,73.1338,2026-05-02 14:00:00+00:00,25.5,47,942.7,1.48
Islamabad,33.7104,73.1338,2026-05-02 15:00:00+00:00,24.7,47,942.5,1.71
Islamabad,33.7104,73.1338,2026-05-02 16:00:00+00:00,23.5,54,942.5,2.05
Islamabad,33.7104,73.1338,2026-05-02 17:00:00+00:00,22.5,58,942.1,1.9
Islamabad,33.7104,73.1338,2026-05-02 18:00:00+00:00,22.2,58,943.7,2.82
Islamabad,33.7104,73.1338,2026-05-02 19:00:00+00:00,21.7,57,944.0,2.06
Islamabad,33.7104,73.1338,2026-05-02 20:00:00+00:00,20.4,66,943.4,1.0
Islamabad,33.7104,73.1338,2026-05-02 21:00:00+00:00,19.8,70,942.1,2.21
Islamabad,33.7104,73.1338,2026-05-02 22:00:00+00:00,19.4,66,941.4,2.15
Islamabad,33.7104,73.1338,2026-05-02 23:00:00+00:00,18.2,74,941.5,0.86
Islamabad,33.7104,73.1338,2026-05-03 00:00:00+00:00,18.4,83,943.4,0.4
Islamabad,33.7104,73.1338,2026-05-03 01:00:00+00:00,18.7,79,943.8,0.83
Islamabad,33.7104,73.1338,2026-05-03 02:00:00+00:00,21.3,74,944.5,1.06
Islamabad,33.7104,73.1338,2026-05-03 03:00:00+00:00,24.1,54,945.2,1.31
Islamabad,33.7104,73.1338,2026-05-03 04:00:00+00:00,26.1,44,946.0,1.88
Islamabad,33.7104,73.1338,2026-05-03 05:00:00+00:00,27.2,37,946.4,2.07
Islamabad,33.7104,73.1338,2026-05-03 06:00:00+00:00,28.1,35,946.4,2.77
Islamabad,33.7104,73.1338,2026-05-03 07:00:00+00:00,29.3,32,946.7,2.06
Islamabad,33.7104,73.1338,2026-05-03 08:00:00+00:00,30.0,31,946.7,2.21
Islamabad,33.7104,73.1338,2026-05-03 09:00:00+00:00,29.4,32,946.5,2.62
Islamabad,33.7104,73.1338,2026-05-03 10:00:00+00:00,29.6,28,945.8,2.37
Islamabad,33.7104,73.1338,2026-05-03 11:00:00+00:00,29.0,27,945.7,1.61
Islamabad,33.7104,73.1338,2026-05-03 12:00:00+00:00,28.9,30,945.1,0.86
Islamabad,33.7104,73.1338,2026-05-03 13:00:00+00:00,27.8,44,945.0,0.43
Islamabad,33.7104,73.1338,2026-05-03 14:00:00+00:00,25.1,36,944.8,1.14
Islamabad,33.7104,73.1338,2026-05-03 15:00:00+00:00,24.1,41,945.1,3.24
Islamabad,33.7104,73.1338,2026-05-03 16:00:00+00:00,22.5,49,945.5,2.65
Islamabad,33.7104,73.1338,2026-05-03 17:00:00+00:00,21.9,51,945.9,2.6
Islamabad,33.7104,73.1338,2026-05-03 18:00:00+00:00,21.6,59,945.1,3.11
Islamabad,33.7104,73.1338,2026-05-03 19:00:00+00:00,21.4,60,945.1,2.35
Islamabad,33.7104,73.1338,2026-05-03 20:00:00+00:00,20.6,64,944.6,2.1
Islamabad,33.7104,73.1338,2026-05-03 21:00:00+00:00,19.6,66,944.9,0.75
Islamabad,33.7104,73.1338,2026-05-03 22:00:00+00:00,20.2,63,945.0,1.68
Islamabad,33.7104,73.1338,2026-05-03 23:00:00+00:00,20.1,63,944.8,0.91
Islamabad,33.7104,73.1338,2026-05-04 00:00:00+00:00,18.8,64,944.0,2.15
Islamabad,33.7104,73.1338,2026-05-04 01:00:00+00:00,19.2,72,944.7,1.34
Islamabad,33.7104,73.1338,2026-05-04 02:00:00+00:00,21.9,64,947.1,2.13
Islamabad,33.7104,73.1338,2026-05-04 03:00:00+00:00,22.8,58,947.7,1.28
Islamabad,33.7104,73.1338,2026-05-04 04:00:00+00:00,25.8,47,948.3,0.29
Islamabad,33.7104,73.1338,2026-05-04 05:00:00+00:00,27.5,39,949.0,1.66
Islamabad,33.7104,73.1338,2026-05-04 06:00:00+00:00,26.8,35,949.1,3.45
Islamabad,33.7104,73.1338,2026-05-04 07:00:00+00:00,28.5,29,949.2,1.3
Islamabad,33.7104,73.1338,2026-05-04 08:00:00+00:00,23.4,55,950.8,3.47
Islamabad,33.7104,73.1338,2026-05-04 09:00:00+00:00,24.6,49,949.6,1.19
Islamabad,33.7104,73.1338,2026-05-04 10:00:00+00:00,24.1,49,949.3,2.68
Islamabad,33.7104,73.1338,2026-05-04 11:00:00+00:00,25.2,44,948.7,1.48
Islamabad,33.7104,73.1338,2026-05-04 12:00:00+00:00,26.9,32,947.8,2.93
Islamabad,33.7104,73.1338,2026-05-04 13:00:00+00:00,24.8,44,948.4,3.83
Islamabad,33.7104,73.1338,2026-05-04 14:00:00+00:00,21.9,62,948.4,0.2
Islamabad,33.7104,73.1338,2026-05-04 15:00:00+00:00,20.4,63,948.2,1.2
Islamabad,33.7104,73.1338,2026-05-04 16:00:00+00:00,20.3,61,948.6,2.17
Islamabad,33.7104,73.1338,2026-05-04 17:00:00+00:00,19.7,61,948.9,2.1
Islamabad,33.7104,73.1338,2026-05-04 18:00:00+00:00,17.7,70,948.0,1.7
Islamabad,33.7104,73.1338,2026-05-04 19:00:00+00:00,16.7,77,948.6,0.43
Islamabad,33.7104,73.1338,2026-05-04 20:00:00+00:00,17.0,72,949.3,0.65
Islamabad,33.7104,73.1338,2026-05-04 21:00:00+00:00,17.1,69,949.1,1.13
Islamabad,33.7104,73.1338,2026-05-04 22:00:00+00:00,16.9,68,949.1,1.13
Islamabad,33.7104,73.1338,2026-05-04 23:00:00+00:00,16.4,69,949.6,0.79
Islamabad,33.7104,73.1338,2026-05-05 00:00:00+00:00,17.3,67,950.3,0.6
Islamabad,33.7104,73.1338,2026-05-05 01:00:00+00:00,18.3,67,951.1,0.8
Islamabad,33.7104,73.1338,2026-05-05 02:00:00+00:00,20.8,62,952.5,0.51
Islamabad,33.7104,73.1338,2026-05-05 03:00:00+00:00,23.4,49,953.3,0.54
Islamabad,33.7104,73.1338,2026-05-05 04:00:00+00:00,25.9,38,953.7,0.74
Islamabad,33.7104,73.1338,2026-05-05 05:00:00+00:00,27.6,31,954.0,1.13
Islamabad,33.7104,73.1338,2026-05-05 06:00:00+00:00,27.9,29,954.3,2.16
Islamabad,33.7104,73.1338,2026-05-05 07:00:00+00:00,28.6,28,954.0,2.32
Islamabad,33.7104,73.1338,2026-05-05 08:00:00+00:00,29.0,26,953.6,1.87
Islamabad,33.7104,73.1338,2026-05-05 09:00:00+00:00,29.3,25,952.7,1.2
Islamabad,33.7104,73.1338,2026-05-05 10:00:00+00:00,29.9,25,952.0,1.25
Islamabad,33.7104,73.1338,2026-05-05 11:00:00+00:00,29.9,26,951.1,1.27
Islamabad,33.7104,73.1338,2026-05-05 12:00:00+00:00,28.6,26,950.7,2.38
Islamabad,33.7104,73.1338,2026-05-05 13:00:00+00:00,26.4,42,950.2,1.24
Islamabad,33.7104,73.1338,2026-05-05 14:00:00+00:00,23.3,43,949.9,0.95
Islamabad,33.7104,73.1338,2026-05-05 15:00:00+00:00,20.8,56,949.8,1.62
Islamabad,33.7104,73.1338,2026-05-05 16:00:00+00:00,19.2,66,949.7,2.38
Islamabad,33.7104,73.1338,2026-05-05 17:00:00+00:00,18.5,67,949.6,2.27
Islamabad,33.7104,73.1338,2026-05-05 18:00:00+00:00,18.3,66,949.5,1.52
Islamabad,33.7104,73.1338,2026-05-05 19:00:00+00:00,18.9,62,949.1,1.43
Islamabad,33.7104,73.1338,2026-05-05 20:00:00+00:00,18.6,63,948.8,1.53
Islamabad,33.7104,73.1338,2026-05-05 21:00:00+00:00,18.0,65,948.0,1.15
Islamabad,33.7104,73.1338,2026-05-05 22:00:00+00:00,17.7,66,947.9,1.22
Islamabad,33.7104,73.1338,2026-05-05 23:00:00+00:00,17.2,66,947.8,1.05
Islamabad,33.7104,73.1338,2026-05-06 00:00:00+00:00,18.7,59,948.0,0.38
Islamabad,33.7104,73.1338,2026-05-06 01:00:00+00:00,19.5,61,948.7,0.5
Islamabad,33.7104,73.1338,2026-05-06 02:00:00+00:00,22.1,49,949.6,0.21
Islamabad,33.7104,73.1338,2026-05-06 03:00:00+00:00,24.6,43,950.2,0.7
Islamabad,33.7104,73.1338,2026-05-06 04:00:00+00:00,26.8,39,950.5,1.46
Islamabad,33.7104,73.1338,2026-05-06 05:00:00+00:00,28.8,33,950.5,2.02
Islamabad,33.7104,73.1338,2026-05-06 06:00:00+00:00,29.6,31,950.1,2.71
Islamabad,33.7104,73.1338,2026-05-06 07:00:00+00:00,30.6,29,949.7,2.69
Islamabad,33.7104,73.1338,2026-05-06 08:00:00+00:00,30.8,25,949.1,2.98
Islamabad,33.7104,73.1338,2026-05-06 09:00:00+00:00,30.9,24,948.2,2.55
Islamabad,33.7104,73.1338,2026-05-06 10:00:00+00:00,30.8,23,947.4,2.48
Islamabad,33.7104,73.1338,2026-05-06 11:00:00+00:00,30.6,23,946.7,1.63
Islamabad,33.7104,73.1338,2026-05-06 12:00:00+00:00,30.4,31,945.9,0.85
Islamabad,33.7104,73.1338,2026-05-06 13:00:00+00:00,29.2,42,945.3,0.4
Islamabad,33.7104,73.1338,2026-05-06 14:00:00+00:00,25.0,42,944.7,1.15
Islamabad,33.7104,73.1338,2026-05-06 15:00:00+00:00,22.9,55,944.7,1.2
Islamabad,33.7104,73.1338,2026-05-06 16:00:00+00:00,21.2,63,945.2,1.82
Islamabad,33.7104,73.1338,2026-05-06 17:00:00+00:00,21.1,60,946.0,1.91
Islamabad,33.7104,73.1338,2026-05-06 18:00:00+00:00,21.5,58,946.1,1.46
Islamabad,33.7104,73.1338,2026-05-06 19:00:00+00:00,22.0,52,946.1,1.74
Islamabad,33.7104,73.1338,2026-05-06 20:00:00+00:00,21.5,52,945.5,1.81
Islamabad,33.7104,73.1338,2026-05-06 21:00:00+00:00,20.8,55,944.8,1.56
Islamabad,33.7104,73.1338,2026-05-06 22:00:00+00:00,20.3,58,945.0,1.36
Islamabad,33.7104,73.1338,2026-05-06 23:00:00+00:00,19.4,64,945.3,0.9
Islamabad,33.7104,73.1338,2026-05-07 00:00:00+00:00,20.0,61,945.9,0.51
Islamabad,33.7104,73.1338,2026-05-07 01:00:00+00:00,20.3,62,946.5,1.16
Islamabad,33.7104,73.1338,2026-05-07 02:00:00+00:00,22.6,56,948.0,1.34
Islamabad,33.7104,73.1338,2026-05-07 03:00:00+00:00,25.2,47,948.8,1.71
Islamabad,33.7104,73.1338,2026-05-07 04:00:00+00:00,27.2,42,949.3,2.66
Islamabad,33.7104,73.1338,2026-05-07 05:00:00+00:00,28.7,38,949.6,3.1
Islamabad,33.7104,73.1338,2026-05-07 06:00:00+00:00,29.3,38,949.7,3.29
Islamabad,33.7104,73.1338,2026-05-07 07:00:00+00:00,30.3,37,949.6,2.86
Islamabad,33.7104,73.1338,2026-05-07 08:00:00+00:00,30.4,34,949.4,2.23
Islamabad,33.7104,73.1338,2026-05-07 09:00:00+00:00,30.4,30,949.0,0.54
Islamabad,33.7104,73.1338,2026-05-07 10:00:00+00:00,30.8,29,948.4,0.99
Islamabad,33.7104,73.1338,2026-05-07 11:00:00+00:00,30.6,30,948.2,1.18
Islamabad,33.7104,73.1338,2026-05-07 12:00:00+00:00,31.4,32,947.5,0.78
Islamabad,33.7104,73.1338,2026-05-07 13:00:00+00:00,29.3,40,947.3,1.25
Islamabad,33.7104,73.1338,2026-05-07 14:00:00+00:00,26.3,38,947.2,1.53
Islamabad,33.7104,73.1338,2026-05-07 15:00:00+00:00,24.9,41,947.7,1.6
Islamabad,33.7104,73.1338,2026-05-07 16:00:00+00:00,23.8,46,948.6,0.97
Islamabad,33.7104,73.1338,2026-05-07 17:00:00+00:00,22.6,49,949.0,1.23
Islamabad,33.7104,73.1338,2026-05-07 18:00:00+00:00,22.5,53,949.2,1.3
Islamabad,33.7104,73.1338,2026-05-07 19:00:00+00:00,22.6,56,949.3,1.25
Islamabad,33.7104,73.1338,2026-05-07 20:00:00+00:00,22.1,59,948.7,1.76
Islamabad,33.7104,73.1338,2026-05-07 21:00:00+00:00,21.5,61,948.3,1.75
Islamabad,33.7104,73.1338,2026-05-07 22:00:00+00:00,20.7,65,948.3,1.26
Islamabad,33.7104,73.1338,2026-05-07 23:00:00+00:00,20.2,66,948.6,1.18
Islamabad,33.7104,73.1338,2026-05-08 00:00:00+00:00,21.0,60,948.7,0.93
Islamabad,33.7104,73.1338,2026-05-08 01:00:00+00:00,21.8,61,949.2,1.06
Islamabad,33.7104,73.1338,2026-05-08 02:00:00+00:00,24.0,54,950.2,1.19
Islamabad,33.7104,73.1338,2026-05-08 03:00:00+00:00,25.8,49,950.9,1.57
Islamabad,33.7104,73.1338,2026-05-08 04:00:00+00:00,27.5,45,951.2,2.18
Islamabad,33.7104,73.1338,2026-05-08 05:00:00+00:00,28.9,41,951.1,2.58
Islamabad,33.7104,73.1338,2026-05-08 06:00:00+00:00,29.8,42,951.0,2.53
Islamabad,33.7104,73.1338,2026-05-08 07:00:00+00:00,30.7,40,951.0,2.29
Islamabad,33.7104,73.1338,2026-05-08 08:00:00+00:00,31.5,36,950.5,2.1
Islamabad,33.7104,73.1338,2026-05-08 09:00:00+00:00,31.5,33,950.1,1.7
Islamabad,33.7104,73.1338,2026-05-08 10:00:00+00:00,31.4,31,949.5,2.06
Islamabad,33.7104,73.1338,2026-05-08 11:00:00+00:00,31.0,32,948.9,2.47
Islamabad,33.7104,73.1338,2026-05-08 12:00:00+00:00,31.6,29,948.7,2.64
Islamabad,33.7104,73.1338,2026-05-08 13:00:00+00:00,30.0,35,948.7,2.01
Islamabad,33.7104,73.1338,2026-05-08 14:00:00+00:00,27.0,41,948.6,1.73
Islamabad,33.7104,73.1338,2026-05-08 15:00:00+00:00,25.5,45,949.2,1.36
Islamabad,33.7104,73.1338,2026-05-08 16:00:00+00:00,23.8,50,949.7,1.11
Islamabad,33.7104,73.1338,2026-05-08 17:00:00+00:00,22.6,54,949.9,0.9
Islamabad,33.7104,73.1338,2026-05-08 18:00:00+00:00,23.1,57,950.6,1.23
Islamabad,33.7104,73.1338,2026-05-08 19:00:00+00:00,23.2,57,950.2,1.25
Islamabad,33.7104,73.1338,2026-05-08 20:00:00+00:00,22.9,59,949.9,1.33
Islamabad,33.7104,73.1338,2026-05-08 21:00:00+00:00,22.4,62,949.3,1.25
Islamabad,33.7104,73.1338,2026-05-08 22:00:00+00:00,21.9,66,949.0,1.25
Islamabad,33.7104,73.1338,2026-05-08 23:00:00+00:00,20.9,72,948.7,1.23
Islamabad,33.7104,73.1338,2026-05-09 00:00:00+00:00,22.0,70,948.7,0.69
Islamabad,33.7104,73.1338,2026-05-09 01:00:00+00:00,22.8,70,949.2,0.72
Islamabad,33.7104,73.1338,2026-05-09 02:00:00+00:00,25.0,61,950.1,0.15
Islamabad,33.7104,73.1338,2026-05-09 03:00:00+00:00,27.1,52,951.2,1.17
Islamabad,33.7104,73.1338,2026-05-09 04:00:00+00:00,28.9,45,951.5,2.09
Islamabad,33.7104,73.1338,2026-05-09 05:00:00+00:00,30.6,41,951.5,2.01
Islamabad,33.7104,73.1338,2026-05-09 06:00:00+00:00,31.4,40,951.5,2.15
Islamabad,33.7104,73.1338,2026-05-09 07:00:00+00:00,32.6,37,951.1,1.7
Islamabad,33.7104,73.1338,2026-05-09 08:00:00+00:00,33.6,35,950.5,1.39
Islamabad,33.7104,73.1338,2026-05-09 09:00:00+00:00,34.4,32,949.9,1.54
Islamabad,33.7104,73.1338,2026-05-09 10:00:00+00:00,34.8,29,949.0,1.43
Islamabad,33.7104,73.1338,2026-05-09 11:00:00+00:00,34.5,28,948.4,1.36
Islamabad,33.7104,73.1338,2026-05-09 12:00:00+00:00,34.9,24,948.5,0.32
Islamabad,33.7104,73.1338,2026-05-09 13:00:00+00:00,33.4,42,947.8,0.25
Islamabad,33.7104,73.1338,2026-05-09 14:00:00+00:00,30.7,37,947.6,0.81
Islamabad,33.7104,73.1338,2026-05-09 15:00:00+00:00,28.4,40,948.1,1.36
Islamabad,33.7104,73.1338,2026-05-09 16:00:00+00:00,27.0,43,948.7,1.24
Islamabad,33.7104,73.1338,2026-05-09 17:00:00+00:00,26.0,48,948.9,1.15
Islamabad,33.7104,73.1338,2026-05-09 18:00:00+00:00,25.9,52,949.1,1.28
Islamabad,33.7104,73.1338,2026-05-09 19:00:00+00:00,26.0,51,948.9,1.22
Islamabad,33.7104,73.1338,2026-05-09 20:00:00+00:00,25.7,52,948.8,1.25
Islamabad,33.7104,73.1338,2026-05-09 21:00:00+00:00,25.0,56,948.1,1.28
Islamabad,33.7104,73.1338,2026-05-09 22:00:00+00:00,24.3,59,947.7,1.25
Islamabad,33.7104,73.1338,2026-05-09 23:00:00+00:00,23.5,65,948.0,1.0
Islamabad,33.7104,73.1338,2026-05-10 00:00:00+00:00,23.4,67,948.3,0.5
Islamabad,33.7104,73.1338,2026-05-10 01:00:00+00:00,24.3,64,948.7,1.32
Islamabad,33.7104,73.1338,2026-05-10 02:00:00+00:00,26.7,55,949.7,1.27
Islamabad,33.7104,73.1338,2026-05-10 03:00:00+00:00,29.0,48,950.5,1.22
Islamabad,33.7104,73.1338,2026-05-10 04:00:00+00:00,30.8,44,950.8,1.69
Islamabad,33.7104,73.1338,2026-05-10 05:00:00+00:00,32.4,40,950.7,2.26
Islamabad,33.7104,73.1338,2026-05-10 06:00:00+00:00,33.2,39,951.0,2.18
Islamabad,33.7104,73.1338,2026-05-10 07:00:00+00:00,33.6,37,950.8,1.5
Islamabad,33.7104,73.1338,2026-05-10 08:00:00+00:00,33.2,34,950.2,1.63
Islamabad,33.7104,73.1338,2026-05-10 09:00:00+00:00,34.8,26,949.6,1.32
Islamabad,33.7104,73.1338,2026-05-10 10:00:00+00:00,34.4,26,948.9,1.83
Islamabad,33.7104,73.1338,2026-05-10 11:00:00+00:00,33.5,31,948.1,1.19
Islamabad,33.7104,73.1338,2026-05-10 12:00:00+00:00,32.8,39,946.4,0.46
Islamabad,33.7104,73.1338,2026-05-10 13:00:00+00:00,31.1,42,946.7,0.78
Islamabad,33.7104,73.1338,2026-05-10 14:00:00+00:00,25.5,60,948.4,6.02
Islamabad,33.7104,73.1338,2026-05-10 15:00:00+00:00,26.2,55,948.6,2.98
Islamabad,33.7104,73.1338,2026-05-10 16:00:00+00:00,25.5,57,950.0,4.29
Islamabad,33.7104,73.1338,2026-05-10 17:00:00+00:00,24.5,63,949.6,1.93
Islamabad,33.7104,73.1338,2026-05-10 18:00:00+00:00,22.0,85,950.6,1.1
Islamabad,33.7104,73.1338,2026-05-10 19:00:00+00:00,21.9,92,950.1,1.11
Islamabad,33.7104,73.1338,2026-05-10 20:00:00+00:00,21.9,85,949.0,1.51
Islamabad,33.7104,73.1338,2026-05-10 21:00:00+00:00,21.0,89,948.3,0.52
Islamabad,33.7104,73.1338,2026-05-10 22:00:00+00:00,20.7,86,948.4,1.32
Islamabad,33.7104,73.1338,2026-05-10 23:00:00+00:00,20.4,82,948.2,1.09
Islamabad,33.7104,73.1338,2026-05-11 00:00:00+00:00,20.8,83,948.4,0.96
Islamabad,33.7104,73.1338,2026-05-11 01:00:00+00:00,21.3,80,948.8,0.63
Islamabad,33.7104,73.1338,2026-05-11 02:00:00+00:00,22.5,80,951.6,3.39
Islamabad,33.7104,73.1338,2026-05-11 03:00:00+00:00,21.5,83,951.9,4.76
Islamabad,33.7104,73.1338,2026-05-11 04:00:00+00:00,24.8,63,952.5,2.46
Islamabad,33.7104,73.1338,2026-05-11 05:00:00+00:00,24.8,67,953.3,1.71
Islamabad,33.7104,73.1338,2026-05-11 06:00:00+00:00,24.1,63,953.5,2.92
Islamabad,33.7104,73.1338,2026-05-11 07:00:00+00:00,26.8,54,953.5,2.29
Islamabad,33.7104,73.1338,2026-05-11 08:00:00+00:00,28.3,48,952.3,1.9
Islamabad,33.7104,73.1338,2026-05-11 09:00:00+00:00,29.0,44,951.2,0.3
Islamabad,33.7104,73.1338,2026-05-11 10:00:00+00:00,29.9,40,950.5,1.0
Islamabad,33.7104,73.1338,2026-05-11 11:00:00+00:00,30.3,39,949.3,1.89
Islamabad,33.7104,73.1338,2026-05-11 12:00:00+00:00,26.1,56,949.3,1.55
Islamabad,33.7104,73.1338,2026-05-11 13:00:00+00:00,26.5,54,948.6,0.2
Islamabad,33.7104,73.1338,2026-05-11 14:00:00+00:00,25.3,62,948.0,0.27
Islamabad,33.7104,73.1338,2026-05-11 15:00:00+00:00,24.0,71,947.6,1.19
Islamabad,33.7104,73.1338,2026-05-11 16:00:00+00:00,23.1,77,948.2,1.14
Islamabad,33.7104,73.1338,2026-05-11 17:00:00+00:00,22.3,83,948.1,1.17
Islamabad,33.7104,73.1338,2026-05-11 18:00:00+00:00,21.3,88,948.5,0.91
Islamabad,33.7104,73.1338,2026-05-11 19:00:00+00:00,20.5,92,947.6,1.61
Islamabad,33.7104,73.1338,2026-05-11 20:00:00+00:00,19.8,92,946.9,1.01
Islamabad,33.7104,73.1338,2026-05-11 21:00:00+00:00,19.6,89,946.6,1.13
Islamabad,33.7104,73.1338,2026-05-11 22:00:00+00:00,19.0,88,945.9,0.66
Islamabad,33.7104,73.1338,2026-05-11 23:00:00+00:00,18.9,84,946.1,0.5
Islamabad,33.7104,73.1338,2026-05-12 00:00:00+00:00,21.0,70,946.7,1.85
Islamabad,33.7104,73.1338,2026-05-12 01:00:00+00:00,21.3,72,947.2,1.35
Islamabad,33.7104,73.1338,2026-05-12 02:00:00+00:00,23.0,61,948.6,0.86
Islamabad,33.7104,73.1338,2026-05-12 03:00:00+00:00,24.7,53,949.0,1.28
Islamabad,33.7104,73.1338,2026-05-12 04:00:00+00:00,26.9,44,949.4,0.41
Islamabad,33.7104,73.1338,2026-05-12 05:00:00+00:00,28.9,38,949.4,1.07
Islamabad,33.7104,73.1338,2026-05-12 06:00:00+00:00,29.1,36,949.9,0.99
Islamabad,33.7104,73.1338,2026-05-12 07:00:00+00:00,30.3,34,949.1,0.86
Islamabad,33.7104,73.1338,2026-05-12 08:00:00+00:00,30.8,35,948.5,1.35
Islamabad,33.7104,73.1338,2026-05-12 09:00:00+00:00,30.2,36,948.0,1.19
Islamabad,33.7104,73.1338,2026-05-12 10:00:00+00:00,29.8,37,947.3,0.5
Islamabad,33.7104,73.1338,2026-05-12 11:00:00+00:00,29.8,36,946.7,0.81
Islamabad,33.7104,73.1338,2026-05-12 12:00:00+00:00,29.3,40,946.4,1.12
Islamabad,33.7104,73.1338,2026-05-12 13:00:00+00:00,27.5,50,945.9,1.28
Islamabad,33.7104,73.1338,2026-05-12 14:00:00+00:00,25.4,56,945.6,1.26
Islamabad,33.7104,73.1338,2026-05-12 15:00:00+00:00,24.2,61,945.4,1.15
Islamabad,33.7104,73.1338,2026-05-12 16:00:00+00:00,23.9,58,945.8,1.4
Islamabad,33.7104,73.1338,2026-05-12 17:00:00+00:00,23.6,58,946.0,1.4
Islamabad,33.7104,73.1338,2026-05-12 18:00:00+00:00,23.8,59,945.9,1.53
Islamabad,33.7104,73.1338,2026-05-12 19:00:00+00:00,23.4,61,945.7,1.45
Islamabad,33.7104,73.1338,2026-05-12 20:00:00+00:00,23.1,63,945.6,1.06
Islamabad,33.7104,73.1338,2026-05-12 21:00:00+00:00,22.6,64,945.2,0.84
Islamabad,33.7104,73.1338,2026-05-12 22:00:00+00:00,22.4,63,945.2,1.19
Islamabad,33.7104,73.1338,2026-05-12 23:00:00+00:00,21.7,64,945.1,1.19
Islamabad,33.7104,73.1338,2026-05-13 00:00:00+00:00,21.3,68,945.2,0.96
Islamabad,33.7104,73.1338,2026-05-13 01:00:00+00:00,22.3,63,945.7,1.11
Islamabad,33.7104,73.1338,2026-05-13 02:00:00+00:00,24.1,66,946.5,0.85
Islamabad,33.7104,73.1338,2026-05-13 03:00:00+00:00,26.8,49,947.5,0.9
Islamabad,33.7104,73.1338,2026-05-13 04:00:00+00:00,28.7,44,948.2,1.08
Islamabad,33.7104,73.1338,2026-05-13 05:00:00+00:00,28.5,44,948.3,2.14
Islamabad,33.7104,73.1338,2026-05-13 06:00:00+00:00,31.1,28,948.2,0.91
Islamabad,33.7104,73.1338,2026-05-13 07:00:00+00:00,31.9,25,947.6,0.59
Islamabad,33.7104,73.1338,2026-05-13 08:00:00+00:00,32.4,24,947.0,0.81
Islamabad,33.7104,73.1338,2026-05-13 09:00:00+00:00,31.6,27,946.2,0.97
Islamabad,33.7104,73.1338,2026-05-13 10:00:00+00:00,31.3,28,945.8,2.0
Islamabad,33.7104,73.1338,2026-05-13 11:00:00+00:00,31.3,29,945.4,2.45
Islamabad,33.7104,73.1338,2026-05-13 12:00:00+00:00,30.7,36,944.5,1.56
Islamabad,33.7104,73.1338,2026-05-13 13:00:00+00:00,29.5,47,944.4,0.78
Islamabad,33.7104,73.1338,2026-05-13 14:00:00+00:00,26.9,45,943.7,1.57
Islamabad,33.7104,73.1338,2026-05-13 15:00:00+00:00,25.0,50,943.5,1.8
Islamabad,33.7104,73.1338,2026-05-13 16:00:00+00:00,25.1,44,944.0,2.72
Islamabad,33.7104,73.1338,2026-05-13 17:00:00+00:00,24.3,42,944.0,2.46
Islamabad,33.7104,73.1338,2026-05-13 18:00:00+00:00,23.4,50,943.7,1.7
Islamabad,33.7104,73.1338,2026-05-13 19:00:00+00:00,22.0,59,943.9,0.9
Islamabad,33.7104,73.1338,2026-05-13 20:00:00+00:00,21.7,61,943.8,0.85
Islamabad,33.7104,73.1338,2026-05-13 21:00:00+00:00,21.4,60,943.5,1.05
Islamabad,33.7104,73.1338,2026-05-13 22:00:00+00:00,20.8,64,943.7,0.4
Islamabad,33.7104,73.1338,2026-05-13 23:00:00+00:00,20.4,62,943.5,0.92
Islamabad,33.7104,73.1338,2026-05-14 00:00:00+00:00,20.6,66,943.1,0.76
Islamabad,33.7104,73.1338,2026-05-14 01:00:00+00:00,21.7,57,944.9,2.2
Islamabad,33.7104,73.1338,2026-05-14 02:00:00+00:00,21.9,71,944.3,2.06
Islamabad,33.7104,73.1338,2026-05-14 03:00:00+00:00,26.4,53,945.7,0.51
Islamabad,33.7104,73.1338,2026-05-14 04:00:00+00:00,28.2,45,946.3,1.27
Islamabad,33.7104,73.1338,2026-05-14 05:00:00+00:00,30.0,37,946.6,1.83
Islamabad,33.7104,73.1338,2026-05-14 06:00:00+00:00,31.1,32,947.1,1.61
Islamabad,33.7104,73.1338,2026-05-14 07:00:00+00:00,32.0,30,946.4,1.2
Islamabad,33.7104,73.1338,2026-05-14 08:00:00+00:00,32.6,29,945.9,2.38
Islamabad,33.7104,73.1338,2026-05-14 09:00:00+00:00,26.6,44,946.7,4.85
Islamabad,33.7104,73.1338,2026-05-14 10:00:00+00:00,26.2,49,946.1,2.89
Islamabad,33.7104,73.1338,2026-05-14 11:00:00+00:00,27.1,47,945.5,2.37
Islamabad,33.7104,73.1338,2026-05-14 12:00:00+00:00,27.5,56,943.9,2.08
Islamabad,33.7104,73.1338,2026-05-14 13:00:00+00:00,27.0,59,943.7,2.38
Islamabad,33.7104,73.1338,2026-05-14 14:00:00+00:00,25.0,61,944.1,1.86
Islamabad,33.7104,73.1338,2026-05-14 15:00:00+00:00,24.1,60,944.1,2.53
Islamabad,33.7104,73.1338,2026-05-14 16:00:00+00:00,24.1,45,944.5,2.45
Islamabad,33.7104,73.1338,2026-05-14 17:00:00+00:00,23.2,49,944.7,1.35
Islamabad,33.7104,73.1338,2026-05-14 18:00:00+00:00,22.1,80,946.5,0.84
Islamabad,33.7104,73.1338,2026-05-14 19:00:00+00:00,20.7,79,945.3,2.31
Islamabad,33.7104,73.1338,2026-05-14 20:00:00+00:00,20.6,72,944.5,1.72
Islamabad,33.7104,73.1338,2026-05-14 21:00:00+00:00,20.4,69,943.8,1.66
Islamabad,33.7104,73.1338,2026-05-14 22:00:00+00:00,18.9,79,942.9,1.86
Islamabad,33.7104,73.1338,2026-05-14 23:00:00+00:00,18.3,80,942.8,1.52
Islamabad,33.7104,73.1338,2026-05-15 00:00:00+00:00,18.9,68,943.0,1.1
Islamabad,33.7104,73.1338,2026-05-15 01:00:00+00:00,20.1,65,943.7,0.87
Islamabad,33.7104,73.1338,2026-05-15 02:00:00+00:00,22.5,69,944.6,0.5
Islamabad,33.7104,73.1338,2026-05-15 03:00:00+00:00,25.7,50,945.9,0.85
Islamabad,33.7104,73.1338,2026-05-15 04:00:00+00:00,27.4,47,946.7,1.63
Islamabad,33.7104,73.1338,2026-05-15 05:00:00+00:00,29.0,43,947.2,1.83
Islamabad,33.7104,73.1338,2026-05-15 06:00:00+00:00,30.0,37,947.9,2.51
Islamabad,33.7104,73.1338,2026-05-15 07:00:00+00:00,30.8,34,947.1,0.67
Islamabad,33.7104,73.1338,2026-05-15 08:00:00+00:00,29.6,35,946.8,1.88
Islamabad,33.7104,73.1338,2026-05-15 09:00:00+00:00,28.6,38,947.1,1.26
Islamabad,33.7104,73.1338,2026-05-15 10:00:00+00:00,27.7,48,946.6,1.91
Islamabad,33.7104,73.1338,2026-05-15 11:00:00+00:00,27.7,47,946.4,1.24
Islamabad,33.7104,73.1338,2026-05-15 12:00:00+00:00,29.3,47,944.5,1.1
Islamabad,33.7104,73.1338,2026-05-15 13:00:00+00:00,28.1,58,944.5,0.79
Islamabad,33.7104,73.1338,2026-05-15 14:00:00+00:00,25.8,64,944.4,0.75
Islamabad,33.7104,73.1338,2026-05-15 15:00:00+00:00,24.8,65,944.7,0.97
Islamabad,33.7104,73.1338,2026-05-15 16:00:00+00:00,23.6,66,945.1,1.26
Islamabad,33.7104,73.1338,2026-05-15 17:00:00+00:00,22.8,67,945.3,1.36
Islamabad,33.7104,73.1338,2026-05-15 18:00:00+00:00,22.7,67,945.4,1.3
Islamabad,33.7104,73.1338,2026-05-15 19:00:00+00:00,22.2,68,945.1,1.3
Islamabad,33.7104,73.1338,2026-05-15 20:00:00+00:00,21.9,70,944.7,0.9
Islamabad,33.7104,73.1338,2026-05-15 21:00:00+00:00,21.3,70,943.9,1.15
Islamabad,33.7104,73.1338,2026-05-15 22:00:00+00:00,20.7,71,943.4,1.21
Islamabad,33.7104,73.1338,2026-05-15 23:00:00+00:00,20.4,70,943.5,1.25
Islamabad,33.7104,73.1338,2026-05-16 00:00:00+00:00,20.0,77,943.7,0.81
Islamabad,33.7104,73.1338,2026-05-16 01:00:00+00:00,20.8,74,944.0,0.86
Islamabad,33.7104,73.1338,2026-05-16 02:00:00+00:00,23.5,75,945.1,0.6
Islamabad,33.7104,73.1338,2026-05-16 03:00:00+00:00,26.9,54,946.3,0.81
Islamabad,33.7104,73.1338,2026-05-16 04:00:00+00:00,28.5,51,946.9,1.26
Islamabad,33.7104,73.1338,2026-05-16 05:00:00+00:00,30.3,44,947.2,1.36
Islamabad,33.7104,73.1338,2026-05-16 06:00:00+00:00,31.3,35,947.7,2.23
Islamabad,33.7104,73.1338,2026-05-16 07:00:00+00:00,32.2,31,947.6,1.49
Islamabad,33.7104,73.1338,2026-05-16 08:00:00+00:00,32.8,31,947.1,1.72
Islamabad,33.7104,73.1338,2026-05-16 09:00:00+00:00,33.1,30,946.4,1.93
Islamabad,33.7104,73.1338,2026-05-16 10:00:00+00:00,33.2,30,945.7,1.84
Islamabad,33.7104,73.1338,2026-05-16 11:00:00+00:00,32.9,29,945.5,1.35
Islamabad,33.7104,73.1338,2026-05-16 12:00:00+00:00,32.4,41,944.8,0.61
Islamabad,33.7104,73.1338,2026-05-16 13:00:00+00:00,30.5,57,944.7,0.15
Islamabad,33.7104,73.1338,2026-05-16 14:00:00+00:00,27.7,56,944.9,0.81
Islamabad,33.7104,73.1338,2026-05-16 15:00:00+00:00,26.3,56,945.1,1.41
Islamabad,33.7104,73.1338,2026-05-16 16:00:00+00:00,24.1,62,945.6,1.73
Islamabad,33.7104,73.1338,2026-05-16 17:00:00+00:00,22.8,64,945.6,1.61
Islamabad,33.7104,73.1338,2026-05-16 18:00:00+00:00,22.8,65,946.0,1.0
Islamabad,33.7104,73.1338,2026-05-16 19:00:00+00:00,22.5,64,945.7,1.63
Islamabad,33.7104,73.1338,2026-05-16 20:00:00+00:00,22.2,61,945.4,1.38
Islamabad,33.7104,73.1338,2026-05-16 21:00:00+00:00,21.9,59,944.9,1.38
Islamabad,33.7104,73.1338,2026-05-16 22:00:00+00:00,21.6,59,944.7,1.13
Islamabad,33.7104,73.1338,2026-05-16 23:00:00+00:00,21.3,60,944.9,1.08
Islamabad,33.7104,73.1338,2026-05-17 00:00:00+00:00,21.6,60,945.1,0.47
Islamabad,33.7104,73.1338,2026-05-17 01:00:00+00:00,22.1,60,945.2,1.13
Islamabad,33.7104,73.1338,2026-05-17 02:00:00+00:00,24.9,64,946.0,1.21
Islamabad,33.7104,73.1338,2026-05-17 03:00:00+00:00,28.4,48,946.7,0.89
Islamabad,33.7104,73.1338,2026-05-17 04:00:00+00:00,30.8,41,947.2,1.12
Islamabad,33.7104,73.1338,2026-05-17 05:00:00+00:00,33.0,30,947.1,1.7
Islamabad,33.7104,73.1338,2026-05-17 06:00:00+00:00,34.1,26,947.5,2.36
Islamabad,33.7104,73.1338,2026-05-17 07:00:00+00:00,34.5,26,946.9,3.0
Islamabad,33.7104,73.1338,2026-05-17 08:00:00+00:00,34.7,26,946.4,3.44
Islamabad,33.7104,73.1338,2026-05-17 09:00:00+00:00,34.7,27,945.6,3.66
Islamabad,33.7104,73.1338,2026-05-17 10:00:00+00:00,34.5,27,945.1,3.52
Islamabad,33.7104,73.1338,2026-05-17 11:00:00+00:00,34.1,29,944.6,3.62
Islamabad,33.7104,73.1338,2026-05-17 12:00:00+00:00,33.5,37,944.0,1.65
Islamabad,33.7104,73.1338,2026-05-17 13:00:00+00:00,31.6,47,943.6,1.29
Islamabad,33.7104,73.1338,2026-05-17 14:00:00+00:00,28.7,50,943.2,1.1
Islamabad,33.7104,73.1338,2026-05-17 15:00:00+00:00,26.1,56,943.0,1.12
Islamabad,33.7104,73.1338,2026-05-17 16:00:00+00:00,24.0,65,943.1,1.35
Islamabad,33.7104,73.1338,2026-05-17 17:00:00+00:00,23.4,66,943.3,1.67
Islamabad,33.7104,73.1338,2026-05-17 18:00:00+00:00,23.5,64,943.2,1.1
Islamabad,33.7104,73.1338,2026-05-17 19:00:00+00:00,23.4,61,942.6,1.31
Islamabad,33.7104,73.1338,2026-05-17 20:00:00+00:00,23.3,58,942.2,1.2
Islamabad,33.7104,73.1338,2026-05-17 21:00:00+00:00,23.1,56,941.6,1.23
Islamabad,33.7104,73.1338,2026-05-17 22:00:00+00:00,23.0,56,941.5,1.2
Islamabad,33.7104,73.1338,2026-05-17 23:00:00+00:00,22.8,56,941.6,1.15
Islamabad,33.7104,73.1338,2026-05-18 00:00:00+00:00,21.9,63,941.3,0.97
Islamabad,33.7104,73.1338,2026-05-18 01:00:00+00:00,22.9,63,941.6,1.47
Islamabad,33.7104,73.1338,2026-05-18 02:00:00+00:00,26.2,63,942.5,1.66
Islamabad,33.7104,73.1338,2026-05-18 03:00:00+00:00,30.0,50,943.3,0.53
Islamabad,33.7104,73.1338,2026-05-18 04:00:00+00:00,32.6,42,943.7,0.78
Islamabad,33.7104,73.1338,2026-05-18 05:00:00+00:00,34.8,34,943.8,1.19
Islamabad,33.7104,73.1338,2026-05-18 06:00:00+00:00,36.4,30,944.2,1.27
Islamabad,33.7104,73.1338,2026-05-18 07:00:00+00:00,37.2,27,943.8,1.73
Islamabad,33.7104,73.1338,2026-05-18 08:00:00+00:00,37.5,26,943.6,1.98
Islamabad,33.7104,73.1338,2026-05-18 09:00:00+00:00,37.7,26,942.9,1.68
Islamabad,33.7104,73.1338,2026-05-18 10:00:00+00:00,38.0,23,942.8,1.23
Islamabad,33.7104,73.1338,2026-05-18 11:00:00+00:00,36.9,27,942.9,2.35
Islamabad,33.7104,73.1338,2026-05-18 12:00:00+00:00,36.3,38,942.0,1.46
Islamabad,33.7104,73.1338,2026-05-18 13:00:00+00:00,34.1,41,941.7,1.21
Islamabad,33.7104,73.1338,2026-05-18 14:00:00+00:00,32.7,35,941.6,0.05
Islamabad,33.7104,73.1338,2026-05-18 15:00:00+00:00,30.1,40,941.6,1.03
Islamabad,33.7104,73.1338,2026-05-18 16:00:00+00:00,28.1,45,941.9,1.5
Islamabad,33.7104,73.1338,2026-05-18 17:00:00+00:00,27.2,45,942.2,1.37
Islamabad,33.7104,73.1338,2026-05-18 18:00:00+00:00,28.4,43,941.9,1.43
Islamabad,33.7104,73.1338,2026-05-18 19:00:00+00:00,27.9,43,941.8,1.19
Islamabad,33.7104,73.1338,2026-05-18 20:00:00+00:00,26.7,47,942.1,2.88
Islamabad,33.7104,73.1338,2026-05-18 21:00:00+00:00,22.6,72,943.2,6.24
Islamabad,33.7104,73.1338,2026-05-18 22:00:00+00:00,25.2,56,942.3,4.19
Islamabad,33.7104,73.1338,2026-05-18 23:00:00+00:00,26.1,48,942.1,4.34
Islamabad,33.7104,73.1338,2026-05-19 00:00:00+00:00,26.9,42,942.1,4.09
Islamabad,33.7104,73.1338,2026-05-19 01:00:00+00:00,27.3,41,942.6,3.89
Islamabad,33.7104,73.1338,2026-05-19 02:00:00+00:00,29.3,39,943.3,2.84
Islamabad,33.7104,73.1338,2026-05-19 03:00:00+00:00,32.5,33,944.5,2.3
Islamabad,33.7104,73.1338,2026-05-19 04:00:00+00:00,33.8,31,945.3,3.07
Islamabad,33.7104,73.1338,2026-05-19 05:00:00+00:00,34.3,34,945.8,3.61
Islamabad,33.7104,73.1338,2026-05-19 06:00:00+00:00,35.1,26,946.3,4.32
Islamabad,33.7104,73.1338,2026-05-19 07:00:00+00:00,35.6,23,946.0,3.0
Islamabad,33.7104,73.1338,2026-05-19 08:00:00+00:00,36.7,19,945.4,3.86
Islamabad,33.7104,73.1338,2026-05-19 09:00:00+00:00,36.4,20,944.8,4.5
Islamabad,33.7104,73.1338,2026-05-19 10:00:00+00:00,36.4,20,944.2,4.12
Islamabad,33.7104,73.1338,2026-05-19 11:00:00+00:00,35.9,20,943.8,3.71
Islamabad,33.7104,73.1338,2026-05-19 12:00:00+00:00,35.2,21,943.1,2.83
Islamabad,33.7104,73.1338,2026-05-19 13:00:00+00:00,33.0,26,943.0,2.44
Islamabad,33.7104,73.1338,2026-05-19 14:00:00+00:00,30.7,29,943.1,2.03
Islamabad,33.7104,73.1338,2026-05-19 15:00:00+00:00,28.8,32,943.2,1.86
Islamabad,33.7104,73.1338,2026-05-19 16:00:00+00:00,27.9,32,943.6,2.06
Islamabad,33.7104,73.1338,2026-05-19 17:00:00+00:00,26.9,34,943.7,1.68
Islamabad,33.7104,73.1338,2026-05-19 18:00:00+00:00,27.9,34,943.4,1.76
Islamabad,33.7104,73.1338,2026-05-19 19:00:00+00:00,27.7,38,943.3,1.15
Islamabad,33.7104,73.1338,2026-05-19 20:00:00+00:00,27.5,39,943.1,0.81
Islamabad,33.7104,73.1338,2026-05-19 21:00:00+00:00,26.1,42,942.8,1.0
Islamabad,33.7104,73.1338,2026-05-19 22:00:00+00:00,25.7,44,942.8,1.15
Islamabad,33.7104,73.1338,2026-05-19 23:00:00+00:00,25.4,45,942.8,1.3
Islamabad,33.7104,73.1338,2026-05-20 00:00:00+00:00,26.8,40,942.7,1.17
Islamabad,33.7104,73.1338,2026-05-20 01:00:00+00:00,26.8,42,942.9,1.76
Islamabad,33.7104,73.1338,2026-05-20 02:00:00+00:00,28.8,42,943.8,2.14
Islamabad,33.7104,73.1338,2026-05-20 03:00:00+00:00,31.8,38,944.7,1.97
Islamabad,33.7104,73.1338,2026-05-20 04:00:00+00:00,33.9,29,945.2,2.57
Islamabad,33.7104,73.1338,2026-05-20 05:00:00+00:00,35.1,24,945.4,2.62
Islamabad,33.7104,73.1338,2026-05-20 06:00:00+00:00,36.3,20,945.9,3.07
Islamabad,33.7104,73.1338,2026-05-20 07:00:00+00:00,36.3,19,945.3,3.32
Islamabad,33.7104,73.1338,2026-05-20 08:00:00+00:00,36.5,18,944.5,3.61
Islamabad,33.7104,73.1338,2026-05-20 09:00:00+00:00,36.5,19,943.9,2.7
Islamabad,33.7104,73.1338,2026-05-20 10:00:00+00:00,36.5,20,943.4,1.74
Islamabad,33.7104,73.1338,2026-05-20 11:00:00+00:00,36.2,22,943.1,1.12
Islamabad,33.7104,73.1338,2026-05-20 12:00:00+00:00,35.5,27,941.7,1.7
Islamabad,33.7104,73.1338,2026-05-20 13:00:00+00:00,33.7,31,941.6,1.85
Islamabad,33.7104,73.1338,2026-05-20 14:00:00+00:00,31.5,31,942.3,1.6
Islamabad,33.7104,73.1338,2026-05-20 15:00:00+00:00,29.0,39,943.8,3.23
Islamabad,33.7104,73.1338,2026-05-20 16:00:00+00:00,28.2,44,944.4,1.9
Islamabad,33.7104,73.1338,2026-05-20 17:00:00+00:00,26.6,52,943.8,2.18
Islamabad,33.7104,73.1338,2026-05-20 18:00:00+00:00,27.0,48,943.4,1.86
Islamabad,33.7104,73.1338,2026-05-20 19:00:00+00:00,26.3,51,944.5,1.54
Islamabad,33.7104,73.1338,2026-05-20 20:00:00+00:00,24.7,60,944.3,3.32
Islamabad,33.7104,73.1338,2026-05-20 21:00:00+00:00,22.6,77,944.9,2.85
Islamabad,33.7104,73.1338,2026-05-20 22:00:00+00:00,22.1,83,945.7,3.73
Islamabad,33.7104,73.1338,2026-05-20 23:00:00+00:00,23.7,60,945.4,4.33
Islamabad,33.7104,73.1338,2026-05-21 00:00:00+00:00,22.9,64,945.1,3.42
Islamabad,33.7104,73.1338,2026-05-21 01:00:00+00:00,24.3,49,945.4,2.22
Islamabad,33.7104,73.1338,2026-05-21 02:00:00+00:00,25.4,52,946.7,1.1
Islamabad,33.7104,73.1338,2026-05-21 03:00:00+00:00,25.6,50,946.9,2.09
Islamabad,33.7104,73.1338,2026-05-21 04:00:00+00:00,27.9,46,947.2,1.12
Islamabad,33.7104,73.1338,2026-05-21 05:00:00+00:00,30.9,35,947.7,1.35
Islamabad,33.7104,73.1338,2026-05-21 06:00:00+00:00,32.1,30,948.0,2.36
Islamabad,33.7104,73.1338,2026-05-21 07:00:00+00:00,32.8,29,947.7,1.01
Islamabad,33.7104,73.1338,2026-05-21 08:00:00+00:00,32.8,30,947.3,1.21
Islamabad,33.7104,73.1338,2026-05-21 09:00:00+00:00,33.1,31,946.6,0.53
Islamabad,33.7104,73.1338,2026-05-21 10:00:00+00:00,33.1,30,945.9,0.36
Islamabad,33.7104,73.1338,2026-05-21 11:00:00+00:00,32.5,32,945.6,1.23
Islamabad,33.7104,73.1338,2026-05-21 12:00:00+00:00,32.6,39,944.4,1.17
Islamabad,33.7104,73.1338,2026-05-21 13:00:00+00:00,31.0,50,945.0,1.05
Islamabad,33.7104,73.1338,2026-05-21 14:00:00+00:00,28.7,52,945.1,1.97
Islamabad,33.7104,73.1338,2026-05-21 15:00:00+00:00,27.0,60,945.2,1.27
Islamabad,33.7104,73.1338,2026-05-21 16:00:00+00:00,26.0,64,946.1,1.85
Islamabad,33.7104,73.1338,2026-05-21 17:00:00+00:00,21.3,82,947.8,5.45
Islamabad,33.7104,73.1338,2026-05-21 18:00:00+00:00,21.7,90,948.7,3.46
Islamabad,33.7104,73.1338,2026-05-21 19:00:00+00:00,22.0,87,948.3,1.52
Islamabad,33.7104,73.1338,2026-05-21 20:00:00+00:00,21.7,91,947.8,2.71
Islamabad,33.7104,73.1338,2026-05-21 21:00:00+00:00,22.8,70,946.4,4.36
Islamabad,33.7104,73.1338,2026-05-21 22:00:00+00:00,23.7,57,945.6,2.89
Islamabad,33.7104,73.1338,2026-05-21 23:00:00+00:00,21.9,69,945.7,1.1
Islamabad,33.7104,73.1338,2026-05-22 00:00:00+00:00,23.3,70,946.3,0.43
Islamabad,33.7104,73.1338,2026-05-22 01:00:00+00:00,23.3,68,946.6,1.08
Islamabad,33.7104,73.1338,2026-05-22 02:00:00+00:00,25.4,61,947.6,1.61
Islamabad,33.7104,73.1338,2026-05-22 03:00:00+00:00,27.6,51,948.3,1.05
Islamabad,33.7104,73.1338,2026-05-22 04:00:00+00:00,29.4,44,948.7,1.42
Islamabad,33.7104,73.1338,2026-05-22 05:00:00+00:00,30.8,39,949.2,1.77
Islamabad,33.7104,73.1338,2026-05-22 06:00:00+00:00,32.0,29,949.6,2.72
Islamabad,33.7104,73.1338,2026-05-22 07:00:00+00:00,32.3,30,949.3,2.97
Islamabad,33.7104,73.1338,2026-05-22 08:00:00+00:00,33.2,28,948.9,2.26
Islamabad,33.7104,73.1338,2026-05-22 09:00:00+00:00,33.1,27,948.2,1.07
Islamabad,33.7104,73.1338,2026-05-22 10:00:00+00:00,33.4,26,947.6,1.15
Islamabad,33.7104,73.1338,2026-05-22 11:00:00+00:00,33.1,28,946.9,1.78
Islamabad,33.7104,73.1338,2026-05-22 12:00:00+00:00,32.2,33,946.7,2.15
Islamabad,33.7104,73.1338,2026-05-22 13:00:00+00:00,29.9,42,946.3,2.33
Islamabad,33.7104,73.1338,2026-05-22 14:00:00+00:00,27.2,49,946.5,1.85
Islamabad,33.7104,73.1338,2026-05-22 15:00:00+00:00,25.6,54,946.5,1.73
Islamabad,33.7104,73.1338,2026-05-22 16:00:00+00:00,24.3,57,946.7,1.3
Islamabad,33.7104,73.1338,2026-05-22 17:00:00+00:00,23.4,58,946.8,1.46
Islamabad,33.7104,73.1338,2026-05-22 18:00:00+00:00,24.0,58,946.5,0.86
Islamabad,33.7104,73.1338,2026-05-22 19:00:00+00:00,23.9,54,946.5,1.1
Islamabad,33.7104,73.1338,2026-05-22 20:00:00+00:00,23.5,58,946.4,0.95
Islamabad,33.7104,73.1338,2026-05-22 21:00:00+00:00,23.2,58,945.9,1.25
Islamabad,33.7104,73.1338,2026-05-22 22:00:00+00:00,23.5,52,946.0,1.91
Islamabad,33.7104,73.1338,2026-05-22 23:00:00+00:00,23.3,47,946.5,4.13
Islamabad,33.7104,73.1338,2026-05-23 00:00:00+00:00,21.5,63,946.6,1.75
Islamabad,33.7104,73.1338,2026-05-23 01:00:00+00:00,23.0,52,947.3,3.09
Islamabad,33.7104,73.1338,2026-05-23 02:00:00+00:00,25.3,46,947.4,2.83
Islamabad,33.7104,73.1338,2026-05-23 03:00:00+00:00,28.2,42,948.3,1.42
Islamabad,33.7104,73.1338,2026-05-23 04:00:00+00:00,29.5,39,949.3,2.11
Islamabad,33.7104,73.1338,2026-05-23 05:00:00+00:00,30.8,31,949.5,1.41
Islamabad,33.7104,73.1338,2026-05-23 06:00:00+00:00,32.4,26,949.5,1.85
Islamabad,33.7104,73.1338,2026-05-23 07:00:00+00:00,32.6,26,949.3,1.21
Islamabad,33.7104,73.1338,2026-05-23 08:00:00+00:00,33.3,26,948.8,1.35
Islamabad,33.7104,73.1338,2026-05-23 09:00:00+00:00,29.8,40,949.2,3.0
Islamabad,33.7104,73.1338,2026-05-23 10:00:00+00:00,31.1,33,948.5,0.81
Islamabad,33.7104,73.1338,2026-05-23 11:00:00+00:00,31.7,31,947.9,1.28
Islamabad,33.7104,73.1338,2026-05-23 12:00:00+00:00,32.8,30,947.0,1.13
Islamabad,33.7104,73.1338,2026-05-23 13:00:00+00:00,30.4,55,946.8,0.76
Islamabad,33.7104,73.1338,2026-05-23 14:00:00+00:00,28.2,59,946.4,0.68
Islamabad,33.7104,73.1338,2026-05-23 15:00:00+00:00,26.7,49,946.3,2.4
Islamabad,33.7104,73.1338,2026-05-23 16:00:00+00:00,26.1,44,946.7,2.29
Islamabad,33.7104,73.1338,2026-05-23 17:00:00+00:00,24.8,51,946.8,1.87
Islamabad,33.7104,73.1338,2026-05-23 18:00:00+00:00,24.8,63,946.6,1.48
Islamabad,33.7104,73.1338,2026-05-23 19:00:00+00:00,23.9,67,946.1,1.46
Islamabad,33.7104,73.1338,2026-05-23 20:00:00+00:00,23.6,63,945.6,1.81
Islamabad,33.7104,73.1338,2026-05-23 21:00:00+00:00,22.9,68,945.3,1.41
Islamabad,33.7104,73.1338,2026-05-23 22:00:00+00:00,22.7,69,945.3,1.26
Islamabad,33.7104,73.1338,2026-05-23 23:00:00+00:00,22.4,67,944.8,1.51
Islamabad,33.7104,73.1338,2026-05-24 00:00:00+00:00,22.6,65,944.8,0.81
Islamabad,33.7104,73.1338,2026-05-24 01:00:00+00:00,23.1,63,944.9,2.01
Islamabad,33.7104,73.1338,2026-05-24 02:00:00+00:00,25.6,62,946.4,0.53
Islamabad,33.7104,73.1338,2026-05-24 03:00:00+00:00,27.6,51,947.3,1.17
Islamabad,33.7104,73.1338,2026-05-24 04:00:00+00:00,29.3,43,947.5,1.13
Islamabad,33.7104,73.1338,2026-05-24 05:00:00+00:00,31.3,36,948.0,1.15
Islamabad,33.7104,73.1338,2026-05-24 06:00:00+00:00,29.8,41,949.6,2.34
Islamabad,33.7104,73.1338,2026-05-24 07:00:00+00:00,32.0,32,948.8,2.5
Islamabad,33.7104,73.1338,2026-05-24 08:00:00+00:00,32.5,29,948.1,2.0
Islamabad,33.7104,73.1338,2026-05-24 09:00:00+00:00,32.6,29,947.3,2.7
Islamabad,33.7104,73.1338,2026-05-24 10:00:00+00:00,32.3,29,946.7,3.19
Islamabad,33.7104,73.1338,2026-05-24 11:00:00+00:00,32.3,30,946.0,2.58
Islamabad,33.7104,73.1338,2026-05-24 12:00:00+00:00,32.3,30,945.6,2.84
Islamabad,33.7104,73.1338,2026-05-24 13:00:00+00:00,30.3,39,945.5,1.84
Islamabad,33.7104,73.1338,2026-05-24 14:00:00+00:00,27.4,49,944.9,1.25
Islamabad,33.7104,73.1338,2026-05-24 15:00:00+00:00,25.6,56,945.0,1.51
Islamabad,33.7104,73.1338,2026-05-24 16:00:00+00:00,24.5,60,945.0,1.36
Islamabad,33.7104,73.1338,2026-05-24 17:00:00+00:00,23.9,62,945.2,1.12
Islamabad,33.7104,73.1338,2026-05-24 18:00:00+00:00,24.7,59,944.9,0.85
Islamabad,33.7104,73.1338,2026-05-24 19:00:00+00:00,24.4,52,944.7,1.21
Islamabad,33.7104,73.1338,2026-05-24 20:00:00+00:00,23.6,52,944.3,1.07
Islamabad,33.7104,73.1338,2026-05-24 21:00:00+00:00,23.2,69,944.5,1.34
Islamabad,33.7104,73.1338,2026-05-24 22:00:00+00:00,23.4,61,945.0,2.02
Islamabad,33.7104,73.1338,2026-05-24 23:00:00+00:00,21.5,71,944.6,2.43
Islamabad,33.7104,73.1338,2026-05-25 00:00:00+00:00,22.7,62,944.5,0.45
Islamabad,33.7104,73.1338,2026-05-25 01:00:00+00:00,23.1,62,945.0,0.7
Islamabad,33.7104,73.1338,2026-05-25 02:00:00+00:00,25.1,69,945.4,0.85
Islamabad,33.7104,73.1338,2026-05-25 03:00:00+00:00,28.3,44,946.3,0.81
Islamabad,33.7104,73.1338,2026-05-25 04:00:00+00:00,30.2,40,946.7,1.37
Islamabad,33.7104,73.1338,2026-05-25 05:00:00+00:00,31.6,34,946.6,1.63
Islamabad,33.7104,73.1338,2026-05-25 06:00:00+00:00,32.3,27,946.8,1.87
Islamabad,33.7104,73.1338,2026-05-25 07:00:00+00:00,33.1,23,946.3,2.3
Islamabad,33.7104,73.1338,2026-05-25 08:00:00+00:00,33.6,21,945.8,2.3
Islamabad,33.7104,73.1338,2026-05-25 09:00:00+00:00,33.8,20,945.3,1.82
Islamabad,33.7104,73.1338,2026-05-25 10:00:00+00:00,33.7,19,945.1,1.43
Islamabad,33.7104,73.1338,2026-05-25 11:00:00+00:00,33.4,20,944.7,1.27
Islamabad,33.7104,73.1338,2026-05-25 12:00:00+00:00,33.0,23,944.4,2.15
Islamabad,33.7104,73.1338,2026-05-25 13:00:00+00:00,30.7,37,944.3,1.35
Islamabad,33.7104,73.1338,2026-05-25 14:00:00+00:00,28.5,37,944.2,0.43
Islamabad,33.7104,73.1338,2026-05-25 15:00:00+00:00,25.2,44,944.3,1.0
Islamabad,33.7104,73.1338,2026-05-25 16:00:00+00:00,24.5,43,944.7,2.15
Islamabad,33.7104,73.1338,2026-05-25 17:00:00+00:00,24.9,39,945.1,2.02
Islamabad,33.7104,73.1338,2026-05-25 18:00:00+00:00,24.3,45,945.1,1.75
Islamabad,33.7104,73.1338,2026-05-25 19:00:00+00:00,23.7,49,944.9,1.87
Islamabad,33.7104,73.1338,2026-05-25 20:00:00+00:00,22.7,56,944.5,1.3
Islamabad,33.7104,73.1338,2026-05-25 21:00:00+00:00,22.3,60,944.7,0.97
Islamabad,33.7104,73.1338,2026-05-25 22:00:00+00:00,22.0,59,944.6,0.79
Islamabad,33.7104,73.1338,2026-05-25 23:00:00+00:00,21.5,60,944.5,0.65
Islamabad,33.7104,73.1338,2026-05-26 00:00:00+00:00,21.8,60,944.7,0.59
Islamabad,33.7104,73.1338,2026-05-26 01:00:00+00:00,22.7,58,945.4,0.61
Islamabad,33.7104,73.1338,2026-05-26 02:00:00+00:00,24.9,62,946.2,0.15
Islamabad,33.7104,73.1338,2026-05-26 03:00:00+00:00,28.0,45,947.1,0.76
Islamabad,33.7104,73.1338,2026-05-26 04:00:00+00:00,30.3,38,947.4,1.14
Islamabad,33.7104,73.1338,2026-05-26 05:00:00+00:00,32.0,34,947.3,1.6
Islamabad,33.7104,73.1338,2026-05-26 06:00:00+00:00,33.0,25,947.7,2.67
Islamabad,33.7104,73.1338,2026-05-26 07:00:00+00:00,34.1,22,947.4,2.17
Islamabad,33.7104,73.1338,2026-05-26 08:00:00+00:00,35.2,19,946.7,2.01
Islamabad,33.7104,73.1338,2026-05-26 09:00:00+00:00,35.5,17,945.9,2.35
Islamabad,33.7104,73.1338,2026-05-26 10:00:00+00:00,35.2,18,945.5,2.6
Islamabad,33.7104,73.1338,2026-05-26 11:00:00+00:00,34.7,19,945.4,2.93
Islamabad,33.7104,73.1338,2026-05-26 12:00:00+00:00,35.2,22,945.2,0.79
Islamabad,33.7104,73.1338,2026-05-26 13:00:00+00:00,33.8,34,945.3,0.35
Islamabad,33.7104,73.1338,2026-05-26 14:00:00+00:00,31.5,34,945.3,0.25
Islamabad,33.7104,73.1338,2026-05-26 15:00:00+00:00,28.8,35,945.4,0.61
Islamabad,33.7104,73.1338,2026-05-26 16:00:00+00:00,26.6,43,945.5,1.35
Islamabad,33.7104,73.1338,2026-05-26 17:00:00+00:00,24.7,51,945.6,1.3
Islamabad,33.7104,73.1338,2026-05-26 18:00:00+00:00,24.5,50,945.7,1.04
Islamabad,33.7104,73.1338,2026-05-26 19:00:00+00:00,23.6,51,945.4,0.95
Islamabad,33.7104,73.1338,2026-05-26 20:00:00+00:00,23.9,48,945.4,1.12
Islamabad,33.7104,73.1338,2026-05-26 21:00:00+00:00,24.0,47,945.0,0.95
Islamabad,33.7104,73.1338,2026-05-26 22:00:00+00:00,24.0,44,944.5,1.0
Islamabad,33.7104,73.1338,2026-05-26 23:00:00+00:00,23.1,45,944.2,0.92
Islamabad,33.7104,73.1338,2026-05-27 00:00:00+00:00,23.3,48,944.4,0.9
Islamabad,33.7104,73.1338,2026-05-27 01:00:00+00:00,24.0,49,944.8,1.31
Islamabad,33.7104,73.1338,2026-05-27 02:00:00+00:00,26.7,54,945.4,1.72
Islamabad,33.7104,73.1338,2026-05-27 03:00:00+00:00,30.9,40,946.6,0.05
Islamabad,33.7104,73.1338,2026-05-27 04:00:00+00:00,33.1,32,947.1,0.66
Islamabad,33.7104,73.1338,2026-05-27 05:00:00+00:00,35.2,26,946.8,1.11
Islamabad,33.7104,73.1338,2026-05-27 06:00:00+00:00,36.9,18,946.9,1.15
Islamabad,33.7104,73.1338,2026-05-27 07:00:00+00:00,37.7,16,946.4,2.2
Islamabad,33.7104,73.1338,2026-05-27 08:00:00+00:00,37.6,16,945.8,3.1
Islamabad,33.7104,73.1338,2026-05-27 09:00:00+00:00,37.5,17,945.5,3.04
Islamabad,33.7104,73.1338,2026-05-27 10:00:00+00:00,37.3,18,945.1,3.03
Islamabad,33.7104,73.1338,2026-05-27 11:00:00+00:00,36.8,19,944.9,2.7
Islamabad,33.7104,73.1338,2026-05-27 12:00:00+00:00,36.2,28,944.4,1.39
Islamabad,33.7104,73.1338,2026-05-27 13:00:00+00:00,35.1,37,944.6,0.4
Islamabad,33.7104,73.1338,2026-05-27 14:00:00+00:00,32.0,34,944.3,0.14
Islamabad,33.7104,73.1338,2026-05-27 15:00:00+00:00,27.8,42,944.0,0.86
Islamabad,33.7104,73.1338,2026-05-27 16:00:00+00:00,25.3,52,943.8,1.35
Islamabad,33.7104,73.1338,2026-05-27 17:00:00+00:00,24.6,54,943.8,1.3
Islamabad,33.7104,73.1338,2026-05-27 18:00:00+00:00,26.5,38,944.0,1.18
Islamabad,33.7104,73.1338,2026-05-27 19:00:00+00:00,25.7,38,943.7,1.12
Islamabad,33.7104,73.1338,2026-05-27 20:00:00+00:00,25.2,39,943.3,1.29
Islamabad,33.7104,73.1338,2026-05-27 21:00:00+00:00,24.7,41,943.1,1.37
Islamabad,33.7104,73.1338,2026-05-27 22:00:00+00:00,24.3,44,943.2,1.25
Islamabad,33.7104,73.1338,2026-05-27 23:00:00+00:00,23.9,44,943.2,1.25
Islamabad,33.7104,73.1338,2026-05-28 00:00:00+00:00,25.1,46,943.2,0.65
Islamabad,33.7104,73.1338,2026-05-28 01:00:00+00:00,25.9,50,944.5,0.49
Islamabad,33.7104,73.1338,2026-05-28 02:00:00+00:00,27.4,46,944.9,1.1
Islamabad,33.7104,73.1338,2026-05-28 03:00:00+00:00,31.0,36,945.8,1.08
Islamabad,33.7104,73.1338,2026-05-28 04:00:00+00:00,31.6,28,946.6,3.47
Islamabad,33.7104,73.1338,2026-05-28 05:00:00+00:00,34.2,22,946.6,0.43
Islamabad,33.7104,73.1338,2026-05-28 06:00:00+00:00,35.4,20,947.0,2.88
Islamabad,33.7104,73.1338,2026-05-28 07:00:00+00:00,36.9,15,946.9,0.92
Islamabad,33.7104,73.1338,2026-05-28 08:00:00+00:00,36.4,17,946.3,1.91
Islamabad,33.7104,73.1338,2026-05-28 09:00:00+00:00,36.7,16,946.1,2.03
Islamabad,33.7104,73.1338,2026-05-28 10:00:00+00:00,36.2,17,945.3,1.46
Islamabad,33.7104,73.1338,2026-05-28 11:00:00+00:00,36.5,17,945.0,1.93
Islamabad,33.7104,73.1338,2026-05-28 12:00:00+00:00,35.9,20,944.6,1.77
Islamabad,33.7104,73.1338,2026-05-28 13:00:00+00:00,33.8,33,944.3,1.27
Islamabad,33.7104,73.1338,2026-05-28 14:00:00+00:00,32.5,29,944.0,0.18
Islamabad,33.7104,73.1338,2026-05-28 15:00:00+00:00,29.2,33,944.3,1.38
Islamabad,33.7104,73.1338,2026-05-28 16:00:00+00:00,27.9,35,944.8,1.4
Islamabad,33.7104,73.1338,2026-05-28 17:00:00+00:00,26.4,42,944.6,1.25
Islamabad,33.7104,73.1338,2026-05-28 18:00:00+00:00,26.8,45,944.1,0.97
Islamabad,33.7104,73.1338,2026-05-28 19:00:00+00:00,26.1,43,943.2,1.03
Islamabad,33.7104,73.1338,2026-05-28 20:00:00+00:00,25.2,44,942.2,0.9
Islamabad,33.7104,73.1338,2026-05-28 21:00:00+00:00,24.7,44,942.0,0.89
Islamabad,33.7104,73.1338,2026-05-28 22:00:00+00:00,24.4,44,941.8,0.98
Islamabad,33.7104,73.1338,2026-05-28 23:00:00+00:00,23.9,44,942.1,0.94
Islamabad,33.7104,73.1338,2026-05-29 00:00:00+00:00,24.4,43,942.3,0.5
Islamabad,33.7104,73.1338,2026-05-29 01:00:00+00:00,24.3,47,942.9,0.6
Islamabad,33.7104,73.1338,2026-05-29 02:00:00+00:00,26.0,49,944.1,0.75
Islamabad,33.7104,73.1338,2026-05-29 03:00:00+00:00,29.4,32,945.7,0.9
Islamabad,33.7104,73.1338,2026-05-29 04:00:00+00:00,31.2,30,946.3,2.3
Islamabad,33.7104,73.1338,2026-05-29 05:00:00+00:00,32.6,28,946.4,3.29
Islamabad,33.7104,73.1338,2026-05-29 06:00:00+00:00,34.1,25,946.5,4.18
Islamabad,33.7104,73.1338,2026-05-29 07:00:00+00:00,34.7,26,946.1,4.33
Islamabad,33.7104,73.1338,2026-05-29 08:00:00+00:00,34.9,26,946.0,4.0
Islamabad,33.7104,73.1338,2026-05-29 09:00:00+00:00,34.3,22,945.8,3.74
Islamabad,33.7104,73.1338,2026-05-29 10:00:00+00:00,33.4,24,945.1,3.82
Islamabad,33.7104,73.1338,2026-05-29 11:00:00+00:00,33.4,24,945.3,2.82
Islamabad,33.7104,73.1338,2026-05-29 12:00:00+00:00,34.5,23,944.2,3.66
Islamabad,33.7104,73.1338,2026-05-29 13:00:00+00:00,33.0,28,944.8,4.12
Islamabad,33.7104,73.1338,2026-05-29 14:00:00+00:00,30.8,32,945.5,2.22
Islamabad,33.7104,73.1338,2026-05-29 15:00:00+00:00,28.9,36,945.5,1.32
Islamabad,33.7104,73.1338,2026-05-29 16:00:00+00:00,28.1,36,945.5,1.68
Islamabad,33.7104,73.1338,2026-05-29 17:00:00+00:00,26.9,38,945.9,1.27
Islamabad,33.7104,73.1338,2026-05-29 18:00:00+00:00,27.4,42,945.4,0.97
Islamabad,33.7104,73.1338,2026-05-29 19:00:00+00:00,26.5,42,944.8,0.76
Islamabad,33.7104,73.1338,2026-05-29 20:00:00+00:00,25.6,41,944.7,1.35
Islamabad,33.7104,73.1338,2026-05-29 21:00:00+00:00,24.9,45,944.7,1.11
Islamabad,33.7104,73.1338,2026-05-29 22:00:00+00:00,24.4,47,945.0,0.97
Islamabad,33.7104,73.1338,2026-05-29 23:00:00+00:00,24.2,48,946.1,0.43
Islamabad,33.7104,73.1338,2026-05-30 00:00:00+00:00,22.8,53,946.5,1.1
Islamabad,33.7104,73.1338,2026-05-30 01:00:00+00:00,22.6,54,947.4,2.4
Islamabad,33.7104,73.1338,2026-05-30 02:00:00+00:00,24.8,49,948.0,2.3
Islamabad,33.7104,73.1338,2026-05-30 03:00:00+00:00,26.3,53,949.6,3.8
Islamabad,33.7104,73.1338,2026-05-30 04:00:00+00:00,27.6,46,950.5,4.18
Islamabad,33.7104,73.1338,2026-05-30 05:00:00+00:00,28.8,42,950.8,4.05
Islamabad,33.7104,73.1338,2026-05-30 06:00:00+00:00,29.6,44,949.9,3.73
Islamabad,33.7104,73.1338,2026-05-30 07:00:00+00:00,30.2,41,949.8,3.98
Islamabad,33.7104,73.1338,2026-05-30 08:00:00+00:00,30.9,34,949.5,3.34
Islamabad,33.7104,73.1338,2026-05-30 09:00:00+00:00,30.0,38,949.2,3.48
Islamabad,33.7104,73.1338,2026-05-30 10:00:00+00:00,29.3,39,948.9,2.73
Islamabad,33.7104,73.1338,2026-05-30 11:00:00+00:00,29.6,40,948.6,1.68
Islamabad,33.7104,73.1338,2026-05-30 12:00:00+00:00,30.3,42,947.1,2.65
Islamabad,33.7104,73.1338,2026-05-30 13:00:00+00:00,28.9,45,946.8,2.65
Islamabad,33.7104,73.1338,2026-05-30 14:00:00+00:00,27.9,49,947.0,1.96
Islamabad,33.7104,73.1338,2026-05-30 15:00:00+00:00,26.8,53,947.7,1.82
Islamabad,33.7104,73.1338,2026-05-30 16:00:00+00:00,25.9,61,948.0,0.36
Islamabad,33.7104,73.1338,2026-05-30 17:00:00+00:00,24.9,64,948.2,0.74
Islamabad,33.7104,73.1338,2026-05-30 18:00:00+00:00,24.7,65,947.6,1.22
Islamabad,33.7104,73.1338,2026-05-30 19:00:00+00:00,24.2,69,947.8,0.36
Islamabad,33.7104,73.1338,2026-05-30 20:00:00+00:00,23.8,70,948.1,0.46
Islamabad,33.7104,73.1338,2026-05-30 21:00:00+00:00,23.4,72,948.6,0.21
Islamabad,33.7104,73.1338,2026-05-30 22:00:00+00:00,23.1,70,948.5,1.07
Islamabad,33.7104,73.1338,2026-05-30 23:00:00+00:00,22.9,71,948.6,1.54
Islamabad,33.7104,73.1338,2026-05-31 00:00:00+00:00,22.7,74,948.9,1.44
Islamabad,33.7104,73.1338,2026-05-31 01:00:00+00:00,23.1,73,949.5,1.53
Islamabad,33.7104,73.1338,2026-05-31 02:00:00+00:00,24.5,67,950.0,1.03
Islamabad,33.7104,73.1338,2026-05-31 03:00:00+00:00,26.3,57,950.7,0.92
Islamabad,33.7104,73.1338,2026-05-31 04:00:00+00:00,27.9,47,951.0,1.21
Islamabad,33.7104,73.1338,2026-05-31 05:00:00+00:00,29.1,43,951.0,1.61
Islamabad,33.7104,73.1338,2026-05-31 06:00:00+00:00,30.0,39,951.4,1.8
Islamabad,33.7104,73.1338,2026-05-31 07:00:00+00:00,30.7,38,951.1,1.44
Islamabad,33.7104,73.1338,2026-05-31 08:00:00+00:00,31.6,36,950.6,1.93
Islamabad,33.7104,73.1338,2026-05-31 09:00:00+00:00,31.7,36,950.1,2.48
Islamabad,33.7104,73.1338,2026-05-31 10:00:00+00:00,31.5,37,949.6,1.93
Islamabad,33.7104,73.1338,2026-05-31 11:00:00+00:00,31.5,37,949.2,1.41
Islamabad,33.7104,73.1338,2026-05-31 12:00:00+00:00,31.5,36,948.5,2.13
Islamabad,33.7104,73.1338,2026-05-31 13:00:00+00:00,30.3,39,948.2,2.78
Islamabad,33.7104,73.1338,2026-05-31 14:00:00+00:00,28.6,44,948.3,1.88
Islamabad,33.7104,73.1338,2026-05-31 15:00:00+00:00,27.8,54,948.6,0.16
Islamabad,33.7104,73.1338,2026-05-31 16:00:00+00:00,26.7,56,949.2,0.6
Islamabad,33.7104,73.1338,2026-05-31 17:00:00+00:00,25.8,55,949.9,0.96
Islamabad,33.7104,73.1338,2026-05-31 18:00:00+00:00,26.0,55,950.1,1.77
Islamabad,33.7104,73.1338,2026-05-31 19:00:00+00:00,25.3,55,949.7,1.48
Islamabad,33.7104,73.1338,2026-05-31 20:00:00+00:00,24.8,57,949.3,1.0
Islamabad,33.7104,73.1338,2026-05-31 21:00:00+00:00,24.4,58,948.8,0.95
Islamabad,33.7104,73.1338,2026-05-31 22:00:00+00:00,24.0,61,948.2,0.9
Islamabad,33.7104,73.1338,2026-05-31 23:00:00+00:00,23.4,64,948.0,0.96
Islamabad,33.7104,73.1338,2026-06-01 00:00:00+00:00,23.6,68,948.3,0.66
Islamabad,33.7104,73.1338,2026-06-01 01:00:00+00:00,24.3,63,948.9,0.97
Islamabad,33.7104,73.1338,2026-06-01 02:00:00+00:00,25.9,54,949.9,1.15
Islamabad,33.7104,73.1338,2026-06-01 03:00:00+00:00,27.2,50,950.4,1.69
Islamabad,33.7104,73.1338,2026-06-01 04:00:00+00:00,28.6,46,950.9,2.09
Islamabad,33.7104,73.1338,2026-06-01 05:00:00+00:00,29.6,44,951.3,2.19
Islamabad,33.7104,73.1338,2026-06-01 06:00:00+00:00,30.4,43,951.4,2.31
Islamabad,33.7104,73.1338,2026-06-01 07:00:00+00:00,31.3,41,951.0,1.52
Islamabad,33.7104,73.1338,2026-06-01 08:00:00+00:00,31.8,41,950.6,1.07
Islamabad,33.7104,73.1338,2026-06-01 09:00:00+00:00,32.0,41,949.6,1.36
Islamabad,33.7104,73.1338,2026-06-01 10:00:00+00:00,32.1,40,949.2,1.86
Islamabad,33.7104,73.1338,2026-06-01 11:00:00+00:00,31.7,41,948.7,1.81
Islamabad,33.7104,73.1338,2026-06-01 12:00:00+00:00,32.0,38,948.4,1.71
Islamabad,33.7104,73.1338,2026-06-01 13:00:00+00:00,31.2,39,947.9,1.79
Islamabad,33.7104,73.1338,2026-06-01 14:00:00+00:00,30.1,48,948.0,0.18
Islamabad,33.7104,73.1338,2026-06-01 15:00:00+00:00,28.9,50,948.2,0.51
Islamabad,33.7104,73.1338,2026-06-01 16:00:00+00:00,28.2,53,948.9,0.5
Islamabad,33.7104,73.1338,2026-06-01 17:00:00+00:00,27.3,56,949.0,0.76
Islamabad,33.7104,73.1338,2026-06-01 18:00:00+00:00,28.2,57,948.8,0.22
Islamabad,33.7104,73.1338,2026-06-01 19:00:00+00:00,26.9,57,948.6,0.85
Islamabad,33.7104,73.1338,2026-06-01 20:00:00+00:00,26.3,59,948.6,0.92
Islamabad,33.7104,73.1338,2026-06-01 21:00:00+00:00,26.1,60,948.4,0.94
Islamabad,33.7104,73.1338,2026-06-01 22:00:00+00:00,25.8,61,948.6,1.04
Islamabad,33.7104,73.1338,2026-06-01 23:00:00+00:00,25.2,65,949.0,1.0
Islamabad,33.7104,73.1338,2026-06-02 00:00:00+00:00,26.2,58,949.5,2.84
Islamabad,33.7104,73.1338,2026-06-02 01:00:00+00:00,25.6,63,949.9,2.66
Islamabad,33.7104,73.1338,2026-06-02 02:00:00+00:00,27.1,60,950.4,1.44
Islamabad,33.7104,73.1338,2026-06-02 03:00:00+00:00,29.2,47,950.8,1.31
Islamabad,33.7104,73.1338,2026-06-02 04:00:00+00:00,30.5,45,951.2,1.49
Islamabad,33.7104,73.1338,2026-06-02 05:00:00+00:00,30.9,45,950.9,1.45
Islamabad,33.7104,73.1338,2026-06-02 06:00:00+00:00,31.6,41,951.1,0.98
Islamabad,33.7104,73.1338,2026-06-02 07:00:00+00:00,32.3,41,950.2,1.33
Islamabad,33.7104,73.1338,2026-06-02 08:00:00+00:00,32.4,40,949.8,1.81
Islamabad,33.7104,73.1338,2026-06-02 09:00:00+00:00,33.0,39,948.9,1.74
Islamabad,33.7104,73.1338,2026-06-02 10:00:00+00:00,32.8,39,948.0,2.31
Islamabad,33.7104,73.1338,2026-06-02 11:00:00+00:00,33.1,36,947.9,3.16
Islamabad,33.7104,73.1338,2026-06-02 12:00:00+00:00,33.8,34,946.9,2.04
Islamabad,33.7104,73.1338,2026-06-02 13:00:00+00:00,31.4,40,946.5,4.46
Islamabad,33.7104,73.1338,2026-06-02 14:00:00+00:00,29.1,49,946.9,2.06
Islamabad,33.7104,73.1338,2026-06-02 15:00:00+00:00,28.3,57,947.3,0.28
Islamabad,33.7104,73.1338,2026-06-02 16:00:00+00:00,27.4,60,947.6,0.3
Islamabad,33.7104,73.1338,2026-06-02 17:00:00+00:00,26.9,60,947.3,0.52
Islamabad,33.7104,73.1338,2026-06-02 18:00:00+00:00,26.3,64,947.7,0.83
Islamabad,33.7104,73.1338,2026-06-02 19:00:00+00:00,25.9,66,947.5,0.0
Islamabad,33.7104,73.1338,2026-06-02 20:00:00+00:00,25.6,63,947.1,0.91
Islamabad,33.7104,73.1338,2026-06-02 21:00:00+00:00,25.4,64,946.6,1.27
Islamabad,33.7104,73.1338,2026-06-02 22:00:00+00:00,24.9,67,946.1,1.0
Islamabad,33.7104,73.1338,2026-06-02 23:00:00+00:00,24.7,71,946.1,0.66
Islamabad,33.7104,73.1338,2026-06-03 00:00:00+00:00,25.0,71,946.3,0.21
Islamabad,33.7104,73.1338,2026-06-03 01:00:00+00:00,25.5,64,946.9,0.8
Islamabad,33.7104,73.1338,2026-06-03 02:00:00+00:00,26.0,60,947.7,0.96
Islamabad,33.7104,73.1338,2026-06-03 03:00:00+00:00,27.8,54,947.9,0.28
Islamabad,33.7104,73.1338,2026-06-03 04:00:00+00:00,29.6,48,948.1,0.67
Islamabad,33.7104,73.1338,2026-06-03 05:00:00+00:00,27.4,59,948.0,5.08
Islamabad,33.7104,73.1338,2026-06-03 06:00:00+00:00,31.1,42,947.9,1.85
Islamabad,33.7104,73.1338,2026-06-03 07:00:00+00:00,32.0,41,947.4,1.21
Islamabad,33.7104,73.1338,2026-06-03 08:00:00+00:00,32.5,40,946.7,1.82
Islamabad,33.7104,73.1338,2026-06-03 09:00:00+00:00,33.3,39,945.7,2.62
Islamabad,33.7104,73.1338,2026-06-03 10:00:00+00:00,32.4,40,945.1,2.5
Islamabad,33.7104,73.1338,2026-06-03 11:00:00+00:00,31.1,43,944.4,3.59
Islamabad,33.7104,73.1338,2026-06-03 12:00:00+00:00,33.5,35,943.4,2.33
Islamabad,33.7104,73.1338,2026-06-03 13:00:00+00:00,32.3,38,943.3,1.63
Islamabad,33.7104,73.1338,2026-06-03 14:00:00+00:00,30.9,40,943.2,1.56
Islamabad,33.7104,73.1338,2026-06-03 15:00:00+00:00,29.5,45,943.2,2.46
Islamabad,33.7104,73.1338,2026-06-03 16:00:00+00:00,28.4,50,943.1,2.3
Islamabad,33.7104,73.1338,2026-06-03 17:00:00+00:00,27.7,53,942.9,1.6
Islamabad,33.7104,73.1338,2026-06-03 18:00:00+00:00,27.1,61,942.7,0.67
Islamabad,33.7104,73.1338,2026-06-03 19:00:00+00:00,26.3,64,942.2,0.65
Islamabad,33.7104,73.1338,2026-06-03 20:00:00+00:00,25.7,65,942.1,0.85
Islamabad,33.7104,73.1338,2026-06-03 21:00:00+00:00,25.4,64,942.2,1.05
Islamabad,33.7104,73.1338,2026-06-03 22:00:00+00:00,25.1,64,942.0,1.0
Islamabad,33.7104,73.1338,2026-06-03 23:00:00+00:00,24.9,61,941.7,1.35
Islamabad,33.7104,73.1338,2026-06-04 00:00:00+00:00,24.3,64,942.9,3.36
Islamabad,33.7104,73.1338,2026-06-04 01:00:00+00:00,23.9,68,943.1,3.24
Islamabad,33.7104,73.1338,2026-06-04 02:00:00+00:00,24.1,75,944.0,1.42
Islamabad,33.7104,73.1338,2026-06-04 03:00:00+00:00,21.6,93,946.0,1.98
Islamabad,33.7104,73.1338,2026-06-04 04:00:00+00:00,21.7,97,945.4,3.19
Islamabad,33.7104,73.1338,2026-06-04 05:00:00+00:00,25.3,71,944.7,3.75
Islamabad,33.7104,73.1338,2026-06-04 06:00:00+00:00,26.0,69,945.2,1.65
Islamabad,33.7104,73.1338,2026-06-04 07:00:00+00:00,26.1,66,945.8,2.23
Islamabad,33.7104,73.1338,2026-06-04 08:00:00+00:00,25.3,61,946.2,2.8
Islamabad,33.7104,73.1338,2026-06-04 09:00:00+00:00,25.4,62,944.9,2.37
Islamabad,33.7104,73.1338,2026-06-04 10:00:00+00:00,27.6,52,944.5,1.2
Islamabad,33.7104,73.1338,2026-06-04 11:00:00+00:00,29.7,44,944.1,0.49
Islamabad,33.7104,73.1338,2026-06-04 12:00:00+00:00,25.2,62,944.8,0.63
Islamabad,33.7104,73.1338,2026-06-04 13:00:00+00:00,25.7,61,944.2,1.37
Islamabad,33.7104,73.1338,2026-06-04 14:00:00+00:00,25.5,65,944.0,0.82
Islamabad,33.7104,73.1338,2026-06-04 15:00:00+00:00,24.4,74,943.5,0.96
Islamabad,33.7104,73.1338,2026-06-04 16:00:00+00:00,23.4,80,943.3,0.89
Islamabad,33.7104,73.1338,2026-06-04 17:00:00+00:00,22.6,83,943.3,0.98
Islamabad,33.7104,73.1338,2026-06-04 18:00:00+00:00,23.0,84,942.9,0.94
Islamabad,33.7104,73.1338,2026-06-04 19:00:00+00:00,22.9,81,942.9,0.45
Islamabad,33.7104,73.1338,2026-06-04 20:00:00+00:00,22.7,79,942.7,0.3
Islamabad,33.7104,73.1338,2026-06-04 21:00:00+00:00,22.1,79,942.8,0.61
Islamabad,33.7104,73.1338,2026-06-04 22:00:00+00:00,21.2,80,942.6,0.75
Islamabad,33.7104,73.1338,2026-06-04 23:00:00+00:00,20.7,80,942.9,0.85
Islamabad,33.7104,73.1338,2026-06-05 00:00:00+00:00,20.8,84,942.9,0.65
Islamabad,33.7104,73.1338,2026-06-05 01:00:00+00:00,22.0,75,944.2,0.83
Islamabad,33.7104,73.1338,2026-06-05 02:00:00+00:00,23.7,64,945.2,0.86
Islamabad,33.7104,73.1338,2026-06-05 03:00:00+00:00,26.0,53,945.9,0.91
Islamabad,33.7104,73.1338,2026-06-05 04:00:00+00:00,27.8,51,946.3,1.51
Islamabad,33.7104,73.1338,2026-06-05 05:00:00+00:00,29.2,46,946.3,2.42
Islamabad,33.7104,73.1338,2026-06-05 06:00:00+00:00,30.2,39,947.0,2.74
Islamabad,33.7104,73.1338,2026-06-05 07:00:00+00:00,30.6,38,946.8,2.52
Islamabad,33.7104,73.1338,2026-06-05 08:00:00+00:00,30.3,38,946.5,0.99
Islamabad,33.7104,73.1338,2026-06-05 09:00:00+00:00,30.9,35,945.9,0.69
Islamabad,33.7104,73.1338,2026-06-05 10:00:00+00:00,30.8,36,945.4,0.58
Islamabad,33.7104,73.1338,2026-06-05 11:00:00+00:00,30.4,36,944.8,1.0
Islamabad,33.7104,73.1338,2026-06-05 12:00:00+00:00,31.9,27,944.4,0.27
Islamabad,33.7104,73.1338,2026-06-05 13:00:00+00:00,30.3,46,944.1,0.6
Islamabad,33.7104,73.1338,2026-06-05 14:00:00+00:00,28.0,47,943.9,0.76
Islamabad,33.7104,73.1338,2026-06-05 15:00:00+00:00,26.6,48,944.3,2.36
Islamabad,33.7104,73.1338,2026-06-05 16:00:00+00:00,25.9,51,944.4,2.1
Islamabad,33.7104,73.1338,2026-06-05 17:00:00+00:00,24.7,58,944.3,1.95
Islamabad,33.7104,73.1338,2026-06-05 18:00:00+00:00,24.3,63,944.3,0.95
Islamabad,33.7104,73.1338,2026-06-05 19:00:00+00:00,23.8,64,944.2,0.91
Islamabad,33.7104,73.1338,2026-06-05 20:00:00+00:00,23.6,63,944.1,0.78
Islamabad,33.7104,73.1338,2026-06-05 21:00:00+00:00,23.3,61,944.0,0.78
Islamabad,33.7104,73.1338,2026-06-05 22:00:00+00:00,23.0,61,943.6,1.0
Islamabad,33.7104,73.1338,2026-06-05 23:00:00+00:00,22.7,61,943.8,0.85
Islamabad,33.7104,73.1338,2026-06-06 00:00:00+00:00,23.0,59,944.4,0.5
Islamabad,33.7104,73.1338,2026-06-06 01:00:00+00:00,23.4,59,944.8,1.84
Islamabad,33.7104,73.1338,2026-06-06 02:00:00+00:00,25.9,55,945.4,2.09
Islamabad,33.7104,73.1338,2026-06-06 03:00:00+00:00,29.4,41,946.3,0.84
Islamabad,33.7104,73.1338,2026-06-06 04:00:00+00:00,31.3,35,946.7,1.12
Islamabad,33.7104,73.1338,2026-06-06 05:00:00+00:00,32.4,31,946.9,2.04
Islamabad,33.7104,73.1338,2026-06-06 06:00:00+00:00,32.5,29,947.2,3.05
Islamabad,33.7104,73.1338,2026-06-06 07:00:00+00:00,32.4,31,947.2,1.0
Islamabad,33.7104,73.1338,2026-06-06 08:00:00+00:00,33.2,28,946.3,1.45
Islamabad,33.7104,73.1338,2026-06-06 09:00:00+00:00,33.8,26,945.6,1.9
Islamabad,33.7104,73.1338,2026-06-06 10:00:00+00:00,33.9,27,945.1,1.54
Islamabad,33.7104,73.1338,2026-06-06 11:00:00+00:00,33.8,27,944.7,0.61
Islamabad,33.7104,73.1338,2026-06-06 12:00:00+00:00,33.3,31,943.8,1.3
Islamabad,33.7104,73.1338,2026-06-06 13:00:00+00:00,31.7,43,943.9,0.74
Islamabad,33.7104,73.1338,2026-06-06 14:00:00+00:00,29.4,53,943.8,0.67
Islamabad,33.7104,73.1338,2026-06-06 15:00:00+00:00,27.5,52,943.9,1.23
Islamabad,33.7104,73.1338,2026-06-06 16:00:00+00:00,25.5,57,944.2,1.5
Islamabad,33.7104,73.1338,2026-06-06 17:00:00+00:00,23.9,62,944.2,1.48
Islamabad,33.7104,73.1338,2026-06-06 18:00:00+00:00,23.5,63,944.2,1.66
Islamabad,33.7104,73.1338,2026-06-06 19:00:00+00:00,22.6,64,943.7,1.77
Islamabad,33.7104,73.1338,2026-06-06 20:00:00+00:00,22.4,60,943.4,1.77
Islamabad,33.7104,73.1338,2026-06-06 21:00:00+00:00,22.2,58,943.4,1.41
Islamabad,33.7104,73.1338,2026-06-06 22:00:00+00:00,21.8,58,943.3,0.95
Islamabad,33.7104,73.1338,2026-06-06 23:00:00+00:00,21.5,58,943.5,0.96
Islamabad,33.7104,73.1338,2026-06-07 00:00:00+00:00,21.9,58,944.0,0.45
Islamabad,33.7104,73.1338,2026-06-07 01:00:00+00:00,23.5,56,944.6,0.62
Islamabad,33.7104,73.1338,2026-06-07 02:00:00+00:00,26.0,59,945.5,0.65
Islamabad,33.7104,73.1338,2026-06-07 03:00:00+00:00,29.3,42,946.2,0.38
Islamabad,33.7104,73.1338,2026-06-07 04:00:00+00:00,31.8,33,946.8,1.08
Islamabad,33.7104,73.1338,2026-06-07 05:00:00+00:00,33.3,27,947.0,2.51
Islamabad,33.7104,73.1338,2026-06-07 06:00:00+00:00,33.6,25,947.6,1.96
Islamabad,33.7104,73.1338,2026-06-07 07:00:00+00:00,33.8,25,947.1,0.8
Islamabad,33.7104,73.1338,2026-06-07 08:00:00+00:00,34.4,24,946.4,0.81
Islamabad,33.7104,73.1338,2026-06-07 09:00:00+00:00,35.0,24,945.9,1.55
Islamabad,33.7104,73.1338,2026-06-07 10:00:00+00:00,34.4,26,945.7,1.42
Islamabad,33.7104,73.1338,2026-06-07 11:00:00+00:00,34.4,26,945.3,1.43
Islamabad,33.7104,73.1338,2026-06-07 12:00:00+00:00,34.4,28,944.4,1.76
Islamabad,33.7104,73.1338,2026-06-07 13:00:00+00:00,32.7,42,944.2,0.86
Islamabad,33.7104,73.1338,2026-06-07 14:00:00+00:00,30.8,47,944.1,0.32
Islamabad,33.7104,73.1338,2026-06-07 15:00:00+00:00,28.5,51,943.8,0.96
Islamabad,33.7104,73.1338,2026-06-07 16:00:00+00:00,27.0,57,944.0,1.35
Islamabad,33.7104,73.1338,2026-06-07 17:00:00+00:00,25.9,60,943.9,1.47
Islamabad,33.7104,73.1338,2026-06-07 18:00:00+00:00,24.9,64,943.4,1.38
Islamabad,33.7104,73.1338,2026-06-07 19:00:00+00:00,24.8,59,942.8,1.38
Islamabad,33.7104,73.1338,2026-06-07 20:00:00+00:00,24.6,57,942.5,0.98
Islamabad,33.7104,73.1338,2026-06-07 21:00:00+00:00,24.0,57,941.9,1.04
Islamabad,33.7104,73.1338,2026-06-07 22:00:00+00:00,23.5,58,941.7,0.82
Islamabad,33.7104,73.1338,2026-06-07 23:00:00+00:00,23.1,58,941.7,0.73
Islamabad,33.7104,73.1338,2026-06-08 00:00:00+00:00,23.9,55,942.3,0.83
Islamabad,33.7104,73.1338,2026-06-08 01:00:00+00:00,25.1,55,942.7,0.72
Islamabad,33.7104,73.1338,2026-06-08 02:00:00+00:00,27.7,53,943.7,0.58
Islamabad,33.7104,73.1338,2026-06-08 03:00:00+00:00,30.4,38,944.5,0.72
Islamabad,33.7104,73.1338,2026-06-08 04:00:00+00:00,32.2,34,944.9,1.44
Islamabad,33.7104,73.1338,2026-06-08 05:00:00+00:00,33.8,31,944.9,1.93
Islamabad,33.7104,73.1338,2026-06-08 06:00:00+00:00,34.9,27,944.6,2.11
Islamabad,33.7104,73.1338,2026-06-08 07:00:00+00:00,35.6,26,944.4,2.31
Islamabad,33.7104,73.1338,2026-06-08 08:00:00+00:00,36.0,24,943.9,2.15
Islamabad,33.7104,73.1338,2026-06-08 09:00:00+00:00,36.5,22,943.2,1.4
Islamabad,33.7104,73.1338,2026-06-08 10:00:00+00:00,36.7,20,942.8,0.8
Islamabad,33.7104,73.1338,2026-06-08 11:00:00+00:00,36.6,20,942.5,0.82
Islamabad,33.7104,73.1338,2026-06-08 12:00:00+00:00,36.9,18,942.3,0.49
Islamabad,33.7104,73.1338,2026-06-08 13:00:00+00:00,34.9,33,941.9,0.51
Islamabad,33.7104,73.1338,2026-06-08 14:00:00+00:00,31.3,43,941.2,0.68
Islamabad,33.7104,73.1338,2026-06-08 15:00:00+00:00,28.8,44,941.0,1.1
Islamabad,33.7104,73.1338,2026-06-08 16:00:00+00:00,26.7,50,940.8,1.3
Islamabad,33.7104,73.1338,2026-06-08 17:00:00+00:00,25.5,51,940.9,1.37
Islamabad,33.7104,73.1338,2026-06-08 18:00:00+00:00,26.0,49,940.9,1.28
Islamabad,33.7104,73.1338,2026-06-08 19:00:00+00:00,24.8,51,940.5,1.23
Islamabad,33.7104,73.1338,2026-06-08 20:00:00+00:00,24.2,51,940.1,1.23
Islamabad,33.7104,73.1338,2026-06-08 21:00:00+00:00,24.4,46,939.9,1.33
Islamabad,33.7104,73.1338,2026-06-08 22:00:00+00:00,23.9,45,939.8,1.06
Islamabad,33.7104,73.1338,2026-06-08 23:00:00+00:00,23.6,45,939.9,1.03
Islamabad,33.7104,73.1338,2026-06-09 00:00:00+00:00,24.1,45,939.9,0.57
Islamabad,33.7104,73.1338,2026-06-09 01:00:00+00:00,24.7,48,940.3,0.92
Islamabad,33.7104,73.1338,2026-06-09 02:00:00+00:00,27.6,52,940.9,0.81
Islamabad,33.7104,73.1338,2026-06-09 03:00:00+00:00,31.2,36,941.7,1.03
Islamabad,33.7104,73.1338,2026-06-09 04:00:00+00:00,33.4,28,942.3,1.36
Islamabad,33.7104,73.1338,2026-06-09 05:00:00+00:00,35.4,25,942.2,1.05
Islamabad,33.7104,73.1338,2026-06-09 06:00:00+00:00,36.4,21,942.4,1.39
Islamabad,33.7104,73.1338,2026-06-09 07:00:00+00:00,37.0,21,942.2,1.81
Islamabad,33.7104,73.1338,2026-06-09 08:00:00+00:00,37.7,19,941.4,2.04
Islamabad,33.7104,73.1338,2026-06-09 09:00:00+00:00,38.1,17,940.8,1.96
Islamabad,33.7104,73.1338,2026-06-09 10:00:00+00:00,38.3,17,940.5,1.5
Islamabad,33.7104,73.1338,2026-06-09 11:00:00+00:00,38.1,17,940.4,0.98
Islamabad,33.7104,73.1338,2026-06-09 12:00:00+00:00,37.8,21,939.6,1.53
Islamabad,33.7104,73.1338,2026-06-09 13:00:00+00:00,36.0,36,939.5,0.92
Islamabad,33.7104,73.1338,2026-06-09 14:00:00+00:00,34.5,28,939.5,0.07
Islamabad,33.7104,73.1338,2026-06-09 15:00:00+00:00,31.3,33,939.3,1.0
Islamabad,33.7104,73.1338,2026-06-09 16:00:00+00:00,29.7,40,939.5,0.9
Islamabad,33.7104,73.1338,2026-06-09 17:00:00+00:00,28.0,44,939.9,1.2
Islamabad,33.7104,73.1338,2026-06-09 18:00:00+00:00,27.4,42,939.7,1.05
Islamabad,33.7104,73.1338,2026-06-09 19:00:00+00:00,26.3,47,939.5,1.1
Islamabad,33.7104,73.1338,2026-06-09 20:00:00+00:00,25.7,46,939.3,1.6
Islamabad,33.7104,73.1338,2026-06-09 21:00:00+00:00,25.3,47,939.1,0.93
Islamabad,33.7104,73.1338,2026-06-09 22:00:00+00:00,25.0,49,939.0,0.56
Islamabad,33.7104,73.1338,2026-06-09 23:00:00+00:00,24.5,48,939.3,1.02
Islamabad,33.7104,73.1338,2026-06-10 00:00:00+00:00,25.9,42,940.0,0.76
Islamabad,33.7104,73.1338,2026-06-10 01:00:00+00:00,26.4,47,940.6,0.91
Islamabad,33.7104,73.1338,2026-06-10 02:00:00+00:00,28.6,49,941.2,0.96
Islamabad,33.7104,73.1338,2026-06-10 03:00:00+00:00,31.9,35,941.9,0.16
Islamabad,33.7104,73.1338,2026-06-10 04:00:00+00:00,34.1,27,942.6,1.5
Islamabad,33.7104,73.1338,2026-06-10 05:00:00+00:00,35.4,27,942.5,2.06
Islamabad,33.7104,73.1338,2026-06-10 06:00:00+00:00,36.5,23,942.6,2.63
Islamabad,33.7104,73.1338,2026-06-10 07:00:00+00:00,37.3,22,942.4,2.07
Islamabad,33.7104,73.1338,2026-06-10 08:00:00+00:00,38.1,22,941.4,2.06
Islamabad,33.7104,73.1338,2026-06-10 09:00:00+00:00,38.5,21,940.8,2.15
Islamabad,33.7104,73.1338,2026-06-10 10:00:00+00:00,38.7,20,940.3,2.03
Islamabad,33.7104,73.1338,2026-06-10 11:00:00+00:00,38.8,19,939.8,1.76
Islamabad,33.7104,73.1338,2026-06-10 12:00:00+00:00,39.8,15,939.1,1.17
Islamabad,33.7104,73.1338,2026-06-10 13:00:00+00:00,37.9,34,939.0,0.25
Islamabad,33.7104,73.1338,2026-06-10 14:00:00+00:00,34.5,30,938.9,0.25
Islamabad,33.7104,73.1338,2026-06-10 15:00:00+00:00,31.5,34,938.8,1.08
Islamabad,33.7104,73.1338,2026-06-10 16:00:00+00:00,29.7,37,939.0,1.5
Islamabad,33.7104,73.1338,2026-06-10 17:00:00+00:00,29.0,37,939.4,1.76
Islamabad,33.7104,73.1338,2026-06-10 18:00:00+00:00,28.1,39,939.8,1.01
Islamabad,33.7104,73.1338,2026-06-10 19:00:00+00:00,27.7,39,939.3,1.15
Islamabad,33.7104,73.1338,2026-06-10 20:00:00+00:00,26.9,40,938.9,1.2
Islamabad,33.7104,73.1338,2026-06-10 21:00:00+00:00,25.9,43,938.6,0.91
Islamabad,33.7104,73.1338,2026-06-10 22:00:00+00:00,25.4,45,938.3,1.2
Islamabad,33.7104,73.1338,2026-06-10 23:00:00+00:00,25.6,43,938.5,1.16
Islamabad,33.7104,73.1338,2026-06-11 00:00:00+00:00,26.8,50,938.7,1.31
Islamabad,33.7104,73.1338,2026-06-11 01:00:00+00:00,27.5,54,939.4,0.79
Islamabad,33.7104,73.1338,2026-06-11 02:00:00+00:00,29.3,50,939.9,0.3
Islamabad,33.7104,73.1338,2026-06-11 03:00:00+00:00,32.2,41,940.5,0.67
Islamabad,33.7104,73.1338,2026-06-11 04:00:00+00:00,34.3,34,941.0,1.78
Islamabad,33.7104,73.1338,2026-06-11 05:00:00+00:00,35.9,27,941.1,1.51
Islamabad,33.7104,73.1338,2026-06-11 06:00:00+00:00,37.3,22,941.4,0.92
Islamabad,33.7104,73.1338,2026-06-11 07:00:00+00:00,38.3,18,941.2,2.58
Islamabad,33.7104,73.1338,2026-06-11 08:00:00+00:00,37.7,19,941.0,3.21
Islamabad,33.7104,73.1338,2026-06-11 09:00:00+00:00,37.2,19,940.9,4.44
Islamabad,33.7104,73.1338,2026-06-11 10:00:00+00:00,37.3,18,940.7,3.1
Islamabad,33.7104,73.1338,2026-06-11 11:00:00+00:00,37.2,18,940.6,2.87
Islamabad,33.7104,73.1338,2026-06-11 12:00:00+00:00,37.7,19,939.2,2.85
Islamabad,33.7104,73.1338,2026-06-11 13:00:00+00:00,35.7,24,939.6,2.6
Islamabad,33.7104,73.1338,2026-06-11 14:00:00+00:00,33.8,26,940.2,2.99
Islamabad,33.7104,73.1338,2026-06-11 15:00:00+00:00,30.7,37,941.0,1.29
Islamabad,33.7104,73.1338,2026-06-11 16:00:00+00:00,29.9,37,941.9,1.38
Islamabad,33.7104,73.1338,2026-06-11 17:00:00+00:00,29.0,40,942.4,1.15
Islamabad,33.7104,73.1338,2026-06-11 18:00:00+00:00,29.5,45,941.8,0.87
Islamabad,33.7104,73.1338,2026-06-11 19:00:00+00:00,27.5,47,942.5,1.43
Islamabad,33.7104,73.1338,2026-06-11 20:00:00+00:00,26.7,45,943.1,2.31
Islamabad,33.7104,73.1338,2026-06-11 21:00:00+00:00,25.6,49,943.0,1.81
Islamabad,33.7104,73.1338,2026-06-11 22:00:00+00:00,24.7,52,943.0,2.24
Islamabad,33.7104,73.1338,2026-06-11 23:00:00+00:00,21.1,81,944.6,2.8
Islamabad,33.7104,73.1338,2026-06-12 00:00:00+00:00,25.3,46,944.2,2.25
Islamabad,33.7104,73.1338,2026-06-12 01:00:00+00:00,25.6,47,945.1,2.2
Islamabad,33.7104,73.1338,2026-06-12 02:00:00+00:00,27.2,45,946.3,2.98
Islamabad,33.7104,73.1338,2026-06-12 03:00:00+00:00,23.5,73,947.7,0.89
Islamabad,33.7104,73.1338,2026-06-12 04:00:00+00:00,22.5,85,947.9,2.8
Islamabad,33.7104,73.1338,2026-06-12 05:00:00+00:00,24.5,73,948.8,0.49
Islamabad,33.7104,73.1338,2026-06-12 06:00:00+00:00,29.2,49,948.8,4.94
Islamabad,33.7104,73.1338,2026-06-12 07:00:00+00:00,30.4,43,948.9,4.04
Islamabad,33.7104,73.1338,2026-06-12 08:00:00+00:00,30.3,41,948.5,3.55
Islamabad,33.7104,73.1338,2026-06-12 09:00:00+00:00,30.7,41,948.0,2.14
Islamabad,33.7104,73.1338,2026-06-12 10:00:00+00:00,28.8,49,948.8,1.64
Islamabad,33.7104,73.1338,2026-06-12 11:00:00+00:00,28.8,49,947.9,1.19
Islamabad,33.7104,73.1338,2026-06-12 12:00:00+00:00,31.8,37,946.1,2.82
Islamabad,33.7104,73.1338,2026-06-12 13:00:00+00:00,24.8,73,947.4,2.24
Islamabad,33.7104,73.1338,2026-06-12 14:00:00+00:00,24.3,70,947.6,2.61
Islamabad,33.7104,73.1338,2026-06-12 15:00:00+00:00,24.4,67,948.0,2.57
Islamabad,33.7104,73.1338,2026-06-12 16:00:00+00:00,25.2,60,948.6,3.02
Islamabad,33.7104,73.1338,2026-06-12 17:00:00+00:00,25.5,59,948.5,2.23
Islamabad,33.7104,73.1338,2026-06-12 18:00:00+00:00,25.3,64,947.3,0.78
Islamabad,33.7104,73.1338,2026-06-12 19:00:00+00:00,24.5,75,946.7,0.38
Islamabad,33.7104,73.1338,2026-06-12 20:00:00+00:00,24.5,77,946.4,0.16
Islamabad,33.7104,73.1338,2026-06-12 21:00:00+00:00,24.4,73,946.5,0.74
Islamabad,33.7104,73.1338,2026-06-12 22:00:00+00:00,24.6,70,946.7,0.11
Islamabad,33.7104,73.1338,2026-06-12 23:00:00+00:00,24.1,70,946.9,0.6
Islamabad,33.7104,73.1338,2026-06-13 00:00:00+00:00,24.2,67,945.5,0.43
Islamabad,33.7104,73.1338,2026-06-13 01:00:00+00:00,24.6,64,946.5,0.85
Islamabad,33.7104,73.1338,2026-06-13 02:00:00+00:00,25.4,57,947.9,2.35
Islamabad,33.7104,73.1338,2026-06-13 03:00:00+00:00,26.3,53,948.9,3.13
Islamabad,33.7104,73.1338,2026-06-13 04:00:00+00:00,26.4,57,949.4,1.66
Islamabad,33.7104,73.1338,2026-06-13 05:00:00+00:00,27.7,52,949.5,1.16
Islamabad,33.7104,73.1338,2026-06-13 06:00:00+00:00,30.3,40,950.1,2.9
Islamabad,33.7104,73.1338,2026-06-13 07:00:00+00:00,29.9,40,950.0,3.41
Islamabad,33.7104,73.1338,2026-06-13 08:00:00+00:00,31.0,39,949.5,2.93
Islamabad,33.7104,73.1338,2026-06-13 09:00:00+00:00,30.7,40,948.6,3.05
Islamabad,33.7104,73.1338,2026-06-13 10:00:00+00:00,31.1,38,948.3,2.97
Islamabad,33.7104,73.1338,2026-06-13 11:00:00+00:00,30.4,40,947.9,2.3
Islamabad,33.7104,73.1338,2026-06-13 12:00:00+00:00,31.3,34,947.7,2.95
Islamabad,33.7104,73.1338,2026-06-13 13:00:00+00:00,30.6,34,947.5,2.75
Islamabad,33.7104,73.1338,2026-06-13 14:00:00+00:00,28.9,40,947.6,3.74
Islamabad,33.7104,73.1338,2026-06-13 15:00:00+00:00,27.4,47,947.7,2.01
Islamabad,33.7104,73.1338,2026-06-13 16:00:00+00:00,26.3,53,947.8,0.51
Islamabad,33.7104,73.1338,2026-06-13 17:00:00+00:00,25.7,54,947.8,0.6
Islamabad,33.7104,73.1338,2026-06-13 18:00:00+00:00,25.8,54,947.3,0.38
Islamabad,33.7104,73.1338,2026-06-13 19:00:00+00:00,25.1,55,946.8,0.47
Islamabad,33.7104,73.1338,2026-06-13 20:00:00+00:00,24.8,55,946.4,0.51
Islamabad,33.7104,73.1338,2026-06-13 21:00:00+00:00,24.4,56,946.0,0.68
Islamabad,33.7104,73.1338,2026-06-13 22:00:00+00:00,24.0,58,945.8,0.67
Islamabad,33.7104,73.1338,2026-06-13 23:00:00+00:00,23.4,61,945.5,0.72
Islamabad,33.7104,73.1338,2026-06-14 00:00:00+00:00,23.1,70,945.4,0.36
Islamabad,33.7104,73.1338,2026-06-14 01:00:00+00:00,23.7,67,945.7,0.96
Islamabad,33.7104,73.1338,2026-06-14 02:00:00+00:00,25.8,57,946.1,0.96
Islamabad,33.7104,73.1338,2026-06-14 03:00:00+00:00,28.1,48,946.6,0.51
Islamabad,33.7104,73.1338,2026-06-14 04:00:00+00:00,30.1,42,946.7,1.25
Islamabad,33.7104,73.1338,2026-06-14 05:00:00+00:00,31.1,39,946.6,1.46
Islamabad,33.7104,73.1338,2026-06-14 06:00:00+00:00,31.6,37,946.7,1.4
Islamabad,33.7104,73.1338,2026-06-14 07:00:00+00:00,32.4,36,946.4,1.19
Islamabad,33.7104,73.1338,2026-06-14 08:00:00+00:00,32.9,35,945.7,1.89
Islamabad,33.7104,73.1338,2026-06-14 09:00:00+00:00,33.7,33,945.0,2.39
Islamabad,33.7104,73.1338,2026-06-14 10:00:00+00:00,33.3,34,944.6,2.09
Islamabad,33.7104,73.1338,2026-06-14 11:00:00+00:00,32.4,35,944.2,1.38
Islamabad,33.7104,73.1338,2026-06-14 12:00:00+00:00,33.8,29,943.1,2.87
Islamabad,33.7104,73.1338,2026-06-14 13:00:00+00:00,32.7,30,942.9,2.63
Islamabad,33.7104,73.1338,2026-06-14 14:00:00+00:00,30.7,34,942.6,2.37
Islamabad,33.7104,73.1338,2026-06-14 15:00:00+00:00,28.7,39,942.6,1.78
Islamabad,33.7104,73.1338,2026-06-14 16:00:00+00:00,27.5,46,943.3,0.96
Islamabad,33.7104,73.1338,2026-06-14 17:00:00+00:00,26.9,49,943.8,1.0
Islamabad,33.7104,73.1338,2026-06-14 18:00:00+00:00,27.7,44,943.4,0.86
Islamabad,33.7104,73.1338,2026-06-14 19:00:00+00:00,26.6,47,943.0,1.08
Islamabad,33.7104,73.1338,2026-06-14 20:00:00+00:00,26.2,49,942.7,1.43
Islamabad,33.7104,73.1338,2026-06-14 21:00:00+00:00,25.9,49,942.9,1.61
Islamabad,33.7104,73.1338,2026-06-14 22:00:00+00:00,25.7,50,942.8,1.52
Islamabad,33.7104,73.1338,2026-06-14 23:00:00+00:00,25.6,51,943.2,1.68
Islamabad,33.7104,73.1338,2026-06-15 00:00:00+00:00,25.7,55,943.3,0.85
Islamabad,33.7104,73.1338,2026-06-15 01:00:00+00:00,26.3,55,944.0,1.2
Islamabad,33.7104,73.1338,2026-06-15 02:00:00+00:00,28.5,49,944.8,1.24
Islamabad,33.7104,73.1338,2026-06-15 03:00:00+00:00,30.5,41,945.5,1.63
Islamabad,33.7104,73.1338,2026-06-15 04:00:00+00:00,32.0,37,946.2,2.13
Islamabad,33.7104,73.1338,2026-06-15 05:00:00+00:00,32.3,33,946.8,2.68
Islamabad,33.7104,73.1338,2026-06-15 06:00:00+00:00,31.7,36,946.5,3.03
Islamabad,33.7104,73.1338,2026-06-15 07:00:00+00:00,32.0,34,946.3,3.21
Islamabad,33.7104,73.1338,2026-06-15 08:00:00+00:00,32.4,35,946.5,1.44
Islamabad,33.7104,73.1338,2026-06-15 09:00:00+00:00,33.9,30,945.7,2.25
Islamabad,33.7104,73.1338,2026-06-15 10:00:00+00:00,33.7,30,945.4,3.25
Islamabad,33.7104,73.1338,2026-06-15 11:00:00+00:00,33.1,32,945.1,2.58
Islamabad,33.7104,73.1338,2026-06-15 12:00:00+00:00,30.7,42,944.4,3.13
Islamabad,33.7104,73.1338,2026-06-15 13:00:00+00:00,31.0,44,944.0,2.36
Islamabad,33.7104,73.1338,2026-06-15 14:00:00+00:00,30.1,46,944.2,1.87
Islamabad,33.7104,73.1338,2026-06-15 15:00:00+00:00,28.9,48,944.4,2.7
Islamabad,33.7104,73.1338,2026-06-15 16:00:00+00:00,28.3,49,945.3,2.1
Islamabad,33.7104,73.1338,2026-06-15 17:00:00+00:00,27.7,50,945.7,1.59
Islamabad,33.7104,73.1338,2026-06-15 18:00:00+00:00,28.0,54,945.2,0.7
Islamabad,33.7104,73.1338,2026-06-15 19:00:00+00:00,22.7,84,946.3,3.26
Islamabad,33.7104,73.1338,2026-06-15 20:00:00+00:00,22.8,87,946.2,2.35
Islamabad,33.7104,73.1338,2026-06-15 21:00:00+00:00,23.1,90,945.7,1.87
Islamabad,33.7104,73.1338,2026-06-15 22:00:00+00:00,23.5,84,945.4,1.23
Islamabad,33.7104,73.1338,2026-06-15 23:00:00+00:00,23.7,82,945.3,0.65
Islamabad,33.7104,73.1338,2026-06-16 00:00:00+00:00,24.6,69,945.0,1.92
Islamabad,33.7104,73.1338,2026-06-16 01:00:00+00:00,24.6,69,946.5,1.56
Islamabad,33.7104,73.1338,2026-06-16 02:00:00+00:00,25.0,68,947.2,1.71
Islamabad,33.7104,73.1338,2026-06-16 03:00:00+00:00,26.7,61,947.2,1.42
Islamabad,33.7104,73.1338,2026-06-16 04:00:00+00:00,28.6,53,947.9,2.02
Islamabad,33.7104,73.1338,2026-06-16 05:00:00+00:00,30.1,48,948.2,2.71
Islamabad,33.7104,73.1338,2026-06-16 06:00:00+00:00,30.7,44,948.6,3.29
Islamabad,33.7104,73.1338,2026-06-16 07:00:00+00:00,31.4,43,948.5,3.61
Islamabad,33.7104,73.1338,2026-06-16 08:00:00+00:00,31.1,48,948.3,2.75
Islamabad,33.7104,73.1338,2026-06-16 09:00:00+00:00,29.5,54,947.8,2.93
Islamabad,33.7104,73.1338,2026-06-16 10:00:00+00:00,30.7,46,947.3,2.2
Islamabad,33.7104,73.1338,2026-06-16 11:00:00+00:00,30.8,46,946.8,1.34
Islamabad,33.7104,73.1338,2026-06-16 12:00:00+00:00,31.3,45,945.6,1.61
Islamabad,33.7104,73.1338,2026-06-16 13:00:00+00:00,30.5,48,945.8,0.89
Islamabad,33.7104,73.1338,2026-06-16 14:00:00+00:00,29.2,56,945.9,0.83
Islamabad,33.7104,73.1338,2026-06-16 15:00:00+00:00,27.9,61,946.0,1.0
Islamabad,33.7104,73.1338,2026-06-16 16:00:00+00:00,27.2,66,946.7,0.92
Islamabad,33.7104,73.1338,2026-06-16 17:00:00+00:00,26.6,67,946.9,0.87
Islamabad,33.7104,73.1338,2026-06-16 18:00:00+00:00,26.6,65,946.8,0.63
Islamabad,33.7104,73.1338,2026-06-16 19:00:00+00:00,25.9,67,946.6,0.51
Islamabad,33.7104,73.1338,2026-06-16 20:00:00+00:00,25.3,71,946.7,0.73
Islamabad,33.7104,73.1338,2026-06-16 21:00:00+00:00,24.9,73,946.4,0.8
Islamabad,33.7104,73.1338,2026-06-16 22:00:00+00:00,24.7,73,946.2,0.9
Islamabad,33.7104,73.1338,2026-06-16 23:00:00+00:00,24.5,69,946.4,1.1
Islamabad,33.7104,73.1338,2026-06-17 00:00:00+00:00,24.7,78,946.1,1.56
Islamabad,33.7104,73.1338,2026-06-17 01:00:00+00:00,25.0,78,947.0,1.66
Islamabad,33.7104,73.1338,2026-06-17 02:00:00+00:00,25.8,73,947.6,1.65
Islamabad,33.7104,73.1338,2026-06-17 03:00:00+00:00,26.3,67,948.5,1.39
Islamabad,33.7104,73.1338,2026-06-17 04:00:00+00:00,26.8,65,948.9,1.3
Islamabad,33.7104,73.1338,2026-06-17 05:00:00+00:00,29.6,53,949.1,1.05
Islamabad,33.7104,73.1338,2026-06-17 06:00:00+00:00,32.2,42,948.7,1.43
Islamabad,33.7104,73.1338,2026-06-17 07:00:00+00:00,32.9,38,948.5,1.32
Islamabad,33.7104,73.1338,2026-06-17 08:00:00+00:00,33.2,39,947.8,1.95
Islamabad,33.7104,73.1338,2026-06-17 09:00:00+00:00,33.6,38,946.7,1.74
Islamabad,33.7104,73.1338,2026-06-17 10:00:00+00:00,33.9,38,946.4,0.76
Islamabad,33.7104,73.1338,2026-06-17 11:00:00+00:00,33.3,39,946.0,1.11
Islamabad,33.7104,73.1338,2026-06-17 12:00:00+00:00,31.5,46,945.5,2.09
Islamabad,33.7104,73.1338,2026-06-17 13:00:00+00:00,31.3,45,945.4,1.4
Islamabad,33.7104,73.1338,2026-06-17 14:00:00+00:00,29.6,53,945.4,1.57
Islamabad,33.7104,73.1338,2026-06-17 15:00:00+00:00,28.3,56,945.5,1.4
Islamabad,33.7104,73.1338,2026-06-17 16:00:00+00:00,27.4,59,945.6,1.48
Islamabad,33.7104,73.1338,2026-06-17 17:00:00+00:00,26.6,64,945.7,1.2
Islamabad,33.7104,73.1338,2026-06-17 18:00:00+00:00,25.4,74,946.8,0.32
Islamabad,33.7104,73.1338,2026-06-17 19:00:00+00:00,24.2,79,946.3,0.62
Islamabad,33.7104,73.1338,2026-06-17 20:00:00+00:00,23.7,80,945.7,0.85
Islamabad,33.7104,73.1338,2026-06-17 21:00:00+00:00,23.4,80,945.2,0.92
Islamabad,33.7104,73.1338,2026-06-17 22:00:00+00:00,23.5,77,945.1,0.76
Islamabad,33.7104,73.1338,2026-06-17 23:00:00+00:00,23.3,77,945.1,0.43
Islamabad,33.7104,73.1338,2026-06-18 00:00:00+00:00,24.0,73,945.4,0.3
Islamabad,33.7104,73.1338,2026-06-18 01:00:00+00:00,24.7,71,946.4,1.1
Islamabad,33.7104,73.1338,2026-06-18 02:00:00+00:00,25.2,73,946.9,1.17
Islamabad,33.7104,73.1338,2026-06-18 03:00:00+00:00,27.6,61,947.1,1.01
Islamabad,33.7104,73.1338,2026-06-18 04:00:00+00:00,29.7,50,947.5,0.61
Islamabad,33.7104,73.1338,2026-06-18 05:00:00+00:00,31.8,40,947.6,1.33
Islamabad,33.7104,73.1338,2026-06-18 06:00:00+00:00,32.1,36,947.9,1.66
Islamabad,33.7104,73.1338,2026-06-18 07:00:00+00:00,33.2,33,947.6,3.06
Islamabad,33.7104,73.1338,2026-06-18 08:00:00+00:00,31.8,39,947.4,1.85
Islamabad,33.7104,73.1338,2026-06-18 09:00:00+00:00,31.9,41,946.6,1.33
Islamabad,33.7104,73.1338,2026-06-18 10:00:00+00:00,32.6,38,945.9,2.5
Islamabad,33.7104,73.1338,2026-06-18 11:00:00+00:00,31.7,40,945.8,1.64
Islamabad,33.7104,73.1338,2026-06-18 12:00:00+00:00,34.2,29,944.3,1.91
Islamabad,33.7104,73.1338,2026-06-18 13:00:00+00:00,33.0,41,943.9,0.81
Islamabad,33.7104,73.1338,2026-06-18 14:00:00+00:00,31.2,46,944.0,1.25
Islamabad,33.7104,73.1338,2026-06-18 15:00:00+00:00,29.1,54,943.9,0.78
Islamabad,33.7104,73.1338,2026-06-18 16:00:00+00:00,27.9,61,944.6,0.8
Islamabad,33.7104,73.1338,2026-06-18 17:00:00+00:00,27.0,67,944.9,1.35
Islamabad,33.7104,73.1338,2026-06-18 18:00:00+00:00,26.8,68,944.2,0.92
Islamabad,33.7104,73.1338,2026-06-18 19:00:00+00:00,26.2,70,944.2,0.67
Islamabad,33.7104,73.1338,2026-06-18 20:00:00+00:00,26.0,71,944.5,0.73
Islamabad,33.7104,73.1338,2026-06-18 21:00:00+00:00,25.8,68,944.1,1.05
Islamabad,33.7104,73.1338,2026-06-18 22:00:00+00:00,25.3,70,944.2,0.75
Islamabad,33.7104,73.1338,2026-06-18 23:00:00+00:00,25.2,70,944.4,0.75
Islamabad,33.7104,73.1338,2026-06-19 00:00:00+00:00,24.7,75,944.4,0.65
Islamabad,33.7104,73.1338,2026-06-19 01:00:00+00:00,25.2,71,945.2,1.1
Islamabad,33.7104,73.1338,2026-06-19 02:00:00+00:00,24.3,69,946.4,1.3
Islamabad,33.7104,73.1338,2026-06-19 03:00:00+00:00,26.4,59,946.7,2.84
Islamabad,33.7104,73.1338,2026-06-19 04:00:00+00:00,29.5,48,946.9,1.7
Islamabad,33.7104,73.1338,2026-06-19 05:00:00+00:00,30.9,44,947.2,0.83
Islamabad,33.7104,73.1338,2026-06-19 06:00:00+00:00,32.1,40,946.9,2.35
Islamabad,33.7104,73.1338,2026-06-19 07:00:00+00:00,32.3,40,947.2,2.15
Islamabad,33.7104,73.1338,2026-06-19 08:00:00+00:00,31.8,41,947.6,2.65
Islamabad,33.7104,73.1338,2026-06-19 09:00:00+00:00,29.9,49,947.5,4.82
Islamabad,33.7104,73.1338,2026-06-19 10:00:00+00:00,30.1,47,947.8,1.35
Islamabad,33.7104,73.1338,2026-06-19 11:00:00+00:00,29.4,50,946.9,1.55
Islamabad,33.7104,73.1338,2026-06-19 12:00:00+00:00,30.5,44,946.5,2.09
Islamabad,33.7104,73.1338,2026-06-19 13:00:00+00:00,29.8,47,946.3,0.99
Islamabad,33.7104,73.1338,2026-06-19 14:00:00+00:00,28.5,56,946.5,0.57
Islamabad,33.7104,73.1338,2026-06-19 15:00:00+00:00,27.4,63,946.4,0.81
Islamabad,33.7104,73.1338,2026-06-19 16:00:00+00:00,27.1,67,946.7,0.52
Islamabad,33.7104,73.1338,2026-06-19 17:00:00+00:00,26.8,62,947.0,0.4
Islamabad,33.7104,73.1338,2026-06-19 18:00:00+00:00,25.3,71,946.9,0.66
Islamabad,33.7104,73.1338,2026-06-19 19:00:00+00:00,24.5,76,946.4,0.74
Islamabad,33.7104,73.1338,2026-06-19 20:00:00+00:00,24.0,78,946.0,0.73
Islamabad,33.7104,73.1338,2026-06-19 21:00:00+00:00,23.2,81,945.7,0.56
Islamabad,33.7104,73.1338,2026-06-19 22:00:00+00:00,22.7,82,945.3,0.7
Islamabad,33.7104,73.1338,2026-06-19 23:00:00+00:00,22.2,83,945.3,1.0
Islamabad,33.7104,73.1338,2026-06-20 00:00:00+00:00,22.2,85,945.1,0.79
Islamabad,33.7104,73.1338,2026-06-20 01:00:00+00:00,23.1,81,945.6,1.26
Islamabad,33.7104,73.1338,2026-06-20 02:00:00+00:00,26.0,65,946.5,0.51
Islamabad,33.7104,73.1338,2026-06-20 03:00:00+00:00,28.2,52,947.2,0.55
Islamabad,33.7104,73.1338,2026-06-20 04:00:00+00:00,30.0,47,947.4,1.19
Islamabad,33.7104,73.1338,2026-06-20 05:00:00+00:00,31.7,42,947.5,1.26
Islamabad,33.7104,73.1338,2026-06-20 06:00:00+00:00,32.7,34,947.7,1.51
Islamabad,33.7104,73.1338,2026-06-20 07:00:00+00:00,32.9,33,947.6,0.91
Islamabad,33.7104,73.1338,2026-06-20 08:00:00+00:00,33.6,30,947.2,1.31
Islamabad,33.7104,73.1338,2026-06-20 09:00:00+00:00,33.6,31,946.7,1.37
Islamabad,33.7104,73.1338,2026-06-20 10:00:00+00:00,33.8,30,946.1,1.46
Islamabad,33.7104,73.1338,2026-06-20 11:00:00+00:00,33.6,31,945.7,0.96
Islamabad,33.7104,73.1338,2026-06-20 12:00:00+00:00,33.5,33,945.2,0.82
Islamabad,33.7104,73.1338,2026-06-20 13:00:00+00:00,32.2,42,945.0,0.81
Islamabad,33.7104,73.1338,2026-06-20 14:00:00+00:00,29.7,55,944.8,1.2
Islamabad,33.7104,73.1338,2026-06-20 15:00:00+00:00,27.8,64,944.6,1.25
Islamabad,33.7104,73.1338,2026-06-20 16:00:00+00:00,26.9,65,945.1,1.35
Islamabad,33.7104,73.1338,2026-06-20 17:00:00+00:00,26.5,65,945.1,1.21
Islamabad,33.7104,73.1338,2026-06-20 18:00:00+00:00,26.6,61,945.1,1.06
Islamabad,33.7104,73.1338,2026-06-20 19:00:00+00:00,25.9,62,944.8,1.82
Islamabad,33.7104,73.1338,2026-06-20 20:00:00+00:00,22.8,84,944.8,1.77
Islamabad,33.7104,73.1338,2026-06-20 21:00:00+00:00,22.5,89,944.7,3.24
Islamabad,33.7104,73.1338,2026-06-20 22:00:00+00:00,21.7,88,943.9,2.71
Islamabad,33.7104,73.1338,2026-06-20 23:00:00+00:00,21.6,96,944.3,1.35
Islamabad,33.7104,73.1338,2026-06-21 00:00:00+00:00,21.7,87,943.9,2.24
Islamabad,33.7104,73.1338,2026-06-21 01:00:00+00:00,22.9,90,944.4,1.23
Islamabad,33.7104,73.1338,2026-06-21 02:00:00+00:00,25.4,81,945.2,0.62
Islamabad,33.7104,73.1338,2026-06-21 03:00:00+00:00,28.8,51,945.8,0.39
Islamabad,33.7104,73.1338,2026-06-21 04:00:00+00:00,31.1,41,945.8,0.74
Islamabad,33.7104,73.1338,2026-06-21 05:00:00+00:00,32.8,34,945.6,0.78
Islamabad,33.7104,73.1338,2026-06-21 06:00:00+00:00,32.4,35,945.9,2.0
Islamabad,33.7104,73.1338,2026-06-21 07:00:00+00:00,33.1,31,945.4,2.6
Islamabad,33.7104,73.1338,2026-06-21 08:00:00+00:00,33.7,29,945.0,2.98
Islamabad,33.7104,73.1338,2026-06-21 09:00:00+00:00,33.6,29,944.6,1.33
Islamabad,33.7104,73.1338,2026-06-21 10:00:00+00:00,32.9,31,944.3,1.88
Islamabad,33.7104,73.1338,2026-06-21 11:00:00+00:00,33.0,31,943.9,2.7
Islamabad,33.7104,73.1338,2026-06-21 12:00:00+00:00,27.4,81,942.5,1.74
Islamabad,33.7104,73.1338,2026-06-21 13:00:00+00:00,28.6,65,943.3,1.93
Islamabad,33.7104,73.1338,2026-06-21 14:00:00+00:00,27.4,70,943.1,0.74
Islamabad,33.7104,73.1338,2026-06-21 15:00:00+00:00,26.5,65,943.2,1.61
Islamabad,33.7104,73.1338,2026-06-21 16:00:00+00:00,26.0,61,943.5,1.07
Islamabad,33.7104,73.1338,2026-06-21 17:00:00+00:00,25.5,62,943.8,1.07
Islamabad,33.7104,73.1338,2026-06-21 18:00:00+00:00,25.8,60,943.6,0.21
Islamabad,33.7104,73.1338,2026-06-21 19:00:00+00:00,25.2,57,943.8,0.85
Islamabad,33.7104,73.1338,2026-06-21 20:00:00+00:00,25.2,56,943.8,1.52
Islamabad,33.7104,73.1338,2026-06-21 21:00:00+00:00,22.7,77,944.5,1.35
Islamabad,33.7104,73.1338,2026-06-21 22:00:00+00:00,21.3,89,945.1,1.55
Islamabad,33.7104,73.1338,2026-06-21 23:00:00+00:00,21.5,84,944.6,2.33
Islamabad,33.7104,73.1338,2026-06-22 00:00:00+00:00,21.3,88,945.1,2.62
Islamabad,33.7104,73.1338,2026-06-22 01:00:00+00:00,21.3,88,944.6,2.39
Islamabad,33.7104,73.1338,2026-06-22 02:00:00+00:00,22.2,92,945.2,2.2
Islamabad,33.7104,73.1338,2026-06-22 03:00:00+00:00,25.1,78,945.8,0.95
Islamabad,33.7104,73.1338,2026-06-22 04:00:00+00:00,28.6,52,946.7,0.66
Islamabad,33.7104,73.1338,2026-06-22 05:00:00+00:00,29.3,45,947.1,0.62
Islamabad,33.7104,73.1338,2026-06-22 06:00:00+00:00,30.4,40,947.5,1.05
Islamabad,33.7104,73.1338,2026-06-22 07:00:00+00:00,26.0,65,948.1,4.95
Islamabad,33.7104,73.1338,2026-06-22 08:00:00+00:00,27.9,55,947.5,2.76
Islamabad,33.7104,73.1338,2026-06-22 09:00:00+00:00,29.3,48,946.5,2.2
Islamabad,33.7104,73.1338,2026-06-22 10:00:00+00:00,29.6,46,946.3,1.39
Islamabad,33.7104,73.1338,2026-06-22 11:00:00+00:00,29.8,45,945.8,0.81
Islamabad,33.7104,73.1338,2026-06-22 12:00:00+00:00,31.3,39,944.6,1.51
Islamabad,33.7104,73.1338,2026-06-22 13:00:00+00:00,30.2,45,944.5,1.06
Islamabad,33.7104,73.1338,2026-06-22 14:00:00+00:00,27.8,55,944.3,1.54
Islamabad,33.7104,73.1338,2026-06-22 15:00:00+00:00,26.4,60,944.5,1.1
Islamabad,33.7104,73.1338,2026-06-22 16:00:00+00:00,25.8,62,944.8,1.18
Islamabad,33.7104,73.1338,2026-06-22 17:00:00+00:00,25.1,66,944.6,1.55
Islamabad,33.7104,73.1338,2026-06-22 18:00:00+00:00,25.4,63,944.1,1.37
Islamabad,33.7104,73.1338,2026-06-22 19:00:00+00:00,24.2,69,943.8,1.27
Islamabad,33.7104,73.1338,2026-06-22 20:00:00+00:00,23.9,71,943.5,1.22
Islamabad,33.7104,73.1338,2026-06-22 21:00:00+00:00,23.9,71,943.3,1.26
Islamabad,33.7104,73.1338,2026-06-22 22:00:00+00:00,23.6,72,943.2,0.96
Islamabad,33.7104,73.1338,2026-06-22 23:00:00+00:00,23.1,73,943.1,0.68
Islamabad,33.7104,73.1338,2026-06-23 00:00:00+00:00,23.0,73,943.3,0.52
Islamabad,33.7104,73.1338,2026-06-23 01:00:00+00:00,23.7,74,943.6,0.91
Islamabad,33.7104,73.1338,2026-06-23 02:00:00+00:00,26.0,64,944.1,0.55
Islamabad,33.7104,73.1338,2026-06-23 03:00:00+00:00,28.4,54,944.5,0.21
Islamabad,33.7104,73.1338,2026-06-23 04:00:00+00:00,30.3,48,944.5,0.7
Islamabad,33.7104,73.1338,2026-06-23 05:00:00+00:00,31.6,45,944.4,1.22
Islamabad,33.7104,73.1338,2026-06-23 06:00:00+00:00,32.7,38,944.3,1.57
Islamabad,33.7104,73.1338,2026-06-23 07:00:00+00:00,32.9,39,943.7,1.98
Islamabad,33.7104,73.1338,2026-06-23 08:00:00+00:00,33.5,37,942.9,2.3
Islamabad,33.7104,73.1338,2026-06-23 09:00:00+00:00,33.6,37,942.0,2.39
Islamabad,33.7104,73.1338,2026-06-23 10:00:00+00:00,33.8,36,941.5,2.17
Islamabad,33.7104,73.1338,2026-06-23 11:00:00+00:00,33.6,36,941.2,1.78
Islamabad,33.7104,73.1338,2026-06-23 12:00:00+00:00,34.2,32,940.5,0.54
Islamabad,33.7104,73.1338,2026-06-23 13:00:00+00:00,32.8,47,940.2,0.36
Islamabad,33.7104,73.1338,2026-06-23 14:00:00+00:00,30.4,54,939.8,0.65
Islamabad,33.7104,73.1338,2026-06-23 15:00:00+00:00,29.1,58,940.1,0.36
Islamabad,33.7104,73.1338,2026-06-23 16:00:00+00:00,28.2,59,940.5,0.78
Islamabad,33.7104,73.1338,2026-06-23 17:00:00+00:00,27.3,61,940.8,1.05
Islamabad,33.7104,73.1338,2026-06-23 18:00:00+00:00,27.7,58,940.7,0.85
Islamabad,33.7104,73.1338,2026-06-23 19:00:00+00:00,26.7,62,940.8,0.76
Islamabad,33.7104,73.1338,2026-06-23 20:00:00+00:00,26.7,62,941.2,0.79
Islamabad,33.7104,73.1338,2026-06-23 21:00:00+00:00,26.9,56,941.5,0.92
Islamabad,33.7104,73.1338,2026-06-23 22:00:00+00:00,26.2,58,941.6,0.81
Islamabad,33.7104,73.1338,2026-06-23 23:00:00+00:00,25.6,62,941.9,1.11
Islamabad,33.7104,73.1338,2026-06-24 00:00:00+00:00,25.7,66,942.1,1.07
Islamabad,33.7104,73.1338,2026-06-24 01:00:00+00:00,26.4,64,942.7,1.25
Islamabad,33.7104,73.1338,2026-06-24 02:00:00+00:00,27.9,60,943.4,0.73
Islamabad,33.7104,73.1338,2026-06-24 03:00:00+00:00,29.6,52,944.2,0.71
Islamabad,33.7104,73.1338,2026-06-24 04:00:00+00:00,31.0,49,944.7,1.26
Islamabad,33.7104,73.1338,2026-06-24 05:00:00+00:00,32.1,46,944.8,1.53
Islamabad,33.7104,73.1338,2026-06-24 06:00:00+00:00,33.3,40,944.6,1.17
Islamabad,33.7104,73.1338,2026-06-24 07:00:00+00:00,34.0,39,944.0,1.35
Islamabad,33.7104,73.1338,2026-06-24 08:00:00+00:00,34.6,38,943.2,1.71
Islamabad,33.7104,73.1338,2026-06-24 09:00:00+00:00,35.0,37,942.3,1.93
Islamabad,33.7104,73.1338,2026-06-24 10:00:00+00:00,35.8,35,941.8,2.21
Islamabad,33.7104,73.1338,2026-06-24 11:00:00+00:00,35.2,36,941.3,2.0
Islamabad,33.7104,73.1338,2026-06-24 12:00:00+00:00,35.8,35,940.1,1.31
Islamabad,33.7104,73.1338,2026-06-24 13:00:00+00:00,34.0,44,940.2,1.9
Islamabad,33.7104,73.1338,2026-06-24 14:00:00+00:00,32.2,55,940.3,0.69
Islamabad,33.7104,73.1338,2026-06-24 15:00:00+00:00,31.1,55,941.0,0.45
Islamabad,33.7104,73.1338,2026-06-24 16:00:00+00:00,30.1,54,942.0,1.26
Islamabad,33.7104,73.1338,2026-06-24 17:00:00+00:00,29.4,55,943.0,2.57
Islamabad,33.7104,73.1338,2026-06-24 18:00:00+00:00,28.9,57,943.2,1.65
Islamabad,33.7104,73.1338,2026-06-24 19:00:00+00:00,28.2,59,943.1,1.46
Islamabad,33.7104,73.1338,2026-06-24 20:00:00+00:00,26.9,60,943.9,5.84
Islamabad,33.7104,73.1338,2026-06-24 21:00:00+00:00,24.3,77,944.0,1.45
Islamabad,33.7104,73.1338,2026-06-24 22:00:00+00:00,23.8,88,943.7,1.6
Islamabad,33.7104,73.1338,2026-06-24 23:00:00+00:00,24.4,84,944.0,0.82
Islamabad,33.7104,73.1338,2026-06-25 00:00:00+00:00,24.5,87,943.4,1.76
Islamabad,33.7104,73.1338,2026-06-25 01:00:00+00:00,25.3,84,944.2,1.17
Islamabad,33.7104,73.1338,2026-06-25 02:00:00+00:00,26.0,76,945.6,0.66
Islamabad,33.7104,73.1338,2026-06-25 03:00:00+00:00,27.1,67,946.7,1.72
Islamabad,33.7104,73.1338,2026-06-25 04:00:00+00:00,28.4,61,947.4,2.58
Islamabad,33.7104,73.1338,2026-06-25 05:00:00+00:00,29.3,57,947.5,2.89
Islamabad,33.7104,73.1338,2026-06-25 06:00:00+00:00,29.7,55,947.6,3.16
Islamabad,33.7104,73.1338,2026-06-25 07:00:00+00:00,30.4,53,947.6,3.3
Islamabad,33.7104,73.1338,2026-06-25 08:00:00+00:00,30.0,55,947.1,3.13
Islamabad,33.7104,73.1338,2026-06-25 09:00:00+00:00,30.7,52,946.2,1.11
Islamabad,33.7104,73.1338,2026-06-25 10:00:00+00:00,31.5,50,945.6,1.0
Islamabad,33.7104,73.1338,2026-06-25 11:00:00+00:00,31.6,49,945.0,1.36
Islamabad,33.7104,73.1338,2026-06-25 12:00:00+00:00,31.5,51,944.9,2.04
Islamabad,33.7104,73.1338,2026-06-25 13:00:00+00:00,30.8,53,944.7,2.14
Islamabad,33.7104,73.1338,2026-06-25 14:00:00+00:00,29.4,61,944.4,1.06
Islamabad,33.7104,73.1338,2026-06-25 15:00:00+00:00,28.8,65,944.2,0.11
Islamabad,33.7104,73.1338,2026-06-25 16:00:00+00:00,28.1,67,944.6,0.34
Islamabad,33.7104,73.1338,2026-06-25 17:00:00+00:00,28.1,68,944.8,0.22
Islamabad,33.7104,73.1338,2026-06-25 18:00:00+00:00,28.2,71,944.6,0.14
Islamabad,33.7104,73.1338,2026-06-25 19:00:00+00:00,27.4,70,944.6,0.35
Islamabad,33.7104,73.1338,2026-06-25 20:00:00+00:00,27.4,70,945.0,0.15
Islamabad,33.7104,73.1338,2026-06-25 21:00:00+00:00,27.2,69,945.1,0.29
Islamabad,33.7104,73.1338,2026-06-25 22:00:00+00:00,26.4,70,945.3,0.96
Islamabad,33.7104,73.1338,2026-06-25 23:00:00+00:00,26.2,70,945.6,1.19
Islamabad,33.7104,73.1338,2026-06-26 00:00:00+00:00,26.0,74,945.7,0.82
Islamabad,33.7104,73.1338,2026-06-26 01:00:00+00:00,26.4,73,946.3,1.29
Islamabad,33.7104,73.1338,2026-06-26 02:00:00+00:00,28.1,66,947.0,1.08
Islamabad,33.7104,73.1338,2026-06-26 03:00:00+00:00,30.0,59,947.6,0.63
Islamabad,33.7104,73.1338,2026-06-26 04:00:00+00:00,31.5,54,947.8,0.81
Islamabad,33.7104,73.1338,2026-06-26 05:00:00+00:00,32.7,49,947.7,1.24
Islamabad,33.7104,73.1338,2026-06-26 06:00:00+00:00,33.5,44,947.7,1.75
Islamabad,33.7104,73.1338,2026-06-26 07:00:00+00:00,34.4,41,947.4,1.3
Islamabad,33.7104,73.1338,2026-06-26 08:00:00+00:00,34.9,39,947.1,1.7
Islamabad,33.7104,73.1338,2026-06-26 09:00:00+00:00,34.7,39,946.2,1.99
Islamabad,33.7104,73.1338,2026-06-26 10:00:00+00:00,34.7,40,945.7,1.81
Islamabad,33.7104,73.1338,2026-06-26 11:00:00+00:00,34.6,40,945.2,1.98
Islamabad,33.7104,73.1338,2026-06-26 12:00:00+00:00,34.9,37,944.5,2.0
Islamabad,33.7104,73.1338,2026-06-26 13:00:00+00:00,33.8,45,944.5,1.24
Islamabad,33.7104,73.1338,2026-06-26 14:00:00+00:00,32.1,51,944.4,1.15
Islamabad,33.7104,73.1338,2026-06-26 15:00:00+00:00,31.2,48,944.6,0.71
Islamabad,33.7104,73.1338,2026-06-26 16:00:00+00:00,30.0,51,944.9,1.27
Islamabad,33.7104,73.1338,2026-06-26 17:00:00+00:00,28.9,57,945.4,0.85
Islamabad,33.7104,73.1338,2026-06-26 18:00:00+00:00,28.9,60,945.5,0.0
Islamabad,33.7104,73.1338,2026-06-26 19:00:00+00:00,27.7,62,945.4,0.7
Islamabad,33.7104,73.1338,2026-06-26 20:00:00+00:00,27.1,65,945.2,0.96
Islamabad,33.7104,73.1338,2026-06-26 21:00:00+00:00,26.8,66,945.2,1.17
Islamabad,33.7104,73.1338,2026-06-26 22:00:00+00:00,26.8,65,945.3,1.29
Islamabad,33.7104,73.1338,2026-06-26 23:00:00+00:00,26.9,63,945.4,1.3
Islamabad,33.7104,73.1338,2026-06-27 00:00:00+00:00,27.1,67,945.3,0.98
Islamabad,33.7104,73.1338,2026-06-27 01:00:00+00:00,27.5,66,945.7,1.09
Islamabad,33.7104,73.1338,2026-06-27 02:00:00+00:00,29.2,61,946.2,1.03
Islamabad,33.7104,73.1338,2026-06-27 03:00:00+00:00,31.0,54,946.6,0.6
Islamabad,33.7104,73.1338,2026-06-27 04:00:00+00:00,32.4,50,946.8,1.33
Islamabad,33.7104,73.1338,2026-06-27 05:00:00+00:00,33.5,47,946.6,1.55
Islamabad,33.7104,73.1338,2026-06-27 06:00:00+00:00,34.7,42,946.7,1.55
Islamabad,33.7104,73.1338,2026-06-27 07:00:00+00:00,35.4,40,946.1,1.84
Islamabad,33.7104,73.1338,2026-06-27 08:00:00+00:00,36.1,39,945.3,1.11
Islamabad,33.7104,73.1338,2026-06-27 09:00:00+00:00,36.4,38,944.4,1.06
Islamabad,33.7104,73.1338,2026-06-27 10:00:00+00:00,36.0,40,943.8,1.3
Islamabad,33.7104,73.1338,2026-06-27 11:00:00+00:00,35.8,40,943.0,1.19
Islamabad,33.7104,73.1338,2026-06-27 12:00:00+00:00,36.6,34,942.5,0.35
Islamabad,33.7104,73.1338,2026-06-27 13:00:00+00:00,35.0,44,942.1,1.4
Islamabad,33.7104,73.1338,2026-06-27 14:00:00+00:00,32.7,50,941.8,1.46
Islamabad,33.7104,73.1338,2026-06-27 15:00:00+00:00,31.1,55,941.6,0.93
Islamabad,33.7104,73.1338,2026-06-27 16:00:00+00:00,30.8,55,942.2,0.86
Islamabad,33.7104,73.1338,2026-06-27 17:00:00+00:00,29.9,57,942.4,0.81
Islamabad,33.7104,73.1338,2026-06-27 18:00:00+00:00,30.0,57,942.2,0.7
Islamabad,33.7104,73.1338,2026-06-27 19:00:00+00:00,28.9,59,942.3,1.22
Islamabad,33.7104,73.1338,2026-06-27 20:00:00+00:00,28.2,63,942.1,1.49
Islamabad,33.7104,73.1338,2026-06-27 21:00:00+00:00,28.0,64,941.8,1.93
Islamabad,33.7104,73.1338,2026-06-27 22:00:00+00:00,27.8,65,942.1,1.43
Islamabad,33.7104,73.1338,2026-06-27 23:00:00+00:00,27.5,68,942.1,1.11
Islamabad,33.7104,73.1338,2026-06-28 00:00:00+00:00,27.8,62,942.0,1.45
Islamabad,33.7104,73.1338,2026-06-28 01:00:00+00:00,28.2,62,942.0,1.81
Islamabad,33.7104,73.1338,2026-06-28 02:00:00+00:00,30.1,59,942.6,1.54
Islamabad,33.7104,73.1338,2026-06-28 03:00:00+00:00,32.1,51,943.3,1.04
Islamabad,33.7104,73.1338,2026-06-28 04:00:00+00:00,33.3,49,943.7,2.32
Islamabad,33.7104,73.1338,2026-06-28 05:00:00+00:00,34.2,47,943.8,2.59
Islamabad,33.7104,73.1338,2026-06-28 06:00:00+00:00,35.0,45,943.8,2.04
Islamabad,33.7104,73.1338,2026-06-28 07:00:00+00:00,35.8,42,943.2,1.94
Islamabad,33.7104,73.1338,2026-06-28 08:00:00+00:00,36.7,39,942.8,1.98
Islamabad,33.7104,73.1338,2026-06-28 09:00:00+00:00,37.4,37,941.8,2.1
Islamabad,33.7104,73.1338,2026-06-28 10:00:00+00:00,37.8,36,941.1,2.28
Islamabad,33.7104,73.1338,2026-06-28 11:00:00+00:00,37.6,34,940.5,2.53
Islamabad,33.7104,73.1338,2026-06-28 12:00:00+00:00,37.0,35,940.0,3.09
Islamabad,33.7104,73.1338,2026-06-28 13:00:00+00:00,35.6,39,939.8,3.46
Islamabad,33.7104,73.1338,2026-06-28 14:00:00+00:00,33.4,50,939.7,1.25
Islamabad,33.7104,73.1338,2026-06-28 15:00:00+00:00,32.7,51,940.0,0.39
Islamabad,33.7104,73.1338,2026-06-28 16:00:00+00:00,31.3,53,940.4,0.99
Islamabad,33.7104,73.1338,2026-06-28 17:00:00+00:00,30.1,57,940.4,0.86
Islamabad,33.7104,73.1338,2026-06-28 18:00:00+00:00,30.3,59,940.4,1.08
Islamabad,33.7104,73.1338,2026-06-28 19:00:00+00:00,29.5,61,940.1,1.29
Islamabad,33.7104,73.1338,2026-06-28 20:00:00+00:00,29.2,61,939.9,1.42
Islamabad,33.7104,73.1338,2026-06-28 21:00:00+00:00,28.9,61,939.8,1.27
Islamabad,33.7104,73.1338,2026-06-28 22:00:00+00:00,28.4,63,939.9,1.06
Islamabad,33.7104,73.1338,2026-06-28 23:00:00+00:00,28.1,64,940.0,1.02
Islamabad,33.7104,73.1338,2026-06-29 00:00:00+00:00,28.1,64,939.4,0.87
Islamabad,33.7104,73.1338,2026-06-29 01:00:00+00:00,28.7,62,939.6,1.12
Islamabad,33.7104,73.1338,2026-06-29 02:00:00+00:00,30.5,57,940.1,1.17
Islamabad,33.7104,73.1338,2026-06-29 03:00:00+00:00,32.7,49,940.9,0.87
Islamabad,33.7104,73.1338,2026-06-29 04:00:00+00:00,34.1,47,941.3,2.09
Islamabad,33.7104,73.1338,2026-06-29 05:00:00+00:00,35.2,45,941.4,2.51
Islamabad,33.7104,73.1338,2026-06-29 06:00:00+00:00,35.6,46,941.7,3.15
Islamabad,33.7104,73.1338,2026-06-29 07:00:00+00:00,35.6,47,941.7,3.0
Islamabad,33.7104,73.1338,2026-06-29 08:00:00+00:00,36.0,46,941.2,2.44
Islamabad,33.7104,73.1338,2026-06-29 09:00:00+00:00,36.3,45,940.7,2.21
Islamabad,33.7104,73.1338,2026-06-29 10:00:00+00:00,36.5,44,940.4,2.33
Islamabad,33.7104,73.1338,2026-06-29 11:00:00+00:00,36.1,44,939.6,2.37
Islamabad,33.7104,73.1338,2026-06-29 12:00:00+00:00,36.5,44,939.3,2.8
Islamabad,33.7104,73.1338,2026-06-29 13:00:00+00:00,35.6,47,939.1,2.27
Islamabad,33.7104,73.1338,2026-06-29 14:00:00+00:00,34.2,53,938.8,1.7
Islamabad,33.7104,73.1338,2026-06-29 15:00:00+00:00,32.8,59,938.9,1.2
Islamabad,33.7104,73.1338,2026-06-29 16:00:00+00:00,31.7,65,939.3,0.56
Islamabad,33.7104,73.1338,2026-06-29 17:00:00+00:00,30.8,66,939.7,0.74
Islamabad,33.7104,73.1338,2026-06-29 18:00:00+00:00,31.5,63,939.5,1.15
Islamabad,33.7104,73.1338,2026-06-29 19:00:00+00:00,30.8,62,939.3,1.25
Islamabad,33.7104,73.1338,2026-06-29 20:00:00+00:00,30.2,64,939.4,0.97
Islamabad,33.7104,73.1338,2026-06-29 21:00:00+00:00,29.7,67,939.3,0.93
Islamabad,33.7104,73.1338,2026-06-29 22:00:00+00:00,29.3,70,939.5,0.69
Islamabad,33.7104,73.1338,2026-06-29 23:00:00+00:00,29.0,71,939.7,0.83
Islamabad,33.7104,73.1338,2026-06-30 00:00:00+00:00,29.4,75,939.7,1.49
Islamabad,33.7104,73.1338,2026-06-30 01:00:00+00:00,29.8,74,940.0,1.82
Islamabad,33.7104,73.1338,2026-06-30 02:00:00+00:00,31.5,67,940.5,1.46
Islamabad,33.7104,73.1338,2026-06-30 03:00:00+00:00,32.5,63,941.0,2.05
Islamabad,33.7104,73.1338,2026-06-30 04:00:00+00:00,33.4,60,941.0,2.21
Islamabad,33.7104,73.1338,2026-06-30 05:00:00+00:00,34.7,55,941.2,2.37
Islamabad,33.7104,73.1338,2026-06-30 06:00:00+00:00,35.8,50,941.7,3.42
Islamabad,33.7104,73.1338,2026-06-30 07:00:00+00:00,36.1,49,941.7,3.42
Islamabad,33.7104,73.1338,2026-06-30 08:00:00+00:00,36.7,47,941.3,3.18
Islamabad,33.7104,73.1338,2026-06-30 09:00:00+00:00,36.7,46,940.9,3.11
Islamabad,33.7104,73.1338,2026-06-30 10:00:00+00:00,35.0,54,940.8,1.99
Islamabad,33.7104,73.1338,2026-06-30 11:00:00+00:00,35.4,51,940.4,1.9
Islamabad,33.7104,73.1338,2026-06-30 12:00:00+00:00,35.9,47,939.9,3.82
Islamabad,33.7104,73.1338,2026-06-30 13:00:00+00:00,34.0,54,939.5,2.46
Islamabad,33.7104,73.1338,2026-06-30 14:00:00+00:00,32.9,56,939.5,2.42
Islamabad,33.7104,73.1338,2026-06-30 15:00:00+00:00,32.1,63,939.7,0.84
Islamabad,33.7104,73.1338,2026-06-30 16:00:00+00:00,31.6,65,940.8,0.8
Islamabad,33.7104,73.1338,2026-06-30 17:00:00+00:00,30.9,66,941.5,1.0
Islamabad,33.7104,73.1338,2026-06-30 18:00:00+00:00,31.7,64,941.2,1.48
Islamabad,33.7104,73.1338,2026-06-30 19:00:00+00:00,30.7,66,940.7,1.42
Islamabad,33.7104,73.1338,2026-06-30 20:00:00+00:00,30.2,67,940.6,1.73
Islamabad,33.7104,73.1338,2026-06-30 21:00:00+00:00,29.7,71,940.6,0.87
Islamabad,33.7104,73.1338,2026-06-30 22:00:00+00:00,29.6,69,940.7,1.08
Islamabad,33.7104,73.1338,2026-06-30 23:00:00+00:00,26.5,81,941.1,3.18
Islamabad,33.7104,73.1338,2026-07-01 00:00:00+00:00,25.7,90,939.9,2.07
Islamabad,33.7104,73.1338,2026-07-01 01:00:00+00:00,26.3,89,940.7,1.25
Islamabad,33.7104,73.1338,2026-07-01 02:00:00+00:00,27.6,84,940.8,0.47
Islamabad,33.7104,73.1338,2026-07-01 03:00:00+00:00,29.2,72,942.1,1.48
Islamabad,33.7104,73.1338,2026-07-01 04:00:00+00:00,28.8,70,943.0,2.62
Islamabad,33.7104,73.1338,2026-07-01 05:00:00+00:00,30.9,62,942.9,2.47
Islamabad,33.7104,73.1338,2026-07-01 06:00:00+00:00,33.2,54,942.8,3.33
Islamabad,33.7104,73.1338,2026-07-01 07:00:00+00:00,33.4,55,943.0,3.5
Islamabad,33.7104,73.1338,2026-07-01 08:00:00+00:00,30.6,70,942.9,2.06
Islamabad,33.7104,73.1338,2026-07-01 09:00:00+00:00,32.0,61,942.1,2.39
Islamabad,33.7104,73.1338,2026-07-01 10:00:00+00:00,33.0,60,941.6,2.28
Islamabad,33.7104,73.1338,2026-07-01 11:00:00+00:00,32.1,63,941.2,2.78
Islamabad,33.7104,73.1338,2026-07-01 12:00:00+00:00,30.3,62,941.2,3.5
Islamabad,33.7104,73.1338,2026-07-01 13:00:00+00:00,27.1,85,941.1,2.79
Islamabad,33.7104,73.1338,2026-07-01 14:00:00+00:00,27.8,80,941.7,2.38
Islamabad,33.7104,73.1338,2026-07-01 15:00:00+00:00,27.5,77,942.0,2.88
Islamabad,33.7104,73.1338,2026-07-01 16:00:00+00:00,27.8,71,942.1,2.03
Islamabad,33.7104,73.1338,2026-07-01 17:00:00+00:00,27.5,71,943.0,1.52
Islamabad,33.7104,73.1338,2026-07-01 18:00:00+00:00,24.9,90,942.9,1.63
Islamabad,33.7104,73.1338,2026-07-01 19:00:00+00:00,25.1,91,942.2,0.25
Islamabad,33.7104,73.1338,2026-07-01 20:00:00+00:00,25.1,93,942.2,0.46
Islamabad,33.7104,73.1338,2026-07-01 21:00:00+00:00,25.2,94,941.9,0.67
Islamabad,33.7104,73.1338,2026-07-01 22:00:00+00:00,25.3,91,942.4,1.22
Islamabad,33.7104,73.1338,2026-07-01 23:00:00+00:00,25.0,91,942.7,0.38
Islamabad,33.7104,73.1338,2026-07-02 00:00:00+00:00,25.9,85,942.7,0.76
Islamabad,33.7104,73.1338,2026-07-02 01:00:00+00:00,25.1,87,943.7,1.46
Islamabad,33.7104,73.1338,2026-07-02 02:00:00+00:00,25.7,76,944.0,1.21
Islamabad,33.7104,73.1338,2026-07-02 03:00:00+00:00,26.7,72,944.5,1.15
Islamabad,33.7104,73.1338,2026-07-02 04:00:00+00:00,28.1,68,944.9,1.74
Islamabad,33.7104,73.1338,2026-07-02 05:00:00+00:00,29.5,62,944.9,1.45
Islamabad,33.7104,73.1338,2026-07-02 06:00:00+00:00,30.4,55,945.4,1.66
Islamabad,33.7104,73.1338,2026-07-02 07:00:00+00:00,31.7,51,945.0,2.15
Islamabad,33.7104,73.1338,2026-07-02 08:00:00+00:00,32.1,51,944.1,2.17
Islamabad,33.7104,73.1338,2026-07-02 09:00:00+00:00,32.8,50,943.5,2.58
Islamabad,33.7104,73.1338,2026-07-02 10:00:00+00:00,32.6,51,943.0,2.44
Islamabad,33.7104,73.1338,2026-07-02 11:00:00+00:00,32.6,51,942.6,2.31
Islamabad,33.7104,73.1338,2026-07-02 12:00:00+00:00,32.5,51,942.7,2.24
Islamabad,33.7104,73.1338,2026-07-02 13:00:00+00:00,31.9,53,942.7,1.73
Islamabad,33.7104,73.1338,2026-07-02 14:00:00+00:00,31.1,56,942.8,1.06
Islamabad,33.7104,73.1338,2026-07-02 15:00:00+00:00,30.3,60,942.9,0.86
Islamabad,33.7104,73.1338,2026-07-02 16:00:00+00:00,29.6,64,943.6,0.92
Islamabad,33.7104,73.1338,2026-07-02 17:00:00+00:00,28.9,67,944.0,0.87
Islamabad,33.7104,73.1338,2026-07-02 18:00:00+00:00,29.2,69,944.4,0.92
Islamabad,33.7104,73.1338,2026-07-02 19:00:00+00:00,28.0,74,944.6,0.95
Islamabad,33.7104,73.1338,2026-07-02 20:00:00+00:00,27.5,78,944.8,0.49
Islamabad,33.7104,73.1338,2026-07-02 21:00:00+00:00,25.7,83,945.5,2.92
Islamabad,33.7104,73.1338,2026-07-02 22:00:00+00:00,22.9,96,945.5,4.01
Islamabad,33.7104,73.1338,2026-07-02 23:00:00+00:00,23.8,93,945.3,1.12
Islamabad,33.7104,73.1338,2026-07-03 00:00:00+00:00,23.5,93,945.4,2.51
Islamabad,33.7104,73.1338,2026-07-03 01:00:00+00:00,23.9,93,944.5,1.68
Islamabad,33.7104,73.1338,2026-07-03 02:00:00+00:00,25.1,84,945.0,0.25
Islamabad,33.7104,73.1338,2026-07-03 03:00:00+00:00,27.4,68,945.7,0.52
Islamabad,33.7104,73.1338,2026-07-03 04:00:00+00:00,29.8,58,946.2,0.1
Islamabad,33.7104,73.1338,2026-07-03 05:00:00+00:00,31.4,55,946.4,1.16
Islamabad,33.7104,73.1338,2026-07-03 06:00:00+00:00,32.1,54,946.1,1.81
Islamabad,33.7104,73.1338,2026-07-03 07:00:00+00:00,33.4,51,946.0,1.95
Islamabad,33.7104,73.1338,2026-07-03 08:00:00+00:00,34.1,49,945.5,2.01
Islamabad,33.7104,73.1338,2026-07-03 09:00:00+00:00,34.4,49,944.5,1.88
Islamabad,33.7104,73.1338,2026-07-03 10:00:00+00:00,34.7,47,943.6,1.27
Islamabad,33.7104,73.1338,2026-07-03 11:00:00+00:00,34.9,44,942.7,1.32
Islamabad,33.7104,73.1338,2026-07-03 12:00:00+00:00,34.7,42,942.0,2.74
Islamabad,33.7104,73.1338,2026-07-03 13:00:00+00:00,33.8,45,942.0,2.29
Islamabad,33.7104,73.1338,2026-07-03 14:00:00+00:00,32.1,55,941.8,1.1
Islamabad,33.7104,73.1338,2026-07-03 15:00:00+00:00,30.1,65,941.8,0.92
Islamabad,33.7104,73.1338,2026-07-03 16:00:00+00:00,28.4,75,942.1,1.35
Islamabad,33.7104,73.1338,2026-07-03 17:00:00+00:00,27.4,79,942.3,1.43
Islamabad,33.7104,73.1338,2026-07-03 18:00:00+00:00,27.4,75,942.2,1.19
Islamabad,33.7104,73.1338,2026-07-03 19:00:00+00:00,27.1,72,942.3,1.11
Islamabad,33.7104,73.1338,2026-07-03 20:00:00+00:00,26.9,70,942.3,1.0
Islamabad,33.7104,73.1338,2026-07-03 21:00:00+00:00,26.6,68,942.6,1.55
Islamabad,33.7104,73.1338,2026-07-03 22:00:00+00:00,26.8,64,942.8,2.01
Islamabad,33.7104,73.1338,2026-07-03 23:00:00+00:00,27.0,64,942.9,1.82
Islamabad,33.7104,73.1338,2026-07-04 00:00:00+00:00,27.5,63,943.2,1.31
Islamabad,33.7104,73.1338,2026-07-04 01:00:00+00:00,27.6,66,943.6,1.35
Islamabad,33.7104,73.1338,2026-07-04 02:00:00+00:00,29.5,59,944.3,0.9
Islamabad,33.7104,73.1338,2026-07-04 03:00:00+00:00,31.0,56,944.5,0.43
Islamabad,33.7104,73.1338,2026-07-04 04:00:00+00:00,32.7,50,944.3,0.6
Islamabad,33.7104,73.1338,2026-07-04 05:00:00+00:00,34.5,43,943.7,1.2
Islamabad,33.7104,73.1338,2026-07-04 06:00:00+00:00,35.1,41,944.3,2.24
Islamabad,33.7104,73.1338,2026-07-04 07:00:00+00:00,35.7,38,943.6,2.46
Islamabad,33.7104,73.1338,2026-07-04 08:00:00+00:00,36.3,36,942.5,2.26
Islamabad,33.7104,73.1338,2026-07-04 09:00:00+00:00,36.8,34,941.7,1.94
Islamabad,33.7104,73.1338,2026-07-04 10:00:00+00:00,36.9,32,941.0,1.75
Islamabad,33.7104,73.1338,2026-07-04 11:00:00+00:00,36.7,32,940.2,1.4
Islamabad,33.7104,73.1338,2026-07-04 12:00:00+00:00,36.9,30,940.1,2.46
Islamabad,33.7104,73.1338,2026-07-04 13:00:00+00:00,35.8,33,939.8,2.3
Islamabad,33.7104,73.1338,2026-07-04 14:00:00+00:00,34.2,39,939.6,1.06
Islamabad,33.7104,73.1338,2026-07-04 15:00:00+00:00,32.3,46,939.5,1.07
Islamabad,33.7104,73.1338,2026-07-04 16:00:00+00:00,30.5,55,939.5,1.35
Islamabad,33.7104,73.1338,2026-07-04 17:00:00+00:00,29.4,61,939.6,1.46
Islamabad,33.7104,73.1338,2026-07-04 18:00:00+00:00,28.8,65,939.4,1.29
Islamabad,33.7104,73.1338,2026-07-04 19:00:00+00:00,28.2,67,939.7,1.15
Islamabad,33.7104,73.1338,2026-07-04 20:00:00+00:00,28.1,65,939.9,1.12
Islamabad,33.7104,73.1338,2026-07-04 21:00:00+00:00,27.9,63,940.1,1.3
Islamabad,33.7104,73.1338,2026-07-04 22:00:00+00:00,27.6,63,940.4,1.0
Islamabad,33.7104,73.1338,2026-07-04 23:00:00+00:00,27.7,59,940.8,1.19
Islamabad,33.7104,73.1338,2026-07-05 00:00:00+00:00,28.1,63,941.2,1.88
Islamabad,33.7104,73.1338,2026-07-05 01:00:00+00:00,28.4,66,941.6,1.69
Islamabad,33.7104,73.1338,2026-07-05 02:00:00+00:00,30.2,63,942.2,1.1
Islamabad,33.7104,73.1338,2026-07-05 03:00:00+00:00,32.0,58,942.5,1.29
Islamabad,33.7104,73.1338,2026-07-05 04:00:00+00:00,33.4,53,942.5,2.0
Islamabad,33.7104,73.1338,2026-07-05 05:00:00+00:00,34.4,49,942.4,1.36
Islamabad,33.7104,73.1338,2026-07-05 06:00:00+00:00,35.3,43,943.0,1.42
Islamabad,33.7104,73.1338,2026-07-05 07:00:00+00:00,36.2,40,942.4,1.9
Islamabad,33.7104,73.1338,2026-07-05 08:00:00+00:00,37.0,37,941.7,2.15
Islamabad,33.7104,73.1338,2026-07-05 09:00:00+00:00,37.5,35,941.0,2.18
Islamabad,33.7104,73.1338,2026-07-05 10:00:00+00:00,37.6,33,940.4,1.98
Islamabad,33.7104,73.1338,2026-07-05 11:00:00+00:00,37.5,33,939.9,1.61
Islamabad,33.7104,73.1338,2026-07-05 12:00:00+00:00,37.9,33,939.4,1.5
Islamabad,33.7104,73.1338,2026-07-05 13:00:00+00:00,36.3,38,939.3,1.66
Islamabad,33.7104,73.1338,2026-07-05 14:00:00+00:00,34.7,46,939.1,1.01
Islamabad,33.7104,73.1338,2026-07-05 15:00:00+00:00,32.8,54,938.8,0.8
Islamabad,33.7104,73.1338,2026-07-05 16:00:00+00:00,31.3,61,939.0,0.45
Islamabad,33.7104,73.1338,2026-07-05 17:00:00+00:00,30.6,60,939.5,0.67
Islamabad,33.7104,73.1338,2026-07-05 18:00:00+00:00,31.3,57,940.0,0.7
Islamabad,33.7104,73.1338,2026-07-05 19:00:00+00:00,30.0,62,940.0,0.73
Islamabad,33.7104,73.1338,2026-07-05 20:00:00+00:00,29.4,62,940.3,1.37
Islamabad,33.7104,73.1338,2026-07-05 21:00:00+00:00,29.3,58,940.7,1.97
Islamabad,33.7104,73.1338,2026-07-05 22:00:00+00:00,29.1,62,940.6,2.04
Islamabad,33.7104,73.1338,2026-07-05 23:00:00+00:00,28.5,70,940.7,1.86
Islamabad,33.7104,73.1338,2026-07-06 00:00:00+00:00,28.3,75,941.2,1.73
Islamabad,33.7104,73.1338,2026-07-06 01:00:00+00:00,28.3,77,941.4,1.87
Islamabad,33.7104,73.1338,2026-07-06 02:00:00+00:00,29.7,70,942.3,1.66
Islamabad,33.7104,73.1338,2026-07-06 03:00:00+00:00,30.5,68,942.7,1.95
Islamabad,33.7104,73.1338,2026-07-06 04:00:00+00:00,31.7,64,942.7,2.07
Islamabad,33.7104,73.1338,2026-07-06 05:00:00+00:00,32.6,60,942.8,2.21
Islamabad,33.7104,73.1338,2026-07-06 06:00:00+00:00,33.0,57,943.1,3.07
Islamabad,33.7104,73.1338,2026-07-06 07:00:00+00:00,33.3,55,942.8,2.28
Islamabad,33.7104,73.1338,2026-07-06 08:00:00+00:00,32.7,57,942.5,1.24
Islamabad,33.7104,73.1338,2026-07-06 09:00:00+00:00,33.5,55,941.5,1.48
Islamabad,33.7104,73.1338,2026-07-06 10:00:00+00:00,33.3,58,941.1,1.45
Islamabad,33.7104,73.1338,2026-07-06 11:00:00+00:00,33.6,57,940.6,1.45
Islamabad,33.7104,73.1338,2026-07-06 12:00:00+00:00,33.0,53,940.5,1.87
Islamabad,33.7104,73.1338,2026-07-06 13:00:00+00:00,31.4,64,940.6,1.56
Islamabad,33.7104,73.1338,2026-07-06 14:00:00+00:00,30.4,69,940.6,1.62
Islamabad,33.7104,73.1338,2026-07-06 15:00:00+00:00,29.7,73,940.5,1.07
Islamabad,33.7104,73.1338,2026-07-06 16:00:00+00:00,29.1,74,940.9,1.22
Islamabad,33.7104,73.1338,2026-07-06 17:00:00+00:00,28.6,76,941.3,0.93
Islamabad,33.7104,73.1338,2026-07-06 18:00:00+00:00,27.5,79,941.9,0.21
Islamabad,33.7104,73.1338,2026-07-06 19:00:00+00:00,26.9,81,941.7,0.43
Islamabad,33.7104,73.1338,2026-07-06 20:00:00+00:00,26.6,81,941.8,0.52
Islamabad,33.7104,73.1338,2026-07-06 21:00:00+00:00,26.5,80,941.9,0.4
Islamabad,33.7104,73.1338,2026-07-06 22:00:00+00:00,26.4,79,941.8,0.76
Islamabad,33.7104,73.1338,2026-07-06 23:00:00+00:00,26.1,81,941.9,0.7
Islamabad,33.7104,73.1338,2026-07-07 00:00:00+00:00,25.9,73,942.2,1.87
Islamabad,33.7104,73.1338,2026-07-07 01:00:00+00:00,25.6,78,941.9,1.14
Islamabad,33.7104,73.1338,2026-07-07 02:00:00+00:00,27.6,69,943.0,1.43
Islamabad,33.7104,73.1338,2026-07-07 03:00:00+00:00,27.7,65,943.4,1.61
Islamabad,33.7104,73.1338,2026-07-07 04:00:00+00:00,29.3,59,943.2,0.71
Islamabad,33.7104,73.1338,2026-07-07 05:00:00+00:00,31.0,55,942.9,0.07
Islamabad,33.7104,73.1338,2026-07-07 06:00:00+00:00,32.2,51,942.4,0.8
Islamabad,33.7104,73.1338,2026-07-07 07:00:00+00:00,34.1,45,942.0,2.08
Islamabad,33.7104,73.1338,2026-07-07 08:00:00+00:00,34.9,43,940.7,1.7
Islamabad,33.7104,73.1338,2026-07-07 09:00:00+00:00,35.5,41,939.9,2.25
Islamabad,33.7104,73.1338,2026-07-07 10:00:00+00:00,35.5,40,939.3,3.0
Islamabad,33.7104,73.1338,2026-07-07 11:00:00+00:00,35.0,41,939.0,3.05
Islamabad,33.7104,73.1338,2026-07-07 12:00:00+00:00,35.1,42,938.4,2.46
Islamabad,33.7104,73.1338,2026-07-07 13:00:00+00:00,34.0,45,938.2,1.91
Islamabad,33.7104,73.1338,2026-07-07 14:00:00+00:00,32.5,56,938.5,0.25
Islamabad,33.7104,73.1338,2026-07-07 15:00:00+00:00,30.7,57,938.8,0.92
Islamabad,33.7104,73.1338,2026-07-07 16:00:00+00:00,29.9,60,939.5,1.41
Islamabad,33.7104,73.1338,2026-07-07 17:00:00+00:00,28.9,64,939.8,1.3
Islamabad,33.7104,73.1338,2026-07-07 18:00:00+00:00,29.1,62,940.0,1.11
Islamabad,33.7104,73.1338,2026-07-07 19:00:00+00:00,28.0,66,939.7,1.22
Islamabad,33.7104,73.1338,2026-07-07 20:00:00+00:00,27.7,64,940.2,1.23
Islamabad,33.7104,73.1338,2026-07-07 21:00:00+00:00,27.7,64,940.4,1.01
Islamabad,33.7104,73.1338,2026-07-07 22:00:00+00:00,27.6,66,940.4,0.95
Islamabad,33.7104,73.1338,2026-07-07 23:00:00+00:00,27.4,67,940.5,0.97
Islamabad,33.7104,73.1338,2026-07-08 00:00:00+00:00,25.8,81,939.3,0.86
Islamabad,33.7104,73.1338,2026-07-08 01:00:00+00:00,26.2,84,940.0,1.42
Islamabad,33.7104,73.1338,2026-07-08 02:00:00+00:00,29.1,69,940.9,0.18
Islamabad,33.7104,73.1338,2026-07-08 03:00:00+00:00,31.0,58,941.4,1.46
Islamabad,33.7104,73.1338,2026-07-08 04:00:00+00:00,31.4,57,941.2,0.96
Islamabad,33.7104,73.1338,2026-07-08 05:00:00+00:00,33.7,50,941.1,1.05
Islamabad,33.7104,73.1338,2026-07-08 06:00:00+00:00,34.1,42,941.6,3.26
Islamabad,33.7104,73.1338,2026-07-08 07:00:00+00:00,33.0,48,941.6,3.09
Islamabad,33.7104,73.1338,2026-07-08 08:00:00+00:00,34.3,46,941.0,2.26
Islamabad,33.7104,73.1338,2026-07-08 09:00:00+00:00,35.1,43,940.3,1.85
Islamabad,33.7104,73.1338,2026-07-08 10:00:00+00:00,35.5,41,939.9,2.18
Islamabad,33.7104,73.1338,2026-07-08 11:00:00+00:00,35.4,40,939.3,1.66
Islamabad,33.7104,73.1338,2026-07-08 12:00:00+00:00,33.4,44,939.2,3.17
Islamabad,33.7104,73.1338,2026-07-08 13:00:00+00:00,32.4,48,939.7,2.65
Islamabad,33.7104,73.1338,2026-07-08 14:00:00+00:00,30.1,57,940.0,2.92
Islamabad,33.7104,73.1338,2026-07-08 15:00:00+00:00,28.2,68,940.4,1.3
Islamabad,33.7104,73.1338,2026-07-08 16:00:00+00:00,27.4,73,940.9,0.76
Islamabad,33.7104,73.1338,2026-07-08 17:00:00+00:00,27.1,75,941.1,0.6
Islamabad,33.7104,73.1338,2026-07-08 18:00:00+00:00,26.8,73,941.6,0.35
Islamabad,33.7104,73.1338,2026-07-08 19:00:00+00:00,25.9,75,941.5,0.71
Islamabad,33.7104,73.1338,2026-07-08 20:00:00+00:00,25.3,76,941.2,0.66
Islamabad,33.7104,73.1338,2026-07-08 21:00:00+00:00,25.0,78,941.3,0.76
Islamabad,33.7104,73.1338,2026-07-08 22:00:00+00:00,24.9,78,940.8,0.7
Islamabad,33.7104,73.1338,2026-07-08 23:00:00+00:00,24.9,78,940.8,0.55
Islamabad,33.7104,73.1338,2026-07-09 00:00:00+00:00,24.6,85,940.5,0.78
Islamabad,33.7104,73.1338,2026-07-09 01:00:00+00:00,25.0,85,940.7,0.96
Islamabad,33.7104,73.1338,2026-07-09 02:00:00+00:00,26.9,71,941.2,0.68
Islamabad,33.7104,73.1338,2026-07-09 03:00:00+00:00,28.5,65,941.4,1.19
Islamabad,33.7104,73.1338,2026-07-09 04:00:00+00:00,30.2,60,941.4,1.99
Islamabad,33.7104,73.1338,2026-07-09 05:00:00+00:00,31.7,53,941.2,2.26
Islamabad,33.7104,73.1338,2026-07-09 06:00:00+00:00,32.3,49,941.9,2.53
Islamabad,33.7104,73.1338,2026-07-09 07:00:00+00:00,33.1,46,941.8,2.66
Islamabad,33.7104,73.1338,2026-07-09 08:00:00+00:00,33.8,44,941.3,2.8
Islamabad,33.7104,73.1338,2026-07-09 09:00:00+00:00,34.2,42,941.0,2.78
Islamabad,33.7104,73.1338,2026-07-09 10:00:00+00:00,34.4,42,940.7,2.33
Islamabad,33.7104,73.1338,2026-07-09 11:00:00+00:00,34.4,43,940.3,2.15
Islamabad,33.7104,73.1338,2026-07-09 12:00:00+00:00,34.2,44,940.0,2.33
Islamabad,33.7104,73.1338,2026-07-09 13:00:00+00:00,33.1,48,939.9,2.33
Islamabad,33.7104,73.1338,2026-07-09 14:00:00+00:00,31.1,55,940.1,1.2
Islamabad,33.7104,73.1338,2026-07-09 15:00:00+00:00,29.9,58,940.6,1.11
Islamabad,33.7104,73.1338,2026-07-09 16:00:00+00:00,28.9,62,941.3,1.11
Islamabad,33.7104,73.1338,2026-07-09 17:00:00+00:00,28.3,63,942.0,1.39
Islamabad,33.7104,73.1338,2026-07-09 18:00:00+00:00,29.2,58,941.9,1.56
Islamabad,33.7104,73.1338,2026-07-09 19:00:00+00:00,28.3,58,942.0,2.06
Islamabad,33.7104,73.1338,2026-07-09 20:00:00+00:00,27.6,63,942.3,1.97
Islamabad,33.7104,73.1338,2026-07-09 21:00:00+00:00,26.2,73,942.4,0.68
Islamabad,33.7104,73.1338,2026-07-09 22:00:00+00:00,26.5,70,942.0,1.16
Islamabad,33.7104,73.1338,2026-07-09 23:00:00+00:00,26.4,72,942.1,0.81
Islamabad,33.7104,73.1338,2026-07-10 00:00:00+00:00,26.8,80,941.6,0.16
Islamabad,33.7104,73.1338,2026-07-10 01:00:00+00:00,26.5,81,941.7,0.74
Islamabad,33.7104,73.1338,2026-07-10 02:00:00+00:00,27.1,78,941.7,0.81
Islamabad,33.7104,73.1338,2026-07-10 03:00:00+00:00,28.8,70,942.3,1.01
Islamabad,33.7104,73.1338,2026-07-10 04:00:00+00:00,30.2,64,942.3,1.9
Islamabad,33.7104,73.1338,2026-07-10 05:00:00+00:00,31.5,60,942.3,2.25
Islamabad,33.7104,73.1338,2026-07-10 06:00:00+00:00,32.1,60,942.1,2.27
Islamabad,33.7104,73.1338,2026-07-10 07:00:00+00:00,32.9,58,941.8,2.03
Islamabad,33.7104,73.1338,2026-07-10 08:00:00+00:00,33.8,54,941.1,2.42
Islamabad,33.7104,73.1338,2026-07-10 09:00:00+00:00,33.8,54,940.6,1.94
Islamabad,33.7104,73.1338,2026-07-10 10:00:00+00:00,34.1,53,940.4,2.07
Islamabad,33.7104,73.1338,2026-07-10 11:00:00+00:00,32.4,61,940.1,2.61
Islamabad,33.7104,73.1338,2026-07-10 12:00:00+00:00,34.4,47,939.2,2.55
Islamabad,33.7104,73.1338,2026-07-10 13:00:00+00:00,33.0,51,939.5,3.67
Islamabad,33.7104,73.1338,2026-07-10 14:00:00+00:00,30.9,60,939.6,2.21
Islamabad,33.7104,73.1338,2026-07-10 15:00:00+00:00,29.6,65,940.0,1.35
Islamabad,33.7104,73.1338,2026-07-10 16:00:00+00:00,29.1,68,940.8,1.21
Islamabad,33.7104,73.1338,2026-07-10 17:00:00+00:00,28.6,71,941.2,1.23
Islamabad,33.7104,73.1338,2026-07-10 18:00:00+00:00,28.8,72,941.0,1.46
Islamabad,33.7104,73.1338,2026-07-10 19:00:00+00:00,27.6,78,940.8,1.11
Islamabad,33.7104,73.1338,2026-07-10 20:00:00+00:00,27.5,78,940.7,0.65
Islamabad,33.7104,73.1338,2026-07-10 21:00:00+00:00,27.1,77,939.9,1.03
Islamabad,33.7104,73.1338,2026-07-10 22:00:00+00:00,25.8,83,940.3,2.58
Islamabad,33.7104,73.1338,2026-07-10 23:00:00+00:00,25.0,91,939.1,2.27
Islamabad,33.7104,73.1338,2026-07-11 00:00:00+00:00,24.6,93,939.7,1.3
Islamabad,33.7104,73.1338,2026-07-11 01:00:00+00:00,24.5,95,939.8,0.67
Islamabad,33.7104,73.1338,2026-07-11 02:00:00+00:00,25.1,91,939.7,0.25
Islamabad,33.7104,73.1338,2026-07-11 03:00:00+00:00,26.9,80,940.4,0.27
Islamabad,33.7104,73.1338,2026-07-11 04:00:00+00:00,28.3,72,940.9,1.03
Islamabad,33.7104,73.1338,2026-07-11 05:00:00+00:00,29.9,67,940.9,1.69
Islamabad,33.7104,73.1338,2026-07-11 06:00:00+00:00,29.7,68,941.2,2.53
Islamabad,33.7104,73.1338,2026-07-11 07:00:00+00:00,30.1,68,941.1,2.84
Islamabad,33.7104,73.1338,2026-07-11 08:00:00+00:00,29.5,71,940.5,1.59
Islamabad,33.7104,73.1338,2026-07-11 09:00:00+00:00,31.1,65,939.9,2.0
Islamabad,33.7104,73.1338,2026-07-11 10:00:00+00:00,29.5,72,939.6,2.5
Islamabad,33.7104,73.1338,2026-07-11 11:00:00+00:00,30.2,68,939.1,2.18
Islamabad,33.7104,73.1338,2026-07-11 12:00:00+00:00,30.7,61,939.0,2.82
Islamabad,33.7104,73.1338,2026-07-11 13:00:00+00:00,29.4,68,938.8,2.51
Islamabad,33.7104,73.1338,2026-07-11 14:00:00+00:00,28.5,73,939.3,1.21
Islamabad,33.7104,73.1338,2026-07-11 15:00:00+00:00,27.7,77,939.7,1.08
Islamabad,33.7104,73.1338,2026-07-11 16:00:00+00:00,27.5,78,940.4,0.38
Islamabad,33.7104,73.1338,2026-07-11 17:00:00+00:00,27.2,79,940.6,0.25
Islamabad,33.7104,73.1338,2026-07-11 18:00:00+00:00,25.7,76,940.0,2.61
Islamabad,33.7104,73.1338,2026-07-11 19:00:00+00:00,21.9,93,940.7,1.65
Islamabad,33.7104,73.1338,2026-07-11 20:00:00+00:00,23.0,96,939.3,1.91
Islamabad,33.7104,73.1338,2026-07-11 21:00:00+00:00,23.5,92,938.8,0.72
Islamabad,33.7104,73.1338,2026-07-11 22:00:00+00:00,23.7,94,937.6,1.35
Islamabad,33.7104,73.1338,2026-07-11 23:00:00+00:00,23.9,93,937.5,0.79
Islamabad,33.7104,73.1338,2026-07-12 00:00:00+00:00,24.4,93,937.0,0.18
Islamabad,33.7104,73.1338,2026-07-12 01:00:00+00:00,24.6,92,937.4,0.16
Islamabad,33.7104,73.1338,2026-07-12 02:00:00+00:00,24.0,96,938.2,1.68
Islamabad,33.7104,73.1338,2026-07-12 03:00:00+00:00,24.5,91,939.0,0.29
Islamabad,33.7104,73.1338,2026-07-12 04:00:00+00:00,24.8,87,939.5,1.38
Islamabad,33.7104,73.1338,2026-07-12 05:00:00+00:00,25.7,81,939.5,2.09
Islamabad,33.7104,73.1338,2026-07-12 06:00:00+00:00,26.3,76,939.5,0.7
Islamabad,33.7104,73.1338,2026-07-12 07:00:00+00:00,28.5,68,939.9,1.86
Islamabad,33.7104,73.1338,2026-07-12 08:00:00+00:00,27.0,74,940.1,1.63
Islamabad,33.7104,73.1338,2026-07-12 09:00:00+00:00,27.6,73,940.0,0.68
Islamabad,33.7104,73.1338,2026-07-12 10:00:00+00:00,29.1,66,940.4,0.88
Islamabad,33.7104,73.1338,2026-07-12 11:00:00+00:00,29.3,63,940.2,0.85
Islamabad,33.7104,73.1338,2026-07-12 12:00:00+00:00,29.7,62,940.0,1.3
Islamabad,33.7104,73.1338,2026-07-12 13:00:00+00:00,29.1,66,940.3,0.56
Islamabad,33.7104,73.1338,2026-07-12 14:00:00+00:00,28.1,75,940.2,0.51
Islamabad,33.7104,73.1338,2026-07-12 15:00:00+00:00,27.3,79,940.2,1.5
Islamabad,33.7104,73.1338,2026-07-12 16:00:00+00:00,26.6,79,940.6,1.0
Islamabad,33.7104,73.1338,2026-07-12 17:00:00+00:00,25.6,85,941.0,0.67
Islamabad,33.7104,73.1338,2026-07-12 18:00:00+00:00,26.6,81,941.0,0.47
Islamabad,33.7104,73.1338,2026-07-12 19:00:00+00:00,26.0,83,940.9,0.43
Islamabad,33.7104,73.1338,2026-07-12 20:00:00+00:00,25.8,85,940.5,0.39
Islamabad,33.7104,73.1338,2026-07-12 21:00:00+00:00,25.8,85,940.1,0.56
Islamabad,33.7104,73.1338,2026-07-12 22:00:00+00:00,25.3,88,939.8,0.78
Islamabad,33.7104,73.1338,2026-07-12 23:00:00+00:00,25.0,88,939.4,0.92
Islamabad,33.7104,73.1338,2026-07-13 00:00:00+00:00,26.0,80,939.6,0.5
Islamabad,33.7104,73.1338,2026-07-13 01:00:00+00:00,25.4,84,939.5,0.54
Islamabad,33.7104,73.1338,2026-07-13 02:00:00+00:00,26.5,80,939.9,0.54
Islamabad,33.7104,73.1338,2026-07-13 03:00:00+00:00,27.9,75,940.5,0.22
Islamabad,33.7104,73.1338,2026-07-13 04:00:00+00:00,29.5,67,940.7,0.81
Islamabad,33.7104,73.1338,2026-07-13 05:00:00+00:00,31.2,59,940.7,1.03
Islamabad,33.7104,73.1338,2026-07-13 06:00:00+00:00,31.8,53,941.0,1.08
Islamabad,33.7104,73.1338,2026-07-13 07:00:00+00:00,32.2,50,941.3,0.84
Islamabad,33.7104,73.1338,2026-07-13 08:00:00+00:00,30.8,52,940.9,1.6
Islamabad,33.7104,73.1338,2026-07-13 09:00:00+00:00,30.5,58,941.2,1.01
Islamabad,33.7104,73.1338,2026-07-13 10:00:00+00:00,31.5,51,940.9,0.85
Islamabad,33.7104,73.1338,2026-07-13 11:00:00+00:00,31.7,48,940.9,0.64
Islamabad,33.7104,73.1338,2026-07-13 12:00:00+00:00,32.7,44,939.9,1.56
Islamabad,33.7104,73.1338,2026-07-13 13:00:00+00:00,31.9,51,940.2,0.61
Islamabad,33.7104,73.1338,2026-07-13 14:00:00+00:00,30.5,59,940.2,0.59
Islamabad,33.7104,73.1338,2026-07-13 15:00:00+00:00,29.3,63,940.5,0.35
Islamabad,33.7104,73.1338,2026-07-13 16:00:00+00:00,29.1,62,941.2,0.11
Islamabad,33.7104,73.1338,2026-07-13 17:00:00+00:00,28.6,60,941.6,0.35
Islamabad,33.7104,73.1338,2026-07-13 18:00:00+00:00,28.3,66,941.3,0.74
Islamabad,33.7104,73.1338,2026-07-13 19:00:00+00:00,27.3,65,941.1,1.0
Islamabad,33.7104,73.1338,2026-07-13 20:00:00+00:00,26.8,66,941.0,1.06
Islamabad,33.7104,73.1338,2026-07-13 21:00:00+00:00,25.7,70,940.8,1.15
Islamabad,33.7104,73.1338,2026-07-13 22:00:00+00:00,25.2,73,940.8,0.76
Islamabad,33.7104,73.1338,2026-07-13 23:00:00+00:00,25.4,69,941.0,1.37
Islamabad,33.7104,73.1338,2026-07-14 00:00:00+00:00,25.4,77,941.2,1.27
Islamabad,33.7104,73.1338,2026-07-14 01:00:00+00:00,22.6,90,942.5,2.17
Islamabad,33.7104,73.1338,2026-07-14 02:00:00+00:00,23.9,85,942.3,1.74
Islamabad,33.7104,73.1338,2026-07-14 03:00:00+00:00,26.3,74,942.7,0.68
Islamabad,33.7104,73.1338,2026-07-14 04:00:00+00:00,28.9,60,942.8,0.42
Islamabad,33.7104,73.1338,2026-07-14 05:00:00+00:00,30.8,54,942.9,1.5
Islamabad,33.7104,73.1338,2026-07-14 06:00:00+00:00,31.7,53,943.5,1.9
Islamabad,33.7104,73.1338,2026-07-14 07:00:00+00:00,32.5,51,943.1,1.18
Islamabad,33.7104,73.1338,2026-07-14 08:00:00+00:00,33.3,48,942.6,1.81
Islamabad,33.7104,73.1338,2026-07-14 09:00:00+00:00,33.7,46,942.5,2.24
Islamabad,33.7104,73.1338,2026-07-14 10:00:00+00:00,31.2,56,942.0,2.89
Islamabad,33.7104,73.1338,2026-07-14 11:00:00+00:00,31.0,54,942.3,1.87
Islamabad,33.7104,73.1338,2026-07-14 12:00:00+00:00,33.4,39,941.9,1.49
Islamabad,33.7104,73.1338,2026-07-14 13:00:00+00:00,32.1,45,942.1,2.45
Islamabad,33.7104,73.1338,2026-07-14 14:00:00+00:00,29.6,59,942.4,2.13
Islamabad,33.7104,73.1338,2026-07-14 15:00:00+00:00,28.2,68,942.9,1.14
Islamabad,33.7104,73.1338,2026-07-14 16:00:00+00:00,27.7,71,943.3,0.97
Islamabad,33.7104,73.1338,2026-07-14 17:00:00+00:00,27.5,73,943.4,1.01
Islamabad,33.7104,73.1338,2026-07-14 18:00:00+00:00,27.4,71,943.6,1.28
Islamabad,33.7104,73.1338,2026-07-14 19:00:00+00:00,26.5,75,943.2,1.19
Islamabad,33.7104,73.1338,2026-07-14 20:00:00+00:00,26.0,78,943.3,0.65
Islamabad,33.7104,73.1338,2026-07-14 21:00:00+00:00,25.7,79,943.2,0.66
Islamabad,33.7104,73.1338,2026-07-14 22:00:00+00:00,25.3,81,942.7,0.65
Islamabad,33.7104,73.1338,2026-07-14 23:00:00+00:00,25.0,81,942.7,1.02
Islamabad,33.7104,73.1338,2026-07-15 00:00:00+00:00,25.4,76,943.0,0.61
Islamabad,33.7104,73.1338,2026-07-15 01:00:00+00:00,25.6,76,943.2,1.1
Islamabad,33.7104,73.1338,2026-07-15 02:00:00+00:00,27.4,69,943.5,0.75
Islamabad,33.7104,73.1338,2026-07-15 03:00:00+00:00,29.4,57,944.3,0.4
Islamabad,33.7104,73.1338,2026-07-15 04:00:00+00:00,30.7,52,944.5,1.1
Islamabad,33.7104,73.1338,2026-07-15 05:00:00+00:00,32.0,49,944.8,1.85
Islamabad,33.7104,73.1338,2026-07-15 06:00:00+00:00,32.3,49,945.5,1.63
Islamabad,33.7104,73.1338,2026-07-15 07:00:00+00:00,32.9,49,944.9,2.27
Islamabad,33.7104,73.1338,2026-07-15 08:00:00+00:00,33.2,49,944.6,2.6
Islamabad,33.7104,73.1338,2026-07-15 09:00:00+00:00,33.2,49,944.4,2.37
Islamabad,33.7104,73.1338,2026-07-15 10:00:00+00:00,32.2,53,944.0,1.35
Islamabad,33.7104,73.1338,2026-07-15 11:00:00+00:00,32.4,51,943.9,2.01
Islamabad,33.7104,73.1338,2026-07-15 12:00:00+00:00,30.1,58,944.1,4.81
Islamabad,33.7104,73.1338,2026-07-15 13:00:00+00:00,28.0,71,943.6,3.01
Islamabad,33.7104,73.1338,2026-07-15 14:00:00+00:00,28.0,75,944.0,1.81
Islamabad,33.7104,73.1338,2026-07-15 15:00:00+00:00,27.9,75,944.3,1.35
Islamabad,33.7104,73.1338,2026-07-15 16:00:00+00:00,27.6,76,944.7,1.07
Islamabad,33.7104,73.1338,2026-07-15 17:00:00+00:00,27.1,78,944.9,0.95
Islamabad,33.7104,73.1338,2026-07-15 18:00:00+00:00,27.1,78,944.7,1.06
Islamabad,33.7104,73.1338,2026-07-15 19:00:00+00:00,26.4,82,944.6,1.1
Islamabad,33.7104,73.1338,2026-07-15 20:00:00+00:00,26.2,82,944.6,0.95
Islamabad,33.7104,73.1338,2026-07-15 21:00:00+00:00,26.0,82,944.6,0.86
Islamabad,33.7104,73.1338,2026-07-15 22:00:00+00:00,25.8,82,944.3,0.8
Islamabad,33.7104,73.1338,2026-07-15 23:00:00+00:00,25.6,81,944.4,0.8
Islamabad,33.7104,73.1338,2026-07-16 00:00:00+00:00,26.3,74,944.6,0.62
Islamabad,33.7104,73.1338,2026-07-16 01:00:00+00:00,26.4,77,944.9,1.12
Islamabad,33.7104,73.1338,2026-07-16 02:00:00+00:00,28.1,68,945.2,0.86
Islamabad,33.7104,73.1338,2026-07-16 03:00:00+00:00,30.0,59,945.6,0.15
Islamabad,33.7104,73.1338,2026-07-16 04:00:00+00:00,31.4,56,945.4,1.01
Islamabad,33.7104,73.1338,2026-07-16 05:00:00+00:00,32.8,53,945.3,1.68
Islamabad,33.7104,73.1338,2026-07-16 06:00:00+00:00,33.8,50,945.6,2.26
Islamabad,33.7104,73.1338,2026-07-16 07:00:00+00:00,34.3,48,945.3,2.65
Islamabad,33.7104,73.1338,2026-07-16 08:00:00+00:00,34.8,46,944.9,1.91
Islamabad,33.7104,73.1338,2026-07-16 09:00:00+00:00,35.0,46,944.3,1.75
Islamabad,33.7104,73.1338,2026-07-16 10:00:00+00:00,34.9,47,943.9,2.23
Islamabad,33.7104,73.1338,2026-07-16 11:00:00+00:00,34.8,46,943.5,2.26
Islamabad,33.7104,73.1338,2026-07-16 12:00:00+00:00,34.6,49,943.0,1.24
Islamabad,33.7104,73.1338,2026-07-16 13:00:00+00:00,33.6,54,942.8,1.46
Islamabad,33.7104,73.1338,2026-07-16 14:00:00+00:00,32.3,58,942.7,1.2
Islamabad,33.7104,73.1338,2026-07-16 15:00:00+00:00,31.3,62,942.6,0.67
Islamabad,33.7104,73.1338,2026-07-16 16:00:00+00:00,31.0,59,943.0,0.63
Islamabad,33.7104,73.1338,2026-07-16 17:00:00+00:00,30.5,62,943.1,0.81
Islamabad,33.7104,73.1338,2026-07-16 18:00:00+00:00,30.6,61,942.8,0.99
Islamabad,33.7104,73.1338,2026-07-16 19:00:00+00:00,30.1,62,942.5,0.54
Islamabad,33.7104,73.1338,2026-07-16 20:00:00+00:00,29.8,62,942.4,0.29
Islamabad,33.7104,73.1338,2026-07-16 21:00:00+00:00,28.9,63,942.2,0.93
Islamabad,33.7104,73.1338,2026-07-16 22:00:00+00:00,28.4,67,942.3,0.74
Islamabad,33.7104,73.1338,2026-07-16 23:00:00+00:00,28.2,68,942.4,0.69
Islamabad,33.7104,73.1338,2026-07-17 00:00:00+00:00,28.0,73,942.6,1.13
Islamabad,33.7104,73.1338,2026-07-17 01:00:00+00:00,27.9,76,943.0,1.17
Islamabad,33.7104,73.1338,2026-07-17 02:00:00+00:00,29.6,70,943.9,0.99
Islamabad,33.7104,73.1338,2026-07-17 03:00:00+00:00,30.8,65,944.4,1.54
Islamabad,33.7104,73.1338,2026-07-17 04:00:00+00:00,31.8,63,944.6,2.13
Islamabad,33.7104,73.1338,2026-07-17 05:00:00+00:00,32.3,61,944.7,1.98
Islamabad,33.7104,73.1338,2026-07-17 06:00:00+00:00,33.0,57,945.0,1.98
Islamabad,33.7104,73.1338,2026-07-17 07:00:00+00:00,33.2,57,944.8,1.27
Islamabad,33.7104,73.1338,2026-07-17 08:00:00+00:00,33.5,57,944.5,0.81
Islamabad,33.7104,73.1338,2026-07-17 09:00:00+00:00,34.1,55,943.7,0.43
Islamabad,33.7104,73.1338,2026-07-17 10:00:00+00:00,34.3,54,943.1,0.85
Islamabad,33.7104,73.1338,2026-07-17 11:00:00+00:00,34.4,52,942.6,1.07
Islamabad,33.7104,73.1338,2026-07-17 12:00:00+00:00,34.6,49,941.8,1.33
Islamabad,33.7104,73.1338,2026-07-17 13:00:00+00:00,33.2,58,941.8,1.85
Islamabad,33.7104,73.1338,2026-07-17 14:00:00+00:00,31.6,65,941.8,1.13
Islamabad,33.7104,73.1338,2026-07-17 15:00:00+00:00,31.0,68,942.0,0.73
Islamabad,33.7104,73.1338,2026-07-17 16:00:00+00:00,30.3,68,942.7,1.1
Islamabad,33.7104,73.1338,2026-07-17 17:00:00+00:00,29.9,69,943.0,1.1
Islamabad,33.7104,73.1338,2026-07-17 18:00:00+00:00,30.4,69,942.6,1.34
Islamabad,33.7104,73.1338,2026-07-17 19:00:00+00:00,29.6,72,942.6,1.25
Islamabad,33.7104,73.1338,2026-07-17 20:00:00+00:00,29.4,72,942.7,1.48
Islamabad,33.7104,73.1338,2026-07-17 21:00:00+00:00,28.7,73,942.5,1.95
Islamabad,33.7104,73.1338,2026-07-17 22:00:00+00:00,28.1,73,942.5,2.02
Islamabad,33.7104,73.1338,2026-07-17 23:00:00+00:00,27.7,75,942.7,1.48
Islamabad,33.7104,73.1338,2026-07-18 00:00:00+00:00,28.1,77,942.8,1.68
Islamabad,33.7104,73.1338,2026-07-18 01:00:00+00:00,27.8,78,943.0,1.54
Islamabad,33.7104,73.1338,2026-07-18 02:00:00+00:00,29.3,72,943.3,1.38
Islamabad,33.7104,73.1338,2026-07-18 03:00:00+00:00,30.6,68,943.4,1.2
Islamabad,33.7104,73.1338,2026-07-18 04:00:00+00:00,31.7,65,943.4,1.71
Islamabad,33.7104,73.1338,2026-07-18 05:00:00+00:00,32.4,64,943.4,1.58
Islamabad,33.7104,73.1338,2026-07-18 06:00:00+00:00,33.2,60,943.3,2.23
Islamabad,33.7104,73.1338,2026-07-18 07:00:00+00:00,33.6,58,943.0,2.01
Islamabad,33.7104,73.1338,2026-07-18 08:00:00+00:00,34.2,55,942.4,2.12
Islamabad,33.7104,73.1338,2026-07-18 09:00:00+00:00,34.7,55,941.9,2.07
Islamabad,33.7104,73.1338,2026-07-18 10:00:00+00:00,35.0,53,941.7,2.33
Islamabad,33.7104,73.1338,2026-07-18 11:00:00+00:00,32.9,65,941.4,1.99
Islamabad,33.7104,73.1338,2026-07-18 12:00:00+00:00,32.7,62,941.1,2.93
Islamabad,33.7104,73.1338,2026-07-18 13:00:00+00:00,32.4,63,941.5,2.3
Islamabad,33.7104,73.1338,2026-07-18 14:00:00+00:00,31.6,69,941.5,1.44
Islamabad,33.7104,73.1338,2026-07-18 15:00:00+00:00,30.8,72,942.1,1.7
Islamabad,33.7104,73.1338,2026-07-18 16:00:00+00:00,30.1,74,942.7,1.32
Islamabad,33.7104,73.1338,2026-07-18 17:00:00+00:00,29.6,76,943.3,1.03
Islamabad,33.7104,73.1338,2026-07-18 18:00:00+00:00,30.2,74,942.6,1.23
Islamabad,33.7104,73.1338,2026-07-18 19:00:00+00:00,29.4,74,942.6,1.91
Islamabad,33.7104,73.1338,2026-07-18 20:00:00+00:00,26.8,84,942.9,4.12
Islamabad,33.7104,73.1338,2026-07-18 21:00:00+00:00,26.5,87,942.2,2.46
Islamabad,33.7104,73.1338,2026-07-18 22:00:00+00:00,26.0,91,942.7,1.5
Islamabad,33.7104,73.1338,2026-07-18 23:00:00+00:00,25.9,93,942.6,2.04
Islamabad,33.7104,73.1338,2026-07-19 00:00:00+00:00,26.4,92,942.4,1.61
Islamabad,33.7104,73.1338,2026-07-19 01:00:00+00:00,26.6,92,942.8,1.28
Islamabad,33.7104,73.1338,2026-07-19 02:00:00+00:00,27.4,88,943.6,1.24
Islamabad,33.7104,73.1338,2026-07-19 03:00:00+00:00,28.3,81,943.6,0.25
Islamabad,33.7104,73.1338,2026-07-19 04:00:00+00:00,29.9,73,944.3,1.6
Islamabad,33.7104,73.1338,2026-07-19 05:00:00+00:00,30.7,70,944.7,2.11
Islamabad,33.7104,73.1338,2026-07-19 06:00:00+00:00,31.4,66,944.9,2.3
Islamabad,33.7104,73.1338,2026-07-19 07:00:00+00:00,30.6,71,944.4,2.53
Islamabad,33.7104,73.1338,2026-07-19 08:00:00+00:00,31.6,69,943.8,2.16
Islamabad,33.7104,73.1338,2026-07-19 09:00:00+00:00,32.4,65,943.4,2.21
Islamabad,33.7104,73.1338,2026-07-19 10:00:00+00:00,32.1,66,943.0,1.14
Islamabad,33.7104,73.1338,2026-07-19 11:00:00+00:00,32.4,65,942.3,0.4
Islamabad,33.7104,73.1338,2026-07-19 12:00:00+00:00,31.9,65,942.2,1.9
Islamabad,33.7104,73.1338,2026-07-19 13:00:00+00:00,31.7,68,942.3,1.54
Islamabad,33.7104,73.1338,2026-07-19 14:00:00+00:00,30.6,73,942.4,1.39
Islamabad,33.7104,73.1338,2026-07-19 15:00:00+00:00,29.7,77,942.7,1.01
Islamabad,33.7104,73.1338,2026-07-19 16:00:00+00:00,29.4,77,943.3,1.03
Islamabad,33.7104,73.1338,2026-07-19 17:00:00+00:00,29.1,78,943.7,1.12
Islamabad,33.7104,73.1338,2026-07-19 18:00:00+00:00,28.1,85,943.6,1.39
Islamabad,33.7104,73.1338,2026-07-19 19:00:00+00:00,27.1,90,943.1,2.56
Islamabad,33.7104,73.1338,2026-07-19 20:00:00+00:00,26.7,91,942.8,2.28
Islamabad,33.7104,73.1338,2026-07-19 21:00:00+00:00,25.5,93,942.9,1.61
Islamabad,33.7104,73.1338,2026-07-19 22:00:00+00:00,25.2,96,942.6,2.36
Islamabad,33.7104,73.1338,2026-07-19 23:00:00+00:00,25.2,96,943.0,1.06
Islamabad,33.7104,73.1338,2026-07-20 00:00:00+00:00,25.4,96,942.9,1.24
Islamabad,33.7104,73.1338,2026-07-20 01:00:00+00:00,25.6,94,942.2,1.68
Islamabad,33.7104,73.1338,2026-07-20 02:00:00+00:00,26.3,91,942.5,1.21
Islamabad,33.7104,73.1338,2026-07-20 03:00:00+00:00,26.4,91,943.3,0.62
Islamabad,33.7104,73.1338,2026-07-20 04:00:00+00:00,26.3,90,944.1,1.36
Islamabad,33.7104,73.1338,2026-07-20 05:00:00+00:00,26.8,89,943.6,1.28
Islamabad,33.7104,73.1338,2026-07-20 06:00:00+00:00,28.5,78,944.7,1.24
Islamabad,33.7104,73.1338,2026-07-20 07:00:00+00:00,29.1,73,944.5,2.29
Islamabad,33.7104,73.1338,2026-07-20 08:00:00+00:00,28.3,82,943.6,1.57
Islamabad,33.7104,73.1338,2026-07-20 09:00:00+00:00,29.3,76,943.2,1.57
Islamabad,33.7104,73.1338,2026-07-20 10:00:00+00:00,28.8,78,943.2,1.41
Islamabad,33.7104,73.1338,2026-07-20 11:00:00+00:00,28.0,81,942.9,1.81
Islamabad,33.7104,73.1338,2026-07-20 12:00:00+00:00,29.1,76,942.5,2.08
Islamabad,33.7104,73.1338,2026-07-20 13:00:00+00:00,28.7,78,942.9,1.55
Islamabad,33.7104,73.1338,2026-07-20 14:00:00+00:00,28.1,82,943.0,0.96
Islamabad,33.7104,73.1338,2026-07-20 15:00:00+00:00,27.4,86,943.4,0.78
Islamabad,33.7104,73.1338,2026-07-20 16:00:00+00:00,27.0,88,943.8,0.89
Islamabad,33.7104,73.1338,2026-07-20 17:00:00+00:00,26.9,89,944.1,1.57
Islamabad,33.7104,73.1338,2026-07-20 18:00:00+00:00,24.7,96,944.2,1.51
Islamabad,33.7104,73.1338,2026-07-20 19:00:00+00:00,24.4,97,943.9,1.73
Islamabad,33.7104,73.1338,2026-07-20 20:00:00+00:00,24.3,97,943.9,0.69
Islamabad,33.7104,73.1338,2026-07-20 21:00:00+00:00,24.2,96,942.7,1.66
Islamabad,33.7104,73.1338,2026-07-20 22:00:00+00:00,23.6,99,943.2,0.57
Islamabad,33.7104,73.1338,2026-07-20 23:00:00+00:00,24.1,95,943.0,1.66
Islamabad,33.7104,73.1338,2026-07-21 00:00:00+00:00,24.2,95,943.0,1.15
Islamabad,33.7104,73.1338,2026-07-21 01:00:00+00:00,24.3,94,943.3,0.34
Islamabad,33.7104,73.1338,2026-07-21 02:00:00+00:00,24.2,94,943.7,1.22
Islamabad,33.7104,73.1338,2026-07-21 03:00:00+00:00,23.9,96,944.4,0.46
Islamabad,33.7104,73.1338,2026-07-21 04:00:00+00:00,24.0,96,944.2,1.11
Islamabad,33.7104,73.1338,2026-07-21 05:00:00+00:00,24.4,95,944.8,1.66
Islamabad,33.7104,73.1338,2026-07-21 06:00:00+00:00,23.9,93,945.4,2.5
Islamabad,33.7104,73.1338,2026-07-21 07:00:00+00:00,23.7,95,945.6,2.62
Islamabad,33.7104,73.1338,2026-07-21 08:00:00+00:00,23.9,94,945.7,2.62
Islamabad,33.7104,73.1338,2026-07-21 09:00:00+00:00,23.9,94,945.4,2.21
Islamabad,33.7104,73.1338,2026-07-21 10:00:00+00:00,24.5,92,944.9,2.5
Islamabad,33.7104,73.1338,2026-07-21 11:00:00+00:00,24.5,92,944.5,1.8
Islamabad,33.7104,73.1338,2026-07-21 12:00:00+00:00,24.0,92,944.6,2.45
Islamabad,33.7104,73.1338,2026-07-21 13:00:00+00:00,23.8,95,944.8,1.9
Islamabad,33.7104,73.1338,2026-07-21 14:00:00+00:00,23.9,94,945.2,0.6
Islamabad,33.7104,73.1338,2026-07-21 15:00:00+00:00,24.0,94,945.3,0.78
Islamabad,33.7104,73.1338,2026-07-21 16:00:00+00:00,24.2,91,945.7,0.54
Islamabad,33.7104,73.1338,2026-07-21 17:00:00+00:00,24.2,89,945.7,0.55
Islamabad,33.7104,73.1338,2026-07-21 18:00:00+00:00,24.9,88,945.4,0.38
Islamabad,33.7104,73.1338,2026-07-21 19:00:00+00:00,24.4,90,945.0,0.72
Islamabad,33.7104,73.1338,2026-07-21 20:00:00+00:00,24.4,91,944.5,0.87
Islamabad,33.7104,73.1338,2026-07-21 21:00:00+00:00,24.9,87,944.2,0.4
Islamabad,33.7104,73.1338,2026-07-21 22:00:00+00:00,24.6,85,944.1,0.81
Islamabad,33.7104,73.1338,2026-07-21 23:00:00+00:00,24.9,81,944.6,0.11
Islamabad,33.7104,73.1338,2026-07-22 00:00:00+00:00,23.9,93,943.8,0.47
Islamabad,33.7104,73.1338,2026-07-22 01:00:00+00:00,23.8,94,944.4,0.54
Islamabad,33.7104,73.1338,2026-07-22 02:00:00+00:00,24.2,91,944.5,0.67
Islamabad,33.7104,73.1338,2026-07-22 03:00:00+00:00,25.2,86,944.8,0.65
Islamabad,33.7104,73.1338,2026-07-22 04:00:00+00:00,26.2,79,945.0,2.22
Islamabad,33.7104,73.1338,2026-07-22 05:00:00+00:00,27.1,75,945.2,2.23
Islamabad,33.7104,73.1338,2026-07-22 06:00:00+00:00,25.4,79,945.8,0.78
Islamabad,33.7104,73.1338,2026-07-22 07:00:00+00:00,26.8,72,945.4,1.77
Islamabad,33.7104,73.1338,2026-07-22 08:00:00+00:00,26.8,72,944.4,1.52
Islamabad,33.7104,73.1338,2026-07-22 09:00:00+00:00,27.3,71,944.0,1.42
Islamabad,33.7104,73.1338,2026-07-22 10:00:00+00:00,27.3,69,944.1,4.52
Islamabad,33.7104,73.1338,2026-07-22 11:00:00+00:00,26.3,73,943.7,3.78
Islamabad,33.7104,73.1338,2026-07-22 12:00:00+00:00,27.5,68,944.0,4.42
Islamabad,33.7104,73.1338,2026-07-22 13:00:00+00:00,26.5,73,943.9,3.77
Islamabad,33.7104,73.1338,2026-07-22 14:00:00+00:00,25.4,78,944.0,1.47
Islamabad,33.7104,73.1338,2026-07-22 15:00:00+00:00,24.7,79,944.8,1.2
Islamabad,33.7104,73.1338,2026-07-22 16:00:00+00:00,24.6,78,945.3,1.27
Islamabad,33.7104,73.1338,2026-07-22 17:00:00+00:00,24.3,78,945.3,0.92
Islamabad,33.7104,73.1338,2026-07-22 18:00:00+00:00,25.1,79,944.9,0.93
Islamabad,33.7104,73.1338,2026-07-22 19:00:00+00:00,24.6,78,944.6,0.41
Islamabad,33.7104,73.1338,2026-07-22 20:00:00+00:00,24.8,77,944.2,0.16
Islamabad,33.7104,73.1338,2026-07-22 21:00:00+00:00,24.0,79,943.8,0.55
Islamabad,33.7104,73.1338,2026-07-22 22:00:00+00:00,23.5,81,943.2,0.46
Islamabad,33.7104,73.1338,2026-07-22 23:00:00+00:00,23.3,83,943.3,0.56
Islamabad,33.7104,73.1338,2026-07-23 00:00:00+00:00,24.1,90,943.9,1.21
Islamabad,33.7104,73.1338,2026-07-23 01:00:00+00:00,23.4,92,943.6,1.83
Islamabad,33.7104,73.1338,2026-07-23 02:00:00+00:00,24.2,89,943.5,1.33
Islamabad,33.7104,73.1338,2026-07-23 03:00:00+00:00,24.7,86,944.0,0.57
Islamabad,33.7104,73.1338,2026-07-23 04:00:00+00:00,26.3,76,944.5,0.74
Islamabad,33.7104,73.1338,2026-07-23 05:00:00+00:00,26.8,74,944.6,2.41
Islamabad,33.7104,73.1338,2026-07-23 06:00:00+00:00,27.9,67,945.3,3.26
Islamabad,33.7104,73.1338,2026-07-23 07:00:00+00:00,28.6,67,944.9,2.62
Islamabad,33.7104,73.1338,2026-07-23 08:00:00+00:00,29.2,65,944.3,1.77
Islamabad,33.7104,73.1338,2026-07-23 09:00:00+00:00,28.6,66,943.9,3.43
Islamabad,33.7104,73.1338,2026-07-23 10:00:00+00:00,28.5,67,943.8,2.28
Islamabad,33.7104,73.1338,2026-07-23 11:00:00+00:00,28.4,66,943.2,2.68
Islamabad,33.7104,73.1338,2026-07-23 12:00:00+00:00,28.3,67,943.1,2.65
Islamabad,33.7104,73.1338,2026-07-23 13:00:00+00:00,27.6,71,943.0,1.38
Islamabad,33.7104,73.1338,2026-07-23 14:00:00+00:00,26.7,79,942.8,0.14
Islamabad,33.7104,73.1338,2026-07-23 15:00:00+00:00,25.9,80,943.5,0.25
Islamabad,33.7104,73.1338,2026-07-23 16:00:00+00:00,25.6,81,943.9,0.35
Islamabad,33.7104,73.1338,2026-07-23 17:00:00+00:00,25.3,82,944.1,0.25
Islamabad,33.7104,73.1338,2026-07-23 18:00:00+00:00,26.0,84,944.3,0.2
Islamabad,33.7104,73.1338,2026-07-23 19:00:00+00:00,25.8,84,944.1,0.0
Islamabad,33.7104,73.1338,2026-07-23 20:00:00+00:00,25.0,86,943.7,0.92
Islamabad,33.7104,73.1338,2026-07-23 21:00:00+00:00,24.3,88,943.5,0.85
Islamabad,33.7104,73.1338,2026-07-23 22:00:00+00:00,23.9,89,943.2,1.12
Islamabad,33.7104,73.1338,2026-07-23 23:00:00+00:00,23.5,91,943.2,0.35
Islamabad,33.7104,73.1338,2026-07-24 00:00:00+00:00,24.1,89,943.5,0.79
Islamabad,33.7104,73.1338,2026-07-24 01:00:00+00:00,24.3,89,943.5,0.85
Islamabad,33.7104,73.1338,2026-07-24 02:00:00+00:00,25.5,80,944.3,1.69
Islamabad,33.7104,73.1338,2026-07-24 03:00:00+00:00,26.3,74,945.1,2.18
Islamabad,33.7104,73.1338,2026-07-24 04:00:00+00:00,26.8,75,945.3,1.44
Islamabad,33.7104,73.1338,2026-07-24 05:00:00+00:00,27.6,72,945.3,1.41
Islamabad,33.7104,73.1338,2026-07-24 06:00:00+00:00,28.5,66,946.0,3.05
Islamabad,33.7104,73.1338,2026-07-24 07:00:00+00:00,28.3,65,945.4,1.39
Islamabad,33.7104,73.1338,2026-07-24 08:00:00+00:00,29.2,63,944.8,1.07
Islamabad,33.7104,73.1338,2026-07-24 09:00:00+00:00,29.5,62,943.9,0.81
Islamabad,33.7104,73.1338,2026-07-24 10:00:00+00:00,30.0,60,942.9,0.68
Islamabad,33.7104,73.1338,2026-07-24 11:00:00+00:00,30.2,59,942.1,0.87
Islamabad,33.7104,73.1338,2026-07-24 12:00:00+00:00,30.2,61,941.9,1.1
Islamabad,33.7104,73.1338,2026-07-24 13:00:00+00:00,29.6,64,941.7,0.74
Islamabad,33.7104,73.1338,2026-07-24 14:00:00+00:00,28.7,73,941.6,0.4
Islamabad,33.7104,73.1338,2026-07-24 15:00:00+00:00,27.5,77,941.8,0.71
Islamabad,33.7104,73.1338,2026-07-24 16:00:00+00:00,26.7,83,942.9,0.75
Islamabad,33.7104,73.1338,2026-07-24 17:00:00+00:00,26.1,86,943.4,0.92
Islamabad,33.7104,73.1338,2026-07-24 18:00:00+00:00,27.0,81,943.4,0.81
Islamabad,33.7104,73.1338,2026-07-24 19:00:00+00:00,26.4,83,943.7,0.89
Islamabad,33.7104,73.1338,2026-07-24 20:00:00+00:00,26.3,81,943.9,1.7
Islamabad,33.7104,73.1338,2026-07-24 21:00:00+00:00,25.6,84,943.7,1.03
Islamabad,33.7104,73.1338,2026-07-24 22:00:00+00:00,25.6,81,943.5,1.39
Islamabad,33.7104,73.1338,2026-07-24 23:00:00+00:00,25.4,81,943.7,0.76
Islamabad,33.7104,73.1338,2026-07-25 00:00:00+00:00,24.2,86,943.1,2.0
Islamabad,33.7104,73.1338,2026-07-25 01:00:00+00:00,24.2,89,943.2,1.58
Islamabad,33.7104,73.1338,2026-07-25 02:00:00+00:00,25.9,84,944.1,0.45
Islamabad,33.7104,73.1338,2026-07-25 03:00:00+00:00,26.6,75,945.0,0.36
Islamabad,33.7104,73.1338,2026-07-25 04:00:00+00:00,26.4,77,945.8,1.12
Islamabad,33.7104,73.1338,2026-07-25 05:00:00+00:00,26.6,81,946.3,1.76
Islamabad,33.7104,73.1338,2026-07-25 06:00:00+00:00,25.3,90,946.0,1.57
Islamabad,33.7104,73.1338,2026-07-25 07:00:00+00:00,25.1,91,946.0,1.32
Islamabad,33.7104,73.1338,2026-07-25 08:00:00+00:00,25.2,92,945.8,0.63
Islamabad,33.7104,73.1338,2026-07-25 09:00:00+00:00,25.3,93,945.7,0.62
Islamabad,33.7104,73.1338,2026-07-25 10:00:00+00:00,25.3,92,945.3,0.0
Islamabad,33.7104,73.1338,2026-07-25 11:00:00+00:00,25.6,89,944.7,0.54
Islamabad,33.7104,73.1338,2026-07-25 12:00:00+00:00,27.3,80,944.3,1.23
Islamabad,33.7104,73.1338,2026-07-25 13:00:00+00:00,27.0,82,944.3,0.81
Islamabad,33.7104,73.1338,2026-07-25 14:00:00+00:00,26.1,87,944.6,0.21
Islamabad,33.7104,73.1338,2026-07-25 15:00:00+00:00,25.7,89,945.0,1.0
Islamabad,33.7104,73.1338,2026-07-25 16:00:00+00:00,25.6,88,945.5,0.82
Islamabad,33.7104,73.1338,2026-07-25 17:00:00+00:00,25.5,89,946.0,0.45
Islamabad,33.7104,73.1338,2026-07-25 18:00:00+00:00,26.6,82,946.0,0.14
Islamabad,33.7104,73.1338,2026-07-25 19:00:00+00:00,26.1,84,946.0,0.05
Islamabad,33.7104,73.1338,2026-07-25 20:00:00+00:00,25.9,86,945.8,0.05
Islamabad,33.7104,73.1338,2026-07-25 21:00:00+00:00,25.6,85,945.3,0.29
Islamabad,33.7104,73.1338,2026-07-25 22:00:00+00:00,25.3,85,945.7,0.28
Islamabad,33.7104,73.1338,2026-07-25 23:00:00+00:00,24.9,86,945.7,0.47
Islamabad,33.7104,73.1338,2026-07-26 00:00:00+00:00,25.3,89,945.7,0.49
Islamabad,33.7104,73.1338,2026-07-26 01:00:00+00:00,25.4,90,946.0,0.32
Islamabad,33.7104,73.1338,2026-07-26 02:00:00+00:00,25.6,87,946.2,1.5
Islamabad,33.7104,73.1338,2026-07-26 03:00:00+00:00,26.4,83,946.1,1.14
Islamabad,33.7104,73.1338,2026-07-26 04:00:00+00:00,28.1,73,946.6,1.07
Islamabad,33.7104,73.1338,2026-07-26 05:00:00+00:00,28.2,72,946.8,1.44
Islamabad,33.7104,73.1338,2026-07-26 06:00:00+00:00,29.0,63,947.2,0.72
Islamabad,33.7104,73.1338,2026-07-26 07:00:00+00:00,29.8,61,946.7,0.45
Islamabad,33.7104,73.1338,2026-07-26 08:00:00+00:00,30.3,61,946.1,0.74
Islamabad,33.7104,73.1338,2026-07-26 09:00:00+00:00,30.4,64,945.0,1.2
Islamabad,33.7104,73.1338,2026-07-26 10:00:00+00:00,31.7,61,944.3,1.7
Islamabad,33.7104,73.1338,2026-07-26 11:00:00+00:00,31.8,60,943.6,1.84
Islamabad,33.7104,73.1338,2026-07-26 12:00:00+00:00,31.6,59,943.4,1.17
Islamabad,33.7104,73.1338,2026-07-26 13:00:00+00:00,30.4,70,942.9,1.32
Islamabad,33.7104,73.1338,2026-07-26 14:00:00+00:00,28.8,79,942.6,0.99
Islamabad,33.7104,73.1338,2026-07-26 15:00:00+00:00,27.7,83,942.7,0.83
Islamabad,33.7104,73.1338,2026-07-26 16:00:00+00:00,27.1,86,943.0,0.6
Islamabad,33.7104,73.1338,2026-07-26 17:00:00+00:00,26.6,89,943.4,0.75
Islamabad,33.7104,73.1338,2026-07-26 18:00:00+00:00,27.0,88,942.7,0.61
Islamabad,33.7104,73.1338,2026-07-26 19:00:00+00:00,26.4,88,942.6,0.75
Islamabad,33.7104,73.1338,2026-07-26 20:00:00+00:00,25.9,89,942.4,1.01
Islamabad,33.7104,73.1338,2026-07-26 21:00:00+00:00,25.4,90,942.1,1.2
Islamabad,33.7104,73.1338,2026-07-26 22:00:00+00:00,25.1,90,942.0,1.11
Islamabad,33.7104,73.1338,2026-07-26 23:00:00+00:00,25.0,90,941.8,1.06
Islamabad,33.7104,73.1338,2026-07-27 00:00:00+00:00,25.3,87,941.7,0.3
Islamabad,33.7104,73.1338,2026-07-27 01:00:00+00:00,25.5,86,942.0,0.85
Islamabad,33.7104,73.1338,2026-07-27 02:00:00+00:00,26.9,81,942.4,0.78
Islamabad,33.7104,73.1338,2026-07-27 03:00:00+00:00,28.3,76,942.6,0.25
Islamabad,33.7104,73.1338,2026-07-27 04:00:00+00:00,29.7,71,942.4,0.4
Islamabad,33.7104,73.1338,2026-07-27 05:00:00+00:00,30.8,65,942.4,1.24
Islamabad,33.7104,73.1338,2026-07-27 06:00:00+00:00,31.8,60,942.3,1.84
Islamabad,33.7104,73.1338,2026-07-27 07:00:00+00:00,32.2,59,942.1,1.77
Islamabad,33.7104,73.1338,2026-07-27 08:00:00+00:00,32.8,57,941.4,1.7
Islamabad,33.7104,73.1338,2026-07-27 09:00:00+00:00,32.9,57,940.7,1.88
Islamabad,33.7104,73.1338,2026-07-27 10:00:00+00:00,33.0,56,940.0,1.92
Islamabad,33.7104,73.1338,2026-07-27 11:00:00+00:00,32.8,56,939.2,1.3
Islamabad,33.7104,73.1338,2026-07-27 12:00:00+00:00,32.7,58,939.0,1.57
Islamabad,33.7104,73.1338,2026-07-27 13:00:00+00:00,31.7,66,938.8,1.38
Islamabad,33.7104,73.1338,2026-07-27 14:00:00+00:00,30.2,74,938.8,0.95
Islamabad,33.7104,73.1338,2026-07-27 15:00:00+00:00,29.3,73,939.2,1.23
Islamabad,33.7104,73.1338,2026-07-27 16:00:00+00:00,28.4,73,939.6,1.16
Islamabad,33.7104,73.1338,2026-07-27 17:00:00+00:00,27.4,77,939.8,1.66
Islamabad,33.7104,73.1338,2026-07-27 18:00:00+00:00,28.2,74,939.4,1.17
Islamabad,33.7104,73.1338,2026-07-27 19:00:00+00:00,27.6,74,939.6,1.06
Islamabad,33.7104,73.1338,2026-07-27 20:00:00+00:00,27.2,75,939.9,1.19
Islamabad,33.7104,73.1338,2026-07-27 21:00:00+00:00,27.1,76,940.2,1.06
Islamabad,33.7104,73.1338,2026-07-27 22:00:00+00:00,26.5,78,940.1,1.42
Islamabad,33.7104,73.1338,2026-07-27 23:00:00+00:00,26.3,80,940.0,1.27
Islamabad,33.7104,73.1338,2026-07-28 00:00:00+00:00,25.9,89,939.3,1.35
Islamabad,33.7104,73.1338,2026-07-28 01:00:00+00:00,26.0,89,939.9,1.5
Islamabad,33.7104,73.1338,2026-07-28 02:00:00+00:00,27.3,83,940.0,0.75
Islamabad,33.7104,73.1338,2026-07-28 03:00:00+00:00,28.8,73,940.6,0.4
Islamabad,33.7104,73.1338,2026-07-28 04:00:00+00:00,30.1,68,940.7,0.92
Islamabad,33.7104,73.1338,2026-07-28 05:00:00+00:00,31.3,64,941.2,1.86
Islamabad,33.7104,73.1338,2026-07-28 06:00:00+00:00,30.6,67,941.3,2.39
Islamabad,33.7104,73.1338,2026-07-28 07:00:00+00:00,30.1,73,941.5,0.71
Islamabad,33.7104,73.1338,2026-07-28 08:00:00+00:00,31.9,66,941.0,0.57
Islamabad,33.7104,73.1338,2026-07-28 09:00:00+00:00,32.5,67,940.3,1.39
Islamabad,33.7104,73.1338,2026-07-28 10:00:00+00:00,31.8,71,940.0,1.43
Islamabad,33.7104,73.1338,2026-07-28 11:00:00+00:00,31.7,72,939.4,1.14
Islamabad,33.7104,73.1338,2026-07-28 12:00:00+00:00,32.5,62,938.7,2.04
Islamabad,33.7104,73.1338,2026-07-28 13:00:00+00:00,31.4,68,938.6,1.85
Islamabad,33.7104,73.1338,2026-07-28 14:00:00+00:00,30.0,71,938.8,1.49
Islamabad,33.7104,73.1338,2026-07-28 15:00:00+00:00,29.3,74,939.8,1.46
Islamabad,33.7104,73.1338,2026-07-28 16:00:00+00:00,28.7,80,940.6,0.47
Islamabad,33.7104,73.1338,2026-07-28 17:00:00+00:00,28.3,80,941.2,1.1
Islamabad,33.7104,73.1338,2026-07-28 18:00:00+00:00,26.6,87,941.1,4.42
Islamabad,33.7104,73.1338,2026-07-28 19:00:00+00:00,25.3,91,941.0,1.27
Islamabad,33.7104,73.1338,2026-07-28 20:00:00+00:00,24.6,92,941.6,0.85
Islamabad,33.7104,73.1338,2026-07-28 21:00:00+00:00,23.7,92,941.8,1.34
Islamabad,33.7104,73.1338,2026-07-28 22:00:00+00:00,23.3,94,941.9,3.09
Islamabad,33.7104,73.1338,2026-07-28 23:00:00+00:00,23.3,93,941.7,1.98
Islamabad,33.7104,73.1338,2026-07-29 00:00:00+00:00,24.1,96,942.4,1.82
Islamabad,33.7104,73.1338,2026-07-29 01:00:00+00:00,24.2,95,942.4,1.18
Islamabad,33.7104,73.1338,2026-07-29 02:00:00+00:00,24.7,92,942.8,1.11
Islamabad,33.7104,73.1338,2026-07-29 03:00:00+00:00,26.0,83,943.1,0.9
Islamabad,33.7104,73.1338,2026-07-29 04:00:00+00:00,27.5,77,943.5,2.07
Islamabad,33.7104,73.1338,2026-07-29 05:00:00+00:00,28.5,74,943.6,1.81
Islamabad,33.7104,73.1338,2026-07-29 06:00:00+00:00,27.5,76,944.3,2.45
Islamabad,33.7104,73.1338,2026-07-29 07:00:00+00:00,27.3,76,944.2,2.02
Islamabad,33.7104,73.1338,2026-07-29 08:00:00+00:00,27.6,76,943.7,1.95
Islamabad,33.7104,73.1338,2026-07-29 09:00:00+00:00,28.7,73,943.2,1.84
Islamabad,33.7104,73.1338,2026-07-29 10:00:00+00:00,29.6,70,942.6,1.52
Islamabad,33.7104,73.1338,2026-07-29 11:00:00+00:00,29.5,71,941.8,1.5
Islamabad,33.7104,73.1338,2026-07-29 12:00:00+00:00,30.1,66,941.8,1.41
Islamabad,33.7104,73.1338,2026-07-29 13:00:00+00:00,29.6,69,941.3,0.93
Islamabad,33.7104,73.1338,2026-07-29 14:00:00+00:00,28.9,76,941.2,0.1
Islamabad,33.7104,73.1338,2026-07-29 15:00:00+00:00,28.1,79,941.4,0.05
Islamabad,33.7104,73.1338,2026-07-29 16:00:00+00:00,27.8,80,941.9,0.07
Islamabad,33.7104,73.1338,2026-07-29 17:00:00+00:00,27.5,81,942.1,0.27
Islamabad,33.7104,73.1338,2026-07-29 18:00:00+00:00,27.4,85,942.1,0.46
Islamabad,33.7104,73.1338,2026-07-29 19:00:00+00:00,26.8,88,941.9,0.66
Islamabad,33.7104,73.1338,2026-07-29 20:00:00+00:00,26.3,89,941.9,0.85
Islamabad,33.7104,73.1338,2026-07-29 21:00:00+00:00,25.8,91,941.6,0.65
Islamabad,33.7104,73.1338,2026-07-29 22:00:00+00:00,25.6,92,941.3,0.58
Islamabad,33.7104,73.1338,2026-07-29 23:00:00+00:00,25.4,91,941.2,0.51
Islamabad,33.7104,73.1338,2026-07-30 00:00:00+00:00,25.3,89,941.4,0.25
Islamabad,33.7104,73.1338,2026-07-30 01:00:00+00:00,25.3,90,940.9,0.58
Islamabad,33.7104,73.1338,2026-07-30 02:00:00+00:00,26.0,85,941.3,0.22
Islamabad,33.7104,73.1338,2026-07-30 03:00:00+00:00,27.1,78,942.2,0.35
Islamabad,33.7104,73.1338,2026-07-30 04:00:00+00:00,28.2,74,942.5,0.55
Islamabad,33.7104,73.1338,2026-07-30 05:00:00+00:00,29.3,71,942.4,1.0
Islamabad,33.7104,73.1338,2026-07-30 06:00:00+00:00,30.6,68,942.5,2.03
Islamabad,33.7104,73.1338,2026-07-30 07:00:00+00:00,31.2,68,942.5,1.88
Islamabad,33.7104,73.1338,2026-07-30 08:00:00+00:00,31.4,66,942.3,2.36
Islamabad,33.7104,73.1338,2026-07-30 09:00:00+00:00,31.6,65,941.8,2.09
Islamabad,33.7104,73.1338,2026-07-30 10:00:00+00:00,31.2,66,941.1,1.66
Islamabad,33.7104,73.1338,2026-07-30 11:00:00+00:00,31.3,65,940.6,2.13
Islamabad,33.7104,73.1338,2026-07-30 12:00:00+00:00,29.5,78,940.2,1.98
Islamabad,33.7104,73.1338,2026-07-30 13:00:00+00:00,29.3,78,940.4,1.76
Islamabad,33.7104,73.1338,2026-07-30 14:00:00+00:00,28.5,80,941.0,2.07
Islamabad,33.7104,73.1338,2026-07-30 15:00:00+00:00,27.6,83,941.5,1.24
Islamabad,33.7104,73.1338,2026-07-30 16:00:00+00:00,27.2,85,942.2,0.86
Islamabad,33.7104,73.1338,2026-07-30 17:00:00+00:00,27.0,84,942.5,0.95
Islamabad,33.7104,73.1338,2026-07-30 18:00:00+00:00,25.4,90,942.4,2.07
Islamabad,33.7104,73.1338,2026-07-30 19:00:00+00:00,24.3,93,942.1,1.81
Islamabad,33.7104,73.1338,2026-07-30 20:00:00+00:00,24.4,92,942.0,1.91
Islamabad,33.7104,73.1338,2026-07-30 21:00:00+00:00,24.0,92,942.5,1.84
Islamabad,33.7104,73.1338,2026-07-30 22:00:00+00:00,24.3,91,942.4,1.77
Islamabad,33.7104,73.1338,2026-07-30 23:00:00+00:00,24.2,91,942.7,1.83
Islamabad,33.7104,73.1338,2026-07-31 00:00:00+00:00,25.3,92,942.9,1.24
Islamabad,33.7104,73.1338,2026-07-31 01:00:00+00:00,24.9,91,943.0,2.31
Islamabad,33.7104,73.1338,2026-07-31 02:00:00+00:00,25.4,87,943.6,2.73
Islamabad,33.7104,73.1338,2026-07-31 03:00:00+00:00,26.6,84,943.9,1.66
Islamabad,33.7104,73.1338,2026-07-31 04:00:00+00:00,27.8,76,944.7,0.89
Islamabad,33.7104,73.1338,2026-07-31 05:00:00+00:00,28.2,74,944.8,1.57
Islamabad,33.7104,73.1338,2026-07-31 06:00:00+00:00,24.5,93,945.2,0.46
Islamabad,33.7104,73.1338,2026-07-31 07:00:00+00:00,25.6,90,944.9,0.14
Islamabad,33.7104,73.1338,2026-07-31 08:00:00+00:00,27.7,77,944.8,1.7
Islamabad,33.7104,73.1338,2026-07-31 09:00:00+00:00,29.1,72,944.0,2.71
Islamabad,33.7104,73.1338,2026-07-31 10:00:00+00:00,28.7,73,943.5,3.26
Islamabad,33.7104,73.1338,2026-07-31 11:00:00+00:00,28.6,71,943.1,2.57
Islamabad,33.7104,73.1338,2026-07-31 12:00:00+00:00,26.0,86,943.0,1.63
Islamabad,33.7104,73.1338,2026-07-31 13:00:00+00:00,26.2,85,942.8,0.81
Islamabad,33.7104,73.1338,2026-07-31 14:00:00+00:00,26.0,87,943.0,0.45
Islamabad,33.7104,73.1338,2026-07-31 15:00:00+00:00,26.0,85,943.3,0.14
Islamabad,33.7104,73.1338,2026-07-31 16:00:00+00:00,26.0,84,943.9,0.28
Islamabad,33.7104,73.1338,2026-07-31 17:00:00+00:00,25.9,85,944.3,0.4
Islamabad,33.7104,73.1338,2026-07-31 18:00:00+00:00,26.4,86,944.1,0.63
Islamabad,33.7104,73.1338,2026-07-31 19:00:00+00:00,25.9,88,944.1,0.61
Islamabad,33.7104,73.1338,2026-07-31 20:00:00+00:00,25.8,86,944.3,0.14
Islamabad,33.7104,73.1338,2026-07-31 21:00:00+00:00,25.6,87,944.3,0.71
Islamabad,33.7104,73.1338,2026-07-31 22:00:00+00:00,25.5,88,944.4,0.82
Islamabad,33.7104,73.1338,2026-07-31 23:00:00+00:00,25.3,89,944.2,0.35
Islamabad,33.7104,73.1338,2026-08-01 00:00:00+00:00,25.0,94,944.2,1.05
Islamabad,33.7104,73.1338,2026-08-01 01:00:00+00:00,24.7,95,944.1,1.41
Islamabad,33.7104,73.1338,2026-08-01 02:00:00+00:00,25.7,92,944.4,0.93
Islamabad,33.7104,73.1338,2026-08-01 03:00:00+00:00,26.8,82,944.7,0.38
Islamabad,33.7104,73.1338,2026-08-01 04:00:00+00:00,27.5,75,945.0,0.05
Islamabad,33.7104,73.1338,2026-08-01 05:00:00+00:00,28.3,68,945.1,0.54
Islamabad,33.7104,73.1338,2026-08-01 06:00:00+00:00,29.2,63,945.5,1.17
Islamabad,33.7104,73.1338,2026-08-01 07:00:00+00:00,29.9,62,944.7,1.19
Islamabad,33.7104,73.1338,2026-08-01 08:00:00+00:00,30.6,61,944.0,0.92
Islamabad,33.7104,73.1338,2026-08-01 09:00:00+00:00,30.9,62,942.8,1.16
Islamabad,33.7104,73.1338,2026-08-01 10:00:00+00:00,31.0,61,942.4,1.9
Islamabad,33.7104,73.1338,2026-08-01 11:00:00+00:00,30.4,65,941.9,1.66
Islamabad,33.7104,73.1338,2026-08-01 12:00:00+00:00,30.8,62,941.5,1.96
Islamabad,33.7104,73.1338,2026-08-01 13:00:00+00:00,29.9,69,941.6,0.99
Islamabad,33.7104,73.1338,2026-08-01 14:00:00+00:00,29.0,74,941.5,0.43
Islamabad,33.7104,73.1338,2026-08-01 15:00:00+00:00,28.0,78,941.7,0.68
Islamabad,33.7104,73.1338,2026-08-01 16:00:00+00:00,27.5,81,942.4,0.81
Islamabad,33.7104,73.1338,2026-08-01 17:00:00+00:00,27.1,81,942.9,0.92
Islamabad,33.7104,73.1338,2026-08-01 18:00:00+00:00,27.5,81,942.9,0.72
Islamabad,33.7104,73.1338,2026-08-01 19:00:00+00:00,26.9,83,943.0,0.74
Islamabad,33.7104,73.1338,2026-08-01 20:00:00+00:00,26.6,84,943.3,1.05
Islamabad,33.7104,73.1338,2026-08-01 21:00:00+00:00,26.0,86,943.2,0.96
Islamabad,33.7104,73.1338,2026-08-01 22:00:00+00:00,25.7,86,943.3,1.03
Islamabad,33.7104,73.1338,2026-08-01 23:00:00+00:00,24.5,90,944.0,2.13
Islamabad,33.7104,73.1338,2026-08-02 00:00:00+00:00,25.0,91,943.7,1.05
Islamabad,33.7104,73.1338,2026-08-02 01:00:00+00:00,25.4,90,943.8,0.96
Islamabad,33.7104,73.1338,2026-08-02 02:00:00+00:00,26.3,85,943.9,0.67
Islamabad,33.7104,73.1338,2026-08-02 03:00:00+00:00,27.5,78,944.9,0.25
Islamabad,33.7104,73.1338,2026-08-02 04:00:00+00:00,28.7,71,944.9,1.0
Islamabad,33.7104,73.1338,2026-08-02 05:00:00+00:00,29.7,67,944.6,0.6
Islamabad,33.7104,73.1338,2026-08-02 06:00:00+00:00,30.9,64,944.6,1.49
Islamabad,33.7104,73.1338,2026-08-02 07:00:00+00:00,31.1,65,944.3,1.66
Islamabad,33.7104,73.1338,2026-08-02 08:00:00+00:00,31.4,65,944.1,1.69
Islamabad,33.7104,73.1338,2026-08-02 09:00:00+00:00,31.6,66,943.2,1.61
Islamabad,33.7104,73.1338,2026-08-02 10:00:00+00:00,31.4,67,942.6,0.81
Islamabad,33.7104,73.1338,2026-08-02 11:00:00+00:00,30.7,69,942.3,1.08
Islamabad,33.7104,73.1338,2026-08-02 12:00:00+00:00,32.0,58,942.1,1.35
Islamabad,33.7104,73.1338,2026-08-02 13:00:00+00:00,30.5,70,941.9,1.19
Islamabad,33.7104,73.1338,2026-08-02 14:00:00+00:00,29.3,78,942.4,0.4
Islamabad,33.7104,73.1338,2026-08-02 15:00:00+00:00,28.3,82,943.0,0.45
Islamabad,33.7104,73.1338,2026-08-02 16:00:00+00:00,27.9,84,943.9,0.11
Islamabad,33.7104,73.1338,2026-08-02 17:00:00+00:00,27.3,86,944.3,0.71
Islamabad,33.7104,73.1338,2026-08-02 18:00:00+00:00,27.5,84,944.2,0.87
Islamabad,33.7104,73.1338,2026-08-02 19:00:00+00:00,27.0,85,943.9,0.78
Islamabad,33.7104,73.1338,2026-08-02 20:00:00+00:00,26.7,86,943.7,0.72
Islamabad,33.7104,73.1338,2026-08-02 21:00:00+00:00,26.5,85,943.3,0.82
Islamabad,33.7104,73.1338,2026-08-02 22:00:00+00:00,26.1,87,942.8,0.7
Islamabad,33.7104,73.1338,2026-08-02 23:00:00+00:00,25.9,87,942.8,0.68
Islamabad,33.7104,73.1338,2026-08-03 00:00:00+00:00,26.2,92,942.6,0.16
Islamabad,33.7104,73.1338,2026-08-03 01:00:00+00:00,26.4,89,942.3,0.92
Islamabad,33.7104,73.1338,2026-08-03 02:00:00+00:00,26.9,87,942.8,0.68
Islamabad,33.7104,73.1338,2026-08-03 03:00:00+00:00,28.4,80,943.1,0.4
Islamabad,33.7104,73.1338,2026-08-03 04:00:00+00:00,27.7,84,943.8,1.74
Islamabad,33.7104,73.1338,2026-08-03 05:00:00+00:00,28.9,81,944.5,1.3
Islamabad,33.7104,73.1338,2026-08-03 06:00:00+00:00,29.6,74,944.6,0.8
Islamabad,33.7104,73.1338,2026-08-03 07:00:00+00:00,27.8,83,944.7,2.85
Islamabad,33.7104,73.1338,2026-08-03 08:00:00+00:00,26.0,92,944.7,1.6
Islamabad,33.7104,73.1338,2026-08-03 09:00:00+00:00,27.7,84,943.9,0.25
Islamabad,33.7104,73.1338,2026-08-03 10:00:00+00:00,29.2,77,943.6,0.59
Islamabad,33.7104,73.1338,2026-08-03 11:00:00+00:00,29.9,71,943.1,0.61
Islamabad,33.7104,73.1338,2026-08-03 12:00:00+00:00,27.7,82,943.0,0.72
Islamabad,33.7104,73.1338,2026-08-03 13:00:00+00:00,27.6,82,942.9,0.35
Islamabad,33.7104,73.1338,2026-08-03 14:00:00+00:00,27.0,88,943.0,0.21
Islamabad,33.7104,73.1338,2026-08-03 15:00:00+00:00,26.6,89,943.5,0.14
Islamabad,33.7104,73.1338,2026-08-03 16:00:00+00:00,26.5,90,944.1,0.3
Islamabad,33.7104,73.1338,2026-08-03 17:00:00+00:00,26.0,93,944.4,0.76
Islamabad,33.7104,73.1338,2026-08-03 18:00:00+00:00,26.1,91,944.6,0.47
Islamabad,33.7104,73.1338,2026-08-03 19:00:00+00:00,25.6,93,944.3,0.05
Islamabad,33.7104,73.1338,2026-08-03 20:00:00+00:00,25.4,93,944.1,0.22
Islamabad,33.7104,73.1338,2026-08-03 21:00:00+00:00,25.3,93,943.8,0.14
Islamabad,33.7104,73.1338,2026-08-03 22:00:00+00:00,25.3,93,944.2,0.27
Islamabad,33.7104,73.1338,2026-08-03 23:00:00+00:00,24.7,96,944.5,0.2
Islamabad,33.7104,73.1338,2026-08-04 00:00:00+00:00,24.3,97,944.3,1.25
Islamabad,33.7104,73.1338,2026-08-04 01:00:00+00:00,24.3,96,944.4,0.18
Islamabad,33.7104,73.1338,2026-08-04 02:00:00+00:00,24.5,96,944.7,0.47
Islamabad,33.7104,73.1338,2026-08-04 03:00:00+00:00,25.8,88,944.9,0.22
Islamabad,33.7104,73.1338,2026-08-04 04:00:00+00:00,27.5,79,945.6,0.49
Islamabad,33.7104,73.1338,2026-08-04 05:00:00+00:00,29.1,73,945.4,0.72
Islamabad,33.7104,73.1338,2026-08-04 06:00:00+00:00,30.3,70,946.0,1.57
Islamabad,33.7104,73.1338,2026-08-04 07:00:00+00:00,30.4,70,945.7,2.32
Islamabad,33.7104,73.1338,2026-08-04 08:00:00+00:00,29.8,75,945.5,1.16
Islamabad,33.7104,73.1338,2026-08-04 09:00:00+00:00,30.6,71,944.5,0.83
Islamabad,33.7104,73.1338,2026-08-04 10:00:00+00:00,30.4,71,943.8,0.72
Islamabad,33.7104,73.1338,2026-08-04 11:00:00+00:00,30.5,69,943.2,1.04
Islamabad,33.7104,73.1338,2026-08-04 12:00:00+00:00,31.0,65,942.4,1.52
Islamabad,33.7104,73.1338,2026-08-04 13:00:00+00:00,30.2,71,942.3,0.85
Islamabad,33.7104,73.1338,2026-08-04 14:00:00+00:00,29.1,79,942.6,0.15
Islamabad,33.7104,73.1338,2026-08-04 15:00:00+00:00,28.4,82,943.1,0.56
Islamabad,33.7104,73.1338,2026-08-04 16:00:00+00:00,28.0,81,943.7,0.72
Islamabad,33.7104,73.1338,2026-08-04 17:00:00+00:00,27.5,82,943.8,0.57
Islamabad,33.7104,73.1338,2026-08-04 18:00:00+00:00,28.0,80,943.1,0.65
Islamabad,33.7104,73.1338,2026-08-04 19:00:00+00:00,27.3,83,942.6,0.6
Islamabad,33.7104,73.1338,2026-08-04 20:00:00+00:00,26.9,81,942.4,0.63
Islamabad,33.7104,73.1338,2026-08-04 21:00:00+00:00,25.5,84,942.3,1.82
Islamabad,33.7104,73.1338,2026-08-04 22:00:00+00:00,24.6,92,942.1,0.81
Islamabad,33.7104,73.1338,2026-08-04 23:00:00+00:00,24.6,94,941.9,0.67
Islamabad,33.7104,73.1338,2026-08-05 00:00:00+00:00,24.5,97,941.6,1.11
Islamabad,33.7104,73.1338,2026-08-05 01:00:00+00:00,24.4,97,941.3,1.25
Islamabad,33.7104,73.1338,2026-08-05 02:00:00+00:00,25.7,94,942.0,0.21
Islamabad,33.7104,73.1338,2026-08-05 03:00:00+00:00,26.7,84,942.0,0.63
Islamabad,33.7104,73.1338,2026-08-05 04:00:00+00:00,27.8,78,942.5,1.01
Islamabad,33.7104,73.1338,2026-08-05 05:00:00+00:00,28.7,75,942.4,1.11
Islamabad,33.7104,73.1338,2026-08-05 06:00:00+00:00,30.1,64,942.8,1.56
Islamabad,33.7104,73.1338,2026-08-05 07:00:00+00:00,29.6,70,942.4,1.63
Islamabad,33.7104,73.1338,2026-08-05 08:00:00+00:00,29.0,75,941.7,1.61
Islamabad,33.7104,73.1338,2026-08-05 09:00:00+00:00,29.3,76,941.3,1.77
Islamabad,33.7104,73.1338,2026-08-05 10:00:00+00:00,30.1,70,940.3,1.3
Islamabad,33.7104,73.1338,2026-08-05 11:00:00+00:00,30.8,68,939.9,0.69
Islamabad,33.7104,73.1338,2026-08-05 12:00:00+00:00,31.0,65,939.5,1.5
Islamabad,33.7104,73.1338,2026-08-05 13:00:00+00:00,30.0,71,939.6,1.71
Islamabad,33.7104,73.1338,2026-08-05 14:00:00+00:00,28.3,80,939.5,0.96
Islamabad,33.7104,73.1338,2026-08-05 15:00:00+00:00,27.6,82,940.4,0.54
Islamabad,33.7104,73.1338,2026-08-05 16:00:00+00:00,27.4,82,941.3,0.4
Islamabad,33.7104,73.1338,2026-08-05 17:00:00+00:00,26.7,85,941.6,0.99
Islamabad,33.7104,73.1338,2026-08-05 18:00:00+00:00,27.4,83,941.1,1.03
Islamabad,33.7104,73.1338,2026-08-05 19:00:00+00:00,26.5,86,941.1,0.79
Islamabad,33.7104,73.1338,2026-08-05 20:00:00+00:00,25.7,90,940.8,0.78
Islamabad,33.7104,73.1338,2026-08-05 21:00:00+00:00,23.6,94,940.8,1.35
Islamabad,33.7104,73.1338,2026-08-05 22:00:00+00:00,22.6,95,941.3,2.41
Islamabad,33.7104,73.1338,2026-08-05 23:00:00+00:00,23.5,94,940.4,1.23
Islamabad,33.7104,73.1338,2026-08-06 00:00:00+00:00,24.7,92,940.7,0.78
Islamabad,33.7104,73.1338,2026-08-06 01:00:00+00:00,24.9,92,940.8,0.27
Islamabad,33.7104,73.1338,2026-08-06 02:00:00+00:00,25.2,90,940.8,0.72
Islamabad,33.7104,73.1338,2026-08-06 03:00:00+00:00,26.8,84,941.4,0.35
Islamabad,33.7104,73.1338,2026-08-06 04:00:00+00:00,28.6,73,942.1,0.92
Islamabad,33.7104,73.1338,2026-08-06 05:00:00+00:00,29.7,68,942.3,1.32
Islamabad,33.7104,73.1338,2026-08-06 06:00:00+00:00,30.9,63,942.9,1.65
Islamabad,33.7104,73.1338,2026-08-06 07:00:00+00:00,31.4,61,942.7,0.91
Islamabad,33.7104,73.1338,2026-08-06 08:00:00+00:00,31.4,61,942.5,2.65
Islamabad,33.7104,73.1338,2026-08-06 09:00:00+00:00,30.5,67,942.1,1.42
Islamabad,33.7104,73.1338,2026-08-06 10:00:00+00:00,28.8,72,941.5,2.33
Islamabad,33.7104,73.1338,2026-08-06 11:00:00+00:00,28.6,76,941.7,1.23
Islamabad,33.7104,73.1338,2026-08-06 12:00:00+00:00,30.5,60,941.4,1.49
Islamabad,33.7104,73.1338,2026-08-06 13:00:00+00:00,29.2,68,941.5,1.23
Islamabad,33.7104,73.1338,2026-08-06 14:00:00+00:00,27.7,72,941.5,1.02
Islamabad,33.7104,73.1338,2026-08-06 15:00:00+00:00,27.2,73,942.2,1.01
Islamabad,33.7104,73.1338,2026-08-06 16:00:00+00:00,27.1,71,943.0,1.37
Islamabad,33.7104,73.1338,2026-08-06 17:00:00+00:00,26.7,75,943.4,1.39
Islamabad,33.7104,73.1338,2026-08-06 18:00:00+00:00,27.0,77,943.3,2.16
Islamabad,33.7104,73.1338,2026-08-06 19:00:00+00:00,24.1,91,943.4,2.45
Islamabad,33.7104,73.1338,2026-08-06 20:00:00+00:00,23.4,93,943.8,1.1
Islamabad,33.7104,73.1338,2026-08-06 21:00:00+00:00,23.3,92,943.9,1.36
Islamabad,33.7104,73.1338,2026-08-06 22:00:00+00:00,22.9,96,944.1,0.67
Islamabad,33.7104,73.1338,2026-08-06 23:00:00+00:00,23.2,94,943.3,2.25
Islamabad,33.7104,73.1338,2026-08-07 00:00:00+00:00,23.6,97,943.7,1.0
Islamabad,33.7104,73.1338,2026-08-07 01:00:00+00:00,23.5,94,943.7,2.27
Islamabad,33.7104,73.1338,2026-08-07 02:00:00+00:00,24.9,89,943.5,1.84
Islamabad,33.7104,73.1338,2026-08-07 03:00:00+00:00,26.2,84,943.8,0.38
Islamabad,33.7104,73.1338,2026-08-07 04:00:00+00:00,27.4,80,944.0,1.3
Islamabad,33.7104,73.1338,2026-08-07 05:00:00+00:00,28.6,77,944.1,1.41
Islamabad,33.7104,73.1338,2026-08-07 06:00:00+00:00,28.8,74,944.9,2.02
Islamabad,33.7104,73.1338,2026-08-07 07:00:00+00:00,29.3,71,944.5,2.07
Islamabad,33.7104,73.1338,2026-08-07 08:00:00+00:00,28.8,75,944.1,0.46
Islamabad,33.7104,73.1338,2026-08-07 09:00:00+00:00,30.2,69,943.6,0.57
Islamabad,33.7104,73.1338,2026-08-07 10:00:00+00:00,30.7,65,943.0,1.34
Islamabad,33.7104,73.1338,2026-08-07 11:00:00+00:00,30.0,66,942.6,0.49
Islamabad,33.7104,73.1338,2026-08-07 12:00:00+00:00,29.8,64,942.4,1.58
Islamabad,33.7104,73.1338,2026-08-07 13:00:00+00:00,29.3,69,942.5,0.74
Islamabad,33.7104,73.1338,2026-08-07 14:00:00+00:00,27.9,74,942.9,1.23
Islamabad,33.7104,73.1338,2026-08-07 15:00:00+00:00,26.8,82,943.2,0.93
Islamabad,33.7104,73.1338,2026-08-07 16:00:00+00:00,26.5,83,943.6,0.47
Islamabad,33.7104,73.1338,2026-08-07 17:00:00+00:00,26.3,83,944.0,0.51
Islamabad,33.7104,73.1338,2026-08-07 18:00:00+00:00,27.1,81,943.8,0.07
Islamabad,33.7104,73.1338,2026-08-07 19:00:00+00:00,26.3,83,943.8,0.47
Islamabad,33.7104,73.1338,2026-08-07 20:00:00+00:00,26.0,84,943.7,0.29
Islamabad,33.7104,73.1338,2026-08-07 21:00:00+00:00,25.9,82,943.5,0.38
Islamabad,33.7104,73.1338,2026-08-07 22:00:00+00:00,25.5,84,943.8,0.57
Islamabad,33.7104,73.1338,2026-08-07 23:00:00+00:00,24.9,87,943.6,0.61
Islamabad,33.7104,73.1338,2026-08-08 00:00:00+00:00,23.2,90,943.8,1.32
Islamabad,33.7104,73.1338,2026-08-08 01:00:00+00:00,23.8,90,943.7,1.71
Islamabad,33.7104,73.1338,2026-08-08 02:00:00+00:00,24.7,90,943.8,0.46
Islamabad,33.7104,73.1338,2026-08-08 03:00:00+00:00,26.4,77,944.5,0.0
Islamabad,33.7104,73.1338,2026-08-08 04:00:00+00:00,28.4,69,944.8,0.6
Islamabad,33.7104,73.1338,2026-08-08 05:00:00+00:00,29.4,66,945.2,1.64
Islamabad,33.7104,73.1338,2026-08-08 06:00:00+00:00,30.2,64,946.2,1.78
Islamabad,33.7104,73.1338,2026-08-08 07:00:00+00:00,29.0,68,946.4,1.54
Islamabad,33.7104,73.1338,2026-08-08 08:00:00+00:00,29.8,67,946.0,2.69
Islamabad,33.7104,73.1338,2026-08-08 09:00:00+00:00,28.5,75,945.5,3.08
Islamabad,33.7104,73.1338,2026-08-08 10:00:00+00:00,29.4,71,945.2,1.84
Islamabad,33.7104,73.1338,2026-08-08 11:00:00+00:00,29.5,70,944.7,1.63
Islamabad,33.7104,73.1338,2026-08-08 12:00:00+00:00,29.1,73,944.8,1.42
Islamabad,33.7104,73.1338,2026-08-08 13:00:00+00:00,29.0,74,944.7,0.97
Islamabad,33.7104,73.1338,2026-08-08 14:00:00+00:00,27.4,80,944.9,0.79
Islamabad,33.7104,73.1338,2026-08-08 15:00:00+00:00,26.5,82,945.1,0.72
Islamabad,33.7104,73.1338,2026-08-08 16:00:00+00:00,25.8,85,945.4,0.54
Islamabad,33.7104,73.1338,2026-08-08 17:00:00+00:00,25.3,87,945.6,0.3
Islamabad,33.7104,73.1338,2026-08-08 18:00:00+00:00,26.2,87,945.5,0.45
Islamabad,33.7104,73.1338,2026-08-08 19:00:00+00:00,26.1,86,945.8,0.21
Islamabad,33.7104,73.1338,2026-08-08 20:00:00+00:00,26.1,84,945.7,0.6
Islamabad,33.7104,73.1338,2026-08-08 21:00:00+00:00,25.9,83,945.8,0.43
Islamabad,33.7104,73.1338,2026-08-08 22:00:00+00:00,25.8,82,945.9,0.41
Islamabad,33.7104,73.1338,2026-08-08 23:00:00+00:00,25.7,83,946.0,0.41
Islamabad,33.7104,73.1338,2026-08-09 00:00:00+00:00,25.7,89,945.7,0.86
Islamabad,33.7104,73.1338,2026-08-09 01:00:00+00:00,25.6,90,945.8,0.41
Islamabad,33.7104,73.1338,2026-08-09 02:00:00+00:00,26.4,86,946.1,0.89
Islamabad,33.7104,73.1338,2026-08-09 03:00:00+00:00,27.9,77,946.6,0.05
Islamabad,33.7104,73.1338,2026-08-09 04:00:00+00:00,28.7,74,947.0,1.01
Islamabad,33.7104,73.1338,2026-08-09 05:00:00+00:00,29.3,75,947.1,1.09
Islamabad,33.7104,73.1338,2026-08-09 06:00:00+00:00,30.9,69,947.0,1.25
Islamabad,33.7104,73.1338,2026-08-09 07:00:00+00:00,30.0,74,946.5,2.02
Islamabad,33.7104,73.1338,2026-08-09 08:00:00+00:00,30.0,76,946.3,0.59
Islamabad,33.7104,73.1338,2026-08-09 09:00:00+00:00,31.2,66,945.9,0.49
Islamabad,33.7104,73.1338,2026-08-09 10:00:00+00:00,31.5,62,945.1,1.22
Islamabad,33.7104,73.1338,2026-08-09 11:00:00+00:00,31.0,64,944.5,1.16
Islamabad,33.7104,73.1338,2026-08-09 12:00:00+00:00,31.0,65,944.1,0.83
Islamabad,33.7104,73.1338,2026-08-09 13:00:00+00:00,30.3,70,943.7,0.57
Islamabad,33.7104,73.1338,2026-08-09 14:00:00+00:00,28.8,81,943.4,0.43
Islamabad,33.7104,73.1338,2026-08-09 15:00:00+00:00,28.2,85,943.6,0.39
Islamabad,33.7104,73.1338,2026-08-09 16:00:00+00:00,28.3,82,944.1,0.22
Islamabad,33.7104,73.1338,2026-08-09 17:00:00+00:00,27.9,81,944.3,0.07
Islamabad,33.7104,73.1338,2026-08-09 18:00:00+00:00,27.7,86,944.0,0.56
Islamabad,33.7104,73.1338,2026-08-09 19:00:00+00:00,27.1,87,944.1,0.32
Islamabad,33.7104,73.1338,2026-08-09 20:00:00+00:00,26.7,88,944.0,0.53
Islamabad,33.7104,73.1338,2026-08-09 21:00:00+00:00,26.3,89,944.0,0.96
Islamabad,33.7104,73.1338,2026-08-09 22:00:00+00:00,26.1,89,943.9,1.03
Islamabad,33.7104,73.1338,2026-08-09 23:00:00+00:00,25.9,88,944.1,1.23
Islamabad,33.7104,73.1338,2026-08-10 00:00:00+00:00,25.6,93,944.2,1.06
Islamabad,33.7104,73.1338,2026-08-10 01:00:00+00:00,25.0,93,944.4,0.56
Islamabad,33.7104,73.1338,2026-08-10 02:00:00+00:00,25.3,93,944.4,0.72
Islamabad,33.7104,73.1338,2026-08-10 03:00:00+00:00,27.0,87,944.5,0.55
Islamabad,33.7104,73.1338,2026-08-10 04:00:00+00:00,28.8,78,944.4,0.61
Islamabad,33.7104,73.1338,2026-08-10 05:00:00+00:00,30.5,69,944.3,1.35
Islamabad,33.7104,73.1338,2026-08-10 06:00:00+00:00,31.4,65,944.4,1.89
Islamabad,33.7104,73.1338,2026-08-10 07:00:00+00:00,32.2,62,944.1,2.12
Islamabad,33.7104,73.1338,2026-08-10 08:00:00+00:00,32.6,60,943.4,2.13
Islamabad,33.7104,73.1338,2026-08-10 09:00:00+00:00,32.8,58,942.6,1.98
Islamabad,33.7104,73.1338,2026-08-10 10:00:00+00:00,33.1,57,942.1,1.6
Islamabad,33.7104,73.1338,2026-08-10 11:00:00+00:00,33.0,57,941.5,1.6
Islamabad,33.7104,73.1338,2026-08-10 12:00:00+00:00,32.8,60,941.4,2.02
Islamabad,33.7104,73.1338,2026-08-10 13:00:00+00:00,31.3,68,941.4,1.56
Islamabad,33.7104,73.1338,2026-08-10 14:00:00+00:00,29.7,75,941.5,1.0
Islamabad,33.7104,73.1338,2026-08-10 15:00:00+00:00,29.1,76,942.4,1.26
Islamabad,33.7104,73.1338,2026-08-10 16:00:00+00:00,28.1,81,943.4,0.95
Islamabad,33.7104,73.1338,2026-08-10 17:00:00+00:00,27.6,82,943.7,1.13
Islamabad,33.7104,73.1338,2026-08-10 18:00:00+00:00,28.4,81,943.0,1.26
Islamabad,33.7104,73.1338,2026-08-10 19:00:00+00:00,27.8,82,942.9,1.1
Islamabad,33.7104,73.1338,2026-08-10 20:00:00+00:00,27.3,84,942.5,1.25
Islamabad,33.7104,73.1338,2026-08-10 21:00:00+00:00,25.7,87,942.5,2.47
Islamabad,33.7104,73.1338,2026-08-10 22:00:00+00:00,24.2,97,942.4,1.15
Islamabad,33.7104,73.1338,2026-08-10 23:00:00+00:00,25.0,94,942.6,0.65
Islamabad,33.7104,73.1338,2026-08-11 00:00:00+00:00,24.6,92,942.7,1.45
Islamabad,33.7104,73.1338,2026-08-11 01:00:00+00:00,25.2,93,942.7,1.15
Islamabad,33.7104,73.1338,2026-08-11 02:00:00+00:00,26.7,88,943.4,0.59
Islamabad,33.7104,73.1338,2026-08-11 03:00:00+00:00,27.6,81,944.2,0.78
Islamabad,33.7104,73.1338,2026-08-11 04:00:00+00:00,28.9,76,944.4,1.37
Islamabad,33.7104,73.1338,2026-08-11 05:00:00+00:00,29.8,73,944.8,0.86
Islamabad,33.7104,73.1338,2026-08-11 06:00:00+00:00,31.0,69,944.9,1.78
Islamabad,33.7104,73.1338,2026-08-11 07:00:00+00:00,31.2,71,944.6,2.03
Islamabad,33.7104,73.1338,2026-08-11 08:00:00+00:00,31.5,71,944.0,1.1
Islamabad,33.7104,73.1338,2026-08-11 09:00:00+00:00,31.3,71,943.4,1.18
Islamabad,33.7104,73.1338,2026-08-11 10:00:00+00:00,31.4,71,942.9,1.43
Islamabad,33.7104,73.1338,2026-08-11 11:00:00+00:00,30.9,73,942.4,1.38
Islamabad,33.7104,73.1338,2026-08-11 12:00:00+00:00,31.7,66,942.3,1.04
Islamabad,33.7104,73.1338,2026-08-11 13:00:00+00:00,30.4,73,942.5,0.96
Islamabad,33.7104,73.1338,2026-08-11 14:00:00+00:00,28.9,80,942.5,1.87
Islamabad,33.7104,73.1338,2026-08-11 15:00:00+00:00,26.4,89,943.7,0.15
Islamabad,33.7104,73.1338,2026-08-11 16:00:00+00:00,26.5,93,944.1,1.5
Islamabad,33.7104,73.1338,2026-08-11 17:00:00+00:00,26.1,94,945.0,0.68
Islamabad,33.7104,73.1338,2026-08-11 18:00:00+00:00,26.5,94,944.8,1.82
Islamabad,33.7104,73.1338,2026-08-11 19:00:00+00:00,25.6,93,945.1,0.56
Islamabad,33.7104,73.1338,2026-08-11 20:00:00+00:00,24.8,96,944.9,0.6
Islamabad,33.7104,73.1338,2026-08-11 21:00:00+00:00,25.0,96,944.9,2.49
Islamabad,33.7104,73.1338,2026-08-11 22:00:00+00:00,24.9,96,945.3,0.85
Islamabad,33.7104,73.1338,2026-08-11 23:00:00+00:00,24.1,94,945.9,0.36
Islamabad,33.7104,73.1338,2026-08-12 00:00:00+00:00,25.1,94,945.7,0.83
Islamabad,33.7104,73.1338,2026-08-12 01:00:00+00:00,24.8,96,946.3,1.22
Islamabad,33.7104,73.1338,2026-08-12 02:00:00+00:00,25.3,93,947.1,0.16
Islamabad,33.7104,73.1338,2026-08-12 03:00:00+00:00,25.0,96,947.3,1.28
Islamabad,33.7104,73.1338,2026-08-12 04:00:00+00:00,26.2,88,947.2,0.99
Islamabad,33.7104,73.1338,2026-08-12 05:00:00+00:00,27.8,82,947.3,0.75
Islamabad,33.7104,73.1338,2026-08-12 06:00:00+00:00,28.8,76,947.4,1.11
Islamabad,33.7104,73.1338,2026-08-12 07:00:00+00:00,30.6,69,946.6,1.46
Islamabad,33.7104,73.1338,2026-08-12 08:00:00+00:00,32.0,64,945.3,2.2
Islamabad,33.7104,73.1338,2026-08-12 09:00:00+00:00,32.3,63,944.4,2.65
Islamabad,33.7104,73.1338,2026-08-12 10:00:00+00:00,32.0,64,943.7,3.0
Islamabad,33.7104,73.1338,2026-08-12 11:00:00+00:00,31.8,63,943.0,2.77
Islamabad,33.7104,73.1338,2026-08-12 12:00:00+00:00,31.7,65,943.1,2.31
Islamabad,33.7104,73.1338,2026-08-12 13:00:00+00:00,30.3,74,943.1,1.76
Islamabad,33.7104,73.1338,2026-08-12 14:00:00+00:00,28.5,81,943.3,1.19
Islamabad,33.7104,73.1338,2026-08-12 15:00:00+00:00,27.7,85,943.9,0.39
Islamabad,33.7104,73.1338,2026-08-12 16:00:00+00:00,27.0,87,944.8,0.6
Islamabad,33.7104,73.1338,2026-08-12 17:00:00+00:00,26.7,88,945.6,0.54
Islamabad,33.7104,73.1338,2026-08-12 18:00:00+00:00,27.0,87,945.8,0.67
Islamabad,33.7104,73.1338,2026-08-12 19:00:00+00:00,26.6,88,946.0,1.02
Islamabad,33.7104,73.1338,2026-08-12 20:00:00+00:00,26.5,88,946.1,1.11
Islamabad,33.7104,73.1338,2026-08-12 21:00:00+00:00,26.4,85,945.9,1.21
Islamabad,33.7104,73.1338,2026-08-12 22:00:00+00:00,26.2,84,945.5,1.2
Islamabad,33.7104,73.1338,2026-08-12 23:00:00+00:00,25.9,84,945.4,1.0
Islamabad,33.7104,73.1338,2026-08-13 00:00:00+00:00,26.3,85,945.6,0.71
Islamabad,33.7104,73.1338,2026-08-13 01:00:00+00:00,26.2,86,945.7,0.5
Islamabad,33.7104,73.1338,2026-08-13 02:00:00+00:00,27.5,83,945.9,0.51
Islamabad,33.7104,73.1338,2026-08-13 03:00:00+00:00,28.9,77,945.8,0.67
Islamabad,33.7104,73.1338,2026-08-13 04:00:00+00:00,30.2,74,945.5,0.9
Islamabad,33.7104,73.1338,2026-08-13 05:00:00+00:00,31.5,67,945.4,1.59
Islamabad,33.7104,73.1338,2026-08-13 06:00:00+00:00,32.8,60,945.6,1.81
Islamabad,33.7104,73.1338,2026-08-13 07:00:00+00:00,33.3,59,945.0,1.99
Islamabad,33.7104,73.1338,2026-08-13 08:00:00+00:00,33.4,59,944.4,1.84
Islamabad,33.7104,73.1338,2026-08-13 09:00:00+00:00,33.6,59,943.9,1.81
Islamabad,33.7104,73.1338,2026-08-13 10:00:00+00:00,33.7,58,943.2,1.2
Islamabad,33.7104,73.1338,2026-08-13 11:00:00+00:00,33.4,58,942.8,1.42
Islamabad,33.7104,73.1338,2026-08-13 12:00:00+00:00,33.5,59,942.6,1.0
Islamabad,33.7104,73.1338,2026-08-13 13:00:00+00:00,32.2,72,942.3,0.73
Islamabad,33.7104,73.1338,2026-08-13 14:00:00+00:00,30.7,78,942.3,0.25
Islamabad,33.7104,73.1338,2026-08-13 15:00:00+00:00,29.5,81,943.0,1.09
Islamabad,33.7104,73.1338,2026-08-13 16:00:00+00:00,28.9,83,943.5,0.36
Islamabad,33.7104,73.1338,2026-08-13 17:00:00+00:00,28.4,84,944.0,0.61
Islamabad,33.7104,73.1338,2026-08-13 18:00:00+00:00,29.0,84,943.7,1.03
Islamabad,33.7104,73.1338,2026-08-13 19:00:00+00:00,28.3,84,943.9,1.0
Islamabad,33.7104,73.1338,2026-08-13 20:00:00+00:00,27.7,87,943.6,1.16
Islamabad,33.7104,73.1338,2026-08-13 21:00:00+00:00,26.5,93,943.6,0.81
Islamabad,33.7104,73.1338,2026-08-13 22:00:00+00:00,24.7,94,943.7,1.89
Islamabad,33.7104,73.1338,2026-08-13 23:00:00+00:00,24.7,94,943.2,1.2
Islamabad,33.7104,73.1338,2026-08-14 00:00:00+00:00,26.3,94,942.8,0.65
Islamabad,33.7104,73.1338,2026-08-14 01:00:00+00:00,24.2,99,943.9,0.94
Islamabad,33.7104,73.1338,2026-08-14 02:00:00+00:00,24.7,96,943.7,1.25
Islamabad,33.7104,73.1338,2026-08-14 03:00:00+00:00,25.7,92,944.1,0.6
Islamabad,33.7104,73.1338,2026-08-14 04:00:00+00:00,25.1,95,945.2,1.18
Islamabad,33.7104,73.1338,2026-08-14 05:00:00+00:00,26.4,89,945.2,0.47
Islamabad,33.7104,73.1338,2026-08-14 06:00:00+00:00,27.7,77,945.2,1.05
Islamabad,33.7104,73.1338,2026-08-14 07:00:00+00:00,29.1,73,945.2,1.17
Islamabad,33.7104,73.1338,2026-08-14 08:00:00+00:00,29.9,73,944.7,1.02
Islamabad,33.7104,73.1338,2026-08-14 09:00:00+00:00,30.5,71,944.7,1.44
Islamabad,33.7104,73.1338,2026-08-14 10:00:00+00:00,30.6,71,944.3,1.32
Islamabad,33.7104,73.1338,2026-08-14 11:00:00+00:00,30.1,73,944.4,1.03
Islamabad,33.7104,73.1338,2026-08-14 12:00:00+00:00,27.4,89,943.9,1.96
Islamabad,33.7104,73.1338,2026-08-14 13:00:00+00:00,27.1,92,944.0,1.77
Islamabad,33.7104,73.1338,2026-08-14 14:00:00+00:00,26.5,94,943.9,0.65
Islamabad,33.7104,73.1338,2026-08-14 15:00:00+00:00,25.8,96,944.2,0.78
Islamabad,33.7104,73.1338,2026-08-14 16:00:00+00:00,25.3,96,945.1,1.93
Islamabad,33.7104,73.1338,2026-08-14 17:00:00+00:00,25.2,97,944.6,0.7
Islamabad,33.7104,73.1338,2026-08-14 18:00:00+00:00,25.4,97,944.8,0.6
Islamabad,33.7104,73.1338,2026-08-14 19:00:00+00:00,25.4,94,944.5,0.47
Islamabad,33.7104,73.1338,2026-08-14 20:00:00+00:00,25.6,91,944.1,0.25
Islamabad,33.7104,73.1338,2026-08-14 21:00:00+00:00,25.9,88,944.1,0.1
Islamabad,33.7104,73.1338,2026-08-14 22:00:00+00:00,25.0,93,944.1,0.65
Islamabad,33.7104,73.1338,2026-08-14 23:00:00+00:00,24.3,96,943.8,0.21
Islamabad,33.7104,73.1338,2026-08-15 00:00:00+00:00,24.5,96,944.7,0.88
Islamabad,33.7104,73.1338,2026-08-15 01:00:00+00:00,24.6,96,945.2,0.61
Islamabad,33.7104,73.1338,2026-08-15 02:00:00+00:00,24.7,95,945.4,0.63
Islamabad,33.7104,73.1338,2026-08-15 03:00:00+00:00,25.8,88,946.2,0.54
Islamabad,33.7104,73.1338,2026-08-15 04:00:00+00:00,27.2,82,946.4,0.86
Islamabad,33.7104,73.1338,2026-08-15 05:00:00+00:00,28.4,78,946.5,0.89
Islamabad,33.7104,73.1338,2026-08-15 06:00:00+00:00,29.6,73,946.1,1.68
Islamabad,33.7104,73.1338,2026-08-15 07:00:00+00:00,30.6,70,945.7,2.28
Islamabad,33.7104,73.1338,2026-08-15 08:00:00+00:00,30.7,69,945.0,1.86
Islamabad,33.7104,73.1338,2026-08-15 09:00:00+00:00,31.6,65,944.0,1.43
Islamabad,33.7104,73.1338,2026-08-15 10:00:00+00:00,31.9,63,942.9,1.9
Islamabad,33.7104,73.1338,2026-08-15 11:00:00+00:00,31.7,64,942.5,1.14
Islamabad,33.7104,73.1338,2026-08-15 12:00:00+00:00,31.6,63,942.0,0.63
Islamabad,33.7104,73.1338,2026-08-15 13:00:00+00:00,30.7,73,941.5,0.29
Islamabad,33.7104,73.1338,2026-08-15 14:00:00+00:00,29.0,83,941.3,0.22
Islamabad,33.7104,73.1338,2026-08-15 15:00:00+00:00,28.3,85,941.7,0.3
Islamabad,33.7104,73.1338,2026-08-15 16:00:00+00:00,28.0,85,942.0,0.3
Islamabad,33.7104,73.1338,2026-08-15 17:00:00+00:00,27.3,87,942.2,0.52
Islamabad,33.7104,73.1338,2026-08-15 18:00:00+00:00,26.5,91,942.3,0.9
Islamabad,33.7104,73.1338,2026-08-15 19:00:00+00:00,25.8,94,942.2,1.48
Islamabad,33.7104,73.1338,2026-08-15 20:00:00+00:00,24.9,98,942.4,1.92
Islamabad,33.7104,73.1338,2026-08-15 21:00:00+00:00,25.1,94,941.7,0.18
Islamabad,33.7104,73.1338,2026-08-15 22:00:00+00:00,24.1,94,941.8,1.57
Islamabad,33.7104,73.1338,2026-08-15 23:00:00+00:00,23.9,96,942.5,0.34
Karachi,24.9056,67.0822,2026-02-16 00:00:00+00:00,19.7,96,1007.3,1.24
Karachi,24.9056,67.0822,2026-02-16 01:00:00+00:00,19.9,93,1007.6,1.78
Karachi,24.9056,67.0822,2026-02-16 02:00:00+00:00,19.9,91,1008.1,1.77
Karachi,24.9056,67.0822,2026-02-16 03:00:00+00:00,20.4,87,1008.6,1.65
Karachi,24.9056,67.0822,2026-02-16 04:00:00+00:00,22.3,77,1009.1,1.65
Karachi,24.9056,67.0822,2026-02-16 05:00:00+00:00,24.1,64,1009.2,2.09
Karachi,24.9056,67.0822,2026-02-16 06:00:00+00:00,25.3,58,1009.3,2.32
Karachi,24.9056,67.0822,2026-02-16 07:00:00+00:00,26.3,54,1008.6,2.87
Karachi,24.9056,67.0822,2026-02-16 08:00:00+00:00,26.8,51,1007.7,3.18
Karachi,24.9056,67.0822,2026-02-16 09:00:00+00:00,26.7,51,1006.4,3.43
Karachi,24.9056,67.0822,2026-02-16 10:00:00+00:00,26.3,52,1005.6,3.42
Karachi,24.9056,67.0822,2026-02-16 11:00:00+00:00,25.8,52,1005.0,3.2
Karachi,24.9056,67.0822,2026-02-16 12:00:00+00:00,24.8,58,1004.6,3.02
Karachi,24.9056,67.0822,2026-02-16 13:00:00+00:00,23.6,65,1004.6,2.77
Karachi,24.9056,67.0822,2026-02-16 14:00:00+00:00,22.8,70,1005.1,2.63
Karachi,24.9056,67.0822,2026-02-16 15:00:00+00:00,22.5,72,1006.3,2.5
Karachi,24.9056,67.0822,2026-02-16 16:00:00+00:00,22.3,74,1007.0,1.99
Karachi,24.9056,67.0822,2026-02-16 17:00:00+00:00,21.8,78,1007.1,1.73
Karachi,24.9056,67.0822,2026-02-16 18:00:00+00:00,21.4,81,1007.6,2.03
Karachi,24.9056,67.0822,2026-02-16 19:00:00+00:00,21.4,81,1007.7,2.17
Karachi,24.9056,67.0822,2026-02-16 20:00:00+00:00,21.1,83,1007.0,1.9
Karachi,24.9056,67.0822,2026-02-16 21:00:00+00:00,20.9,85,1006.6,1.44
Karachi,24.9056,67.0822,2026-02-16 22:00:00+00:00,20.5,87,1006.3,1.0
Karachi,24.9056,67.0822,2026-02-16 23:00:00+00:00,20.1,89,1006.0,1.17
Karachi,24.9056,67.0822,2026-02-17 00:00:00+00:00,19.7,89,1006.1,1.03
Karachi,24.9056,67.0822,2026-02-17 01:00:00+00:00,19.4,90,1006.4,1.71
Karachi,24.9056,67.0822,2026-02-17 02:00:00+00:00,19.0,92,1007.1,1.7
Karachi,24.9056,67.0822,2026-02-17 03:00:00+00:00,19.2,90,1007.9,1.35
Karachi,24.9056,67.0822,2026-02-17 04:00:00+00:00,20.7,82,1008.6,0.91
Karachi,24.9056,67.0822,2026-02-17 05:00:00+00:00,22.8,71,1009.1,0.9
Karachi,24.9056,67.0822,2026-02-17 06:00:00+00:00,23.4,66,1009.7,1.49
Karachi,24.9056,67.0822,2026-02-17 07:00:00+00:00,25.1,55,1009.4,1.1
Karachi,24.9056,67.0822,2026-02-17 08:00:00+00:00,26.0,49,1008.5,1.26
Karachi,24.9056,67.0822,2026-02-17 09:00:00+00:00,26.5,47,1007.7,1.73
Karachi,24.9056,67.0822,2026-02-17 10:00:00+00:00,24.4,57,1007.6,1.87
Karachi,24.9056,67.0822,2026-02-17 11:00:00+00:00,25.0,50,1007.0,0.81
Karachi,24.9056,67.0822,2026-02-17 12:00:00+00:00,24.2,53,1007.3,1.26
Karachi,24.9056,67.0822,2026-02-17 13:00:00+00:00,23.9,56,1007.6,0.6
Karachi,24.9056,67.0822,2026-02-17 14:00:00+00:00,23.2,61,1008.4,0.57
Karachi,24.9056,67.0822,2026-02-17 15:00:00+00:00,22.5,64,1009.2,0.6
Karachi,24.9056,67.0822,2026-02-17 16:00:00+00:00,22.3,60,1009.7,1.1
Karachi,24.9056,67.0822,2026-02-17 17:00:00+00:00,21.8,59,1009.5,1.35
Karachi,24.9056,67.0822,2026-02-17 18:00:00+00:00,20.9,63,1010.0,1.23
Karachi,24.9056,67.0822,2026-02-17 19:00:00+00:00,20.3,62,1010.1,1.98
Karachi,24.9056,67.0822,2026-02-17 20:00:00+00:00,19.5,62,1009.6,2.08
Karachi,24.9056,67.0822,2026-02-17 21:00:00+00:00,18.9,64,1009.3,2.42
Karachi,24.9056,67.0822,2026-02-17 22:00:00+00:00,18.5,65,1009.0,2.43
Karachi,24.9056,67.0822,2026-02-17 23:00:00+00:00,18.3,65,1009.1,2.26
Karachi,24.9056,67.0822,2026-02-18 00:00:00+00:00,17.9,67,1009.2,2.0
Karachi,24.9056,67.0822,2026-02-18 01:00:00+00:00,17.5,68,1009.9,2.11
Karachi,24.9056,67.0822,2026-02-18 02:00:00+00:00,17.3,68,1010.7,1.75
Karachi,24.9056,67.0822,2026-02-18 03:00:00+00:00,17.7,67,1010.9,1.77
Karachi,24.9056,67.0822,2026-02-18 04:00:00+00:00,19.5,60,1011.5,0.96
Karachi,24.9056,67.0822,2026-02-18 05:00:00+00:00,22.2,50,1012.0,1.1
Karachi,24.9056,67.0822,2026-02-18 06:00:00+00:00,24.6,44,1011.7,1.54
Karachi,24.9056,67.0822,2026-02-18 07:00:00+00:00,26.1,36,1010.8,1.59
Karachi,24.9056,67.0822,2026-02-18 08:00:00+00:00,27.2,32,1010.0,1.43
Karachi,24.9056,67.0822,2026-02-18 09:00:00+00:00,28.2,29,1008.9,0.95
Karachi,24.9056,67.0822,2026-02-18 10:00:00+00:00,28.7,26,1008.1,0.59
Karachi,24.9056,67.0822,2026-02-18 11:00:00+00:00,27.4,33,1007.8,1.77
Karachi,24.9056,67.0822,2026-02-18 12:00:00+00:00,27.4,33,1007.4,1.22
Karachi,24.9056,67.0822,2026-02-18 13:00:00+00:00,25.6,44,1007.8,1.74
Karachi,24.9056,67.0822,2026-02-18 14:00:00+00:00,23.9,50,1008.9,2.47
Karachi,24.9056,67.0822,2026-02-18 15:00:00+00:00,23.0,54,1009.8,2.52
Karachi,24.9056,67.0822,2026-02-18 16:00:00+00:00,22.3,60,1010.6,1.76
Karachi,24.9056,67.0822,2026-02-18 17:00:00+00:00,21.9,63,1010.9,1.91
Karachi,24.9056,67.0822,2026-02-18 18:00:00+00:00,21.3,71,1010.8,0.4
Karachi,24.9056,67.0822,2026-02-18 19:00:00+00:00,21.9,61,1010.8,1.06
Karachi,24.9056,67.0822,2026-02-18 20:00:00+00:00,21.3,59,1010.6,1.61
Karachi,24.9056,67.0822,2026-02-18 21:00:00+00:00,20.6,56,1010.6,1.96
Karachi,24.9056,67.0822,2026-02-18 22:00:00+00:00,20.2,53,1010.5,2.11
Karachi,24.9056,67.0822,2026-02-18 23:00:00+00:00,20.1,52,1010.1,2.4
Karachi,24.9056,67.0822,2026-02-19 00:00:00+00:00,20.3,50,1010.2,2.51
Karachi,24.9056,67.0822,2026-02-19 01:00:00+00:00,20.3,51,1010.4,2.58
Karachi,24.9056,67.0822,2026-02-19 02:00:00+00:00,20.3,51,1011.2,2.73
Karachi,24.9056,67.0822,2026-02-19 03:00:00+00:00,21.1,48,1011.9,2.87
Karachi,24.9056,67.0822,2026-02-19 04:00:00+00:00,23.3,43,1012.6,2.36
Karachi,24.9056,67.0822,2026-02-19 05:00:00+00:00,26.1,35,1012.8,2.53
Karachi,24.9056,67.0822,2026-02-19 06:00:00+00:00,28.2,28,1012.9,3.62
Karachi,24.9056,67.0822,2026-02-19 07:00:00+00:00,29.2,23,1012.2,4.04
Karachi,24.9056,67.0822,2026-02-19 08:00:00+00:00,29.9,21,1011.2,4.31
Karachi,24.9056,67.0822,2026-02-19 09:00:00+00:00,30.1,20,1010.4,4.43
Karachi,24.9056,67.0822,2026-02-19 10:00:00+00:00,30.1,20,1009.7,4.26
Karachi,24.9056,67.0822,2026-02-19 11:00:00+00:00,29.8,20,1009.3,4.22
Karachi,24.9056,67.0822,2026-02-19 12:00:00+00:00,29.3,22,1009.3,4.16
Karachi,24.9056,67.0822,2026-02-19 13:00:00+00:00,28.3,26,1009.8,3.39
Karachi,24.9056,67.0822,2026-02-19 14:00:00+00:00,27.2,28,1010.6,2.72
Karachi,24.9056,67.0822,2026-02-19 15:00:00+00:00,26.3,32,1011.2,2.86
Karachi,24.9056,67.0822,2026-02-19 16:00:00+00:00,25.3,35,1011.7,2.56
Karachi,24.9056,67.0822,2026-02-19 17:00:00+00:00,24.2,37,1011.9,2.84
Karachi,24.9056,67.0822,2026-02-19 18:00:00+00:00,24.1,36,1012.1,3.12
Karachi,24.9056,67.0822,2026-02-19 19:00:00+00:00,24.3,34,1012.1,3.36
Karachi,24.9056,67.0822,2026-02-19 20:00:00+00:00,23.9,36,1011.9,3.4
Karachi,24.9056,67.0822,2026-02-19 21:00:00+00:00,23.5,37,1011.7,3.4
Karachi,24.9056,67.0822,2026-02-19 22:00:00+00:00,23.0,38,1011.5,3.33
Karachi,24.9056,67.0822,2026-02-19 23:00:00+00:00,22.6,40,1011.5,3.33
Karachi,24.9056,67.0822,2026-02-20 00:00:00+00:00,22.0,42,1011.6,3.11
Karachi,24.9056,67.0822,2026-02-20 01:00:00+00:00,21.7,43,1011.9,3.05
Karachi,24.9056,67.0822,2026-02-20 02:00:00+00:00,21.4,44,1012.9,3.0
Karachi,24.9056,67.0822,2026-02-20 03:00:00+00:00,21.9,43,1013.8,3.18
Karachi,24.9056,67.0822,2026-02-20 04:00:00+00:00,23.9,39,1014.4,2.46
Karachi,24.9056,67.0822,2026-02-20 05:00:00+00:00,26.6,33,1014.7,3.16
Karachi,24.9056,67.0822,2026-02-20 06:00:00+00:00,28.7,26,1014.7,4.95
Karachi,24.9056,67.0822,2026-02-20 07:00:00+00:00,29.4,24,1014.1,4.52
Karachi,24.9056,67.0822,2026-02-20 08:00:00+00:00,30.1,23,1013.4,3.96
Karachi,24.9056,67.0822,2026-02-20 09:00:00+00:00,30.5,22,1012.1,3.77
Karachi,24.9056,67.0822,2026-02-20 10:00:00+00:00,30.5,22,1011.3,3.67
Karachi,24.9056,67.0822,2026-02-20 11:00:00+00:00,30.2,22,1010.9,3.73
Karachi,24.9056,67.0822,2026-02-20 12:00:00+00:00,29.5,23,1010.9,3.61
Karachi,24.9056,67.0822,2026-02-20 13:00:00+00:00,28.6,26,1011.4,3.4
Karachi,24.9056,67.0822,2026-02-20 14:00:00+00:00,27.4,32,1011.9,3.05
Karachi,24.9056,67.0822,2026-02-20 15:00:00+00:00,26.4,35,1012.3,2.9
Karachi,24.9056,67.0822,2026-02-20 16:00:00+00:00,25.5,36,1012.5,3.09
Karachi,24.9056,67.0822,2026-02-20 17:00:00+00:00,24.6,38,1012.4,2.8
Karachi,24.9056,67.0822,2026-02-20 18:00:00+00:00,23.8,41,1012.2,2.76
Karachi,24.9056,67.0822,2026-02-20 19:00:00+00:00,23.5,42,1012.0,2.82
Karachi,24.9056,67.0822,2026-02-20 20:00:00+00:00,22.8,44,1011.7,2.75
Karachi,24.9056,67.0822,2026-02-20 21:00:00+00:00,22.5,44,1011.3,2.85
Karachi,24.9056,67.0822,2026-02-20 22:00:00+00:00,22.4,44,1010.8,2.86
Karachi,24.9056,67.0822,2026-02-20 23:00:00+00:00,22.1,44,1010.6,2.88
Karachi,24.9056,67.0822,2026-02-21 00:00:00+00:00,21.9,46,1010.2,2.91
Karachi,24.9056,67.0822,2026-02-21 01:00:00+00:00,21.7,46,1010.2,2.77
Karachi,24.9056,67.0822,2026-02-21 02:00:00+00:00,21.4,47,1010.8,2.55
Karachi,24.9056,67.0822,2026-02-21 03:00:00+00:00,22.0,45,1011.3,2.49
Karachi,24.9056,67.0822,2026-02-21 04:00:00+00:00,24.3,40,1011.7,1.71
Karachi,24.9056,67.0822,2026-02-21 05:00:00+00:00,27.3,33,1011.9,1.72
Karachi,24.9056,67.0822,2026-02-21 06:00:00+00:00,29.4,27,1011.8,1.64
Karachi,24.9056,67.0822,2026-02-21 07:00:00+00:00,30.7,23,1010.9,0.71
Karachi,24.9056,67.0822,2026-02-21 08:00:00+00:00,31.8,20,1009.6,0.42
Karachi,24.9056,67.0822,2026-02-21 09:00:00+00:00,32.3,19,1008.1,0.15
Karachi,24.9056,67.0822,2026-02-21 10:00:00+00:00,32.1,21,1007.0,1.67
Karachi,24.9056,67.0822,2026-02-21 11:00:00+00:00,31.4,23,1006.4,2.73
Karachi,24.9056,67.0822,2026-02-21 12:00:00+00:00,30.2,23,1006.6,3.67
Karachi,24.9056,67.0822,2026-02-21 13:00:00+00:00,28.5,26,1007.1,3.23
Karachi,24.9056,67.0822,2026-02-21 14:00:00+00:00,27.4,30,1007.0,2.22
Karachi,24.9056,67.0822,2026-02-21 15:00:00+00:00,26.2,34,1007.2,1.85
Karachi,24.9056,67.0822,2026-02-21 16:00:00+00:00,25.4,38,1007.3,2.07
Karachi,24.9056,67.0822,2026-02-21 17:00:00+00:00,24.7,40,1007.2,2.1
Karachi,24.9056,67.0822,2026-02-21 18:00:00+00:00,23.6,49,1007.1,2.15
Karachi,24.9056,67.0822,2026-02-21 19:00:00+00:00,22.9,55,1006.8,2.25
Karachi,24.9056,67.0822,2026-02-21 20:00:00+00:00,22.2,65,1006.6,2.33
Karachi,24.9056,67.0822,2026-02-21 21:00:00+00:00,21.9,69,1006.2,2.37
Karachi,24.9056,67.0822,2026-02-21 22:00:00+00:00,21.5,73,1005.6,2.27
Karachi,24.9056,67.0822,2026-02-21 23:00:00+00:00,21.2,77,1005.4,1.96
Karachi,24.9056,67.0822,2026-02-22 00:00:00+00:00,20.4,81,1005.2,1.3
Karachi,24.9056,67.0822,2026-02-22 01:00:00+00:00,20.2,84,1005.6,1.79
Karachi,24.9056,67.0822,2026-02-22 02:00:00+00:00,20.1,87,1005.8,1.82
Karachi,24.9056,67.0822,2026-02-22 03:00:00+00:00,20.6,87,1006.3,1.73
Karachi,24.9056,67.0822,2026-02-22 04:00:00+00:00,22.8,77,1006.9,1.18
Karachi,24.9056,67.0822,2026-02-22 05:00:00+00:00,25.1,64,1007.1,1.85
Karachi,24.9056,67.0822,2026-02-22 06:00:00+00:00,27.6,47,1007.0,2.51
Karachi,24.9056,67.0822,2026-02-22 07:00:00+00:00,28.9,38,1006.3,2.99
Karachi,24.9056,67.0822,2026-02-22 08:00:00+00:00,29.4,36,1005.4,3.26
Karachi,24.9056,67.0822,2026-02-22 09:00:00+00:00,29.6,35,1004.4,3.25
Karachi,24.9056,67.0822,2026-02-22 10:00:00+00:00,29.6,33,1003.7,3.34
Karachi,24.9056,67.0822,2026-02-22 11:00:00+00:00,28.8,36,1003.2,3.31
Karachi,24.9056,67.0822,2026-02-22 12:00:00+00:00,27.6,41,1003.1,2.95
Karachi,24.9056,67.0822,2026-02-22 13:00:00+00:00,26.2,50,1003.6,2.44
Karachi,24.9056,67.0822,2026-02-22 14:00:00+00:00,24.9,61,1003.9,1.81
Karachi,24.9056,67.0822,2026-02-22 15:00:00+00:00,24.0,69,1004.4,1.6
Karachi,24.9056,67.0822,2026-02-22 16:00:00+00:00,23.3,76,1004.9,1.81
Karachi,24.9056,67.0822,2026-02-22 17:00:00+00:00,22.7,81,1005.0,1.56
Karachi,24.9056,67.0822,2026-02-22 18:00:00+00:00,22.2,84,1005.0,1.19
Karachi,24.9056,67.0822,2026-02-22 19:00:00+00:00,21.9,85,1005.1,1.5
Karachi,24.9056,67.0822,2026-02-22 20:00:00+00:00,21.3,89,1005.1,1.59
Karachi,24.9056,67.0822,2026-02-22 21:00:00+00:00,20.9,91,1005.0,1.59
Karachi,24.9056,67.0822,2026-02-22 22:00:00+00:00,20.6,93,1004.6,1.68
Karachi,24.9056,67.0822,2026-02-22 23:00:00+00:00,20.3,94,1004.3,1.7
Karachi,24.9056,67.0822,2026-02-23 00:00:00+00:00,19.4,96,1003.8,1.04
Karachi,24.9056,67.0822,2026-02-23 01:00:00+00:00,19.1,99,1004.4,1.41
Karachi,24.9056,67.0822,2026-02-23 02:00:00+00:00,18.6,100,1005.2,1.27
Karachi,24.9056,67.0822,2026-02-23 03:00:00+00:00,19.0,99,1006.1,1.07
Karachi,24.9056,67.0822,2026-02-23 04:00:00+00:00,20.7,93,1006.7,0.94
Karachi,24.9056,67.0822,2026-02-23 05:00:00+00:00,23.8,77,1007.1,1.53
Karachi,24.9056,67.0822,2026-02-23 06:00:00+00:00,26.3,61,1007.0,1.23
Karachi,24.9056,67.0822,2026-02-23 07:00:00+00:00,28.6,45,1006.4,1.32
Karachi,24.9056,67.0822,2026-02-23 08:00:00+00:00,30.2,33,1005.3,1.58
Karachi,24.9056,67.0822,2026-02-23 09:00:00+00:00,30.9,27,1004.4,2.04
Karachi,24.9056,67.0822,2026-02-23 10:00:00+00:00,30.9,26,1003.7,2.26
Karachi,24.9056,67.0822,2026-02-23 11:00:00+00:00,30.4,26,1003.3,2.29
Karachi,24.9056,67.0822,2026-02-23 12:00:00+00:00,29.3,34,1003.2,2.62
Karachi,24.9056,67.0822,2026-02-23 13:00:00+00:00,27.1,47,1004.1,2.62
Karachi,24.9056,67.0822,2026-02-23 14:00:00+00:00,25.1,60,1004.7,2.17
Karachi,24.9056,67.0822,2026-02-23 15:00:00+00:00,23.9,69,1005.5,1.83
Karachi,24.9056,67.0822,2026-02-23 16:00:00+00:00,23.2,78,1006.0,2.13
Karachi,24.9056,67.0822,2026-02-23 17:00:00+00:00,22.7,84,1006.3,0.9
Karachi,24.9056,67.0822,2026-02-23 18:00:00+00:00,22.2,89,1006.5,0.71
Karachi,24.9056,67.0822,2026-02-23 19:00:00+00:00,21.8,90,1006.5,1.17
Karachi,24.9056,67.0822,2026-02-23 20:00:00+00:00,21.2,93,1006.3,1.35
Karachi,24.9056,67.0822,2026-02-23 21:00:00+00:00,20.5,97,1005.9,1.62
Karachi,24.9056,67.0822,2026-02-23 22:00:00+00:00,20.0,99,1005.7,1.38
Karachi,24.9056,67.0822,2026-02-23 23:00:00+00:00,20.0,99,1005.4,1.68
Karachi,24.9056,67.0822,2026-02-24 00:00:00+00:00,19.5,100,1005.4,1.77
Karachi,24.9056,67.0822,2026-02-24 01:00:00+00:00,19.4,99,1005.8,1.92
Karachi,24.9056,67.0822,2026-02-24 02:00:00+00:00,19.0,99,1006.5,1.97
Karachi,24.9056,67.0822,2026-02-24 03:00:00+00:00,18.9,98,1007.3,1.87
Karachi,24.9056,67.0822,2026-02-24 04:00:00+00:00,20.0,88,1008.1,1.17
Karachi,24.9056,67.0822,2026-02-24 05:00:00+00:00,24.0,63,1008.3,0.5
Karachi,24.9056,67.0822,2026-02-24 06:00:00+00:00,27.7,43,1008.4,0.3
Karachi,24.9056,67.0822,2026-02-24 07:00:00+00:00,30.3,30,1007.8,0.97
Karachi,24.9056,67.0822,2026-02-24 08:00:00+00:00,31.6,25,1006.9,1.24
Karachi,24.9056,67.0822,2026-02-24 09:00:00+00:00,32.4,24,1006.0,1.61
Karachi,24.9056,67.0822,2026-02-24 10:00:00+00:00,32.7,24,1005.4,1.92
Karachi,24.9056,67.0822,2026-02-24 11:00:00+00:00,32.0,25,1004.9,2.38
Karachi,24.9056,67.0822,2026-02-24 12:00:00+00:00,30.9,28,1004.8,2.07
Karachi,24.9056,67.0822,2026-02-24 13:00:00+00:00,28.9,34,1005.4,2.5
Karachi,24.9056,67.0822,2026-02-24 14:00:00+00:00,27.5,37,1006.3,1.44
Karachi,24.9056,67.0822,2026-02-24 15:00:00+00:00,26.2,46,1007.0,1.8
Karachi,24.9056,67.0822,2026-02-24 16:00:00+00:00,25.7,48,1007.2,1.8
Karachi,24.9056,67.0822,2026-02-24 17:00:00+00:00,25.0,50,1007.7,0.85
Karachi,24.9056,67.0822,2026-02-24 18:00:00+00:00,24.5,53,1007.8,0.76
Karachi,24.9056,67.0822,2026-02-24 19:00:00+00:00,23.7,56,1007.7,1.54
Karachi,24.9056,67.0822,2026-02-24 20:00:00+00:00,23.0,59,1007.6,1.53
Karachi,24.9056,67.0822,2026-02-24 21:00:00+00:00,22.1,64,1007.3,1.56
Karachi,24.9056,67.0822,2026-02-24 22:00:00+00:00,21.2,70,1007.1,1.63
Karachi,24.9056,67.0822,2026-02-24 23:00:00+00:00,20.7,71,1006.8,1.18
Karachi,24.9056,67.0822,2026-02-25 00:00:00+00:00,20.3,70,1006.9,0.95
Karachi,24.9056,67.0822,2026-02-25 01:00:00+00:00,20.0,70,1007.3,0.89
Karachi,24.9056,67.0822,2026-02-25 02:00:00+00:00,19.7,68,1008.0,1.44
Karachi,24.9056,67.0822,2026-02-25 03:00:00+00:00,20.7,57,1008.7,1.46
Karachi,24.9056,67.0822,2026-02-25 04:00:00+00:00,23.7,44,1009.4,0.81
Karachi,24.9056,67.0822,2026-02-25 05:00:00+00:00,27.3,31,1009.6,0.84
Karachi,24.9056,67.0822,2026-02-25 06:00:00+00:00,30.0,24,1009.6,0.57
Karachi,24.9056,67.0822,2026-02-25 07:00:00+00:00,31.9,21,1008.8,0.25
Karachi,24.9056,67.0822,2026-02-25 08:00:00+00:00,32.5,24,1007.8,1.5
Karachi,24.9056,67.0822,2026-02-25 09:00:00+00:00,32.4,27,1006.8,2.4
Karachi,24.9056,67.0822,2026-02-25 10:00:00+00:00,32.1,29,1006.3,2.52
Karachi,24.9056,67.0822,2026-02-25 11:00:00+00:00,30.8,37,1006.2,3.02
Karachi,24.9056,67.0822,2026-02-25 12:00:00+00:00,29.1,36,1006.3,3.22
Karachi,24.9056,67.0822,2026-02-25 13:00:00+00:00,28.0,38,1006.6,3.04
Karachi,24.9056,67.0822,2026-02-25 14:00:00+00:00,26.3,49,1007.3,2.02
Karachi,24.9056,67.0822,2026-02-25 15:00:00+00:00,25.2,59,1007.9,1.95
Karachi,24.9056,67.0822,2026-02-25 16:00:00+00:00,24.6,64,1008.7,1.51
Karachi,24.9056,67.0822,2026-02-25 17:00:00+00:00,24.1,68,1009.0,0.96
Karachi,24.9056,67.0822,2026-02-25 18:00:00+00:00,23.9,71,1009.1,1.3
Karachi,24.9056,67.0822,2026-02-25 19:00:00+00:00,23.0,77,1009.0,1.48
Karachi,24.9056,67.0822,2026-02-25 20:00:00+00:00,22.3,83,1008.6,1.82
Karachi,24.9056,67.0822,2026-02-25 21:00:00+00:00,21.9,87,1008.2,1.3
Karachi,24.9056,67.0822,2026-02-25 22:00:00+00:00,21.4,91,1007.5,1.39
Karachi,24.9056,67.0822,2026-02-25 23:00:00+00:00,21.0,93,1007.3,1.89
Karachi,24.9056,67.0822,2026-02-26 00:00:00+00:00,20.6,91,1007.2,1.35
Karachi,24.9056,67.0822,2026-02-26 01:00:00+00:00,20.2,91,1007.2,1.36
Karachi,24.9056,67.0822,2026-02-26 02:00:00+00:00,19.5,92,1007.6,1.3
Karachi,24.9056,67.0822,2026-02-26 03:00:00+00:00,19.9,86,1008.0,1.3
Karachi,24.9056,67.0822,2026-02-26 04:00:00+00:00,22.8,66,1008.4,0.32
Karachi,24.9056,67.0822,2026-02-26 05:00:00+00:00,25.6,53,1008.7,1.01
Karachi,24.9056,67.0822,2026-02-26 06:00:00+00:00,28.6,42,1008.7,0.9
Karachi,24.9056,67.0822,2026-02-26 07:00:00+00:00,31.2,32,1007.8,0.97
Karachi,24.9056,67.0822,2026-02-26 08:00:00+00:00,32.5,27,1006.6,1.56
Karachi,24.9056,67.0822,2026-02-26 09:00:00+00:00,33.0,28,1005.7,2.09
Karachi,24.9056,67.0822,2026-02-26 10:00:00+00:00,33.0,29,1004.5,2.44
Karachi,24.9056,67.0822,2026-02-26 11:00:00+00:00,32.1,28,1004.1,2.99
Karachi,24.9056,67.0822,2026-02-26 12:00:00+00:00,31.4,25,1003.8,3.35
Karachi,24.9056,67.0822,2026-02-26 13:00:00+00:00,29.9,28,1004.2,3.0
Karachi,24.9056,67.0822,2026-02-26 14:00:00+00:00,27.7,37,1004.4,2.5
Karachi,24.9056,67.0822,2026-02-26 15:00:00+00:00,26.3,45,1005.2,2.3
Karachi,24.9056,67.0822,2026-02-26 16:00:00+00:00,25.3,53,1005.5,2.51
Karachi,24.9056,67.0822,2026-02-26 17:00:00+00:00,24.5,60,1005.5,2.6
Karachi,24.9056,67.0822,2026-02-26 18:00:00+00:00,24.0,61,1005.6,2.55
Karachi,24.9056,67.0822,2026-02-26 19:00:00+00:00,23.9,60,1005.4,2.64
Karachi,24.9056,67.0822,2026-02-26 20:00:00+00:00,23.6,56,1005.2,2.58
Karachi,24.9056,67.0822,2026-02-26 21:00:00+00:00,23.2,58,1005.1,2.82
Karachi,24.9056,67.0822,2026-02-26 22:00:00+00:00,22.9,60,1004.5,2.86
Karachi,24.9056,67.0822,2026-02-26 23:00:00+00:00,22.3,69,1004.3,2.78
Karachi,24.9056,67.0822,2026-02-27 00:00:00+00:00,21.7,81,1004.2,2.58
Karachi,24.9056,67.0822,2026-02-27 01:00:00+00:00,21.3,87,1004.5,2.45
Karachi,24.9056,67.0822,2026-02-27 02:00:00+00:00,21.1,92,1004.8,2.38
Karachi,24.9056,67.0822,2026-02-27 03:00:00+00:00,21.6,91,1005.6,1.86
Karachi,24.9056,67.0822,2026-02-27 04:00:00+00:00,23.5,81,1006.0,1.94
Karachi,24.9056,67.0822,2026-02-27 05:00:00+00:00,26.0,63,1006.1,1.87
Karachi,24.9056,67.0822,2026-02-27 06:00:00+00:00,28.2,45,1005.9,1.97
Karachi,24.9056,67.0822,2026-02-27 07:00:00+00:00,29.5,39,1005.3,2.47
Karachi,24.9056,67.0822,2026-02-27 08:00:00+00:00,29.4,43,1004.4,3.14
Karachi,24.9056,67.0822,2026-02-27 09:00:00+00:00,29.3,43,1003.6,3.28
Karachi,24.9056,67.0822,2026-02-27 10:00:00+00:00,29.0,43,1003.0,3.34
Karachi,24.9056,67.0822,2026-02-27 11:00:00+00:00,28.2,47,1002.7,3.33
Karachi,24.9056,67.0822,2026-02-27 12:00:00+00:00,27.0,51,1002.4,3.32
Karachi,24.9056,67.0822,2026-02-27 13:00:00+00:00,25.8,58,1002.8,2.91
Karachi,24.9056,67.0822,2026-02-27 14:00:00+00:00,24.4,72,1003.1,2.53
Karachi,24.9056,67.0822,2026-02-27 15:00:00+00:00,23.8,79,1003.8,2.07
Karachi,24.9056,67.0822,2026-02-27 16:00:00+00:00,23.5,81,1004.3,2.06
Karachi,24.9056,67.0822,2026-02-27 17:00:00+00:00,23.1,83,1004.5,1.94
Karachi,24.9056,67.0822,2026-02-27 18:00:00+00:00,23.1,81,1004.3,1.69
Karachi,24.9056,67.0822,2026-02-27 19:00:00+00:00,22.9,82,1004.4,1.65
Karachi,24.9056,67.0822,2026-02-27 20:00:00+00:00,22.5,83,1004.1,1.98
Karachi,24.9056,67.0822,2026-02-27 21:00:00+00:00,22.2,85,1003.8,2.1
Karachi,24.9056,67.0822,2026-02-27 22:00:00+00:00,21.8,88,1003.5,1.9
Karachi,24.9056,67.0822,2026-02-27 23:00:00+00:00,21.4,90,1003.3,1.79
Karachi,24.9056,67.0822,2026-02-28 00:00:00+00:00,21.1,91,1003.1,1.82
Karachi,24.9056,67.0822,2026-02-28 01:00:00+00:00,21.1,91,1003.5,2.0
Karachi,24.9056,67.0822,2026-02-28 02:00:00+00:00,20.8,93,1004.3,2.12
Karachi,24.9056,67.0822,2026-02-28 03:00:00+00:00,21.7,89,1005.2,2.26
Karachi,24.9056,67.0822,2026-02-28 04:00:00+00:00,23.8,79,1005.8,1.97
Karachi,24.9056,67.0822,2026-02-28 05:00:00+00:00,26.1,64,1006.2,1.8
Karachi,24.9056,67.0822,2026-02-28 06:00:00+00:00,28.0,49,1006.3,1.9
Karachi,24.9056,67.0822,2026-02-28 07:00:00+00:00,29.5,41,1005.8,2.06
Karachi,24.9056,67.0822,2026-02-28 08:00:00+00:00,30.2,39,1004.9,2.52
Karachi,24.9056,67.0822,2026-02-28 09:00:00+00:00,30.3,40,1004.1,2.89
Karachi,24.9056,67.0822,2026-02-28 10:00:00+00:00,30.0,40,1003.8,3.06
Karachi,24.9056,67.0822,2026-02-28 11:00:00+00:00,29.5,38,1003.5,2.98
Karachi,24.9056,67.0822,2026-02-28 12:00:00+00:00,28.5,39,1003.3,2.99
Karachi,24.9056,67.0822,2026-02-28 13:00:00+00:00,27.0,44,1003.8,2.67
Karachi,24.9056,67.0822,2026-02-28 14:00:00+00:00,25.0,63,1004.3,2.4
Karachi,24.9056,67.0822,2026-02-28 15:00:00+00:00,23.7,79,1005.0,2.44
Karachi,24.9056,67.0822,2026-02-28 16:00:00+00:00,23.1,85,1005.6,2.19
Karachi,24.9056,67.0822,2026-02-28 17:00:00+00:00,22.7,87,1006.1,2.26
Karachi,24.9056,67.0822,2026-02-28 18:00:00+00:00,22.3,90,1006.3,1.42
Karachi,24.9056,67.0822,2026-02-28 19:00:00+00:00,22.1,89,1006.4,1.29
Karachi,24.9056,67.0822,2026-02-28 20:00:00+00:00,21.8,90,1006.0,1.44
Karachi,24.9056,67.0822,2026-02-28 21:00:00+00:00,21.4,93,1005.7,1.52
Karachi,24.9056,67.0822,2026-02-28 22:00:00+00:00,21.1,94,1005.4,1.48
Karachi,24.9056,67.0822,2026-02-28 23:00:00+00:00,20.8,95,1005.2,1.33
Karachi,24.9056,67.0822,2026-03-01 00:00:00+00:00,21.2,91,1005.2,1.46
Karachi,24.9056,67.0822,2026-03-01 01:00:00+00:00,21.0,93,1005.8,0.98
Karachi,24.9056,67.0822,2026-03-01 02:00:00+00:00,20.7,94,1006.3,1.16
Karachi,24.9056,67.0822,2026-03-01 03:00:00+00:00,20.9,92,1007.1,1.01
Karachi,24.9056,67.0822,2026-03-01 04:00:00+00:00,22.2,83,1008.1,1.5
Karachi,24.9056,67.0822,2026-03-01 05:00:00+00:00,24.0,71,1008.4,1.19
Karachi,24.9056,67.0822,2026-03-01 06:00:00+00:00,26.4,57,1008.3,1.15
Karachi,24.9056,67.0822,2026-03-01 07:00:00+00:00,28.7,45,1007.7,1.46
Karachi,24.9056,67.0822,2026-03-01 08:00:00+00:00,29.4,45,1006.8,2.15
Karachi,24.9056,67.0822,2026-03-01 09:00:00+00:00,29.3,48,1006.0,2.66
Karachi,24.9056,67.0822,2026-03-01 10:00:00+00:00,29.1,46,1005.4,2.77
Karachi,24.9056,67.0822,2026-03-01 11:00:00+00:00,28.5,46,1005.2,2.84
Karachi,24.9056,67.0822,2026-03-01 12:00:00+00:00,27.5,48,1005.2,2.75
Karachi,24.9056,67.0822,2026-03-01 13:00:00+00:00,26.0,54,1005.7,2.46
Karachi,24.9056,67.0822,2026-03-01 14:00:00+00:00,24.4,65,1006.0,2.24
Karachi,24.9056,67.0822,2026-03-01 15:00:00+00:00,23.4,74,1006.7,1.71
Karachi,24.9056,67.0822,2026-03-01 16:00:00+00:00,22.9,79,1007.4,1.4
Karachi,24.9056,67.0822,2026-03-01 17:00:00+00:00,22.4,82,1007.9,1.25
Karachi,24.9056,67.0822,2026-03-01 18:00:00+00:00,22.1,86,1008.0,1.19
Karachi,24.9056,67.0822,2026-03-01 19:00:00+00:00,21.8,87,1008.2,1.11
Karachi,24.9056,67.0822,2026-03-01 20:00:00+00:00,21.3,90,1008.0,1.14
Karachi,24.9056,67.0822,2026-03-01 21:00:00+00:00,20.7,94,1007.7,1.17
Karachi,24.9056,67.0822,2026-03-01 22:00:00+00:00,19.9,99,1007.5,1.27
Karachi,24.9056,67.0822,2026-03-01 23:00:00+00:00,19.6,100,1007.5,1.3
Karachi,24.9056,67.0822,2026-03-02 00:00:00+00:00,20.3,99,1007.6,1.52
Karachi,24.9056,67.0822,2026-03-02 01:00:00+00:00,20.3,98,1007.9,1.3
Karachi,24.9056,67.0822,2026-03-02 02:00:00+00:00,20.3,99,1008.4,1.37
Karachi,24.9056,67.0822,2026-03-02 03:00:00+00:00,20.3,98,1009.1,1.31
Karachi,24.9056,67.0822,2026-03-02 04:00:00+00:00,21.5,90,1009.8,2.0
Karachi,24.9056,67.0822,2026-03-02 05:00:00+00:00,24.4,73,1010.1,1.24
Karachi,24.9056,67.0822,2026-03-02 06:00:00+00:00,27.2,56,1010.3,1.04
Karachi,24.9056,67.0822,2026-03-02 07:00:00+00:00,30.2,39,1009.5,0.78
Karachi,24.9056,67.0822,2026-03-02 08:00:00+00:00,31.9,30,1008.6,0.78
Karachi,24.9056,67.0822,2026-03-02 09:00:00+00:00,31.6,37,1007.8,2.07
Karachi,24.9056,67.0822,2026-03-02 10:00:00+00:00,30.2,49,1007.3,3.18
Karachi,24.9056,67.0822,2026-03-02 11:00:00+00:00,29.1,48,1007.1,2.98
Karachi,24.9056,67.0822,2026-03-02 12:00:00+00:00,27.8,52,1007.2,2.62
Karachi,24.9056,67.0822,2026-03-02 13:00:00+00:00,26.5,58,1007.7,2.27
Karachi,24.9056,67.0822,2026-03-02 14:00:00+00:00,25.0,69,1008.1,2.05
Karachi,24.9056,67.0822,2026-03-02 15:00:00+00:00,24.1,76,1009.0,1.95
Karachi,24.9056,67.0822,2026-03-02 16:00:00+00:00,23.3,83,1010.0,1.5
Karachi,24.9056,67.0822,2026-03-02 17:00:00+00:00,22.9,87,1010.4,1.58
Karachi,24.9056,67.0822,2026-03-02 18:00:00+00:00,22.6,91,1010.6,1.59
Karachi,24.9056,67.0822,2026-03-02 19:00:00+00:00,22.2,93,1010.6,1.41
Karachi,24.9056,67.0822,2026-03-02 20:00:00+00:00,21.8,95,1010.1,1.4
Karachi,24.9056,67.0822,2026-03-02 21:00:00+00:00,21.3,98,1009.7,1.77
Karachi,24.9056,67.0822,2026-03-02 22:00:00+00:00,21.0,99,1009.3,1.7
Karachi,24.9056,67.0822,2026-03-02 23:00:00+00:00,21.1,97,1009.0,2.27
Karachi,24.9056,67.0822,2026-03-03 00:00:00+00:00,20.9,97,1009.1,1.69
Karachi,24.9056,67.0822,2026-03-03 01:00:00+00:00,20.2,98,1009.2,1.76
Karachi,24.9056,67.0822,2026-03-03 02:00:00+00:00,19.6,99,1009.7,1.7
Karachi,24.9056,67.0822,2026-03-03 03:00:00+00:00,20.1,89,1010.4,1.18
Karachi,24.9056,67.0822,2026-03-03 04:00:00+00:00,22.3,73,1011.0,0.56
Karachi,24.9056,67.0822,2026-03-03 05:00:00+00:00,25.6,52,1011.4,0.7
Karachi,24.9056,67.0822,2026-03-03 06:00:00+00:00,29.2,36,1011.4,0.67
Karachi,24.9056,67.0822,2026-03-03 07:00:00+00:00,31.6,27,1010.8,0.94
Karachi,24.9056,67.0822,2026-03-03 08:00:00+00:00,32.3,26,1010.0,2.1
Karachi,24.9056,67.0822,2026-03-03 09:00:00+00:00,32.4,25,1009.1,2.75
Karachi,24.9056,67.0822,2026-03-03 10:00:00+00:00,32.2,20,1008.3,2.9
Karachi,24.9056,67.0822,2026-03-03 11:00:00+00:00,31.3,22,1007.8,2.87
Karachi,24.9056,67.0822,2026-03-03 12:00:00+00:00,29.7,28,1008.3,2.67
Karachi,24.9056,67.0822,2026-03-03 13:00:00+00:00,28.1,37,1008.8,2.32
Karachi,24.9056,67.0822,2026-03-03 14:00:00+00:00,26.1,53,1009.2,2.02
Karachi,24.9056,67.0822,2026-03-03 15:00:00+00:00,24.5,67,1009.9,1.66
Karachi,24.9056,67.0822,2026-03-03 16:00:00+00:00,23.5,75,1010.6,1.61
Karachi,24.9056,67.0822,2026-03-03 17:00:00+00:00,22.5,85,1011.0,1.93
Karachi,24.9056,67.0822,2026-03-03 18:00:00+00:00,21.6,95,1011.1,2.08
Karachi,24.9056,67.0822,2026-03-03 19:00:00+00:00,21.1,98,1010.8,2.18
Karachi,24.9056,67.0822,2026-03-03 20:00:00+00:00,20.9,99,1010.5,2.2
Karachi,24.9056,67.0822,2026-03-03 21:00:00+00:00,20.9,95,1010.2,2.16
Karachi,24.9056,67.0822,2026-03-03 22:00:00+00:00,20.9,91,1009.6,1.69
Karachi,24.9056,67.0822,2026-03-03 23:00:00+00:00,20.5,91,1009.4,1.51
Karachi,24.9056,67.0822,2026-03-04 00:00:00+00:00,20.1,93,1009.3,1.65
Karachi,24.9056,67.0822,2026-03-04 01:00:00+00:00,19.9,92,1010.1,1.24
Karachi,24.9056,67.0822,2026-03-04 02:00:00+00:00,19.6,94,1010.6,1.08
Karachi,24.9056,67.0822,2026-03-04 03:00:00+00:00,20.0,93,1011.5,1.29
Karachi,24.9056,67.0822,2026-03-04 04:00:00+00:00,21.6,85,1012.4,1.83
Karachi,24.9056,67.0822,2026-03-04 05:00:00+00:00,23.7,71,1012.7,1.23
Karachi,24.9056,67.0822,2026-03-04 06:00:00+00:00,26.4,52,1012.6,1.26
Karachi,24.9056,67.0822,2026-03-04 07:00:00+00:00,28.9,38,1012.1,1.68
Karachi,24.9056,67.0822,2026-03-04 08:00:00+00:00,30.0,35,1011.3,2.15
Karachi,24.9056,67.0822,2026-03-04 09:00:00+00:00,30.4,35,1010.3,2.59
Karachi,24.9056,67.0822,2026-03-04 10:00:00+00:00,30.1,32,1009.7,2.9
Karachi,24.9056,67.0822,2026-03-04 11:00:00+00:00,29.2,31,1009.2,3.0
Karachi,24.9056,67.0822,2026-03-04 12:00:00+00:00,27.4,41,1009.2,3.01
Karachi,24.9056,67.0822,2026-03-04 13:00:00+00:00,25.6,53,1009.6,2.8
Karachi,24.9056,67.0822,2026-03-04 14:00:00+00:00,23.9,66,1010.1,2.7
Karachi,24.9056,67.0822,2026-03-04 15:00:00+00:00,22.9,72,1010.9,2.61
Karachi,24.9056,67.0822,2026-03-04 16:00:00+00:00,22.3,77,1011.5,2.17
Karachi,24.9056,67.0822,2026-03-04 17:00:00+00:00,21.7,81,1011.6,1.94
Karachi,24.9056,67.0822,2026-03-04 18:00:00+00:00,21.2,86,1011.6,2.06
Karachi,24.9056,67.0822,2026-03-04 19:00:00+00:00,20.9,87,1011.3,2.02
Karachi,24.9056,67.0822,2026-03-04 20:00:00+00:00,20.5,90,1010.9,1.98
Karachi,24.9056,67.0822,2026-03-04 21:00:00+00:00,20.2,91,1010.4,2.16
Karachi,24.9056,67.0822,2026-03-04 22:00:00+00:00,20.1,91,1009.9,2.32
Karachi,24.9056,67.0822,2026-03-04 23:00:00+00:00,20.0,93,1009.6,2.46
Karachi,24.9056,67.0822,2026-03-05 00:00:00+00:00,20.1,96,1009.3,2.25
Karachi,24.9056,67.0822,2026-03-05 01:00:00+00:00,20.3,95,1009.8,2.25
Karachi,24.9056,67.0822,2026-03-05 02:00:00+00:00,20.1,94,1010.1,2.25
Karachi,24.9056,67.0822,2026-03-05 03:00:00+00:00,20.9,89,1010.7,1.95
Karachi,24.9056,67.0822,2026-03-05 04:00:00+00:00,23.2,79,1011.1,2.25
Karachi,24.9056,67.0822,2026-03-05 05:00:00+00:00,25.7,64,1011.5,2.64
Karachi,24.9056,67.0822,2026-03-05 06:00:00+00:00,27.6,50,1011.5,3.44
Karachi,24.9056,67.0822,2026-03-05 07:00:00+00:00,28.5,45,1011.3,3.49
Karachi,24.9056,67.0822,2026-03-05 08:00:00+00:00,29.3,40,1010.3,3.67
Karachi,24.9056,67.0822,2026-03-05 09:00:00+00:00,29.5,38,1009.3,3.7
Karachi,24.9056,67.0822,2026-03-05 10:00:00+00:00,29.0,38,1008.4,3.66
Karachi,24.9056,67.0822,2026-03-05 11:00:00+00:00,28.1,43,1007.7,3.51
Karachi,24.9056,67.0822,2026-03-05 12:00:00+00:00,26.7,52,1007.6,3.53
Karachi,24.9056,67.0822,2026-03-05 13:00:00+00:00,25.3,59,1007.7,3.36
Karachi,24.9056,67.0822,2026-03-05 14:00:00+00:00,24.1,70,1008.0,2.95
Karachi,24.9056,67.0822,2026-03-05 15:00:00+00:00,23.4,79,1008.3,2.36
Karachi,24.9056,67.0822,2026-03-05 16:00:00+00:00,22.9,85,1008.9,2.34
Karachi,24.9056,67.0822,2026-03-05 17:00:00+00:00,22.6,87,1009.0,2.29
Karachi,24.9056,67.0822,2026-03-05 18:00:00+00:00,22.4,89,1009.1,2.45
Karachi,24.9056,67.0822,2026-03-05 19:00:00+00:00,22.4,88,1008.4,2.8
Karachi,24.9056,67.0822,2026-03-05 20:00:00+00:00,22.3,88,1007.9,2.86
Karachi,24.9056,67.0822,2026-03-05 21:00:00+00:00,22.1,91,1007.5,2.91
Karachi,24.9056,67.0822,2026-03-05 22:00:00+00:00,22.0,94,1006.8,2.91
Karachi,24.9056,67.0822,2026-03-05 23:00:00+00:00,22.0,94,1006.5,3.11
Karachi,24.9056,67.0822,2026-03-06 00:00:00+00:00,22.0,94,1006.3,2.86
Karachi,24.9056,67.0822,2026-03-06 01:00:00+00:00,22.1,94,1006.4,2.77
Karachi,24.9056,67.0822,2026-03-06 02:00:00+00:00,22.0,95,1006.9,2.55
Karachi,24.9056,67.0822,2026-03-06 03:00:00+00:00,22.9,89,1007.6,2.96
Karachi,24.9056,67.0822,2026-03-06 04:00:00+00:00,24.8,78,1008.1,3.06
Karachi,24.9056,67.0822,2026-03-06 05:00:00+00:00,26.7,68,1008.5,2.97
Karachi,24.9056,67.0822,2026-03-06 06:00:00+00:00,28.5,58,1008.6,3.16
Karachi,24.9056,67.0822,2026-03-06 07:00:00+00:00,30.1,49,1008.2,3.32
Karachi,24.9056,67.0822,2026-03-06 08:00:00+00:00,30.7,46,1007.4,3.37
Karachi,24.9056,67.0822,2026-03-06 09:00:00+00:00,30.9,46,1006.3,3.4
Karachi,24.9056,67.0822,2026-03-06 10:00:00+00:00,30.7,47,1005.6,3.3
Karachi,24.9056,67.0822,2026-03-06 11:00:00+00:00,30.2,49,1005.1,3.01
Karachi,24.9056,67.0822,2026-03-06 12:00:00+00:00,29.2,56,1004.8,2.78
Karachi,24.9056,67.0822,2026-03-06 13:00:00+00:00,27.3,66,1005.1,2.83
Karachi,24.9056,67.0822,2026-03-06 14:00:00+00:00,25.6,75,1005.7,2.68
Karachi,24.9056,67.0822,2026-03-06 15:00:00+00:00,24.7,81,1006.1,2.27
Karachi,24.9056,67.0822,2026-03-06 16:00:00+00:00,24.1,87,1006.4,2.1
Karachi,24.9056,67.0822,2026-03-06 17:00:00+00:00,23.6,90,1006.6,1.92
Karachi,24.9056,67.0822,2026-03-06 18:00:00+00:00,23.3,92,1006.5,1.95
Karachi,24.9056,67.0822,2026-03-06 19:00:00+00:00,23.1,93,1006.4,1.95
Karachi,24.9056,67.0822,2026-03-06 20:00:00+00:00,22.9,94,1006.2,1.91
Karachi,24.9056,67.0822,2026-03-06 21:00:00+00:00,22.7,94,1005.8,1.88
Karachi,24.9056,67.0822,2026-03-06 22:00:00+00:00,22.4,94,1005.4,1.86
Karachi,24.9056,67.0822,2026-03-06 23:00:00+00:00,22.3,93,1005.3,1.9
Karachi,24.9056,67.0822,2026-03-07 00:00:00+00:00,22.0,94,1005.2,1.6
Karachi,24.9056,67.0822,2026-03-07 01:00:00+00:00,22.0,94,1005.5,1.71
Karachi,24.9056,67.0822,2026-03-07 02:00:00+00:00,21.9,95,1006.3,1.44
Karachi,24.9056,67.0822,2026-03-07 03:00:00+00:00,22.4,95,1007.0,1.15
Karachi,24.9056,67.0822,2026-03-07 04:00:00+00:00,24.5,84,1007.5,1.23
Karachi,24.9056,67.0822,2026-03-07 05:00:00+00:00,26.7,74,1008.0,0.51
Karachi,24.9056,67.0822,2026-03-07 06:00:00+00:00,28.8,63,1008.2,1.11
Karachi,24.9056,67.0822,2026-03-07 07:00:00+00:00,30.7,55,1007.7,1.59
Karachi,24.9056,67.0822,2026-03-07 08:00:00+00:00,31.7,51,1006.8,2.02
Karachi,24.9056,67.0822,2026-03-07 09:00:00+00:00,32.3,49,1006.0,2.22
Karachi,24.9056,67.0822,2026-03-07 10:00:00+00:00,32.3,47,1005.4,2.41
Karachi,24.9056,67.0822,2026-03-07 11:00:00+00:00,31.5,48,1005.1,2.55
Karachi,24.9056,67.0822,2026-03-07 12:00:00+00:00,29.7,55,1005.5,2.58
Karachi,24.9056,67.0822,2026-03-07 13:00:00+00:00,27.8,64,1006.0,2.33
Karachi,24.9056,67.0822,2026-03-07 14:00:00+00:00,26.2,72,1006.7,2.07
Karachi,24.9056,67.0822,2026-03-07 15:00:00+00:00,25.2,78,1007.2,1.63
Karachi,24.9056,67.0822,2026-03-07 16:00:00+00:00,24.5,83,1008.3,1.27
Karachi,24.9056,67.0822,2026-03-07 17:00:00+00:00,24.0,88,1008.5,1.33
Karachi,24.9056,67.0822,2026-03-07 18:00:00+00:00,23.5,93,1008.6,1.41
Karachi,24.9056,67.0822,2026-03-07 19:00:00+00:00,23.1,95,1008.7,1.05
Karachi,24.9056,67.0822,2026-03-07 20:00:00+00:00,22.6,98,1008.2,0.9
Karachi,24.9056,67.0822,2026-03-07 21:00:00+00:00,22.4,99,1007.7,0.94
Karachi,24.9056,67.0822,2026-03-07 22:00:00+00:00,22.2,99,1007.4,0.97
Karachi,24.9056,67.0822,2026-03-07 23:00:00+00:00,22.0,99,1007.0,1.01
Karachi,24.9056,67.0822,2026-03-08 00:00:00+00:00,21.1,99,1007.1,0.8
Karachi,24.9056,67.0822,2026-03-08 01:00:00+00:00,21.0,98,1007.5,0.65
Karachi,24.9056,67.0822,2026-03-08 02:00:00+00:00,20.8,99,1008.1,0.5
Karachi,24.9056,67.0822,2026-03-08 03:00:00+00:00,20.9,98,1008.9,0.6
Karachi,24.9056,67.0822,2026-03-08 04:00:00+00:00,21.8,94,1009.7,0.95
Karachi,24.9056,67.0822,2026-03-08 05:00:00+00:00,24.7,75,1010.0,0.78
Karachi,24.9056,67.0822,2026-03-08 06:00:00+00:00,27.2,63,1010.2,1.16
Karachi,24.9056,67.0822,2026-03-08 07:00:00+00:00,29.5,53,1009.7,1.66
Karachi,24.9056,67.0822,2026-03-08 08:00:00+00:00,30.6,51,1008.8,2.06
Karachi,24.9056,67.0822,2026-03-08 09:00:00+00:00,31.3,47,1007.8,2.29
Karachi,24.9056,67.0822,2026-03-08 10:00:00+00:00,31.4,43,1007.0,2.3
Karachi,24.9056,67.0822,2026-03-08 11:00:00+00:00,31.0,42,1006.7,2.39
Karachi,24.9056,67.0822,2026-03-08 12:00:00+00:00,29.8,46,1006.9,2.38
Karachi,24.9056,67.0822,2026-03-08 13:00:00+00:00,28.0,54,1007.4,2.26
Karachi,24.9056,67.0822,2026-03-08 14:00:00+00:00,26.0,69,1008.1,1.89
Karachi,24.9056,67.0822,2026-03-08 15:00:00+00:00,24.8,80,1008.8,1.48
Karachi,24.9056,67.0822,2026-03-08 16:00:00+00:00,24.0,87,1009.5,1.23
Karachi,24.9056,67.0822,2026-03-08 17:00:00+00:00,23.3,91,1009.5,1.0
Karachi,24.9056,67.0822,2026-03-08 18:00:00+00:00,22.6,96,1009.6,1.04
Karachi,24.9056,67.0822,2026-03-08 19:00:00+00:00,22.4,96,1009.8,0.87
Karachi,24.9056,67.0822,2026-03-08 20:00:00+00:00,22.1,96,1009.4,0.99
Karachi,24.9056,67.0822,2026-03-08 21:00:00+00:00,21.6,99,1008.8,1.1
Karachi,24.9056,67.0822,2026-03-08 22:00:00+00:00,21.4,98,1008.3,1.42
Karachi,24.9056,67.0822,2026-03-08 23:00:00+00:00,21.1,98,1008.2,1.39
Karachi,24.9056,67.0822,2026-03-09 00:00:00+00:00,21.3,95,1008.2,1.57
Karachi,24.9056,67.0822,2026-03-09 01:00:00+00:00,21.5,92,1008.6,0.89
Karachi,24.9056,67.0822,2026-03-09 02:00:00+00:00,21.1,94,1008.8,0.72
Karachi,24.9056,67.0822,2026-03-09 03:00:00+00:00,21.6,90,1009.4,0.55
Karachi,24.9056,67.0822,2026-03-09 04:00:00+00:00,23.6,76,1010.0,0.7
Karachi,24.9056,67.0822,2026-03-09 05:00:00+00:00,26.4,60,1010.2,0.84
Karachi,24.9056,67.0822,2026-03-09 06:00:00+00:00,29.4,46,1010.4,1.15
Karachi,24.9056,67.0822,2026-03-09 07:00:00+00:00,31.9,33,1009.9,1.37
Karachi,24.9056,67.0822,2026-03-09 08:00:00+00:00,33.6,26,1009.2,1.83
Karachi,24.9056,67.0822,2026-03-09 09:00:00+00:00,34.3,23,1008.3,2.43
Karachi,24.9056,67.0822,2026-03-09 10:00:00+00:00,34.2,22,1007.8,2.66
Karachi,24.9056,67.0822,2026-03-09 11:00:00+00:00,33.8,21,1007.5,2.44
Karachi,24.9056,67.0822,2026-03-09 12:00:00+00:00,33.3,21,1007.1,2.38
Karachi,24.9056,67.0822,2026-03-09 13:00:00+00:00,31.4,28,1007.6,2.05
Karachi,24.9056,67.0822,2026-03-09 14:00:00+00:00,28.8,43,1008.2,1.94
Karachi,24.9056,67.0822,2026-03-09 15:00:00+00:00,26.7,57,1008.7,1.66
Karachi,24.9056,67.0822,2026-03-09 16:00:00+00:00,25.5,69,1009.3,1.39
Karachi,24.9056,67.0822,2026-03-09 17:00:00+00:00,24.6,79,1009.7,1.55
Karachi,24.9056,67.0822,2026-03-09 18:00:00+00:00,23.5,90,1010.1,1.76
Karachi,24.9056,67.0822,2026-03-09 19:00:00+00:00,22.7,97,1010.0,1.66
Karachi,24.9056,67.0822,2026-03-09 20:00:00+00:00,22.3,98,1009.9,1.68
Karachi,24.9056,67.0822,2026-03-09 21:00:00+00:00,21.9,99,1009.5,1.6
Karachi,24.9056,67.0822,2026-03-09 22:00:00+00:00,21.7,98,1009.2,1.58
Karachi,24.9056,67.0822,2026-03-09 23:00:00+00:00,21.5,98,1009.5,1.74
Karachi,24.9056,67.0822,2026-03-10 00:00:00+00:00,21.7,99,1009.6,1.81
Karachi,24.9056,67.0822,2026-03-10 01:00:00+00:00,21.5,98,1010.2,1.38
Karachi,24.9056,67.0822,2026-03-10 02:00:00+00:00,21.1,98,1010.6,1.14
Karachi,24.9056,67.0822,2026-03-10 03:00:00+00:00,21.2,97,1011.1,0.92
Karachi,24.9056,67.0822,2026-03-10 04:00:00+00:00,22.8,86,1011.7,0.97
Karachi,24.9056,67.0822,2026-03-10 05:00:00+00:00,26.1,66,1012.2,1.32
Karachi,24.9056,67.0822,2026-03-10 06:00:00+00:00,29.5,47,1012.2,1.7
Karachi,24.9056,67.0822,2026-03-10 07:00:00+00:00,32.0,33,1011.7,2.06
Karachi,24.9056,67.0822,2026-03-10 08:00:00+00:00,33.6,23,1010.8,2.65
Karachi,24.9056,67.0822,2026-03-10 09:00:00+00:00,34.2,16,1010.1,2.84
Karachi,24.9056,67.0822,2026-03-10 10:00:00+00:00,34.1,15,1009.4,2.96
Karachi,24.9056,67.0822,2026-03-10 11:00:00+00:00,33.4,15,1008.7,2.79
Karachi,24.9056,67.0822,2026-03-10 12:00:00+00:00,32.5,16,1008.2,2.58
Karachi,24.9056,67.0822,2026-03-10 13:00:00+00:00,30.6,21,1008.5,2.23
Karachi,24.9056,67.0822,2026-03-10 14:00:00+00:00,28.2,36,1009.1,1.9
Karachi,24.9056,67.0822,2026-03-10 15:00:00+00:00,26.0,58,1009.6,1.66
Karachi,24.9056,67.0822,2026-03-10 16:00:00+00:00,24.6,74,1010.1,1.6
Karachi,24.9056,67.0822,2026-03-10 17:00:00+00:00,23.5,86,1010.2,1.75
Karachi,24.9056,67.0822,2026-03-10 18:00:00+00:00,22.7,94,1010.4,1.6
Karachi,24.9056,67.0822,2026-03-10 19:00:00+00:00,22.5,94,1010.3,1.47
Karachi,24.9056,67.0822,2026-03-10 20:00:00+00:00,22.0,96,1010.1,1.57
Karachi,24.9056,67.0822,2026-03-10 21:00:00+00:00,21.4,98,1009.7,1.71
Karachi,24.9056,67.0822,2026-03-10 22:00:00+00:00,20.9,98,1009.6,1.76
Karachi,24.9056,67.0822,2026-03-10 23:00:00+00:00,20.5,100,1009.5,1.8
Karachi,24.9056,67.0822,2026-03-11 00:00:00+00:00,20.4,100,1009.3,1.81
Karachi,24.9056,67.0822,2026-03-11 01:00:00+00:00,20.3,100,1009.8,1.77
Karachi,24.9056,67.0822,2026-03-11 02:00:00+00:00,20.3,100,1010.2,1.63
Karachi,24.9056,67.0822,2026-03-11 03:00:00+00:00,20.8,98,1010.9,1.59
Karachi,24.9056,67.0822,2026-03-11 04:00:00+00:00,22.8,89,1011.7,1.32
Karachi,24.9056,67.0822,2026-03-11 05:00:00+00:00,26.4,70,1011.9,1.65
Karachi,24.9056,67.0822,2026-03-11 06:00:00+00:00,29.0,58,1011.7,2.16
Karachi,24.9056,67.0822,2026-03-11 07:00:00+00:00,30.8,49,1011.2,2.43
Karachi,24.9056,67.0822,2026-03-11 08:00:00+00:00,31.7,47,1010.1,2.73
Karachi,24.9056,67.0822,2026-03-11 09:00:00+00:00,32.2,45,1008.9,2.77
Karachi,24.9056,67.0822,2026-03-11 10:00:00+00:00,32.0,45,1008.1,2.8
Karachi,24.9056,67.0822,2026-03-11 11:00:00+00:00,31.3,47,1007.6,2.77
Karachi,24.9056,67.0822,2026-03-11 12:00:00+00:00,29.9,55,1007.4,2.86
Karachi,24.9056,67.0822,2026-03-11 13:00:00+00:00,28.2,65,1007.7,2.59
Karachi,24.9056,67.0822,2026-03-11 14:00:00+00:00,26.6,74,1008.4,2.21
Karachi,24.9056,67.0822,2026-03-11 15:00:00+00:00,25.8,79,1008.3,2.08
Karachi,24.9056,67.0822,2026-03-11 16:00:00+00:00,25.3,78,1008.7,1.73
Karachi,24.9056,67.0822,2026-03-11 17:00:00+00:00,24.8,79,1008.7,1.27
Karachi,24.9056,67.0822,2026-03-11 18:00:00+00:00,24.4,81,1008.6,1.48
Karachi,24.9056,67.0822,2026-03-11 19:00:00+00:00,24.1,81,1008.0,1.68
Karachi,24.9056,67.0822,2026-03-11 20:00:00+00:00,24.0,77,1007.9,2.07
Karachi,24.9056,67.0822,2026-03-11 21:00:00+00:00,23.8,77,1007.2,2.18
Karachi,24.9056,67.0822,2026-03-11 22:00:00+00:00,23.5,79,1006.9,1.86
Karachi,24.9056,67.0822,2026-03-11 23:00:00+00:00,23.1,81,1006.7,1.39
Karachi,24.9056,67.0822,2026-03-12 00:00:00+00:00,22.3,92,1006.6,1.04
Karachi,24.9056,67.0822,2026-03-12 01:00:00+00:00,22.1,93,1007.0,1.91
Karachi,24.9056,67.0822,2026-03-12 02:00:00+00:00,22.5,84,1007.4,2.48
Karachi,24.9056,67.0822,2026-03-12 03:00:00+00:00,24.1,62,1007.7,2.69
Karachi,24.9056,67.0822,2026-03-12 04:00:00+00:00,26.4,37,1008.3,2.53
Karachi,24.9056,67.0822,2026-03-12 05:00:00+00:00,29.1,24,1008.5,2.54
Karachi,24.9056,67.0822,2026-03-12 06:00:00+00:00,31.8,26,1008.3,2.03
Karachi,24.9056,67.0822,2026-03-12 07:00:00+00:00,34.2,20,1007.6,1.8
Karachi,24.9056,67.0822,2026-03-12 08:00:00+00:00,35.8,17,1006.7,2.02
Karachi,24.9056,67.0822,2026-03-12 09:00:00+00:00,36.6,16,1005.4,2.67
Karachi,24.9056,67.0822,2026-03-12 10:00:00+00:00,36.2,16,1004.7,3.43
Karachi,24.9056,67.0822,2026-03-12 11:00:00+00:00,35.1,18,1004.4,3.36
Karachi,24.9056,67.0822,2026-03-12 12:00:00+00:00,35.0,16,1004.4,3.11
Karachi,24.9056,67.0822,2026-03-12 13:00:00+00:00,33.2,19,1004.6,2.58
Karachi,24.9056,67.0822,2026-03-12 14:00:00+00:00,30.5,27,1005.1,2.15
Karachi,24.9056,67.0822,2026-03-12 15:00:00+00:00,28.5,37,1005.6,2.16
Karachi,24.9056,67.0822,2026-03-12 16:00:00+00:00,27.3,45,1006.3,2.4
Karachi,24.9056,67.0822,2026-03-12 17:00:00+00:00,26.4,50,1006.5,2.0
Karachi,24.9056,67.0822,2026-03-12 18:00:00+00:00,26.0,54,1006.8,1.96
Karachi,24.9056,67.0822,2026-03-12 19:00:00+00:00,26.0,53,1006.1,2.21
Karachi,24.9056,67.0822,2026-03-12 20:00:00+00:00,25.6,57,1006.0,2.21
Karachi,24.9056,67.0822,2026-03-12 21:00:00+00:00,25.1,62,1005.3,1.82
Karachi,24.9056,67.0822,2026-03-12 22:00:00+00:00,24.3,66,1004.8,1.34
Karachi,24.9056,67.0822,2026-03-12 23:00:00+00:00,23.2,70,1004.3,0.97
Karachi,24.9056,67.0822,2026-03-13 00:00:00+00:00,22.3,73,1004.4,1.35
Karachi,24.9056,67.0822,2026-03-13 01:00:00+00:00,21.8,70,1004.7,1.73
Karachi,24.9056,67.0822,2026-03-13 02:00:00+00:00,21.3,64,1005.2,1.77
Karachi,24.9056,67.0822,2026-03-13 03:00:00+00:00,22.3,56,1005.8,1.5
Karachi,24.9056,67.0822,2026-03-13 04:00:00+00:00,25.5,41,1006.5,0.87
Karachi,24.9056,67.0822,2026-03-13 05:00:00+00:00,29.5,28,1006.7,1.04
Karachi,24.9056,67.0822,2026-03-13 06:00:00+00:00,31.7,25,1006.6,0.07
Karachi,24.9056,67.0822,2026-03-13 07:00:00+00:00,33.8,20,1006.2,1.19
Karachi,24.9056,67.0822,2026-03-13 08:00:00+00:00,34.8,18,1005.5,2.24
Karachi,24.9056,67.0822,2026-03-13 09:00:00+00:00,35.2,14,1004.3,2.81
Karachi,24.9056,67.0822,2026-03-13 10:00:00+00:00,34.9,11,1003.7,3.12
Karachi,24.9056,67.0822,2026-03-13 11:00:00+00:00,33.8,13,1003.3,3.1
Karachi,24.9056,67.0822,2026-03-13 12:00:00+00:00,32.7,14,1003.4,3.27
Karachi,24.9056,67.0822,2026-03-13 13:00:00+00:00,30.3,21,1003.8,2.95
Karachi,24.9056,67.0822,2026-03-13 14:00:00+00:00,28.1,37,1004.2,2.29
Karachi,24.9056,67.0822,2026-03-13 15:00:00+00:00,26.7,51,1004.8,1.91
Karachi,24.9056,67.0822,2026-03-13 16:00:00+00:00,25.9,57,1005.4,2.23
Karachi,24.9056,67.0822,2026-03-13 17:00:00+00:00,25.5,57,1005.7,1.92
Karachi,24.9056,67.0822,2026-03-13 18:00:00+00:00,25.2,59,1005.9,2.04
Karachi,24.9056,67.0822,2026-03-13 19:00:00+00:00,25.0,62,1005.6,1.88
Karachi,24.9056,67.0822,2026-03-13 20:00:00+00:00,24.8,68,1005.3,2.16
Karachi,24.9056,67.0822,2026-03-13 21:00:00+00:00,24.5,70,1004.7,2.38
Karachi,24.9056,67.0822,2026-03-13 22:00:00+00:00,24.6,65,1004.1,2.83
Karachi,24.9056,67.0822,2026-03-13 23:00:00+00:00,24.3,64,1004.1,2.71
Karachi,24.9056,67.0822,2026-03-14 00:00:00+00:00,23.3,74,1004.3,1.99
Karachi,24.9056,67.0822,2026-03-14 01:00:00+00:00,22.7,78,1004.7,1.79
Karachi,24.9056,67.0822,2026-03-14 02:00:00+00:00,21.9,82,1005.5,1.74
Karachi,24.9056,67.0822,2026-03-14 03:00:00+00:00,22.8,77,1006.2,1.17
Karachi,24.9056,67.0822,2026-03-14 04:00:00+00:00,26.2,56,1006.9,0.85
Karachi,24.9056,67.0822,2026-03-14 05:00:00+00:00,30.2,28,1007.1,1.31
Karachi,24.9056,67.0822,2026-03-14 06:00:00+00:00,32.8,20,1007.2,2.15
Karachi,24.9056,67.0822,2026-03-14 07:00:00+00:00,34.5,17,1006.7,3.07
Karachi,24.9056,67.0822,2026-03-14 08:00:00+00:00,34.4,18,1006.0,3.7
Karachi,24.9056,67.0822,2026-03-14 09:00:00+00:00,33.8,25,1005.1,3.65
Karachi,24.9056,67.0822,2026-03-14 10:00:00+00:00,33.4,28,1004.2,3.45
Karachi,24.9056,67.0822,2026-03-14 11:00:00+00:00,32.9,29,1003.5,3.28
Karachi,24.9056,67.0822,2026-03-14 12:00:00+00:00,31.7,32,1003.3,3.12
Karachi,24.9056,67.0822,2026-03-14 13:00:00+00:00,29.5,42,1003.5,2.83
Karachi,24.9056,67.0822,2026-03-14 14:00:00+00:00,27.6,52,1004.2,2.35
Karachi,24.9056,67.0822,2026-03-14 15:00:00+00:00,26.5,59,1004.9,2.06
Karachi,24.9056,67.0822,2026-03-14 16:00:00+00:00,26.1,62,1005.3,2.41
Karachi,24.9056,67.0822,2026-03-14 17:00:00+00:00,25.8,64,1006.3,2.15
Karachi,24.9056,67.0822,2026-03-14 18:00:00+00:00,25.6,67,1006.7,1.87
Karachi,24.9056,67.0822,2026-03-14 19:00:00+00:00,25.7,64,1006.4,2.73
Karachi,24.9056,67.0822,2026-03-14 20:00:00+00:00,25.4,66,1005.9,2.63
Karachi,24.9056,67.0822,2026-03-14 21:00:00+00:00,25.1,68,1005.2,2.38
Karachi,24.9056,67.0822,2026-03-14 22:00:00+00:00,24.7,68,1005.1,2.14
Karachi,24.9056,67.0822,2026-03-14 23:00:00+00:00,24.1,71,1005.1,2.05
Karachi,24.9056,67.0822,2026-03-15 00:00:00+00:00,23.4,79,1005.2,1.36
Karachi,24.9056,67.0822,2026-03-15 01:00:00+00:00,22.6,84,1005.9,1.68
Karachi,24.9056,67.0822,2026-03-15 02:00:00+00:00,21.7,89,1006.7,1.88
Karachi,24.9056,67.0822,2026-03-15 03:00:00+00:00,22.9,79,1007.7,1.93
Karachi,24.9056,67.0822,2026-03-15 04:00:00+00:00,26.8,54,1008.5,1.49
Karachi,24.9056,67.0822,2026-03-15 05:00:00+00:00,31.3,27,1008.8,2.09
Karachi,24.9056,67.0822,2026-03-15 06:00:00+00:00,33.6,14,1008.3,3.56
Karachi,24.9056,67.0822,2026-03-15 07:00:00+00:00,34.8,10,1007.8,3.34
Karachi,24.9056,67.0822,2026-03-15 08:00:00+00:00,35.8,9,1006.5,2.75
Karachi,24.9056,67.0822,2026-03-15 09:00:00+00:00,36.4,8,1005.4,2.86
Karachi,24.9056,67.0822,2026-03-15 10:00:00+00:00,36.1,10,1004.6,3.43
Karachi,24.9056,67.0822,2026-03-15 11:00:00+00:00,35.6,11,1004.2,3.26
Karachi,24.9056,67.0822,2026-03-15 12:00:00+00:00,34.8,11,1004.0,3.03
Karachi,24.9056,67.0822,2026-03-15 13:00:00+00:00,32.6,16,1003.9,2.71
Karachi,24.9056,67.0822,2026-03-15 14:00:00+00:00,29.8,25,1004.1,2.03
Karachi,24.9056,67.0822,2026-03-15 15:00:00+00:00,28.2,34,1005.2,2.66
Karachi,24.9056,67.0822,2026-03-15 16:00:00+00:00,27.2,38,1006.2,2.96
Karachi,24.9056,67.0822,2026-03-15 17:00:00+00:00,26.9,39,1006.6,3.0
Karachi,24.9056,67.0822,2026-03-15 18:00:00+00:00,26.5,41,1006.6,2.65
Karachi,24.9056,67.0822,2026-03-15 19:00:00+00:00,25.8,50,1006.1,2.74
Karachi,24.9056,67.0822,2026-03-15 20:00:00+00:00,25.2,56,1005.4,2.9
Karachi,24.9056,67.0822,2026-03-15 21:00:00+00:00,24.7,59,1004.7,2.65
Karachi,24.9056,67.0822,2026-03-15 22:00:00+00:00,23.9,65,1004.2,2.41
Karachi,24.9056,67.0822,2026-03-15 23:00:00+00:00,23.4,70,1003.9,2.25
Karachi,24.9056,67.0822,2026-03-16 00:00:00+00:00,22.7,76,1003.7,2.36
Karachi,24.9056,67.0822,2026-03-16 01:00:00+00:00,22.8,76,1004.1,2.45
Karachi,24.9056,67.0822,2026-03-16 02:00:00+00:00,22.9,72,1004.7,2.42
Karachi,24.9056,67.0822,2026-03-16 03:00:00+00:00,24.4,58,1005.3,2.23
Karachi,24.9056,67.0822,2026-03-16 04:00:00+00:00,27.3,37,1006.0,1.74
Karachi,24.9056,67.0822,2026-03-16 05:00:00+00:00,30.5,20,1006.4,2.42
Karachi,24.9056,67.0822,2026-03-16 06:00:00+00:00,32.8,15,1006.0,2.57
Karachi,24.9056,67.0822,2026-03-16 07:00:00+00:00,34.5,12,1005.3,2.74
Karachi,24.9056,67.0822,2026-03-16 08:00:00+00:00,35.5,11,1004.2,3.03
Karachi,24.9056,67.0822,2026-03-16 09:00:00+00:00,36.0,10,1003.3,3.57
Karachi,24.9056,67.0822,2026-03-16 10:00:00+00:00,35.8,10,1002.5,3.8
Karachi,24.9056,67.0822,2026-03-16 11:00:00+00:00,35.1,12,1002.1,3.66
Karachi,24.9056,67.0822,2026-03-16 12:00:00+00:00,33.5,16,1002.0,3.51
Karachi,24.9056,67.0822,2026-03-16 13:00:00+00:00,31.1,25,1002.3,2.89
Karachi,24.9056,67.0822,2026-03-16 14:00:00+00:00,28.8,37,1002.7,2.11
Karachi,24.9056,67.0822,2026-03-16 15:00:00+00:00,27.5,46,1003.2,2.13
Karachi,24.9056,67.0822,2026-03-16 16:00:00+00:00,26.8,50,1003.8,2.2
Karachi,24.9056,67.0822,2026-03-16 17:00:00+00:00,26.4,52,1004.4,2.01
Karachi,24.9056,67.0822,2026-03-16 18:00:00+00:00,25.8,56,1004.7,1.9
Karachi,24.9056,67.0822,2026-03-16 19:00:00+00:00,25.4,60,1004.4,1.8
Karachi,24.9056,67.0822,2026-03-16 20:00:00+00:00,24.7,66,1004.1,1.76
Karachi,24.9056,67.0822,2026-03-16 21:00:00+00:00,24.1,71,1003.4,1.92
Karachi,24.9056,67.0822,2026-03-16 22:00:00+00:00,23.5,76,1003.1,2.12
Karachi,24.9056,67.0822,2026-03-16 23:00:00+00:00,23.1,80,1002.8,2.16
Karachi,24.9056,67.0822,2026-03-17 00:00:00+00:00,22.9,85,1002.8,2.35
Karachi,24.9056,67.0822,2026-03-17 01:00:00+00:00,22.9,86,1003.0,2.31
Karachi,24.9056,67.0822,2026-03-17 02:00:00+00:00,22.8,87,1003.3,1.78
Karachi,24.9056,67.0822,2026-03-17 03:00:00+00:00,23.6,83,1004.1,0.95
Karachi,24.9056,67.0822,2026-03-17 04:00:00+00:00,26.0,69,1004.9,1.15
Karachi,24.9056,67.0822,2026-03-17 05:00:00+00:00,28.7,52,1005.1,1.3
Karachi,24.9056,67.0822,2026-03-17 06:00:00+00:00,30.0,45,1005.2,1.04
Karachi,24.9056,67.0822,2026-03-17 07:00:00+00:00,31.1,45,1005.0,2.08
Karachi,24.9056,67.0822,2026-03-17 08:00:00+00:00,30.6,50,1004.1,3.11
Karachi,24.9056,67.0822,2026-03-17 09:00:00+00:00,30.5,47,1003.4,3.31
Karachi,24.9056,67.0822,2026-03-17 10:00:00+00:00,30.1,46,1002.8,3.54
Karachi,24.9056,67.0822,2026-03-17 11:00:00+00:00,29.6,47,1002.3,2.98
Karachi,24.9056,67.0822,2026-03-17 12:00:00+00:00,28.8,53,1002.3,2.63
Karachi,24.9056,67.0822,2026-03-17 13:00:00+00:00,27.8,58,1002.2,2.62
Karachi,24.9056,67.0822,2026-03-17 14:00:00+00:00,26.5,66,1002.7,2.21
Karachi,24.9056,67.0822,2026-03-17 15:00:00+00:00,26.0,75,1003.3,1.87
Karachi,24.9056,67.0822,2026-03-17 16:00:00+00:00,25.6,81,1004.0,1.82
Karachi,24.9056,67.0822,2026-03-17 17:00:00+00:00,25.2,86,1004.5,1.63
Karachi,24.9056,67.0822,2026-03-17 18:00:00+00:00,25.2,87,1004.6,1.56
Karachi,24.9056,67.0822,2026-03-17 19:00:00+00:00,24.9,89,1004.3,1.39
Karachi,24.9056,67.0822,2026-03-17 20:00:00+00:00,24.6,91,1004.1,0.89
Karachi,24.9056,67.0822,2026-03-17 21:00:00+00:00,24.0,94,1003.7,0.43
Karachi,24.9056,67.0822,2026-03-17 22:00:00+00:00,23.2,98,1003.3,0.65
Karachi,24.9056,67.0822,2026-03-17 23:00:00+00:00,23.2,98,1003.2,0.83
Karachi,24.9056,67.0822,2026-03-18 00:00:00+00:00,22.9,97,1003.5,1.3
Karachi,24.9056,67.0822,2026-03-18 01:00:00+00:00,22.7,98,1003.8,1.19
Karachi,24.9056,67.0822,2026-03-18 02:00:00+00:00,22.5,98,1004.6,1.17
Karachi,24.9056,67.0822,2026-03-18 03:00:00+00:00,23.5,90,1005.3,1.41
Karachi,24.9056,67.0822,2026-03-18 04:00:00+00:00,25.2,78,1006.5,0.25
Karachi,24.9056,67.0822,2026-03-18 05:00:00+00:00,27.5,64,1006.5,1.44
Karachi,24.9056,67.0822,2026-03-18 06:00:00+00:00,29.0,57,1006.6,1.62
Karachi,24.9056,67.0822,2026-03-18 07:00:00+00:00,30.4,50,1006.9,1.03
Karachi,24.9056,67.0822,2026-03-18 08:00:00+00:00,30.0,45,1006.6,1.05
Karachi,24.9056,67.0822,2026-03-18 09:00:00+00:00,30.8,41,1005.3,0.61
Karachi,24.9056,67.0822,2026-03-18 10:00:00+00:00,31.5,41,1004.1,2.19
Karachi,24.9056,67.0822,2026-03-18 11:00:00+00:00,30.7,46,1003.5,2.29
Karachi,24.9056,67.0822,2026-03-18 12:00:00+00:00,29.2,61,1003.0,3.72
Karachi,24.9056,67.0822,2026-03-18 13:00:00+00:00,27.5,68,1003.5,2.93
Karachi,24.9056,67.0822,2026-03-18 14:00:00+00:00,26.6,75,1003.9,1.69
Karachi,24.9056,67.0822,2026-03-18 15:00:00+00:00,26.1,81,1004.5,0.5
Karachi,24.9056,67.0822,2026-03-18 16:00:00+00:00,25.8,84,1005.6,1.87
Karachi,24.9056,67.0822,2026-03-18 17:00:00+00:00,25.6,84,1006.8,3.04
Karachi,24.9056,67.0822,2026-03-18 18:00:00+00:00,23.9,68,1007.8,1.51
Karachi,24.9056,67.0822,2026-03-18 19:00:00+00:00,22.6,70,1007.1,1.27
Karachi,24.9056,67.0822,2026-03-18 20:00:00+00:00,22.1,78,1007.4,0.87
Karachi,24.9056,67.0822,2026-03-18 21:00:00+00:00,21.7,82,1006.4,0.29
Karachi,24.9056,67.0822,2026-03-18 22:00:00+00:00,22.2,83,1005.5,1.74
Karachi,24.9056,67.0822,2026-03-18 23:00:00+00:00,22.2,86,1006.2,0.5
Karachi,24.9056,67.0822,2026-03-19 00:00:00+00:00,20.9,87,1006.5,1.3
Karachi,24.9056,67.0822,2026-03-19 01:00:00+00:00,20.5,88,1007.1,1.0
Karachi,24.9056,67.0822,2026-03-19 02:00:00+00:00,20.0,91,1008.6,1.19
Karachi,24.9056,67.0822,2026-03-19 03:00:00+00:00,20.6,90,1009.4,0.15
Karachi,24.9056,67.0822,2026-03-19 04:00:00+00:00,22.1,81,1009.8,0.6
Karachi,24.9056,67.0822,2026-03-19 05:00:00+00:00,24.3,71,1011.1,0.6
Karachi,24.9056,67.0822,2026-03-19 06:00:00+00:00,21.3,80,1011.1,1.94
Karachi,24.9056,67.0822,2026-03-19 07:00:00+00:00,21.2,81,1011.0,1.69
Karachi,24.9056,67.0822,2026-03-19 08:00:00+00:00,22.6,73,1010.2,1.56
Karachi,24.9056,67.0822,2026-03-19 09:00:00+00:00,24.0,67,1008.9,2.24
Karachi,24.9056,67.0822,2026-03-19 10:00:00+00:00,24.5,65,1007.8,1.81
Karachi,24.9056,67.0822,2026-03-19 11:00:00+00:00,24.8,65,1007.0,1.84
Karachi,24.9056,67.0822,2026-03-19 12:00:00+00:00,26.1,58,1006.0,0.85
Karachi,24.9056,67.0822,2026-03-19 13:00:00+00:00,25.8,58,1006.3,0.67
Karachi,24.9056,67.0822,2026-03-19 14:00:00+00:00,24.9,65,1006.9,0.66
Karachi,24.9056,67.0822,2026-03-19 15:00:00+00:00,23.6,74,1007.8,1.61
Karachi,24.9056,67.0822,2026-03-19 16:00:00+00:00,22.4,80,1008.9,1.55
Karachi,24.9056,67.0822,2026-03-19 17:00:00+00:00,21.6,80,1009.1,1.39
Karachi,24.9056,67.0822,2026-03-19 18:00:00+00:00,21.3,83,1009.4,0.78
Karachi,24.9056,67.0822,2026-03-19 19:00:00+00:00,21.2,79,1008.8,0.89
Karachi,24.9056,67.0822,2026-03-19 20:00:00+00:00,20.6,80,1008.2,0.85
Karachi,24.9056,67.0822,2026-03-19 21:00:00+00:00,20.2,81,1007.2,0.55
Karachi,24.9056,67.0822,2026-03-19 22:00:00+00:00,19.5,85,1006.5,1.4
Karachi,24.9056,67.0822,2026-03-19 23:00:00+00:00,19.1,86,1006.5,1.43
Karachi,24.9056,67.0822,2026-03-20 00:00:00+00:00,18.4,91,1007.0,0.72
Karachi,24.9056,67.0822,2026-03-20 01:00:00+00:00,18.7,89,1007.5,0.16
Karachi,24.9056,67.0822,2026-03-20 02:00:00+00:00,18.5,89,1008.0,0.91
Karachi,24.9056,67.0822,2026-03-20 03:00:00+00:00,20.0,83,1008.5,0.75
Karachi,24.9056,67.0822,2026-03-20 04:00:00+00:00,22.5,74,1009.0,0.34
Karachi,24.9056,67.0822,2026-03-20 05:00:00+00:00,24.4,66,1009.2,0.76
Karachi,24.9056,67.0822,2026-03-20 06:00:00+00:00,25.6,56,1009.3,0.94
Karachi,24.9056,67.0822,2026-03-20 07:00:00+00:00,27.1,51,1009.0,1.06
Karachi,24.9056,67.0822,2026-03-20 08:00:00+00:00,27.8,51,1008.0,1.75
Karachi,24.9056,67.0822,2026-03-20 09:00:00+00:00,27.4,57,1007.0,2.75
Karachi,24.9056,67.0822,2026-03-20 10:00:00+00:00,27.2,56,1006.4,2.92
Karachi,24.9056,67.0822,2026-03-20 11:00:00+00:00,26.8,57,1005.8,2.55
Karachi,24.9056,67.0822,2026-03-20 12:00:00+00:00,26.7,59,1005.7,1.86
Karachi,24.9056,67.0822,2026-03-20 13:00:00+00:00,25.5,65,1006.2,2.13
Karachi,24.9056,67.0822,2026-03-20 14:00:00+00:00,23.9,75,1006.5,2.17
Karachi,24.9056,67.0822,2026-03-20 15:00:00+00:00,23.2,79,1007.1,1.97
Karachi,24.9056,67.0822,2026-03-20 16:00:00+00:00,22.8,82,1007.7,1.83
Karachi,24.9056,67.0822,2026-03-20 17:00:00+00:00,22.6,84,1008.2,1.75
Karachi,24.9056,67.0822,2026-03-20 18:00:00+00:00,22.6,88,1007.8,1.25
Karachi,24.9056,67.0822,2026-03-20 19:00:00+00:00,23.3,87,1007.3,1.38
Karachi,24.9056,67.0822,2026-03-20 20:00:00+00:00,23.2,90,1006.8,1.66
Karachi,24.9056,67.0822,2026-03-20 21:00:00+00:00,22.8,94,1006.6,0.92
Karachi,24.9056,67.0822,2026-03-20 22:00:00+00:00,22.5,95,1006.3,0.8
Karachi,24.9056,67.0822,2026-03-20 23:00:00+00:00,22.7,94,1006.1,0.75
Karachi,24.9056,67.0822,2026-03-21 00:00:00+00:00,22.4,95,1006.6,1.36
Karachi,24.9056,67.0822,2026-03-21 01:00:00+00:00,22.3,95,1006.9,1.47
Karachi,24.9056,67.0822,2026-03-21 02:00:00+00:00,22.3,95,1007.3,0.92
Karachi,24.9056,67.0822,2026-03-21 03:00:00+00:00,22.8,94,1008.1,0.78
Karachi,24.9056,67.0822,2026-03-21 04:00:00+00:00,23.9,88,1008.5,1.0
Karachi,24.9056,67.0822,2026-03-21 05:00:00+00:00,26.1,75,1008.7,1.77
Karachi,24.9056,67.0822,2026-03-21 06:00:00+00:00,27.5,67,1008.5,1.81
Karachi,24.9056,67.0822,2026-03-21 07:00:00+00:00,28.1,62,1008.6,1.75
Karachi,24.9056,67.0822,2026-03-21 08:00:00+00:00,28.3,61,1008.3,2.62
Karachi,24.9056,67.0822,2026-03-21 09:00:00+00:00,28.5,61,1007.6,2.09
Karachi,24.9056,67.0822,2026-03-21 10:00:00+00:00,28.2,62,1006.8,2.59
Karachi,24.9056,67.0822,2026-03-21 11:00:00+00:00,28.1,62,1006.5,3.14
Karachi,24.9056,67.0822,2026-03-21 12:00:00+00:00,27.2,62,1006.8,2.76
Karachi,24.9056,67.0822,2026-03-21 13:00:00+00:00,26.4,65,1007.2,2.5
Karachi,24.9056,67.0822,2026-03-21 14:00:00+00:00,25.5,71,1007.7,2.17
Karachi,24.9056,67.0822,2026-03-21 15:00:00+00:00,24.9,75,1008.4,1.81
Karachi,24.9056,67.0822,2026-03-21 16:00:00+00:00,24.6,78,1009.0,1.35
Karachi,24.9056,67.0822,2026-03-21 17:00:00+00:00,24.4,81,1009.4,1.1
Karachi,24.9056,67.0822,2026-03-21 18:00:00+00:00,24.0,84,1009.6,1.54
Karachi,24.9056,67.0822,2026-03-21 19:00:00+00:00,24.0,85,1009.5,1.52
Karachi,24.9056,67.0822,2026-03-21 20:00:00+00:00,23.6,87,1009.2,1.05
Karachi,24.9056,67.0822,2026-03-21 21:00:00+00:00,23.2,90,1008.7,0.7
Karachi,24.9056,67.0822,2026-03-21 22:00:00+00:00,22.9,92,1008.4,0.87
Karachi,24.9056,67.0822,2026-03-21 23:00:00+00:00,22.7,94,1008.7,0.86
Karachi,24.9056,67.0822,2026-03-22 00:00:00+00:00,22.3,98,1008.5,0.25
Karachi,24.9056,67.0822,2026-03-22 01:00:00+00:00,22.2,99,1009.0,0.16
Karachi,24.9056,67.0822,2026-03-22 02:00:00+00:00,21.8,100,1009.7,1.06
Karachi,24.9056,67.0822,2026-03-22 03:00:00+00:00,22.8,94,1010.4,0.96
Karachi,24.9056,67.0822,2026-03-22 04:00:00+00:00,24.6,81,1010.7,0.78
Karachi,24.9056,67.0822,2026-03-22 05:00:00+00:00,26.3,72,1011.0,0.69
Karachi,24.9056,67.0822,2026-03-22 06:00:00+00:00,26.9,67,1011.1,1.01
Karachi,24.9056,67.0822,2026-03-22 07:00:00+00:00,28.1,60,1010.9,1.56
Karachi,24.9056,67.0822,2026-03-22 08:00:00+00:00,29.3,54,1010.1,2.07
Karachi,24.9056,67.0822,2026-03-22 09:00:00+00:00,29.6,49,1009.3,2.85
Karachi,24.9056,67.0822,2026-03-22 10:00:00+00:00,29.4,49,1008.8,2.99
Karachi,24.9056,67.0822,2026-03-22 11:00:00+00:00,29.2,52,1008.4,2.47
Karachi,24.9056,67.0822,2026-03-22 12:00:00+00:00,27.6,58,1008.5,2.11
Karachi,24.9056,67.0822,2026-03-22 13:00:00+00:00,27.0,64,1008.7,3.15
Karachi,24.9056,67.0822,2026-03-22 14:00:00+00:00,25.7,73,1008.9,2.35
Karachi,24.9056,67.0822,2026-03-22 15:00:00+00:00,24.8,80,1009.3,1.92
Karachi,24.9056,67.0822,2026-03-22 16:00:00+00:00,24.3,84,1009.3,1.65
Karachi,24.9056,67.0822,2026-03-22 17:00:00+00:00,23.8,88,1009.5,1.66
Karachi,24.9056,67.0822,2026-03-22 18:00:00+00:00,23.9,87,1009.8,1.87
Karachi,24.9056,67.0822,2026-03-22 19:00:00+00:00,23.6,87,1009.6,1.98
Karachi,24.9056,67.0822,2026-03-22 20:00:00+00:00,23.2,89,1009.2,1.96
Karachi,24.9056,67.0822,2026-03-22 21:00:00+00:00,23.1,89,1008.9,2.04
Karachi,24.9056,67.0822,2026-03-22 22:00:00+00:00,23.0,87,1008.2,2.04
Karachi,24.9056,67.0822,2026-03-22 23:00:00+00:00,22.9,86,1008.1,2.04
Karachi,24.9056,67.0822,2026-03-23 00:00:00+00:00,22.6,90,1008.1,1.78
Karachi,24.9056,67.0822,2026-03-23 01:00:00+00:00,22.6,90,1008.5,1.95
Karachi,24.9056,67.0822,2026-03-23 02:00:00+00:00,22.6,90,1008.9,1.58
Karachi,24.9056,67.0822,2026-03-23 03:00:00+00:00,23.7,85,1009.3,1.43
Karachi,24.9056,67.0822,2026-03-23 04:00:00+00:00,25.5,73,1009.4,1.68
Karachi,24.9056,67.0822,2026-03-23 05:00:00+00:00,27.4,59,1009.7,1.79
Karachi,24.9056,67.0822,2026-03-23 06:00:00+00:00,29.4,48,1009.7,1.77
Karachi,24.9056,67.0822,2026-03-23 07:00:00+00:00,31.0,41,1009.0,1.72
Karachi,24.9056,67.0822,2026-03-23 08:00:00+00:00,32.2,37,1008.1,1.79
Karachi,24.9056,67.0822,2026-03-23 09:00:00+00:00,32.4,37,1007.2,2.46
Karachi,24.9056,67.0822,2026-03-23 10:00:00+00:00,31.6,41,1006.4,3.15
Karachi,24.9056,67.0822,2026-03-23 11:00:00+00:00,30.9,44,1005.8,3.15
Karachi,24.9056,67.0822,2026-03-23 12:00:00+00:00,29.6,48,1006.1,2.77
Karachi,24.9056,67.0822,2026-03-23 13:00:00+00:00,28.3,53,1006.5,2.95
Karachi,24.9056,67.0822,2026-03-23 14:00:00+00:00,26.5,63,1006.9,2.47
Karachi,24.9056,67.0822,2026-03-23 15:00:00+00:00,25.6,74,1007.5,2.2
Karachi,24.9056,67.0822,2026-03-23 16:00:00+00:00,25.0,82,1008.1,2.01
Karachi,24.9056,67.0822,2026-03-23 17:00:00+00:00,24.6,86,1008.4,1.8
Karachi,24.9056,67.0822,2026-03-23 18:00:00+00:00,24.3,90,1008.4,1.92
Karachi,24.9056,67.0822,2026-03-23 19:00:00+00:00,24.3,90,1008.0,1.82
Karachi,24.9056,67.0822,2026-03-23 20:00:00+00:00,24.1,92,1007.6,1.66
Karachi,24.9056,67.0822,2026-03-23 21:00:00+00:00,23.8,94,1007.2,1.78
Karachi,24.9056,67.0822,2026-03-23 22:00:00+00:00,23.3,96,1007.1,1.79
Karachi,24.9056,67.0822,2026-03-23 23:00:00+00:00,23.5,94,1006.8,1.8
Karachi,24.9056,67.0822,2026-03-24 00:00:00+00:00,23.8,94,1006.4,1.68
Karachi,24.9056,67.0822,2026-03-24 01:00:00+00:00,23.7,94,1006.7,2.09
Karachi,24.9056,67.0822,2026-03-24 02:00:00+00:00,23.6,95,1007.2,2.07
Karachi,24.9056,67.0822,2026-03-24 03:00:00+00:00,24.6,87,1008.2,2.23
Karachi,24.9056,67.0822,2026-03-24 04:00:00+00:00,26.2,76,1008.5,1.96
Karachi,24.9056,67.0822,2026-03-24 05:00:00+00:00,28.0,64,1008.7,1.96
Karachi,24.9056,67.0822,2026-03-24 06:00:00+00:00,30.0,49,1008.3,1.61
Karachi,24.9056,67.0822,2026-03-24 07:00:00+00:00,29.4,49,1007.4,1.64
Karachi,24.9056,67.0822,2026-03-24 08:00:00+00:00,29.8,45,1006.7,0.83
Karachi,24.9056,67.0822,2026-03-24 09:00:00+00:00,30.8,41,1005.9,1.61
Karachi,24.9056,67.0822,2026-03-24 10:00:00+00:00,30.6,43,1005.3,2.51
Karachi,24.9056,67.0822,2026-03-24 11:00:00+00:00,30.8,42,1004.6,2.04
Karachi,24.9056,67.0822,2026-03-24 12:00:00+00:00,30.9,45,1004.5,1.84
Karachi,24.9056,67.0822,2026-03-24 13:00:00+00:00,29.1,57,1004.7,2.64
Karachi,24.9056,67.0822,2026-03-24 14:00:00+00:00,27.5,65,1005.3,2.25
Karachi,24.9056,67.0822,2026-03-24 15:00:00+00:00,26.5,72,1005.9,1.99
Karachi,24.9056,67.0822,2026-03-24 16:00:00+00:00,25.7,81,1006.8,2.21
Karachi,24.9056,67.0822,2026-03-24 17:00:00+00:00,25.2,87,1007.1,2.2
Karachi,24.9056,67.0822,2026-03-24 18:00:00+00:00,25.0,90,1007.0,2.51
Karachi,24.9056,67.0822,2026-03-24 19:00:00+00:00,25.0,90,1007.1,2.91
Karachi,24.9056,67.0822,2026-03-24 20:00:00+00:00,25.0,91,1006.5,2.84
Karachi,24.9056,67.0822,2026-03-24 21:00:00+00:00,24.6,92,1006.2,2.5
Karachi,24.9056,67.0822,2026-03-24 22:00:00+00:00,24.4,93,1005.9,2.76
Karachi,24.9056,67.0822,2026-03-24 23:00:00+00:00,24.6,89,1005.9,2.67
Karachi,24.9056,67.0822,2026-03-25 00:00:00+00:00,24.2,86,1004.9,1.62
Karachi,24.9056,67.0822,2026-03-25 01:00:00+00:00,24.0,87,1005.5,1.9
Karachi,24.9056,67.0822,2026-03-25 02:00:00+00:00,23.7,88,1006.2,2.11
Karachi,24.9056,67.0822,2026-03-25 03:00:00+00:00,24.5,81,1006.9,1.42
Karachi,24.9056,67.0822,2026-03-25 04:00:00+00:00,27.3,62,1007.2,1.64
Karachi,24.9056,67.0822,2026-03-25 05:00:00+00:00,29.7,45,1007.5,1.77
Karachi,24.9056,67.0822,2026-03-25 06:00:00+00:00,31.0,39,1007.5,2.32
Karachi,24.9056,67.0822,2026-03-25 07:00:00+00:00,31.8,33,1007.3,3.27
Karachi,24.9056,67.0822,2026-03-25 08:00:00+00:00,32.0,30,1006.4,3.27
Karachi,24.9056,67.0822,2026-03-25 09:00:00+00:00,32.0,29,1006.0,3.82
Karachi,24.9056,67.0822,2026-03-25 10:00:00+00:00,31.7,28,1005.5,3.47
Karachi,24.9056,67.0822,2026-03-25 11:00:00+00:00,30.9,30,1005.0,3.31
Karachi,24.9056,67.0822,2026-03-25 12:00:00+00:00,29.5,42,1004.8,3.45
Karachi,24.9056,67.0822,2026-03-25 13:00:00+00:00,28.0,52,1005.2,3.05
Karachi,24.9056,67.0822,2026-03-25 14:00:00+00:00,26.7,67,1005.9,2.51
Karachi,24.9056,67.0822,2026-03-25 15:00:00+00:00,26.1,74,1006.7,2.42
Karachi,24.9056,67.0822,2026-03-25 16:00:00+00:00,25.9,73,1007.2,2.28
Karachi,24.9056,67.0822,2026-03-25 17:00:00+00:00,25.7,72,1007.2,1.81
Karachi,24.9056,67.0822,2026-03-25 18:00:00+00:00,25.6,73,1007.3,1.54
Karachi,24.9056,67.0822,2026-03-25 19:00:00+00:00,25.6,73,1007.3,1.86
Karachi,24.9056,67.0822,2026-03-25 20:00:00+00:00,25.3,75,1006.8,1.39
Karachi,24.9056,67.0822,2026-03-25 21:00:00+00:00,25.0,76,1006.8,1.12
Karachi,24.9056,67.0822,2026-03-25 22:00:00+00:00,24.7,78,1007.3,1.4
Karachi,24.9056,67.0822,2026-03-25 23:00:00+00:00,24.3,80,1007.1,1.21
Karachi,24.9056,67.0822,2026-03-26 00:00:00+00:00,24.4,81,1007.5,2.05
Karachi,24.9056,67.0822,2026-03-26 01:00:00+00:00,24.5,80,1008.6,2.42
Karachi,24.9056,67.0822,2026-03-26 02:00:00+00:00,24.6,80,1008.8,2.02
Karachi,24.9056,67.0822,2026-03-26 03:00:00+00:00,24.7,78,1009.6,2.16
Karachi,24.9056,67.0822,2026-03-26 04:00:00+00:00,25.1,77,1009.9,1.38
Karachi,24.9056,67.0822,2026-03-26 05:00:00+00:00,27.8,61,1010.2,1.63
Karachi,24.9056,67.0822,2026-03-26 06:00:00+00:00,30.0,50,1009.7,1.93
Karachi,24.9056,67.0822,2026-03-26 07:00:00+00:00,31.5,43,1009.2,2.8
Karachi,24.9056,67.0822,2026-03-26 08:00:00+00:00,31.5,42,1009.0,3.65
Karachi,24.9056,67.0822,2026-03-26 09:00:00+00:00,31.6,40,1008.4,3.57
Karachi,24.9056,67.0822,2026-03-26 10:00:00+00:00,31.3,41,1007.5,3.49
Karachi,24.9056,67.0822,2026-03-26 11:00:00+00:00,30.6,44,1006.7,3.21
Karachi,24.9056,67.0822,2026-03-26 12:00:00+00:00,29.4,45,1007.6,3.05
Karachi,24.9056,67.0822,2026-03-26 13:00:00+00:00,28.5,51,1007.9,2.71
Karachi,24.9056,67.0822,2026-03-26 14:00:00+00:00,27.3,56,1008.0,2.04
Karachi,24.9056,67.0822,2026-03-26 15:00:00+00:00,26.5,62,1008.9,2.05
Karachi,24.9056,67.0822,2026-03-26 16:00:00+00:00,26.0,67,1009.4,1.45
Karachi,24.9056,67.0822,2026-03-26 17:00:00+00:00,25.5,71,1009.9,1.66
Karachi,24.9056,67.0822,2026-03-26 18:00:00+00:00,25.7,74,1010.1,1.72
Karachi,24.9056,67.0822,2026-03-26 19:00:00+00:00,25.5,78,1009.6,1.26
Karachi,24.9056,67.0822,2026-03-26 20:00:00+00:00,25.1,81,1009.2,1.37
Karachi,24.9056,67.0822,2026-03-26 21:00:00+00:00,24.6,84,1008.5,1.78
Karachi,24.9056,67.0822,2026-03-26 22:00:00+00:00,24.2,88,1008.1,1.67
Karachi,24.9056,67.0822,2026-03-26 23:00:00+00:00,23.7,90,1007.8,1.84
Karachi,24.9056,67.0822,2026-03-27 00:00:00+00:00,23.6,92,1008.1,1.43
Karachi,24.9056,67.0822,2026-03-27 01:00:00+00:00,23.5,93,1008.6,1.66
Karachi,24.9056,67.0822,2026-03-27 02:00:00+00:00,23.4,94,1008.8,1.32
Karachi,24.9056,67.0822,2026-03-27 03:00:00+00:00,24.7,87,1009.6,0.95
Karachi,24.9056,67.0822,2026-03-27 04:00:00+00:00,26.6,73,1010.0,1.11
Karachi,24.9056,67.0822,2026-03-27 05:00:00+00:00,28.7,57,1010.1,0.6
Karachi,24.9056,67.0822,2026-03-27 06:00:00+00:00,29.9,53,1009.9,0.16
Karachi,24.9056,67.0822,2026-03-27 07:00:00+00:00,31.9,45,1009.3,1.28
Karachi,24.9056,67.0822,2026-03-27 08:00:00+00:00,32.2,44,1008.5,2.35
Karachi,24.9056,67.0822,2026-03-27 09:00:00+00:00,32.6,43,1007.5,3.0
Karachi,24.9056,67.0822,2026-03-27 10:00:00+00:00,32.1,43,1006.9,3.9
Karachi,24.9056,67.0822,2026-03-27 11:00:00+00:00,30.5,49,1006.4,4.43
Karachi,24.9056,67.0822,2026-03-27 12:00:00+00:00,29.1,57,1006.6,4.57
Karachi,24.9056,67.0822,2026-03-27 13:00:00+00:00,27.8,63,1006.2,3.9
Karachi,24.9056,67.0822,2026-03-27 14:00:00+00:00,27.0,68,1005.8,2.9
Karachi,24.9056,67.0822,2026-03-27 15:00:00+00:00,26.1,76,1006.0,3.23
Karachi,24.9056,67.0822,2026-03-27 16:00:00+00:00,25.8,79,1006.2,3.92
Karachi,24.9056,67.0822,2026-03-27 17:00:00+00:00,25.4,82,1005.8,2.55
Karachi,24.9056,67.0822,2026-03-27 18:00:00+00:00,25.4,82,1005.4,2.56
Karachi,24.9056,67.0822,2026-03-27 19:00:00+00:00,25.2,84,1005.1,3.21
Karachi,24.9056,67.0822,2026-03-27 20:00:00+00:00,25.1,84,1005.0,3.92
Karachi,24.9056,67.0822,2026-03-27 21:00:00+00:00,24.8,86,1004.1,4.01
Karachi,24.9056,67.0822,2026-03-27 22:00:00+00:00,24.5,88,1003.2,3.35
Karachi,24.9056,67.0822,2026-03-27 23:00:00+00:00,24.3,89,1003.0,2.95
Karachi,24.9056,67.0822,2026-03-28 00:00:00+00:00,24.7,85,1003.4,2.9
Karachi,24.9056,67.0822,2026-03-28 01:00:00+00:00,24.7,85,1003.7,2.9
Karachi,24.9056,67.0822,2026-03-28 02:00:00+00:00,24.7,83,1004.0,2.86
Karachi,24.9056,67.0822,2026-03-28 03:00:00+00:00,25.7,77,1004.5,3.87
Karachi,24.9056,67.0822,2026-03-28 04:00:00+00:00,27.2,68,1005.2,4.63
Karachi,24.9056,67.0822,2026-03-28 05:00:00+00:00,28.5,61,1005.4,4.82
Karachi,24.9056,67.0822,2026-03-28 06:00:00+00:00,29.8,50,1004.9,4.5
Karachi,24.9056,67.0822,2026-03-28 07:00:00+00:00,30.6,47,1004.5,5.05
Karachi,24.9056,67.0822,2026-03-28 08:00:00+00:00,31.3,43,1003.4,4.98
Karachi,24.9056,67.0822,2026-03-28 09:00:00+00:00,31.0,43,1003.0,5.3
Karachi,24.9056,67.0822,2026-03-28 10:00:00+00:00,30.9,43,1002.5,5.27
Karachi,24.9056,67.0822,2026-03-28 11:00:00+00:00,29.3,53,1002.1,4.68
Karachi,24.9056,67.0822,2026-03-28 12:00:00+00:00,28.8,52,1001.3,4.77
Karachi,24.9056,67.0822,2026-03-28 13:00:00+00:00,27.5,61,1001.5,4.56
Karachi,24.9056,67.0822,2026-03-28 14:00:00+00:00,26.5,69,1001.6,4.4
Karachi,24.9056,67.0822,2026-03-28 15:00:00+00:00,26.2,67,1001.8,4.32
Karachi,24.9056,67.0822,2026-03-28 16:00:00+00:00,25.9,69,1002.5,4.37
Karachi,24.9056,67.0822,2026-03-28 17:00:00+00:00,25.7,71,1002.7,4.18
Karachi,24.9056,67.0822,2026-03-28 18:00:00+00:00,26.1,66,1002.6,4.2
Karachi,24.9056,67.0822,2026-03-28 19:00:00+00:00,25.9,65,1002.4,4.07
Karachi,24.9056,67.0822,2026-03-28 20:00:00+00:00,25.5,65,1002.1,4.2
Karachi,24.9056,67.0822,2026-03-28 21:00:00+00:00,25.0,69,1001.8,3.88
Karachi,24.9056,67.0822,2026-03-28 22:00:00+00:00,24.8,68,1001.6,3.86
Karachi,24.9056,67.0822,2026-03-28 23:00:00+00:00,24.4,70,1001.6,3.93
Karachi,24.9056,67.0822,2026-03-29 00:00:00+00:00,24.0,71,1001.3,3.7
Karachi,24.9056,67.0822,2026-03-29 01:00:00+00:00,24.1,71,1001.8,3.55
Karachi,24.9056,67.0822,2026-03-29 02:00:00+00:00,24.3,66,1002.4,3.57
Karachi,24.9056,67.0822,2026-03-29 03:00:00+00:00,25.3,60,1003.3,3.59
Karachi,24.9056,67.0822,2026-03-29 04:00:00+00:00,27.0,48,1004.3,4.19
Karachi,24.9056,67.0822,2026-03-29 05:00:00+00:00,28.4,37,1005.0,4.25
Karachi,24.9056,67.0822,2026-03-29 06:00:00+00:00,29.4,47,1005.0,4.65
Karachi,24.9056,67.0822,2026-03-29 07:00:00+00:00,30.3,44,1005.0,5.01
Karachi,24.9056,67.0822,2026-03-29 08:00:00+00:00,30.2,45,1004.6,4.71
Karachi,24.9056,67.0822,2026-03-29 09:00:00+00:00,30.2,41,1003.8,4.49
Karachi,24.9056,67.0822,2026-03-29 10:00:00+00:00,30.1,37,1003.2,4.52
Karachi,24.9056,67.0822,2026-03-29 11:00:00+00:00,29.5,34,1002.8,4.25
Karachi,24.9056,67.0822,2026-03-29 12:00:00+00:00,28.6,36,1002.8,4.1
Karachi,24.9056,67.0822,2026-03-29 13:00:00+00:00,27.4,42,1003.1,4.05
Karachi,24.9056,67.0822,2026-03-29 14:00:00+00:00,26.4,48,1003.7,4.48
Karachi,24.9056,67.0822,2026-03-29 15:00:00+00:00,25.6,54,1003.9,3.26
Karachi,24.9056,67.0822,2026-03-29 16:00:00+00:00,25.5,62,1003.8,2.94
Karachi,24.9056,67.0822,2026-03-29 17:00:00+00:00,25.0,66,1004.0,3.01
Karachi,24.9056,67.0822,2026-03-29 18:00:00+00:00,25.1,61,1004.0,2.84
Karachi,24.9056,67.0822,2026-03-29 19:00:00+00:00,25.1,64,1003.7,2.79
Karachi,24.9056,67.0822,2026-03-29 20:00:00+00:00,25.1,63,1003.3,2.94
Karachi,24.9056,67.0822,2026-03-29 21:00:00+00:00,24.9,58,1002.9,3.0
Karachi,24.9056,67.0822,2026-03-29 22:00:00+00:00,24.5,64,1002.8,2.97
Karachi,24.9056,67.0822,2026-03-29 23:00:00+00:00,24.3,66,1002.9,2.75
Karachi,24.9056,67.0822,2026-03-30 00:00:00+00:00,23.4,63,1002.8,2.67
Karachi,24.9056,67.0822,2026-03-30 01:00:00+00:00,23.2,65,1003.3,2.56
Karachi,24.9056,67.0822,2026-03-30 02:00:00+00:00,22.9,67,1004.2,2.26
Karachi,24.9056,67.0822,2026-03-30 03:00:00+00:00,24.2,63,1004.9,2.8
Karachi,24.9056,67.0822,2026-03-30 04:00:00+00:00,25.7,55,1005.9,3.01
Karachi,24.9056,67.0822,2026-03-30 05:00:00+00:00,26.9,49,1006.3,2.66
Karachi,24.9056,67.0822,2026-03-30 06:00:00+00:00,28.3,44,1006.7,3.42
Karachi,24.9056,67.0822,2026-03-30 07:00:00+00:00,28.7,40,1006.6,3.54
Karachi,24.9056,67.0822,2026-03-30 08:00:00+00:00,29.4,34,1006.2,3.81
Karachi,24.9056,67.0822,2026-03-30 09:00:00+00:00,29.5,32,1005.0,3.7
Karachi,24.9056,67.0822,2026-03-30 10:00:00+00:00,29.3,32,1004.4,3.9
Karachi,24.9056,67.0822,2026-03-30 11:00:00+00:00,28.7,33,1003.6,3.8
Karachi,24.9056,67.0822,2026-03-30 12:00:00+00:00,27.6,37,1003.8,3.67
Karachi,24.9056,67.0822,2026-03-30 13:00:00+00:00,26.3,42,1004.0,3.34
Karachi,24.9056,67.0822,2026-03-30 14:00:00+00:00,25.0,51,1004.1,3.12
Karachi,24.9056,67.0822,2026-03-30 15:00:00+00:00,24.6,56,1004.9,3.16
Karachi,24.9056,67.0822,2026-03-30 16:00:00+00:00,24.4,59,1005.4,2.81
Karachi,24.9056,67.0822,2026-03-30 17:00:00+00:00,24.3,60,1005.8,2.65
Karachi,24.9056,67.0822,2026-03-30 18:00:00+00:00,23.8,59,1005.4,2.15
Karachi,24.9056,67.0822,2026-03-30 19:00:00+00:00,23.7,58,1005.4,2.1
Karachi,24.9056,67.0822,2026-03-30 20:00:00+00:00,23.4,60,1004.9,2.06
Karachi,24.9056,67.0822,2026-03-30 21:00:00+00:00,23.3,63,1004.3,2.16
Karachi,24.9056,67.0822,2026-03-30 22:00:00+00:00,23.2,63,1004.0,2.41
Karachi,24.9056,67.0822,2026-03-30 23:00:00+00:00,22.8,64,1004.2,2.25
Karachi,24.9056,67.0822,2026-03-31 00:00:00+00:00,22.8,65,1003.9,1.05
Karachi,24.9056,67.0822,2026-03-31 01:00:00+00:00,22.8,66,1004.7,1.46
Karachi,24.9056,67.0822,2026-03-31 02:00:00+00:00,22.9,66,1005.6,1.01
Karachi,24.9056,67.0822,2026-03-31 03:00:00+00:00,23.9,62,1006.5,0.56
Karachi,24.9056,67.0822,2026-03-31 04:00:00+00:00,25.7,53,1007.1,1.9
Karachi,24.9056,67.0822,2026-03-31 05:00:00+00:00,26.9,46,1007.5,2.4
Karachi,24.9056,67.0822,2026-03-31 06:00:00+00:00,27.1,43,1007.4,2.94
Karachi,24.9056,67.0822,2026-03-31 07:00:00+00:00,28.0,41,1006.9,2.91
Karachi,24.9056,67.0822,2026-03-31 08:00:00+00:00,28.2,42,1006.5,2.83
Karachi,24.9056,67.0822,2026-03-31 09:00:00+00:00,28.1,42,1005.5,2.94
Karachi,24.9056,67.0822,2026-03-31 10:00:00+00:00,28.2,41,1004.8,3.11
Karachi,24.9056,67.0822,2026-03-31 11:00:00+00:00,28.0,42,1004.1,3.34
Karachi,24.9056,67.0822,2026-03-31 12:00:00+00:00,27.2,44,1004.1,3.15
Karachi,24.9056,67.0822,2026-03-31 13:00:00+00:00,26.2,50,1004.5,3.34
Karachi,24.9056,67.0822,2026-03-31 14:00:00+00:00,25.2,57,1005.3,3.19
Karachi,24.9056,67.0822,2026-03-31 15:00:00+00:00,24.9,58,1005.5,2.74
Karachi,24.9056,67.0822,2026-03-31 16:00:00+00:00,24.8,57,1006.4,2.53
Karachi,24.9056,67.0822,2026-03-31 17:00:00+00:00,24.5,58,1006.5,1.65
Karachi,24.9056,67.0822,2026-03-31 18:00:00+00:00,24.2,60,1006.7,1.68
Karachi,24.9056,67.0822,2026-03-31 19:00:00+00:00,24.2,64,1006.3,1.59
Karachi,24.9056,67.0822,2026-03-31 20:00:00+00:00,24.0,66,1005.8,1.36
Karachi,24.9056,67.0822,2026-03-31 21:00:00+00:00,23.5,69,1005.1,1.19
Karachi,24.9056,67.0822,2026-03-31 22:00:00+00:00,23.2,71,1004.8,1.67
Karachi,24.9056,67.0822,2026-03-31 23:00:00+00:00,22.8,73,1004.5,1.76
Karachi,24.9056,67.0822,2026-04-01 00:00:00+00:00,23.5,73,1004.8,2.1
Karachi,24.9056,67.0822,2026-04-01 01:00:00+00:00,23.5,73,1005.0,2.16
Karachi,24.9056,67.0822,2026-04-01 02:00:00+00:00,23.2,74,1005.4,1.81
Karachi,24.9056,67.0822,2026-04-01 03:00:00+00:00,24.2,71,1006.2,1.45
Karachi,24.9056,67.0822,2026-04-01 04:00:00+00:00,26.2,60,1006.8,2.86
Karachi,24.9056,67.0822,2026-04-01 05:00:00+00:00,27.7,51,1007.1,2.75
Karachi,24.9056,67.0822,2026-04-01 06:00:00+00:00,28.6,45,1007.3,3.2
Karachi,24.9056,67.0822,2026-04-01 07:00:00+00:00,29.4,41,1007.3,3.11
Karachi,24.9056,67.0822,2026-04-01 08:00:00+00:00,29.7,41,1006.4,3.07
Karachi,24.9056,67.0822,2026-04-01 09:00:00+00:00,29.9,41,1005.6,2.85
Karachi,24.9056,67.0822,2026-04-01 10:00:00+00:00,30.3,38,1004.3,2.29
Karachi,24.9056,67.0822,2026-04-01 11:00:00+00:00,29.5,43,1003.3,3.09
Karachi,24.9056,67.0822,2026-04-01 12:00:00+00:00,28.1,49,1004.1,3.38
Karachi,24.9056,67.0822,2026-04-01 13:00:00+00:00,27.0,53,1004.5,3.4
Karachi,24.9056,67.0822,2026-04-01 14:00:00+00:00,25.9,60,1005.0,2.79
Karachi,24.9056,67.0822,2026-04-01 15:00:00+00:00,25.4,62,1005.5,2.67
Karachi,24.9056,67.0822,2026-04-01 16:00:00+00:00,25.0,67,1006.1,2.57
Karachi,24.9056,67.0822,2026-04-01 17:00:00+00:00,24.7,71,1006.4,1.82
Karachi,24.9056,67.0822,2026-04-01 18:00:00+00:00,24.7,75,1005.9,1.76
Karachi,24.9056,67.0822,2026-04-01 19:00:00+00:00,24.8,76,1006.1,2.2
Karachi,24.9056,67.0822,2026-04-01 20:00:00+00:00,24.7,77,1006.3,1.97
Karachi,24.9056,67.0822,2026-04-01 21:00:00+00:00,24.4,79,1005.2,1.28
Karachi,24.9056,67.0822,2026-04-01 22:00:00+00:00,24.2,80,1005.0,0.35
Karachi,24.9056,67.0822,2026-04-01 23:00:00+00:00,23.9,82,1004.4,1.19
Karachi,24.9056,67.0822,2026-04-02 00:00:00+00:00,23.6,84,1005.1,0.57
Karachi,24.9056,67.0822,2026-04-02 01:00:00+00:00,23.5,84,1004.7,0.22
Karachi,24.9056,67.0822,2026-04-02 02:00:00+00:00,23.3,86,1005.6,1.55
Karachi,24.9056,67.0822,2026-04-02 03:00:00+00:00,23.8,83,1006.6,2.36
Karachi,24.9056,67.0822,2026-04-02 04:00:00+00:00,21.9,79,1008.0,3.27
Karachi,24.9056,67.0822,2026-04-02 05:00:00+00:00,22.5,75,1009.0,1.17
Karachi,24.9056,67.0822,2026-04-02 06:00:00+00:00,24.0,70,1008.5,0.35
Karachi,24.9056,67.0822,2026-04-02 07:00:00+00:00,25.2,64,1008.6,1.25
Karachi,24.9056,67.0822,2026-04-02 08:00:00+00:00,25.0,68,1007.9,1.95
Karachi,24.9056,67.0822,2026-04-02 09:00:00+00:00,23.8,75,1007.2,2.26
Karachi,24.9056,67.0822,2026-04-02 10:00:00+00:00,21.6,81,1007.1,2.71
Karachi,24.9056,67.0822,2026-04-02 11:00:00+00:00,23.5,74,1005.9,1.3
Karachi,24.9056,67.0822,2026-04-02 12:00:00+00:00,20.2,86,1006.5,1.43
Karachi,24.9056,67.0822,2026-04-02 13:00:00+00:00,20.3,87,1005.8,1.36
Karachi,24.9056,67.0822,2026-04-02 14:00:00+00:00,20.2,87,1005.5,0.28
Karachi,24.9056,67.0822,2026-04-02 15:00:00+00:00,20.1,88,1006.0,0.98
Karachi,24.9056,67.0822,2026-04-02 16:00:00+00:00,20.1,89,1006.6,0.84
Karachi,24.9056,67.0822,2026-04-02 17:00:00+00:00,20.2,88,1007.2,0.79
Karachi,24.9056,67.0822,2026-04-02 18:00:00+00:00,19.7,76,1007.1,2.97
Karachi,24.9056,67.0822,2026-04-02 19:00:00+00:00,17.9,91,1006.9,1.36
Karachi,24.9056,67.0822,2026-04-02 20:00:00+00:00,18.0,94,1006.4,0.93
Karachi,24.9056,67.0822,2026-04-02 21:00:00+00:00,18.5,91,1005.9,1.57
Karachi,24.9056,67.0822,2026-04-02 22:00:00+00:00,18.0,93,1005.0,1.47
Karachi,24.9056,67.0822,2026-04-02 23:00:00+00:00,17.4,94,1004.6,1.45
Karachi,24.9056,67.0822,2026-04-03 00:00:00+00:00,17.4,94,1005.4,1.35
Karachi,24.9056,67.0822,2026-04-03 01:00:00+00:00,17.6,92,1005.6,1.32
Karachi,24.9056,67.0822,2026-04-03 02:00:00+00:00,17.6,92,1006.2,1.02
Karachi,24.9056,67.0822,2026-04-03 03:00:00+00:00,18.7,89,1006.8,0.98
Karachi,24.9056,67.0822,2026-04-03 04:00:00+00:00,20.5,80,1007.5,0.6
Karachi,24.9056,67.0822,2026-04-03 05:00:00+00:00,22.4,72,1007.8,1.1
Karachi,24.9056,67.0822,2026-04-03 06:00:00+00:00,23.9,62,1008.2,1.95
Karachi,24.9056,67.0822,2026-04-03 07:00:00+00:00,25.1,54,1007.5,2.71
Karachi,24.9056,67.0822,2026-04-03 08:00:00+00:00,25.7,50,1006.9,3.0
Karachi,24.9056,67.0822,2026-04-03 09:00:00+00:00,25.9,48,1006.0,3.04
Karachi,24.9056,67.0822,2026-04-03 10:00:00+00:00,25.9,48,1005.1,3.05
Karachi,24.9056,67.0822,2026-04-03 11:00:00+00:00,25.3,51,1004.6,3.18
Karachi,24.9056,67.0822,2026-04-03 12:00:00+00:00,24.5,63,1004.3,3.12
Karachi,24.9056,67.0822,2026-04-03 13:00:00+00:00,23.8,66,1004.3,2.42
Karachi,24.9056,67.0822,2026-04-03 14:00:00+00:00,22.9,71,1004.8,2.14
Karachi,24.9056,67.0822,2026-04-03 15:00:00+00:00,22.5,74,1005.2,1.95
Karachi,24.9056,67.0822,2026-04-03 16:00:00+00:00,22.2,77,1006.2,1.3
Karachi,24.9056,67.0822,2026-04-03 17:00:00+00:00,22.0,79,1006.7,1.3
Karachi,24.9056,67.0822,2026-04-03 18:00:00+00:00,21.8,78,1006.5,1.35
Karachi,24.9056,67.0822,2026-04-03 19:00:00+00:00,22.3,73,1006.2,1.75
Karachi,24.9056,67.0822,2026-04-03 20:00:00+00:00,21.7,74,1006.0,1.62
Karachi,24.9056,67.0822,2026-04-03 21:00:00+00:00,21.4,72,1005.3,1.96
Karachi,24.9056,67.0822,2026-04-03 22:00:00+00:00,21.1,72,1005.2,2.15
Karachi,24.9056,67.0822,2026-04-03 23:00:00+00:00,20.9,73,1005.2,2.24
Karachi,24.9056,67.0822,2026-04-04 00:00:00+00:00,19.9,87,1005.6,1.08
Karachi,24.9056,67.0822,2026-04-04 01:00:00+00:00,20.3,87,1005.8,1.2
Karachi,24.9056,67.0822,2026-04-04 02:00:00+00:00,20.2,88,1006.4,1.32
Karachi,24.9056,67.0822,2026-04-04 03:00:00+00:00,21.6,84,1006.9,0.93
Karachi,24.9056,67.0822,2026-04-04 04:00:00+00:00,23.7,72,1007.5,0.86
Karachi,24.9056,67.0822,2026-04-04 05:00:00+00:00,25.4,64,1007.7,0.96
Karachi,24.9056,67.0822,2026-04-04 06:00:00+00:00,27.1,55,1007.6,1.38
Karachi,24.9056,67.0822,2026-04-04 07:00:00+00:00,28.2,49,1007.4,2.12
Karachi,24.9056,67.0822,2026-04-04 08:00:00+00:00,28.5,45,1006.9,3.04
Karachi,24.9056,67.0822,2026-04-04 09:00:00+00:00,28.4,44,1006.1,3.2
Karachi,24.9056,67.0822,2026-04-04 10:00:00+00:00,28.1,44,1005.1,3.2
Karachi,24.9056,67.0822,2026-04-04 11:00:00+00:00,27.5,45,1004.6,3.27
Karachi,24.9056,67.0822,2026-04-04 12:00:00+00:00,26.0,52,1005.2,3.36
Karachi,24.9056,67.0822,2026-04-04 13:00:00+00:00,24.9,57,1005.5,2.7
Karachi,24.9056,67.0822,2026-04-04 14:00:00+00:00,23.6,66,1005.8,2.38
Karachi,24.9056,67.0822,2026-04-04 15:00:00+00:00,23.0,71,1006.2,2.82
Karachi,24.9056,67.0822,2026-04-04 16:00:00+00:00,22.9,72,1006.6,2.19
Karachi,24.9056,67.0822,2026-04-04 17:00:00+00:00,22.8,73,1007.5,2.01
Karachi,24.9056,67.0822,2026-04-04 18:00:00+00:00,22.9,73,1007.3,1.64
Karachi,24.9056,67.0822,2026-04-04 19:00:00+00:00,23.0,73,1007.1,1.55
Karachi,24.9056,67.0822,2026-04-04 20:00:00+00:00,22.6,75,1007.0,1.25
Karachi,24.9056,67.0822,2026-04-04 21:00:00+00:00,22.2,76,1006.4,1.42
Karachi,24.9056,67.0822,2026-04-04 22:00:00+00:00,21.8,79,1006.2,1.51
Karachi,24.9056,67.0822,2026-04-04 23:00:00+00:00,21.5,81,1006.0,1.53
Karachi,24.9056,67.0822,2026-04-05 00:00:00+00:00,21.3,86,1006.3,1.61
Karachi,24.9056,67.0822,2026-04-05 01:00:00+00:00,21.6,85,1006.6,1.67
Karachi,24.9056,67.0822,2026-04-05 02:00:00+00:00,21.6,84,1007.0,1.47
Karachi,24.9056,67.0822,2026-04-05 03:00:00+00:00,22.4,83,1007.7,0.71
Karachi,24.9056,67.0822,2026-04-05 04:00:00+00:00,24.0,77,1008.0,0.65
Karachi,24.9056,67.0822,2026-04-05 05:00:00+00:00,26.2,64,1008.3,1.3
Karachi,24.9056,67.0822,2026-04-05 06:00:00+00:00,27.1,55,1008.6,1.8
Karachi,24.9056,67.0822,2026-04-05 07:00:00+00:00,27.5,52,1008.3,2.26
Karachi,24.9056,67.0822,2026-04-05 08:00:00+00:00,27.3,52,1007.7,2.01
Karachi,24.9056,67.0822,2026-04-05 09:00:00+00:00,27.5,51,1006.6,1.76
Karachi,24.9056,67.0822,2026-04-05 10:00:00+00:00,28.4,46,1005.9,2.08
Karachi,24.9056,67.0822,2026-04-05 11:00:00+00:00,27.6,50,1005.1,2.64
Karachi,24.9056,67.0822,2026-04-05 12:00:00+00:00,27.0,46,1005.4,2.66
Karachi,24.9056,67.0822,2026-04-05 13:00:00+00:00,25.8,54,1005.4,2.58
Karachi,24.9056,67.0822,2026-04-05 14:00:00+00:00,24.5,63,1005.7,2.16
Karachi,24.9056,67.0822,2026-04-05 15:00:00+00:00,23.8,68,1006.1,1.92
Karachi,24.9056,67.0822,2026-04-05 16:00:00+00:00,23.4,72,1006.7,1.7
Karachi,24.9056,67.0822,2026-04-05 17:00:00+00:00,23.1,74,1006.9,1.25
Karachi,24.9056,67.0822,2026-04-05 18:00:00+00:00,22.9,77,1007.0,1.21
Karachi,24.9056,67.0822,2026-04-05 19:00:00+00:00,23.2,76,1006.8,1.76
Karachi,24.9056,67.0822,2026-04-05 20:00:00+00:00,22.9,79,1006.4,1.45
Karachi,24.9056,67.0822,2026-04-05 21:00:00+00:00,22.7,81,1005.9,1.15
Karachi,24.9056,67.0822,2026-04-05 22:00:00+00:00,22.5,83,1005.5,1.02
Karachi,24.9056,67.0822,2026-04-05 23:00:00+00:00,22.3,86,1005.3,0.86
Karachi,24.9056,67.0822,2026-04-06 00:00:00+00:00,21.9,85,1005.3,1.14
Karachi,24.9056,67.0822,2026-04-06 01:00:00+00:00,22.6,81,1005.6,1.81
Karachi,24.9056,67.0822,2026-04-06 02:00:00+00:00,22.9,79,1006.0,1.58
Karachi,24.9056,67.0822,2026-04-06 03:00:00+00:00,24.1,73,1006.5,0.21
Karachi,24.9056,67.0822,2026-04-06 04:00:00+00:00,25.8,65,1006.9,1.91
Karachi,24.9056,67.0822,2026-04-06 05:00:00+00:00,27.7,56,1007.1,3.27
Karachi,24.9056,67.0822,2026-04-06 06:00:00+00:00,27.8,57,1007.4,3.49
Karachi,24.9056,67.0822,2026-04-06 07:00:00+00:00,28.6,55,1006.9,3.82
Karachi,24.9056,67.0822,2026-04-06 08:00:00+00:00,29.1,53,1006.3,4.38
Karachi,24.9056,67.0822,2026-04-06 09:00:00+00:00,29.2,53,1005.2,4.56
Karachi,24.9056,67.0822,2026-04-06 10:00:00+00:00,28.8,55,1004.3,4.85
Karachi,24.9056,67.0822,2026-04-06 11:00:00+00:00,27.8,62,1003.7,5.16
Karachi,24.9056,67.0822,2026-04-06 12:00:00+00:00,27.3,65,1003.6,4.99
Karachi,24.9056,67.0822,2026-04-06 13:00:00+00:00,26.6,70,1003.5,4.64
Karachi,24.9056,67.0822,2026-04-06 14:00:00+00:00,25.8,77,1003.8,3.71
Karachi,24.9056,67.0822,2026-04-06 15:00:00+00:00,25.5,80,1004.0,4.0
Karachi,24.9056,67.0822,2026-04-06 16:00:00+00:00,25.3,86,1004.5,3.54
Karachi,24.9056,67.0822,2026-04-06 17:00:00+00:00,25.1,89,1004.6,3.33
Karachi,24.9056,67.0822,2026-04-06 18:00:00+00:00,25.2,83,1004.2,4.55
Karachi,24.9056,67.0822,2026-04-06 19:00:00+00:00,24.7,89,1004.1,4.41
Karachi,24.9056,67.0822,2026-04-06 20:00:00+00:00,24.7,91,1003.8,3.88
Karachi,24.9056,67.0822,2026-04-06 21:00:00+00:00,24.6,91,1003.3,4.22
Karachi,24.9056,67.0822,2026-04-06 22:00:00+00:00,24.4,92,1002.8,3.82
Karachi,24.9056,67.0822,2026-04-06 23:00:00+00:00,24.2,93,1002.4,2.82
Karachi,24.9056,67.0822,2026-04-07 00:00:00+00:00,24.4,89,1002.5,3.38
Karachi,24.9056,67.0822,2026-04-07 01:00:00+00:00,24.3,85,1002.5,3.78
Karachi,24.9056,67.0822,2026-04-07 02:00:00+00:00,24.4,82,1002.8,3.43
Karachi,24.9056,67.0822,2026-04-07 03:00:00+00:00,25.5,78,1003.7,2.66
Karachi,24.9056,67.0822,2026-04-07 04:00:00+00:00,27.0,64,1004.0,3.87
Karachi,24.9056,67.0822,2026-04-07 05:00:00+00:00,28.2,55,1004.2,4.11
Karachi,24.9056,67.0822,2026-04-07 06:00:00+00:00,29.2,50,1004.4,4.51
Karachi,24.9056,67.0822,2026-04-07 07:00:00+00:00,29.8,47,1004.2,4.25
Karachi,24.9056,67.0822,2026-04-07 08:00:00+00:00,30.1,44,1003.3,3.97
Karachi,24.9056,67.0822,2026-04-07 09:00:00+00:00,30.0,45,1002.4,4.03
Karachi,24.9056,67.0822,2026-04-07 10:00:00+00:00,29.7,46,1001.6,4.2
Karachi,24.9056,67.0822,2026-04-07 11:00:00+00:00,29.2,45,1001.2,4.02
Karachi,24.9056,67.0822,2026-04-07 12:00:00+00:00,28.2,50,1001.2,3.7
Karachi,24.9056,67.0822,2026-04-07 13:00:00+00:00,26.9,59,1001.2,3.2
Karachi,24.9056,67.0822,2026-04-07 14:00:00+00:00,25.5,71,1001.3,2.86
Karachi,24.9056,67.0822,2026-04-07 15:00:00+00:00,25.0,72,1001.7,2.44
Karachi,24.9056,67.0822,2026-04-07 16:00:00+00:00,24.7,78,1002.2,2.02
Karachi,24.9056,67.0822,2026-04-07 17:00:00+00:00,24.2,84,1002.6,1.8
Karachi,24.9056,67.0822,2026-04-07 18:00:00+00:00,24.2,86,1002.6,1.9
Karachi,24.9056,67.0822,2026-04-07 19:00:00+00:00,24.1,86,1003.0,1.85
Karachi,24.9056,67.0822,2026-04-07 20:00:00+00:00,23.6,88,1002.5,1.55
Karachi,24.9056,67.0822,2026-04-07 21:00:00+00:00,23.1,90,1001.9,1.76
Karachi,24.9056,67.0822,2026-04-07 22:00:00+00:00,22.8,92,1001.7,2.02
Karachi,24.9056,67.0822,2026-04-07 23:00:00+00:00,22.6,93,1001.4,1.99
Karachi,24.9056,67.0822,2026-04-08 00:00:00+00:00,22.0,95,1001.3,0.36
Karachi,24.9056,67.0822,2026-04-08 01:00:00+00:00,22.3,94,1001.7,0.93
Karachi,24.9056,67.0822,2026-04-08 02:00:00+00:00,22.3,95,1002.5,0.47
Karachi,24.9056,67.0822,2026-04-08 03:00:00+00:00,23.7,87,1003.4,0.21
Karachi,24.9056,67.0822,2026-04-08 04:00:00+00:00,25.8,73,1004.1,0.51
Karachi,24.9056,67.0822,2026-04-08 05:00:00+00:00,27.8,58,1004.6,0.14
Karachi,24.9056,67.0822,2026-04-08 06:00:00+00:00,29.3,47,1004.7,0.96
Karachi,24.9056,67.0822,2026-04-08 07:00:00+00:00,30.9,39,1004.6,1.1
Karachi,24.9056,67.0822,2026-04-08 08:00:00+00:00,31.4,39,1004.1,1.36
Karachi,24.9056,67.0822,2026-04-08 09:00:00+00:00,31.2,42,1003.4,2.3
Karachi,24.9056,67.0822,2026-04-08 10:00:00+00:00,30.0,51,1003.0,3.17
Karachi,24.9056,67.0822,2026-04-08 11:00:00+00:00,29.6,51,1002.4,3.05
Karachi,24.9056,67.0822,2026-04-08 12:00:00+00:00,28.6,54,1002.2,2.93
Karachi,24.9056,67.0822,2026-04-08 13:00:00+00:00,27.7,62,1002.4,2.75
Karachi,24.9056,67.0822,2026-04-08 14:00:00+00:00,26.3,70,1002.9,2.54
Karachi,24.9056,67.0822,2026-04-08 15:00:00+00:00,25.4,79,1003.5,2.02
Karachi,24.9056,67.0822,2026-04-08 16:00:00+00:00,24.9,83,1004.1,1.31
Karachi,24.9056,67.0822,2026-04-08 17:00:00+00:00,24.6,84,1004.5,1.28
Karachi,24.9056,67.0822,2026-04-08 18:00:00+00:00,24.4,88,1005.1,0.94
Karachi,24.9056,67.0822,2026-04-08 19:00:00+00:00,24.3,88,1005.2,0.97
Karachi,24.9056,67.0822,2026-04-08 20:00:00+00:00,23.4,93,1005.3,1.46
Karachi,24.9056,67.0822,2026-04-08 21:00:00+00:00,22.7,97,1005.0,1.25
Karachi,24.9056,67.0822,2026-04-08 22:00:00+00:00,22.1,100,1004.8,0.87
Karachi,24.9056,67.0822,2026-04-08 23:00:00+00:00,21.9,100,1005.0,0.51
Karachi,24.9056,67.0822,2026-04-09 00:00:00+00:00,21.9,99,1005.5,0.64
Karachi,24.9056,67.0822,2026-04-09 01:00:00+00:00,21.5,99,1006.2,1.54
Karachi,24.9056,67.0822,2026-04-09 02:00:00+00:00,21.3,97,1007.0,0.54
Karachi,24.9056,67.0822,2026-04-09 03:00:00+00:00,22.3,88,1007.6,0.36
Karachi,24.9056,67.0822,2026-04-09 04:00:00+00:00,25.1,69,1008.0,0.35
Karachi,24.9056,67.0822,2026-04-09 05:00:00+00:00,28.5,48,1008.4,1.12
Karachi,24.9056,67.0822,2026-04-09 06:00:00+00:00,30.6,42,1008.6,1.71
Karachi,24.9056,67.0822,2026-04-09 07:00:00+00:00,32.5,35,1008.3,1.86
Karachi,24.9056,67.0822,2026-04-09 08:00:00+00:00,33.6,30,1007.9,2.23
Karachi,24.9056,67.0822,2026-04-09 09:00:00+00:00,33.4,33,1006.8,2.14
Karachi,24.9056,67.0822,2026-04-09 10:00:00+00:00,32.6,38,1006.1,2.33
Karachi,24.9056,67.0822,2026-04-09 11:00:00+00:00,30.8,49,1005.9,3.29
Karachi,24.9056,67.0822,2026-04-09 12:00:00+00:00,29.0,56,1006.0,3.6
Karachi,24.9056,67.0822,2026-04-09 13:00:00+00:00,28.0,59,1006.7,3.47
Karachi,24.9056,67.0822,2026-04-09 14:00:00+00:00,27.1,61,1007.5,2.65
Karachi,24.9056,67.0822,2026-04-09 15:00:00+00:00,26.4,69,1008.0,1.5
Karachi,24.9056,67.0822,2026-04-09 16:00:00+00:00,25.9,71,1009.0,1.52
Karachi,24.9056,67.0822,2026-04-09 17:00:00+00:00,25.3,76,1009.6,1.59
Karachi,24.9056,67.0822,2026-04-09 18:00:00+00:00,25.1,81,1010.0,1.94
Karachi,24.9056,67.0822,2026-04-09 19:00:00+00:00,24.9,84,1009.7,1.57
Karachi,24.9056,67.0822,2026-04-09 20:00:00+00:00,24.5,85,1009.5,1.87
Karachi,24.9056,67.0822,2026-04-09 21:00:00+00:00,24.2,85,1008.9,1.26
Karachi,24.9056,67.0822,2026-04-09 22:00:00+00:00,24.2,84,1008.0,0.69
Karachi,24.9056,67.0822,2026-04-09 23:00:00+00:00,24.1,83,1008.0,1.0
Karachi,24.9056,67.0822,2026-04-10 00:00:00+00:00,23.7,84,1008.1,1.58
Karachi,24.9056,67.0822,2026-04-10 01:00:00+00:00,23.8,82,1008.8,1.58
Karachi,24.9056,67.0822,2026-04-10 02:00:00+00:00,24.1,76,1009.6,1.5
Karachi,24.9056,67.0822,2026-04-10 03:00:00+00:00,26.0,64,1010.5,0.79
Karachi,24.9056,67.0822,2026-04-10 04:00:00+00:00,29.1,46,1010.8,0.74
Karachi,24.9056,67.0822,2026-04-10 05:00:00+00:00,31.7,32,1011.1,0.76
Karachi,24.9056,67.0822,2026-04-10 06:00:00+00:00,33.0,29,1011.0,1.5
Karachi,24.9056,67.0822,2026-04-10 07:00:00+00:00,34.1,28,1010.5,2.21
Karachi,24.9056,67.0822,2026-04-10 08:00:00+00:00,34.1,28,1009.8,2.66
Karachi,24.9056,67.0822,2026-04-10 09:00:00+00:00,33.5,29,1008.8,2.93
Karachi,24.9056,67.0822,2026-04-10 10:00:00+00:00,33.7,29,1008.4,2.95
Karachi,24.9056,67.0822,2026-04-10 11:00:00+00:00,33.2,31,1008.0,3.02
Karachi,24.9056,67.0822,2026-04-10 12:00:00+00:00,31.7,37,1008.0,2.83
Karachi,24.9056,67.0822,2026-04-10 13:00:00+00:00,30.0,43,1008.3,2.66
Karachi,24.9056,67.0822,2026-04-10 14:00:00+00:00,28.1,53,1008.8,2.49
Karachi,24.9056,67.0822,2026-04-10 15:00:00+00:00,26.8,66,1009.4,1.88
Karachi,24.9056,67.0822,2026-04-10 16:00:00+00:00,26.0,73,1009.0,1.53
Karachi,24.9056,67.0822,2026-04-10 17:00:00+00:00,25.5,78,1009.2,1.57
Karachi,24.9056,67.0822,2026-04-10 18:00:00+00:00,25.0,83,1009.9,2.15
Karachi,24.9056,67.0822,2026-04-10 19:00:00+00:00,24.7,84,1009.2,1.59
Karachi,24.9056,67.0822,2026-04-10 20:00:00+00:00,24.5,85,1009.1,1.86
Karachi,24.9056,67.0822,2026-04-10 21:00:00+00:00,24.1,86,1008.3,1.9
Karachi,24.9056,67.0822,2026-04-10 22:00:00+00:00,24.0,86,1007.8,1.58
Karachi,24.9056,67.0822,2026-04-10 23:00:00+00:00,23.7,88,1007.3,1.55
Karachi,24.9056,67.0822,2026-04-11 00:00:00+00:00,23.7,91,1007.1,1.92
Karachi,24.9056,67.0822,2026-04-11 01:00:00+00:00,23.9,90,1007.5,2.06
Karachi,24.9056,67.0822,2026-04-11 02:00:00+00:00,24.1,88,1008.3,2.03
Karachi,24.9056,67.0822,2026-04-11 03:00:00+00:00,25.7,80,1009.0,2.07
Karachi,24.9056,67.0822,2026-04-11 04:00:00+00:00,27.9,68,1009.4,2.15
Karachi,24.9056,67.0822,2026-04-11 05:00:00+00:00,30.2,56,1009.2,2.04
Karachi,24.9056,67.0822,2026-04-11 06:00:00+00:00,32.2,46,1009.1,2.39
Karachi,24.9056,67.0822,2026-04-11 07:00:00+00:00,33.5,39,1008.5,2.74
Karachi,24.9056,67.0822,2026-04-11 08:00:00+00:00,34.3,35,1007.8,3.06
Karachi,24.9056,67.0822,2026-04-11 09:00:00+00:00,34.9,31,1007.0,3.09
Karachi,24.9056,67.0822,2026-04-11 10:00:00+00:00,35.0,30,1006.2,3.27
Karachi,24.9056,67.0822,2026-04-11 11:00:00+00:00,34.3,31,1005.6,3.22
Karachi,24.9056,67.0822,2026-04-11 12:00:00+00:00,34.3,29,1005.0,2.64
Karachi,24.9056,67.0822,2026-04-11 13:00:00+00:00,32.7,36,1005.3,2.09
Karachi,24.9056,67.0822,2026-04-11 14:00:00+00:00,30.6,43,1005.9,1.71
Karachi,24.9056,67.0822,2026-04-11 15:00:00+00:00,28.8,54,1006.6,2.0
Karachi,24.9056,67.0822,2026-04-11 16:00:00+00:00,27.5,60,1007.1,2.5
Karachi,24.9056,67.0822,2026-04-11 17:00:00+00:00,27.0,62,1007.2,1.95
Karachi,24.9056,67.0822,2026-04-11 18:00:00+00:00,26.7,63,1007.5,2.33
Karachi,24.9056,67.0822,2026-04-11 19:00:00+00:00,26.4,65,1007.0,2.48
Karachi,24.9056,67.0822,2026-04-11 20:00:00+00:00,26.0,68,1006.4,2.57
Karachi,24.9056,67.0822,2026-04-11 21:00:00+00:00,25.8,66,1005.7,2.17
Karachi,24.9056,67.0822,2026-04-11 22:00:00+00:00,25.5,66,1005.1,1.82
Karachi,24.9056,67.0822,2026-04-11 23:00:00+00:00,24.9,69,1004.8,1.7
Karachi,24.9056,67.0822,2026-04-12 00:00:00+00:00,24.0,73,1004.8,1.39
Karachi,24.9056,67.0822,2026-04-12 01:00:00+00:00,23.5,73,1004.8,1.94
Karachi,24.9056,67.0822,2026-04-12 02:00:00+00:00,23.5,68,1005.3,1.76
Karachi,24.9056,67.0822,2026-04-12 03:00:00+00:00,25.4,57,1005.8,0.86
Karachi,24.9056,67.0822,2026-04-12 04:00:00+00:00,29.1,41,1006.2,0.86
Karachi,24.9056,67.0822,2026-04-12 05:00:00+00:00,33.8,24,1006.3,1.2
Karachi,24.9056,67.0822,2026-04-12 06:00:00+00:00,36.0,16,1006.4,0.76
Karachi,24.9056,67.0822,2026-04-12 07:00:00+00:00,38.0,11,1005.7,0.21
Karachi,24.9056,67.0822,2026-04-12 08:00:00+00:00,38.8,10,1004.7,0.65
Karachi,24.9056,67.0822,2026-04-12 09:00:00+00:00,38.5,13,1003.9,1.84
Karachi,24.9056,67.0822,2026-04-12 10:00:00+00:00,37.2,22,1003.2,2.93
Karachi,24.9056,67.0822,2026-04-12 11:00:00+00:00,35.7,24,1002.9,3.38
Karachi,24.9056,67.0822,2026-04-12 12:00:00+00:00,34.6,27,1002.9,3.04
Karachi,24.9056,67.0822,2026-04-12 13:00:00+00:00,32.9,34,1003.3,2.62
Karachi,24.9056,67.0822,2026-04-12 14:00:00+00:00,30.5,46,1003.8,2.12
Karachi,24.9056,67.0822,2026-04-12 15:00:00+00:00,28.9,58,1004.2,1.56
Karachi,24.9056,67.0822,2026-04-12 16:00:00+00:00,27.8,67,1004.9,1.89
Karachi,24.9056,67.0822,2026-04-12 17:00:00+00:00,26.9,72,1005.6,2.27
Karachi,24.9056,67.0822,2026-04-12 18:00:00+00:00,26.5,76,1005.9,2.21
Karachi,24.9056,67.0822,2026-04-12 19:00:00+00:00,26.2,76,1005.6,1.78
Karachi,24.9056,67.0822,2026-04-12 20:00:00+00:00,25.7,78,1005.0,1.55
Karachi,24.9056,67.0822,2026-04-12 21:00:00+00:00,25.5,77,1004.5,1.97
Karachi,24.9056,67.0822,2026-04-12 22:00:00+00:00,25.3,71,1003.9,2.28
Karachi,24.9056,67.0822,2026-04-12 23:00:00+00:00,25.0,68,1003.6,2.49
Karachi,24.9056,67.0822,2026-04-13 00:00:00+00:00,24.7,75,1004.0,2.2
Karachi,24.9056,67.0822,2026-04-13 01:00:00+00:00,24.6,77,1004.1,2.15
Karachi,24.9056,67.0822,2026-04-13 02:00:00+00:00,24.8,78,1004.7,1.8
Karachi,24.9056,67.0822,2026-04-13 03:00:00+00:00,26.4,73,1005.6,1.4
Karachi,24.9056,67.0822,2026-04-13 04:00:00+00:00,28.9,64,1006.2,1.9
Karachi,24.9056,67.0822,2026-04-13 05:00:00+00:00,31.8,49,1006.2,1.94
Karachi,24.9056,67.0822,2026-04-13 06:00:00+00:00,33.4,40,1006.3,3.07
Karachi,24.9056,67.0822,2026-04-13 07:00:00+00:00,34.5,34,1005.9,3.42
Karachi,24.9056,67.0822,2026-04-13 08:00:00+00:00,35.2,30,1005.4,3.71
Karachi,24.9056,67.0822,2026-04-13 09:00:00+00:00,35.8,26,1004.7,3.7
Karachi,24.9056,67.0822,2026-04-13 10:00:00+00:00,35.5,26,1004.1,4.17
Karachi,24.9056,67.0822,2026-04-13 11:00:00+00:00,34.7,27,1003.5,4.38
Karachi,24.9056,67.0822,2026-04-13 12:00:00+00:00,32.6,36,1003.5,4.17
Karachi,24.9056,67.0822,2026-04-13 13:00:00+00:00,30.7,44,1003.4,3.69
Karachi,24.9056,67.0822,2026-04-13 14:00:00+00:00,29.0,54,1003.7,2.99
Karachi,24.9056,67.0822,2026-04-13 15:00:00+00:00,28.3,58,1004.3,2.18
Karachi,24.9056,67.0822,2026-04-13 16:00:00+00:00,28.0,60,1004.8,1.79
Karachi,24.9056,67.0822,2026-04-13 17:00:00+00:00,27.5,63,1005.3,2.05
Karachi,24.9056,67.0822,2026-04-13 18:00:00+00:00,27.0,66,1005.6,1.9
Karachi,24.9056,67.0822,2026-04-13 19:00:00+00:00,26.7,68,1005.1,2.05
Karachi,24.9056,67.0822,2026-04-13 20:00:00+00:00,26.3,70,1004.5,2.45
Karachi,24.9056,67.0822,2026-04-13 21:00:00+00:00,26.1,70,1003.9,2.64
Karachi,24.9056,67.0822,2026-04-13 22:00:00+00:00,26.0,69,1003.2,2.86
Karachi,24.9056,67.0822,2026-04-13 23:00:00+00:00,25.8,70,1003.1,2.47
Karachi,24.9056,67.0822,2026-04-14 00:00:00+00:00,25.4,76,1003.1,2.19
Karachi,24.9056,67.0822,2026-04-14 01:00:00+00:00,25.3,77,1003.6,2.25
Karachi,24.9056,67.0822,2026-04-14 02:00:00+00:00,25.4,76,1004.2,1.96
Karachi,24.9056,67.0822,2026-04-14 03:00:00+00:00,26.9,70,1004.7,1.04
Karachi,24.9056,67.0822,2026-04-14 04:00:00+00:00,29.6,57,1004.9,0.9
Karachi,24.9056,67.0822,2026-04-14 05:00:00+00:00,32.7,42,1005.3,1.14
Karachi,24.9056,67.0822,2026-04-14 06:00:00+00:00,33.9,39,1005.5,1.97
Karachi,24.9056,67.0822,2026-04-14 07:00:00+00:00,35.1,34,1005.1,2.3
Karachi,24.9056,67.0822,2026-04-14 08:00:00+00:00,35.9,30,1004.3,2.6
Karachi,24.9056,67.0822,2026-04-14 09:00:00+00:00,35.7,31,1003.6,3.04
Karachi,24.9056,67.0822,2026-04-14 10:00:00+00:00,35.0,32,1003.0,3.3
Karachi,24.9056,67.0822,2026-04-14 11:00:00+00:00,34.3,33,1002.6,2.91
Karachi,24.9056,67.0822,2026-04-14 12:00:00+00:00,33.3,35,1002.1,2.44
Karachi,24.9056,67.0822,2026-04-14 13:00:00+00:00,31.6,42,1002.2,2.23
Karachi,24.9056,67.0822,2026-04-14 14:00:00+00:00,29.3,51,1002.6,2.54
Karachi,24.9056,67.0822,2026-04-14 15:00:00+00:00,27.9,58,1003.1,2.09
Karachi,24.9056,67.0822,2026-04-14 16:00:00+00:00,27.1,65,1003.6,1.94
Karachi,24.9056,67.0822,2026-04-14 17:00:00+00:00,26.5,70,1004.2,1.9
Karachi,24.9056,67.0822,2026-04-14 18:00:00+00:00,26.1,75,1004.1,1.7
Karachi,24.9056,67.0822,2026-04-14 19:00:00+00:00,25.9,77,1004.0,0.79
Karachi,24.9056,67.0822,2026-04-14 20:00:00+00:00,25.4,78,1003.1,1.3
Karachi,24.9056,67.0822,2026-04-14 21:00:00+00:00,25.0,80,1002.5,1.66
Karachi,24.9056,67.0822,2026-04-14 22:00:00+00:00,24.7,81,1001.9,1.9
Karachi,24.9056,67.0822,2026-04-14 23:00:00+00:00,24.4,82,1001.6,1.6
Karachi,24.9056,67.0822,2026-04-15 00:00:00+00:00,23.8,84,1001.2,0.94
Karachi,24.9056,67.0822,2026-04-15 01:00:00+00:00,23.7,84,1001.6,1.17
Karachi,24.9056,67.0822,2026-04-15 02:00:00+00:00,23.7,84,1002.2,0.83
Karachi,24.9056,67.0822,2026-04-15 03:00:00+00:00,25.8,74,1002.9,0.14
Karachi,24.9056,67.0822,2026-04-15 04:00:00+00:00,28.5,63,1003.2,0.71
Karachi,24.9056,67.0822,2026-04-15 05:00:00+00:00,31.2,53,1003.5,0.99
Karachi,24.9056,67.0822,2026-04-15 06:00:00+00:00,32.8,48,1003.7,1.57
Karachi,24.9056,67.0822,2026-04-15 07:00:00+00:00,34.3,45,1003.5,1.97
Karachi,24.9056,67.0822,2026-04-15 08:00:00+00:00,35.0,42,1002.8,2.32
Karachi,24.9056,67.0822,2026-04-15 09:00:00+00:00,35.5,38,1001.9,2.52
Karachi,24.9056,67.0822,2026-04-15 10:00:00+00:00,35.6,33,1001.0,2.62
Karachi,24.9056,67.0822,2026-04-15 11:00:00+00:00,34.9,34,1000.6,2.7
Karachi,24.9056,67.0822,2026-04-15 12:00:00+00:00,32.2,45,1000.8,3.22
Karachi,24.9056,67.0822,2026-04-15 13:00:00+00:00,29.9,57,1000.9,3.0
Karachi,24.9056,67.0822,2026-04-15 14:00:00+00:00,28.1,67,1001.4,2.55
Karachi,24.9056,67.0822,2026-04-15 15:00:00+00:00,27.2,72,1002.1,2.2
Karachi,24.9056,67.0822,2026-04-15 16:00:00+00:00,26.7,75,1002.6,1.86
Karachi,24.9056,67.0822,2026-04-15 17:00:00+00:00,26.2,76,1002.7,1.41
Karachi,24.9056,67.0822,2026-04-15 18:00:00+00:00,25.9,78,1002.6,1.6
Karachi,24.9056,67.0822,2026-04-15 19:00:00+00:00,25.8,75,1002.2,2.0
Karachi,24.9056,67.0822,2026-04-15 20:00:00+00:00,25.5,73,1001.8,2.31
Karachi,24.9056,67.0822,2026-04-15 21:00:00+00:00,25.3,69,1001.4,2.4
Karachi,24.9056,67.0822,2026-04-15 22:00:00+00:00,25.1,66,1001.1,2.51
Karachi,24.9056,67.0822,2026-04-15 23:00:00+00:00,24.7,65,1000.7,2.31
Karachi,24.9056,67.0822,2026-04-16 00:00:00+00:00,24.4,72,1000.5,2.31
Karachi,24.9056,67.0822,2026-04-16 01:00:00+00:00,24.2,73,1001.0,2.45
Karachi,24.9056,67.0822,2026-04-16 02:00:00+00:00,24.5,71,1001.6,2.38
Karachi,24.9056,67.0822,2026-04-16 03:00:00+00:00,26.2,66,1002.3,1.79
Karachi,24.9056,67.0822,2026-04-16 04:00:00+00:00,28.5,55,1002.9,2.24
Karachi,24.9056,67.0822,2026-04-16 05:00:00+00:00,30.7,41,1003.2,2.42
Karachi,24.9056,67.0822,2026-04-16 06:00:00+00:00,31.4,37,1003.7,3.11
Karachi,24.9056,67.0822,2026-04-16 07:00:00+00:00,31.8,36,1003.7,3.21
Karachi,24.9056,67.0822,2026-04-16 08:00:00+00:00,31.9,40,1003.3,3.45
Karachi,24.9056,67.0822,2026-04-16 09:00:00+00:00,32.0,41,1002.7,3.57
Karachi,24.9056,67.0822,2026-04-16 10:00:00+00:00,32.2,38,1001.9,3.38
Karachi,24.9056,67.0822,2026-04-16 11:00:00+00:00,31.3,41,1001.3,3.34
Karachi,24.9056,67.0822,2026-04-16 12:00:00+00:00,30.0,48,1000.9,2.77
Karachi,24.9056,67.0822,2026-04-16 13:00:00+00:00,28.9,56,1000.9,2.59
Karachi,24.9056,67.0822,2026-04-16 14:00:00+00:00,27.7,64,1001.4,2.34
Karachi,24.9056,67.0822,2026-04-16 15:00:00+00:00,27.0,69,1002.1,2.07
Karachi,24.9056,67.0822,2026-04-16 16:00:00+00:00,26.5,73,1003.0,2.09
Karachi,24.9056,67.0822,2026-04-16 17:00:00+00:00,26.0,77,1003.5,2.04
Karachi,24.9056,67.0822,2026-04-16 18:00:00+00:00,25.8,79,1004.0,2.0
Karachi,24.9056,67.0822,2026-04-16 19:00:00+00:00,25.5,80,1004.0,1.92
Karachi,24.9056,67.0822,2026-04-16 20:00:00+00:00,25.1,81,1003.3,1.77
Karachi,24.9056,67.0822,2026-04-16 21:00:00+00:00,24.7,83,1003.1,1.89
Karachi,24.9056,67.0822,2026-04-16 22:00:00+00:00,24.4,85,1002.9,2.05
Karachi,24.9056,67.0822,2026-04-16 23:00:00+00:00,24.3,84,1002.8,2.1
Karachi,24.9056,67.0822,2026-04-17 00:00:00+00:00,24.5,87,1002.9,2.46
Karachi,24.9056,67.0822,2026-04-17 01:00:00+00:00,24.4,88,1003.3,2.47
Karachi,24.9056,67.0822,2026-04-17 02:00:00+00:00,24.5,89,1003.9,2.13
Karachi,24.9056,67.0822,2026-04-17 03:00:00+00:00,26.1,81,1004.9,2.14
Karachi,24.9056,67.0822,2026-04-17 04:00:00+00:00,28.5,69,1005.7,2.15
Karachi,24.9056,67.0822,2026-04-17 05:00:00+00:00,31.5,52,1005.9,2.07
Karachi,24.9056,67.0822,2026-04-17 06:00:00+00:00,34.0,36,1005.9,2.71
Karachi,24.9056,67.0822,2026-04-17 07:00:00+00:00,35.6,27,1005.6,3.22
Karachi,24.9056,67.0822,2026-04-17 08:00:00+00:00,36.2,23,1005.1,3.46
Karachi,24.9056,67.0822,2026-04-17 09:00:00+00:00,36.3,22,1004.5,3.51
Karachi,24.9056,67.0822,2026-04-17 10:00:00+00:00,36.0,21,1003.8,3.26
Karachi,24.9056,67.0822,2026-04-17 11:00:00+00:00,35.5,22,1003.2,3.1
Karachi,24.9056,67.0822,2026-04-17 12:00:00+00:00,33.9,25,1003.3,3.31
Karachi,24.9056,67.0822,2026-04-17 13:00:00+00:00,32.0,28,1003.2,2.81
Karachi,24.9056,67.0822,2026-04-17 14:00:00+00:00,29.8,37,1003.8,2.33
Karachi,24.9056,67.0822,2026-04-17 15:00:00+00:00,28.5,45,1004.4,2.07
Karachi,24.9056,67.0822,2026-04-17 16:00:00+00:00,27.6,50,1005.0,2.05
Karachi,24.9056,67.0822,2026-04-17 17:00:00+00:00,26.6,58,1005.7,2.06
Karachi,24.9056,67.0822,2026-04-17 18:00:00+00:00,25.8,69,1005.7,1.85
Karachi,24.9056,67.0822,2026-04-17 19:00:00+00:00,25.3,75,1005.5,1.63
Karachi,24.9056,67.0822,2026-04-17 20:00:00+00:00,24.7,80,1005.1,1.75
Karachi,24.9056,67.0822,2026-04-17 21:00:00+00:00,24.3,84,1004.5,1.82
Karachi,24.9056,67.0822,2026-04-17 22:00:00+00:00,23.9,86,1003.9,1.86
Karachi,24.9056,67.0822,2026-04-17 23:00:00+00:00,23.7,86,1003.7,1.79
Karachi,24.9056,67.0822,2026-04-18 00:00:00+00:00,23.6,86,1003.8,1.81
Karachi,24.9056,67.0822,2026-04-18 01:00:00+00:00,23.3,86,1004.1,2.28
Karachi,24.9056,67.0822,2026-04-18 02:00:00+00:00,23.6,85,1004.5,2.15
Karachi,24.9056,67.0822,2026-04-18 03:00:00+00:00,25.4,77,1005.2,1.66
Karachi,24.9056,67.0822,2026-04-18 04:00:00+00:00,27.6,66,1005.5,1.91
Karachi,24.9056,67.0822,2026-04-18 05:00:00+00:00,29.7,51,1005.8,2.21
Karachi,24.9056,67.0822,2026-04-18 06:00:00+00:00,30.6,42,1006.0,2.75
Karachi,24.9056,67.0822,2026-04-18 07:00:00+00:00,31.9,38,1005.8,2.86
Karachi,24.9056,67.0822,2026-04-18 08:00:00+00:00,32.5,37,1005.3,2.92
Karachi,24.9056,67.0822,2026-04-18 09:00:00+00:00,32.6,35,1004.5,2.94
Karachi,24.9056,67.0822,2026-04-18 10:00:00+00:00,32.4,35,1003.8,3.11
Karachi,24.9056,67.0822,2026-04-18 11:00:00+00:00,31.5,38,1003.4,3.16
Karachi,24.9056,67.0822,2026-04-18 12:00:00+00:00,29.7,47,1003.4,3.09
Karachi,24.9056,67.0822,2026-04-18 13:00:00+00:00,28.0,60,1003.5,2.95
Karachi,24.9056,67.0822,2026-04-18 14:00:00+00:00,26.5,71,1004.2,2.82
Karachi,24.9056,67.0822,2026-04-18 15:00:00+00:00,25.9,75,1004.7,2.28
Karachi,24.9056,67.0822,2026-04-18 16:00:00+00:00,25.6,74,1005.0,1.48
Karachi,24.9056,67.0822,2026-04-18 17:00:00+00:00,25.3,74,1005.0,1.26
Karachi,24.9056,67.0822,2026-04-18 18:00:00+00:00,24.9,74,1005.3,1.87
Karachi,24.9056,67.0822,2026-04-18 19:00:00+00:00,24.6,77,1005.3,1.7
Karachi,24.9056,67.0822,2026-04-18 20:00:00+00:00,24.1,81,1004.8,1.47
Karachi,24.9056,67.0822,2026-04-18 21:00:00+00:00,23.7,84,1004.3,1.61
Karachi,24.9056,67.0822,2026-04-18 22:00:00+00:00,23.4,86,1003.8,1.5
Karachi,24.9056,67.0822,2026-04-18 23:00:00+00:00,23.1,88,1003.3,1.91
Karachi,24.9056,67.0822,2026-04-19 00:00:00+00:00,23.1,92,1003.1,1.8
Karachi,24.9056,67.0822,2026-04-19 01:00:00+00:00,23.1,92,1003.5,1.65
Karachi,24.9056,67.0822,2026-04-19 02:00:00+00:00,23.4,90,1004.0,1.33
Karachi,24.9056,67.0822,2026-04-19 03:00:00+00:00,25.3,80,1004.8,1.05
Karachi,24.9056,67.0822,2026-04-19 04:00:00+00:00,27.3,70,1005.2,1.67
Karachi,24.9056,67.0822,2026-04-19 05:00:00+00:00,29.4,58,1005.4,1.9
Karachi,24.9056,67.0822,2026-04-19 06:00:00+00:00,30.9,51,1005.8,2.47
Karachi,24.9056,67.0822,2026-04-19 07:00:00+00:00,32.1,45,1005.7,3.02
Karachi,24.9056,67.0822,2026-04-19 08:00:00+00:00,32.7,43,1005.2,3.11
Karachi,24.9056,67.0822,2026-04-19 09:00:00+00:00,33.0,42,1004.4,3.01
Karachi,24.9056,67.0822,2026-04-19 10:00:00+00:00,33.2,40,1003.8,3.02
Karachi,24.9056,67.0822,2026-04-19 11:00:00+00:00,32.6,41,1003.3,3.01
Karachi,24.9056,67.0822,2026-04-19 12:00:00+00:00,31.1,45,1003.1,2.79
Karachi,24.9056,67.0822,2026-04-19 13:00:00+00:00,29.8,48,1003.3,2.77
Karachi,24.9056,67.0822,2026-04-19 14:00:00+00:00,28.2,57,1003.5,2.48
Karachi,24.9056,67.0822,2026-04-19 15:00:00+00:00,26.9,68,1004.1,2.12
Karachi,24.9056,67.0822,2026-04-19 16:00:00+00:00,26.2,77,1004.6,1.71
Karachi,24.9056,67.0822,2026-04-19 17:00:00+00:00,25.6,81,1005.2,1.07
Karachi,24.9056,67.0822,2026-04-19 18:00:00+00:00,25.2,82,1005.2,1.37
Karachi,24.9056,67.0822,2026-04-19 19:00:00+00:00,24.9,84,1005.0,1.82
Karachi,24.9056,67.0822,2026-04-19 20:00:00+00:00,24.6,87,1004.3,1.95
Karachi,24.9056,67.0822,2026-04-19 21:00:00+00:00,24.3,89,1003.8,2.05
Karachi,24.9056,67.0822,2026-04-19 22:00:00+00:00,23.9,92,1003.7,2.23
Karachi,24.9056,67.0822,2026-04-19 23:00:00+00:00,23.7,92,1003.8,1.9
Karachi,24.9056,67.0822,2026-04-20 00:00:00+00:00,23.9,96,1003.5,1.55
Karachi,24.9056,67.0822,2026-04-20 01:00:00+00:00,23.8,96,1003.6,1.7
Karachi,24.9056,67.0822,2026-04-20 02:00:00+00:00,24.1,94,1004.1,1.54
Karachi,24.9056,67.0822,2026-04-20 03:00:00+00:00,26.0,84,1004.9,2.4
Karachi,24.9056,67.0822,2026-04-20 04:00:00+00:00,28.0,73,1005.5,1.7
Karachi,24.9056,67.0822,2026-04-20 05:00:00+00:00,30.4,61,1005.4,1.5
Karachi,24.9056,67.0822,2026-04-20 06:00:00+00:00,32.0,54,1005.2,1.74
Karachi,24.9056,67.0822,2026-04-20 07:00:00+00:00,33.5,48,1004.8,2.0
Karachi,24.9056,67.0822,2026-04-20 08:00:00+00:00,34.1,47,1004.2,2.44
Karachi,24.9056,67.0822,2026-04-20 09:00:00+00:00,34.1,46,1003.3,2.72
Karachi,24.9056,67.0822,2026-04-20 10:00:00+00:00,33.9,44,1002.9,2.88
Karachi,24.9056,67.0822,2026-04-20 11:00:00+00:00,33.1,42,1002.4,3.08
Karachi,24.9056,67.0822,2026-04-20 12:00:00+00:00,31.2,43,1002.3,3.07
Karachi,24.9056,67.0822,2026-04-20 13:00:00+00:00,29.6,50,1002.8,3.03
Karachi,24.9056,67.0822,2026-04-20 14:00:00+00:00,27.8,64,1003.2,2.66
Karachi,24.9056,67.0822,2026-04-20 15:00:00+00:00,26.7,73,1003.9,2.2
Karachi,24.9056,67.0822,2026-04-20 16:00:00+00:00,26.3,75,1004.6,1.38
Karachi,24.9056,67.0822,2026-04-20 17:00:00+00:00,25.9,76,1004.8,1.66
Karachi,24.9056,67.0822,2026-04-20 18:00:00+00:00,25.7,80,1004.7,2.06
Karachi,24.9056,67.0822,2026-04-20 19:00:00+00:00,25.4,82,1005.0,1.56
Karachi,24.9056,67.0822,2026-04-20 20:00:00+00:00,25.1,84,1004.6,2.1
Karachi,24.9056,67.0822,2026-04-20 21:00:00+00:00,24.7,87,1004.3,1.71
Karachi,24.9056,67.0822,2026-04-20 22:00:00+00:00,24.4,89,1003.9,1.53
Karachi,24.9056,67.0822,2026-04-20 23:00:00+00:00,24.1,91,1003.6,1.81
Karachi,24.9056,67.0822,2026-04-21 00:00:00+00:00,23.9,94,1003.4,1.8
Karachi,24.9056,67.0822,2026-04-21 01:00:00+00:00,23.9,94,1003.6,1.97
Karachi,24.9056,67.0822,2026-04-21 02:00:00+00:00,24.3,93,1004.1,1.86
Karachi,24.9056,67.0822,2026-04-21 03:00:00+00:00,26.1,83,1004.8,2.65
Karachi,24.9056,67.0822,2026-04-21 04:00:00+00:00,28.1,69,1005.2,2.36
Karachi,24.9056,67.0822,2026-04-21 05:00:00+00:00,30.3,55,1005.5,2.65
Karachi,24.9056,67.0822,2026-04-21 06:00:00+00:00,31.2,50,1005.3,3.04
Karachi,24.9056,67.0822,2026-04-21 07:00:00+00:00,32.2,45,1005.0,3.24
Karachi,24.9056,67.0822,2026-04-21 08:00:00+00:00,32.7,42,1004.4,3.37
Karachi,24.9056,67.0822,2026-04-21 09:00:00+00:00,33.1,37,1003.5,3.35
Karachi,24.9056,67.0822,2026-04-21 10:00:00+00:00,32.8,37,1003.0,3.54
Karachi,24.9056,67.0822,2026-04-21 11:00:00+00:00,31.8,40,1002.5,3.49
Karachi,24.9056,67.0822,2026-04-21 12:00:00+00:00,30.5,43,1002.1,3.22
Karachi,24.9056,67.0822,2026-04-21 13:00:00+00:00,29.1,50,1002.2,2.82
Karachi,24.9056,67.0822,2026-04-21 14:00:00+00:00,27.6,61,1002.6,2.51
Karachi,24.9056,67.0822,2026-04-21 15:00:00+00:00,26.6,72,1003.1,2.4
Karachi,24.9056,67.0822,2026-04-21 16:00:00+00:00,26.1,77,1003.5,1.79
Karachi,24.9056,67.0822,2026-04-21 17:00:00+00:00,25.9,79,1004.1,1.59
Karachi,24.9056,67.0822,2026-04-21 18:00:00+00:00,25.9,80,1004.1,1.64
Karachi,24.9056,67.0822,2026-04-21 19:00:00+00:00,25.7,83,1004.2,1.2
Karachi,24.9056,67.0822,2026-04-21 20:00:00+00:00,25.2,87,1003.8,1.27
Karachi,24.9056,67.0822,2026-04-21 21:00:00+00:00,24.9,89,1003.5,1.7
Karachi,24.9056,67.0822,2026-04-21 22:00:00+00:00,24.7,92,1002.9,1.79
Karachi,24.9056,67.0822,2026-04-21 23:00:00+00:00,24.4,94,1002.6,1.86
Karachi,24.9056,67.0822,2026-04-22 00:00:00+00:00,24.2,96,1002.9,1.71
Karachi,24.9056,67.0822,2026-04-22 01:00:00+00:00,24.5,93,1003.1,1.89
Karachi,24.9056,67.0822,2026-04-22 02:00:00+00:00,25.1,89,1003.7,2.33
Karachi,24.9056,67.0822,2026-04-22 03:00:00+00:00,26.6,79,1004.6,2.63
Karachi,24.9056,67.0822,2026-04-22 04:00:00+00:00,28.4,69,1004.9,2.82
Karachi,24.9056,67.0822,2026-04-22 05:00:00+00:00,30.2,59,1005.1,3.01
Karachi,24.9056,67.0822,2026-04-22 06:00:00+00:00,31.4,53,1004.6,3.4
Karachi,24.9056,67.0822,2026-04-22 07:00:00+00:00,32.1,53,1004.1,3.7
Karachi,24.9056,67.0822,2026-04-22 08:00:00+00:00,33.1,46,1003.2,3.57
Karachi,24.9056,67.0822,2026-04-22 09:00:00+00:00,33.6,42,1002.4,3.76
Karachi,24.9056,67.0822,2026-04-22 10:00:00+00:00,32.7,48,1001.9,3.91
Karachi,24.9056,67.0822,2026-04-22 11:00:00+00:00,31.4,57,1001.5,3.8
Karachi,24.9056,67.0822,2026-04-22 12:00:00+00:00,30.4,60,1001.2,3.45
Karachi,24.9056,67.0822,2026-04-22 13:00:00+00:00,29.0,69,1001.4,3.42
Karachi,24.9056,67.0822,2026-04-22 14:00:00+00:00,27.6,77,1001.7,3.22
Karachi,24.9056,67.0822,2026-04-22 15:00:00+00:00,27.2,81,1002.1,2.55
Karachi,24.9056,67.0822,2026-04-22 16:00:00+00:00,26.9,83,1002.6,2.1
Karachi,24.9056,67.0822,2026-04-22 17:00:00+00:00,26.6,85,1003.0,1.91
Karachi,24.9056,67.0822,2026-04-22 18:00:00+00:00,26.5,87,1003.1,2.08
Karachi,24.9056,67.0822,2026-04-22 19:00:00+00:00,26.4,87,1003.1,2.09
Karachi,24.9056,67.0822,2026-04-22 20:00:00+00:00,26.1,89,1002.8,2.39
Karachi,24.9056,67.0822,2026-04-22 21:00:00+00:00,25.8,90,1002.2,2.37
Karachi,24.9056,67.0822,2026-04-22 22:00:00+00:00,25.5,92,1002.2,2.12
Karachi,24.9056,67.0822,2026-04-22 23:00:00+00:00,25.3,93,1002.1,2.37
Karachi,24.9056,67.0822,2026-04-23 00:00:00+00:00,25.3,96,1002.2,1.99
Karachi,24.9056,67.0822,2026-04-23 01:00:00+00:00,25.2,96,1002.6,2.29
Karachi,24.9056,67.0822,2026-04-23 02:00:00+00:00,25.8,91,1003.1,2.91
Karachi,24.9056,67.0822,2026-04-23 03:00:00+00:00,27.3,80,1003.9,3.21
Karachi,24.9056,67.0822,2026-04-23 04:00:00+00:00,28.9,71,1004.2,2.86
Karachi,24.9056,67.0822,2026-04-23 05:00:00+00:00,30.7,61,1004.1,2.69
Karachi,24.9056,67.0822,2026-04-23 06:00:00+00:00,31.5,56,1004.5,3.2
Karachi,24.9056,67.0822,2026-04-23 07:00:00+00:00,32.6,50,1004.2,3.56
Karachi,24.9056,67.0822,2026-04-23 08:00:00+00:00,33.5,45,1003.6,3.63
Karachi,24.9056,67.0822,2026-04-23 09:00:00+00:00,33.8,42,1002.8,3.89
Karachi,24.9056,67.0822,2026-04-23 10:00:00+00:00,33.6,44,1002.2,3.76
Karachi,24.9056,67.0822,2026-04-23 11:00:00+00:00,33.2,45,1002.0,3.49
Karachi,24.9056,67.0822,2026-04-23 12:00:00+00:00,31.8,50,1001.5,2.78
Karachi,24.9056,67.0822,2026-04-23 13:00:00+00:00,30.7,56,1002.3,1.66
Karachi,24.9056,67.0822,2026-04-23 14:00:00+00:00,29.4,65,1002.7,2.83
Karachi,24.9056,67.0822,2026-04-23 15:00:00+00:00,28.1,73,1002.7,2.64
Karachi,24.9056,67.0822,2026-04-23 16:00:00+00:00,27.4,80,1003.0,1.86
Karachi,24.9056,67.0822,2026-04-23 17:00:00+00:00,26.9,83,1003.9,1.46
Karachi,24.9056,67.0822,2026-04-23 18:00:00+00:00,26.9,85,1003.7,1.35
Karachi,24.9056,67.0822,2026-04-23 19:00:00+00:00,26.7,87,1003.6,1.41
Karachi,24.9056,67.0822,2026-04-23 20:00:00+00:00,26.4,90,1003.1,1.67
Karachi,24.9056,67.0822,2026-04-23 21:00:00+00:00,26.3,90,1002.8,1.83
Karachi,24.9056,67.0822,2026-04-23 22:00:00+00:00,26.0,91,1002.8,1.6
Karachi,24.9056,67.0822,2026-04-23 23:00:00+00:00,25.8,92,1002.8,1.49
Karachi,24.9056,67.0822,2026-04-24 00:00:00+00:00,25.8,96,1002.6,1.62
Karachi,24.9056,67.0822,2026-04-24 01:00:00+00:00,25.9,94,1003.1,1.77
Karachi,24.9056,67.0822,2026-04-24 02:00:00+00:00,26.1,92,1003.7,1.85
Karachi,24.9056,67.0822,2026-04-24 03:00:00+00:00,27.6,82,1004.3,2.6
Karachi,24.9056,67.0822,2026-04-24 04:00:00+00:00,29.7,72,1004.5,2.14
Karachi,24.9056,67.0822,2026-04-24 05:00:00+00:00,31.6,63,1004.6,2.32
Karachi,24.9056,67.0822,2026-04-24 06:00:00+00:00,32.0,59,1004.5,2.94
Karachi,24.9056,67.0822,2026-04-24 07:00:00+00:00,33.0,55,1004.3,2.97
Karachi,24.9056,67.0822,2026-04-24 08:00:00+00:00,33.4,53,1003.7,3.1
Karachi,24.9056,67.0822,2026-04-24 09:00:00+00:00,33.4,52,1003.1,3.49
Karachi,24.9056,67.0822,2026-04-24 10:00:00+00:00,32.9,55,1002.5,3.56
Karachi,24.9056,67.0822,2026-04-24 11:00:00+00:00,32.1,59,1002.6,3.19
Karachi,24.9056,67.0822,2026-04-24 12:00:00+00:00,31.4,60,1001.8,2.96
Karachi,24.9056,67.0822,2026-04-24 13:00:00+00:00,30.2,65,1002.0,2.46
Karachi,24.9056,67.0822,2026-04-24 14:00:00+00:00,28.9,72,1002.6,1.98
Karachi,24.9056,67.0822,2026-04-24 15:00:00+00:00,28.0,79,1003.4,2.09
Karachi,24.9056,67.0822,2026-04-24 16:00:00+00:00,27.5,83,1003.9,1.64
Karachi,24.9056,67.0822,2026-04-24 17:00:00+00:00,27.1,85,1004.2,1.41
Karachi,24.9056,67.0822,2026-04-24 18:00:00+00:00,27.0,88,1004.4,1.82
Karachi,24.9056,67.0822,2026-04-24 19:00:00+00:00,26.8,88,1004.0,1.55
Karachi,24.9056,67.0822,2026-04-24 20:00:00+00:00,26.4,90,1003.7,1.46
Karachi,24.9056,67.0822,2026-04-24 21:00:00+00:00,25.9,93,1003.7,2.09
Karachi,24.9056,67.0822,2026-04-24 22:00:00+00:00,25.5,95,1003.7,1.79
Karachi,24.9056,67.0822,2026-04-24 23:00:00+00:00,25.2,96,1003.6,1.7
Karachi,24.9056,67.0822,2026-04-25 00:00:00+00:00,25.0,97,1003.3,1.7
Karachi,24.9056,67.0822,2026-04-25 01:00:00+00:00,24.9,97,1003.5,1.45
Karachi,24.9056,67.0822,2026-04-25 02:00:00+00:00,25.2,95,1004.0,1.74
Karachi,24.9056,67.0822,2026-04-25 03:00:00+00:00,26.9,84,1004.8,1.5
Karachi,24.9056,67.0822,2026-04-25 04:00:00+00:00,29.1,74,1005.3,1.27
Karachi,24.9056,67.0822,2026-04-25 05:00:00+00:00,31.5,62,1005.5,1.61
Karachi,24.9056,67.0822,2026-04-25 06:00:00+00:00,33.4,54,1005.3,1.9
Karachi,24.9056,67.0822,2026-04-25 07:00:00+00:00,34.8,49,1004.9,2.37
Karachi,24.9056,67.0822,2026-04-25 08:00:00+00:00,36.0,43,1004.1,2.4
Karachi,24.9056,67.0822,2026-04-25 09:00:00+00:00,36.3,41,1003.4,2.8
Karachi,24.9056,67.0822,2026-04-25 10:00:00+00:00,36.1,41,1002.8,2.86
Karachi,24.9056,67.0822,2026-04-25 11:00:00+00:00,35.2,43,1002.6,2.79
Karachi,24.9056,67.0822,2026-04-25 12:00:00+00:00,33.1,49,1002.3,2.86
Karachi,24.9056,67.0822,2026-04-25 13:00:00+00:00,31.6,55,1002.3,2.71
Karachi,24.9056,67.0822,2026-04-25 14:00:00+00:00,29.9,63,1002.9,2.3
Karachi,24.9056,67.0822,2026-04-25 15:00:00+00:00,29.0,69,1003.6,1.79
Karachi,24.9056,67.0822,2026-04-25 16:00:00+00:00,28.5,70,1004.1,1.61
Karachi,24.9056,67.0822,2026-04-25 17:00:00+00:00,28.1,72,1004.4,1.7
Karachi,24.9056,67.0822,2026-04-25 18:00:00+00:00,27.9,76,1004.4,1.66
Karachi,24.9056,67.0822,2026-04-25 19:00:00+00:00,27.6,77,1004.1,1.73
Karachi,24.9056,67.0822,2026-04-25 20:00:00+00:00,27.3,78,1003.7,1.5
Karachi,24.9056,67.0822,2026-04-25 21:00:00+00:00,26.9,80,1003.1,1.7
Karachi,24.9056,67.0822,2026-04-25 22:00:00+00:00,26.6,80,1002.8,1.85
Karachi,24.9056,67.0822,2026-04-25 23:00:00+00:00,26.3,80,1002.7,1.91
Karachi,24.9056,67.0822,2026-04-26 00:00:00+00:00,25.9,85,1002.6,2.05
Karachi,24.9056,67.0822,2026-04-26 01:00:00+00:00,25.9,85,1002.8,2.29
Karachi,24.9056,67.0822,2026-04-26 02:00:00+00:00,26.3,83,1003.2,1.76
Karachi,24.9056,67.0822,2026-04-26 03:00:00+00:00,28.3,73,1003.8,1.66
Karachi,24.9056,67.0822,2026-04-26 04:00:00+00:00,31.1,61,1004.1,1.99
Karachi,24.9056,67.0822,2026-04-26 05:00:00+00:00,33.7,49,1004.1,2.61
Karachi,24.9056,67.0822,2026-04-26 06:00:00+00:00,35.0,44,1004.0,2.95
Karachi,24.9056,67.0822,2026-04-26 07:00:00+00:00,36.3,38,1003.4,3.28
Karachi,24.9056,67.0822,2026-04-26 08:00:00+00:00,37.1,34,1002.8,3.47
Karachi,24.9056,67.0822,2026-04-26 09:00:00+00:00,37.6,31,1001.9,3.71
Karachi,24.9056,67.0822,2026-04-26 10:00:00+00:00,37.7,28,1001.0,3.77
Karachi,24.9056,67.0822,2026-04-26 11:00:00+00:00,37.4,26,1000.5,3.41
Karachi,24.9056,67.0822,2026-04-26 12:00:00+00:00,36.1,29,1000.2,3.11
Karachi,24.9056,67.0822,2026-04-26 13:00:00+00:00,34.4,35,1000.5,3.07
Karachi,24.9056,67.0822,2026-04-26 14:00:00+00:00,32.0,45,1000.9,2.58
Karachi,24.9056,67.0822,2026-04-26 15:00:00+00:00,30.5,55,1001.5,2.2
Karachi,24.9056,67.0822,2026-04-26 16:00:00+00:00,29.7,59,1001.9,1.73
Karachi,24.9056,67.0822,2026-04-26 17:00:00+00:00,29.1,63,1002.2,1.43
Karachi,24.9056,67.0822,2026-04-26 18:00:00+00:00,28.7,68,1002.2,1.77
Karachi,24.9056,67.0822,2026-04-26 19:00:00+00:00,28.2,71,1001.9,1.64
Karachi,24.9056,67.0822,2026-04-26 20:00:00+00:00,27.6,75,1001.2,1.52
Karachi,24.9056,67.0822,2026-04-26 21:00:00+00:00,27.1,78,1000.9,1.64
Karachi,24.9056,67.0822,2026-04-26 22:00:00+00:00,26.6,81,1000.5,1.69
Karachi,24.9056,67.0822,2026-04-26 23:00:00+00:00,26.3,83,1000.2,1.81
Karachi,24.9056,67.0822,2026-04-27 00:00:00+00:00,26.0,85,999.9,1.72
Karachi,24.9056,67.0822,2026-04-27 01:00:00+00:00,26.1,86,1000.1,2.09
Karachi,24.9056,67.0822,2026-04-27 02:00:00+00:00,26.7,84,1000.5,1.7
Karachi,24.9056,67.0822,2026-04-27 03:00:00+00:00,28.7,74,1001.1,1.8
Karachi,24.9056,67.0822,2026-04-27 04:00:00+00:00,31.0,61,1001.2,2.64
Karachi,24.9056,67.0822,2026-04-27 05:00:00+00:00,33.1,51,1001.5,3.17
Karachi,24.9056,67.0822,2026-04-27 06:00:00+00:00,34.4,45,1001.1,3.42
Karachi,24.9056,67.0822,2026-04-27 07:00:00+00:00,35.1,43,1000.7,3.87
Karachi,24.9056,67.0822,2026-04-27 08:00:00+00:00,35.5,41,1000.2,3.87
Karachi,24.9056,67.0822,2026-04-27 09:00:00+00:00,35.7,40,999.2,3.82
Karachi,24.9056,67.0822,2026-04-27 10:00:00+00:00,35.1,44,998.3,3.8
Karachi,24.9056,67.0822,2026-04-27 11:00:00+00:00,34.6,44,997.7,3.49
Karachi,24.9056,67.0822,2026-04-27 12:00:00+00:00,33.2,47,997.8,3.46
Karachi,24.9056,67.0822,2026-04-27 13:00:00+00:00,31.8,54,998.1,3.26
Karachi,24.9056,67.0822,2026-04-27 14:00:00+00:00,30.6,60,998.1,2.58
Karachi,24.9056,67.0822,2026-04-27 15:00:00+00:00,29.8,65,998.2,1.99
Karachi,24.9056,67.0822,2026-04-27 16:00:00+00:00,29.2,68,999.0,1.72
Karachi,24.9056,67.0822,2026-04-27 17:00:00+00:00,28.9,70,999.5,2.21
Karachi,24.9056,67.0822,2026-04-27 18:00:00+00:00,28.8,72,999.2,2.54
Karachi,24.9056,67.0822,2026-04-27 19:00:00+00:00,28.5,73,999.0,2.39
Karachi,24.9056,67.0822,2026-04-27 20:00:00+00:00,28.0,75,998.7,2.33
Karachi,24.9056,67.0822,2026-04-27 21:00:00+00:00,27.5,77,998.2,2.34
Karachi,24.9056,67.0822,2026-04-27 22:00:00+00:00,27.1,80,998.3,2.35
Karachi,24.9056,67.0822,2026-04-27 23:00:00+00:00,26.9,80,998.1,2.55
Karachi,24.9056,67.0822,2026-04-28 00:00:00+00:00,27.4,79,997.1,2.74
Karachi,24.9056,67.0822,2026-04-28 01:00:00+00:00,27.2,79,997.2,2.77
Karachi,24.9056,67.0822,2026-04-28 02:00:00+00:00,27.6,77,998.3,2.23
Karachi,24.9056,67.0822,2026-04-28 03:00:00+00:00,29.4,70,999.0,2.34
Karachi,24.9056,67.0822,2026-04-28 04:00:00+00:00,31.4,60,999.7,2.96
Karachi,24.9056,67.0822,2026-04-28 05:00:00+00:00,33.2,50,1000.0,3.24
Karachi,24.9056,67.0822,2026-04-28 06:00:00+00:00,33.7,48,1001.0,3.39
Karachi,24.9056,67.0822,2026-04-28 07:00:00+00:00,34.4,47,1000.7,3.52
Karachi,24.9056,67.0822,2026-04-28 08:00:00+00:00,34.9,45,1000.0,3.82
Karachi,24.9056,67.0822,2026-04-28 09:00:00+00:00,35.0,43,999.2,4.09
Karachi,24.9056,67.0822,2026-04-28 10:00:00+00:00,34.6,43,998.3,4.08
Karachi,24.9056,67.0822,2026-04-28 11:00:00+00:00,33.9,46,997.6,3.67
Karachi,24.9056,67.0822,2026-04-28 12:00:00+00:00,32.7,50,997.9,3.06
Karachi,24.9056,67.0822,2026-04-28 13:00:00+00:00,31.8,54,998.0,2.93
Karachi,24.9056,67.0822,2026-04-28 14:00:00+00:00,30.4,62,998.3,3.22
Karachi,24.9056,67.0822,2026-04-28 15:00:00+00:00,29.5,67,998.5,3.04
Karachi,24.9056,67.0822,2026-04-28 16:00:00+00:00,29.1,69,999.3,2.4
Karachi,24.9056,67.0822,2026-04-28 17:00:00+00:00,28.8,70,1000.3,2.47
Karachi,24.9056,67.0822,2026-04-28 18:00:00+00:00,28.5,73,999.9,2.21
Karachi,24.9056,67.0822,2026-04-28 19:00:00+00:00,28.2,76,999.7,2.1
Karachi,24.9056,67.0822,2026-04-28 20:00:00+00:00,27.6,80,999.2,1.77
Karachi,24.9056,67.0822,2026-04-28 21:00:00+00:00,27.3,82,998.8,1.58
Karachi,24.9056,67.0822,2026-04-28 22:00:00+00:00,26.9,85,998.6,1.62
Karachi,24.9056,67.0822,2026-04-28 23:00:00+00:00,26.6,87,998.5,1.69
Karachi,24.9056,67.0822,2026-04-29 00:00:00+00:00,26.3,91,998.4,1.45
Karachi,24.9056,67.0822,2026-04-29 01:00:00+00:00,26.3,92,998.8,1.7
Karachi,24.9056,67.0822,2026-04-29 02:00:00+00:00,26.5,91,999.5,1.0
Karachi,24.9056,67.0822,2026-04-29 03:00:00+00:00,28.2,82,1000.0,1.35
Karachi,24.9056,67.0822,2026-04-29 04:00:00+00:00,30.5,69,1000.4,1.3
Karachi,24.9056,67.0822,2026-04-29 05:00:00+00:00,33.2,56,1000.6,1.26
Karachi,24.9056,67.0822,2026-04-29 06:00:00+00:00,34.7,51,1000.7,1.88
Karachi,24.9056,67.0822,2026-04-29 07:00:00+00:00,35.4,50,1000.2,2.49
Karachi,24.9056,67.0822,2026-04-29 08:00:00+00:00,35.5,49,999.7,2.86
Karachi,24.9056,67.0822,2026-04-29 09:00:00+00:00,35.6,47,999.0,3.02
Karachi,24.9056,67.0822,2026-04-29 10:00:00+00:00,35.5,44,998.2,2.9
Karachi,24.9056,67.0822,2026-04-29 11:00:00+00:00,35.1,44,998.0,2.81
Karachi,24.9056,67.0822,2026-04-29 12:00:00+00:00,33.5,48,998.0,2.93
Karachi,24.9056,67.0822,2026-04-29 13:00:00+00:00,32.7,50,998.0,2.72
Karachi,24.9056,67.0822,2026-04-29 14:00:00+00:00,31.2,58,998.3,2.13
Karachi,24.9056,67.0822,2026-04-29 15:00:00+00:00,30.0,64,998.4,1.76
Karachi,24.9056,67.0822,2026-04-29 16:00:00+00:00,29.1,71,998.7,1.87
Karachi,24.9056,67.0822,2026-04-29 17:00:00+00:00,28.4,78,999.3,1.24
Karachi,24.9056,67.0822,2026-04-29 18:00:00+00:00,28.2,82,999.5,1.06
Karachi,24.9056,67.0822,2026-04-29 19:00:00+00:00,28.1,82,999.4,0.85
Karachi,24.9056,67.0822,2026-04-29 20:00:00+00:00,27.8,83,998.9,1.31
Karachi,24.9056,67.0822,2026-04-29 21:00:00+00:00,27.4,86,998.5,1.51
Karachi,24.9056,67.0822,2026-04-29 22:00:00+00:00,27.1,87,998.4,1.79
Karachi,24.9056,67.0822,2026-04-29 23:00:00+00:00,26.9,89,998.2,1.89
Karachi,24.9056,67.0822,2026-04-30 00:00:00+00:00,26.7,90,998.1,1.67
Karachi,24.9056,67.0822,2026-04-30 01:00:00+00:00,26.8,90,998.6,1.86
Karachi,24.9056,67.0822,2026-04-30 02:00:00+00:00,27.3,87,999.2,0.95
Karachi,24.9056,67.0822,2026-04-30 03:00:00+00:00,29.0,76,1000.0,1.31
Karachi,24.9056,67.0822,2026-04-30 04:00:00+00:00,31.3,63,1000.6,1.9
Karachi,24.9056,67.0822,2026-04-30 05:00:00+00:00,33.5,52,1000.8,2.55
Karachi,24.9056,67.0822,2026-04-30 06:00:00+00:00,34.8,45,1000.8,2.62
Karachi,24.9056,67.0822,2026-04-30 07:00:00+00:00,36.2,40,1000.4,2.88
Karachi,24.9056,67.0822,2026-04-30 08:00:00+00:00,36.7,38,999.9,3.27
Karachi,24.9056,67.0822,2026-04-30 09:00:00+00:00,36.4,40,999.3,3.38
Karachi,24.9056,67.0822,2026-04-30 10:00:00+00:00,36.0,42,998.7,3.29
Karachi,24.9056,67.0822,2026-04-30 11:00:00+00:00,35.0,46,998.3,3.29
Karachi,24.9056,67.0822,2026-04-30 12:00:00+00:00,33.5,49,998.2,3.57
Karachi,24.9056,67.0822,2026-04-30 13:00:00+00:00,32.3,54,998.2,2.98
Karachi,24.9056,67.0822,2026-04-30 14:00:00+00:00,30.8,62,998.3,2.55
Karachi,24.9056,67.0822,2026-04-30 15:00:00+00:00,29.8,69,998.9,2.23
Karachi,24.9056,67.0822,2026-04-30 16:00:00+00:00,29.3,73,999.6,2.24
Karachi,24.9056,67.0822,2026-04-30 17:00:00+00:00,28.8,75,999.7,2.36
Karachi,24.9056,67.0822,2026-04-30 18:00:00+00:00,28.8,76,999.7,2.01
Karachi,24.9056,67.0822,2026-04-30 19:00:00+00:00,28.5,76,999.5,1.99
Karachi,24.9056,67.0822,2026-04-30 20:00:00+00:00,28.4,74,999.1,2.5
Karachi,24.9056,67.0822,2026-04-30 21:00:00+00:00,28.5,70,998.5,2.96
Karachi,24.9056,67.0822,2026-04-30 22:00:00+00:00,28.6,68,998.3,3.15
Karachi,24.9056,67.0822,2026-04-30 23:00:00+00:00,28.6,67,998.1,3.07
Karachi,24.9056,67.0822,2026-05-01 00:00:00+00:00,28.5,69,998.2,2.75
Karachi,24.9056,67.0822,2026-05-01 01:00:00+00:00,28.5,69,998.5,2.64
Karachi,24.9056,67.0822,2026-05-01 02:00:00+00:00,29.1,67,999.2,2.83
Karachi,24.9056,67.0822,2026-05-01 03:00:00+00:00,30.8,62,999.8,2.45
Karachi,24.9056,67.0822,2026-05-01 04:00:00+00:00,32.8,54,1000.4,3.1
Karachi,24.9056,67.0822,2026-05-01 05:00:00+00:00,34.5,47,1000.5,2.95
Karachi,24.9056,67.0822,2026-05-01 06:00:00+00:00,35.9,45,1000.5,3.15
Karachi,24.9056,67.0822,2026-05-01 07:00:00+00:00,37.2,39,1000.3,3.15
Karachi,24.9056,67.0822,2026-05-01 08:00:00+00:00,38.4,35,999.4,3.0
Karachi,24.9056,67.0822,2026-05-01 09:00:00+00:00,39.1,31,998.6,3.13
Karachi,24.9056,67.0822,2026-05-01 10:00:00+00:00,38.6,32,997.7,3.31
Karachi,24.9056,67.0822,2026-05-01 11:00:00+00:00,37.7,33,996.8,3.58
Karachi,24.9056,67.0822,2026-05-01 12:00:00+00:00,35.0,42,996.9,3.18
Karachi,24.9056,67.0822,2026-05-01 13:00:00+00:00,33.5,48,996.5,3.0
Karachi,24.9056,67.0822,2026-05-01 14:00:00+00:00,32.4,52,997.2,0.76
Karachi,24.9056,67.0822,2026-05-01 15:00:00+00:00,32.1,52,997.8,1.0
Karachi,24.9056,67.0822,2026-05-01 16:00:00+00:00,31.6,53,998.3,2.16
Karachi,24.9056,67.0822,2026-05-01 17:00:00+00:00,31.1,53,998.9,2.1
Karachi,24.9056,67.0822,2026-05-01 18:00:00+00:00,30.7,55,999.1,3.01
Karachi,24.9056,67.0822,2026-05-01 19:00:00+00:00,30.4,56,998.5,3.16
Karachi,24.9056,67.0822,2026-05-01 20:00:00+00:00,30.0,58,998.0,3.06
Karachi,24.9056,67.0822,2026-05-01 21:00:00+00:00,29.9,57,997.6,3.11
Karachi,24.9056,67.0822,2026-05-01 22:00:00+00:00,29.9,57,997.1,3.57
Karachi,24.9056,67.0822,2026-05-01 23:00:00+00:00,29.6,58,997.0,3.49
Karachi,24.9056,67.0822,2026-05-02 00:00:00+00:00,28.9,63,996.8,2.56
Karachi,24.9056,67.0822,2026-05-02 01:00:00+00:00,28.8,63,997.0,2.38
Karachi,24.9056,67.0822,2026-05-02 02:00:00+00:00,29.3,59,997.5,2.45
Karachi,24.9056,67.0822,2026-05-02 03:00:00+00:00,31.5,52,998.3,2.35
Karachi,24.9056,67.0822,2026-05-02 04:00:00+00:00,33.7,46,998.7,2.86
Karachi,24.9056,67.0822,2026-05-02 05:00:00+00:00,35.4,39,999.0,3.25
Karachi,24.9056,67.0822,2026-05-02 06:00:00+00:00,36.3,33,999.4,3.44
Karachi,24.9056,67.0822,2026-05-02 07:00:00+00:00,37.7,28,999.0,3.65
Karachi,24.9056,67.0822,2026-05-02 08:00:00+00:00,38.1,29,998.3,3.96
Karachi,24.9056,67.0822,2026-05-02 09:00:00+00:00,38.0,28,997.7,4.23
Karachi,24.9056,67.0822,2026-05-02 10:00:00+00:00,37.6,30,996.9,4.26
Karachi,24.9056,67.0822,2026-05-02 11:00:00+00:00,36.7,32,996.4,4.24
Karachi,24.9056,67.0822,2026-05-02 12:00:00+00:00,34.5,39,996.2,3.81
Karachi,24.9056,67.0822,2026-05-02 13:00:00+00:00,32.9,44,995.9,3.66
Karachi,24.9056,67.0822,2026-05-02 14:00:00+00:00,31.5,49,996.4,2.6
Karachi,24.9056,67.0822,2026-05-02 15:00:00+00:00,30.7,54,997.0,2.38
Karachi,24.9056,67.0822,2026-05-02 16:00:00+00:00,30.3,56,997.6,2.62
Karachi,24.9056,67.0822,2026-05-02 17:00:00+00:00,30.1,56,997.9,2.95
Karachi,24.9056,67.0822,2026-05-02 18:00:00+00:00,30.3,53,997.6,3.65
Karachi,24.9056,67.0822,2026-05-02 19:00:00+00:00,30.1,53,997.3,3.5
Karachi,24.9056,67.0822,2026-05-02 20:00:00+00:00,29.8,53,996.6,2.92
Karachi,24.9056,67.0822,2026-05-02 21:00:00+00:00,29.4,55,996.4,3.11
Karachi,24.9056,67.0822,2026-05-02 22:00:00+00:00,29.1,59,995.9,3.1
Karachi,24.9056,67.0822,2026-05-02 23:00:00+00:00,28.6,62,995.7,2.9
Karachi,24.9056,67.0822,2026-05-03 00:00:00+00:00,28.3,66,996.0,2.04
Karachi,24.9056,67.0822,2026-05-03 01:00:00+00:00,27.8,69,996.4,2.04
Karachi,24.9056,67.0822,2026-05-03 02:00:00+00:00,27.9,70,997.4,1.64
Karachi,24.9056,67.0822,2026-05-03 03:00:00+00:00,29.5,65,998.1,0.76
Karachi,24.9056,67.0822,2026-05-03 04:00:00+00:00,32.6,52,998.6,0.65
Karachi,24.9056,67.0822,2026-05-03 05:00:00+00:00,36.5,35,999.0,0.88
Karachi,24.9056,67.0822,2026-05-03 06:00:00+00:00,38.1,32,998.8,1.04
Karachi,24.9056,67.0822,2026-05-03 07:00:00+00:00,39.5,28,998.8,1.77
Karachi,24.9056,67.0822,2026-05-03 08:00:00+00:00,40.2,27,998.2,2.31
Karachi,24.9056,67.0822,2026-05-03 09:00:00+00:00,40.1,28,997.7,2.78
Karachi,24.9056,67.0822,2026-05-03 10:00:00+00:00,39.5,28,996.9,2.9
Karachi,24.9056,67.0822,2026-05-03 11:00:00+00:00,39.0,27,996.5,2.59
Karachi,24.9056,67.0822,2026-05-03 12:00:00+00:00,36.4,34,996.1,2.51
Karachi,24.9056,67.0822,2026-05-03 13:00:00+00:00,34.7,40,996.0,2.34
Karachi,24.9056,67.0822,2026-05-03 14:00:00+00:00,32.7,50,996.2,1.81
Karachi,24.9056,67.0822,2026-05-03 15:00:00+00:00,31.4,57,996.4,1.93
Karachi,24.9056,67.0822,2026-05-03 16:00:00+00:00,30.3,62,997.8,3.31
Karachi,24.9056,67.0822,2026-05-03 17:00:00+00:00,29.9,62,998.4,1.42
Karachi,24.9056,67.0822,2026-05-03 18:00:00+00:00,30.4,56,998.2,2.04
Karachi,24.9056,67.0822,2026-05-03 19:00:00+00:00,30.9,46,998.0,2.36
Karachi,24.9056,67.0822,2026-05-03 20:00:00+00:00,31.2,37,997.7,2.68
Karachi,24.9056,67.0822,2026-05-03 21:00:00+00:00,30.2,43,997.1,2.27
Karachi,24.9056,67.0822,2026-05-03 22:00:00+00:00,30.9,36,996.6,2.53
Karachi,24.9056,67.0822,2026-05-03 23:00:00+00:00,30.2,33,997.2,2.91
Karachi,24.9056,67.0822,2026-05-04 00:00:00+00:00,29.8,37,997.0,2.28
Karachi,24.9056,67.0822,2026-05-04 01:00:00+00:00,29.6,38,997.5,2.29
Karachi,24.9056,67.0822,2026-05-04 02:00:00+00:00,30.3,32,998.4,2.78
Karachi,24.9056,67.0822,2026-05-04 03:00:00+00:00,32.5,25,999.1,2.36
Karachi,24.9056,67.0822,2026-05-04 04:00:00+00:00,35.7,15,999.7,2.55
Karachi,24.9056,67.0822,2026-05-04 05:00:00+00:00,38.8,9,1000.1,3.65
Karachi,24.9056,67.0822,2026-05-04 06:00:00+00:00,40.2,7,1000.0,4.14
Karachi,24.9056,67.0822,2026-05-04 07:00:00+00:00,41.1,7,999.6,4.25
Karachi,24.9056,67.0822,2026-05-04 08:00:00+00:00,41.7,7,998.9,3.86
Karachi,24.9056,67.0822,2026-05-04 09:00:00+00:00,42.5,6,997.9,3.85
Karachi,24.9056,67.0822,2026-05-04 10:00:00+00:00,42.6,6,997.0,4.02
Karachi,24.9056,67.0822,2026-05-04 11:00:00+00:00,42.2,6,996.2,3.66
Karachi,24.9056,67.0822,2026-05-04 12:00:00+00:00,41.0,8,996.3,2.61
Karachi,24.9056,67.0822,2026-05-04 13:00:00+00:00,39.2,12,996.3,2.71
Karachi,24.9056,67.0822,2026-05-04 14:00:00+00:00,35.8,22,997.1,3.02
Karachi,24.9056,67.0822,2026-05-04 15:00:00+00:00,33.5,34,997.9,2.74
Karachi,24.9056,67.0822,2026-05-04 16:00:00+00:00,32.8,36,998.7,2.21
Karachi,24.9056,67.0822,2026-05-04 17:00:00+00:00,32.2,37,999.6,1.93
Karachi,24.9056,67.0822,2026-05-04 18:00:00+00:00,31.0,41,999.7,1.46
Karachi,24.9056,67.0822,2026-05-04 19:00:00+00:00,30.3,43,999.6,1.25
Karachi,24.9056,67.0822,2026-05-04 20:00:00+00:00,30.0,45,999.5,1.47
Karachi,24.9056,67.0822,2026-05-04 21:00:00+00:00,29.4,49,999.3,1.98
Karachi,24.9056,67.0822,2026-05-04 22:00:00+00:00,29.0,52,999.4,2.47
Karachi,24.9056,67.0822,2026-05-04 23:00:00+00:00,28.8,54,999.3,2.46
Karachi,24.9056,67.0822,2026-05-05 00:00:00+00:00,28.8,55,999.6,2.22
Karachi,24.9056,67.0822,2026-05-05 01:00:00+00:00,28.8,54,1000.2,1.65
Karachi,24.9056,67.0822,2026-05-05 02:00:00+00:00,28.9,54,1000.9,0.78
Karachi,24.9056,67.0822,2026-05-05 03:00:00+00:00,30.7,49,1001.4,0.56
Karachi,24.9056,67.0822,2026-05-05 04:00:00+00:00,33.4,41,1001.9,0.05
Karachi,24.9056,67.0822,2026-05-05 05:00:00+00:00,35.9,33,1002.4,0.56
Karachi,24.9056,67.0822,2026-05-05 06:00:00+00:00,36.7,35,1003.1,1.97
Karachi,24.9056,67.0822,2026-05-05 07:00:00+00:00,36.1,40,1003.2,3.06
Karachi,24.9056,67.0822,2026-05-05 08:00:00+00:00,35.8,39,1003.1,3.06
Karachi,24.9056,67.0822,2026-05-05 09:00:00+00:00,34.6,46,1002.9,3.74
Karachi,24.9056,67.0822,2026-05-05 10:00:00+00:00,34.1,49,1002.5,3.87
Karachi,24.9056,67.0822,2026-05-05 11:00:00+00:00,33.4,51,1002.1,3.72
Karachi,24.9056,67.0822,2026-05-05 12:00:00+00:00,33.0,50,1002.0,3.51
Karachi,24.9056,67.0822,2026-05-05 13:00:00+00:00,31.8,57,1002.2,2.56
Karachi,24.9056,67.0822,2026-05-05 14:00:00+00:00,30.6,69,1002.5,2.07
Karachi,24.9056,67.0822,2026-05-05 15:00:00+00:00,29.7,71,1002.9,1.45
Karachi,24.9056,67.0822,2026-05-05 16:00:00+00:00,29.1,77,1003.4,1.02
Karachi,24.9056,67.0822,2026-05-05 17:00:00+00:00,28.4,82,1003.9,0.92
Karachi,24.9056,67.0822,2026-05-05 18:00:00+00:00,27.7,89,1003.8,1.36
Karachi,24.9056,67.0822,2026-05-05 19:00:00+00:00,27.5,90,1004.0,2.8
Karachi,24.9056,67.0822,2026-05-05 20:00:00+00:00,27.3,91,1003.7,2.14
Karachi,24.9056,67.0822,2026-05-05 21:00:00+00:00,27.2,90,1003.4,1.3
Karachi,24.9056,67.0822,2026-05-05 22:00:00+00:00,26.9,90,1003.1,0.97
Karachi,24.9056,67.0822,2026-05-05 23:00:00+00:00,26.3,92,1003.1,0.16
Karachi,24.9056,67.0822,2026-05-06 00:00:00+00:00,25.4,97,1003.5,1.29
Karachi,24.9056,67.0822,2026-05-06 01:00:00+00:00,25.3,94,1003.8,0.96
Karachi,24.9056,67.0822,2026-05-06 02:00:00+00:00,25.3,92,1004.3,0.34
Karachi,24.9056,67.0822,2026-05-06 03:00:00+00:00,27.7,77,1004.6,0.5
Karachi,24.9056,67.0822,2026-05-06 04:00:00+00:00,31.5,54,1004.6,0.63
Karachi,24.9056,67.0822,2026-05-06 05:00:00+00:00,35.6,33,1004.7,0.35
Karachi,24.9056,67.0822,2026-05-06 06:00:00+00:00,36.8,30,1004.6,1.94
Karachi,24.9056,67.0822,2026-05-06 07:00:00+00:00,35.6,47,1004.2,3.0
Karachi,24.9056,67.0822,2026-05-06 08:00:00+00:00,35.5,46,1003.6,3.18
Karachi,24.9056,67.0822,2026-05-06 09:00:00+00:00,35.0,46,1003.1,3.41
Karachi,24.9056,67.0822,2026-05-06 10:00:00+00:00,34.1,48,1002.4,3.41
Karachi,24.9056,67.0822,2026-05-06 11:00:00+00:00,33.4,49,1001.8,3.53
Karachi,24.9056,67.0822,2026-05-06 12:00:00+00:00,32.2,50,1001.9,2.72
Karachi,24.9056,67.0822,2026-05-06 13:00:00+00:00,31.3,54,1001.1,2.51
Karachi,24.9056,67.0822,2026-05-06 14:00:00+00:00,29.4,68,1000.7,2.79
Karachi,24.9056,67.0822,2026-05-06 15:00:00+00:00,27.9,79,1001.8,2.35
Karachi,24.9056,67.0822,2026-05-06 16:00:00+00:00,27.8,79,1002.4,1.95
Karachi,24.9056,67.0822,2026-05-06 17:00:00+00:00,27.5,82,1002.7,1.56
Karachi,24.9056,67.0822,2026-05-06 18:00:00+00:00,27.7,84,1002.6,2.41
Karachi,24.9056,67.0822,2026-05-06 19:00:00+00:00,27.4,85,1001.9,1.82
Karachi,24.9056,67.0822,2026-05-06 20:00:00+00:00,27.1,87,1001.1,1.52
Karachi,24.9056,67.0822,2026-05-06 21:00:00+00:00,26.8,89,1001.0,1.75
Karachi,24.9056,67.0822,2026-05-06 22:00:00+00:00,26.5,89,1000.5,1.96
Karachi,24.9056,67.0822,2026-05-06 23:00:00+00:00,25.9,96,1000.4,2.19
Karachi,24.9056,67.0822,2026-05-07 00:00:00+00:00,26.0,95,1000.5,2.61
Karachi,24.9056,67.0822,2026-05-07 01:00:00+00:00,26.4,92,1000.7,2.53
Karachi,24.9056,67.0822,2026-05-07 02:00:00+00:00,27.2,88,1001.3,2.87
Karachi,24.9056,67.0822,2026-05-07 03:00:00+00:00,28.9,76,1001.8,3.4
Karachi,24.9056,67.0822,2026-05-07 04:00:00+00:00,30.6,68,1002.0,3.2
Karachi,24.9056,67.0822,2026-05-07 05:00:00+00:00,32.0,62,1002.1,3.2
Karachi,24.9056,67.0822,2026-05-07 06:00:00+00:00,33.2,57,1002.1,3.22
Karachi,24.9056,67.0822,2026-05-07 07:00:00+00:00,34.0,54,1001.8,3.25
Karachi,24.9056,67.0822,2026-05-07 08:00:00+00:00,34.5,50,1001.5,3.42
Karachi,24.9056,67.0822,2026-05-07 09:00:00+00:00,34.1,51,1001.2,3.9
Karachi,24.9056,67.0822,2026-05-07 10:00:00+00:00,33.4,53,1000.8,3.85
Karachi,24.9056,67.0822,2026-05-07 11:00:00+00:00,32.4,58,1000.6,3.82
Karachi,24.9056,67.0822,2026-05-07 12:00:00+00:00,31.5,64,1000.1,4.13
Karachi,24.9056,67.0822,2026-05-07 13:00:00+00:00,30.4,71,1000.2,3.7
Karachi,24.9056,67.0822,2026-05-07 14:00:00+00:00,29.3,77,1000.6,3.56
Karachi,24.9056,67.0822,2026-05-07 15:00:00+00:00,28.9,81,1000.5,3.3
Karachi,24.9056,67.0822,2026-05-07 16:00:00+00:00,28.7,83,1001.2,3.64
Karachi,24.9056,67.0822,2026-05-07 17:00:00+00:00,28.5,83,1002.3,2.87
Karachi,24.9056,67.0822,2026-05-07 18:00:00+00:00,28.4,85,1002.5,2.14
Karachi,24.9056,67.0822,2026-05-07 19:00:00+00:00,28.3,85,1002.3,1.52
Karachi,24.9056,67.0822,2026-05-07 20:00:00+00:00,27.9,87,1001.4,1.8
Karachi,24.9056,67.0822,2026-05-07 21:00:00+00:00,27.5,89,1000.8,1.98
Karachi,24.9056,67.0822,2026-05-07 22:00:00+00:00,27.1,91,1000.5,1.6
Karachi,24.9056,67.0822,2026-05-07 23:00:00+00:00,26.8,93,1000.1,1.63
Karachi,24.9056,67.0822,2026-05-08 00:00:00+00:00,26.7,93,1000.6,1.41
Karachi,24.9056,67.0822,2026-05-08 01:00:00+00:00,26.9,92,1001.1,1.83
Karachi,24.9056,67.0822,2026-05-08 02:00:00+00:00,27.5,86,1001.7,1.93
Karachi,24.9056,67.0822,2026-05-08 03:00:00+00:00,28.9,78,1002.1,1.75
Karachi,24.9056,67.0822,2026-05-08 04:00:00+00:00,30.5,69,1002.6,1.47
Karachi,24.9056,67.0822,2026-05-08 05:00:00+00:00,32.3,59,1002.6,1.38
Karachi,24.9056,67.0822,2026-05-08 06:00:00+00:00,33.0,58,1002.9,2.64
Karachi,24.9056,67.0822,2026-05-08 07:00:00+00:00,33.8,54,1002.7,3.0
Karachi,24.9056,67.0822,2026-05-08 08:00:00+00:00,34.0,54,1002.7,3.17
Karachi,24.9056,67.0822,2026-05-08 09:00:00+00:00,33.8,54,1002.5,3.45
Karachi,24.9056,67.0822,2026-05-08 10:00:00+00:00,33.3,56,1002.0,3.4
Karachi,24.9056,67.0822,2026-05-08 11:00:00+00:00,32.9,56,1001.7,3.11
Karachi,24.9056,67.0822,2026-05-08 12:00:00+00:00,32.1,60,1001.6,3.18
Karachi,24.9056,67.0822,2026-05-08 13:00:00+00:00,31.0,67,1001.8,3.18
Karachi,24.9056,67.0822,2026-05-08 14:00:00+00:00,29.7,75,1002.2,2.91
Karachi,24.9056,67.0822,2026-05-08 15:00:00+00:00,29.3,80,1002.7,2.8
Karachi,24.9056,67.0822,2026-05-08 16:00:00+00:00,29.0,81,1003.3,2.98
Karachi,24.9056,67.0822,2026-05-08 17:00:00+00:00,28.8,83,1003.5,3.18
Karachi,24.9056,67.0822,2026-05-08 18:00:00+00:00,28.8,84,1003.7,2.84
Karachi,24.9056,67.0822,2026-05-08 19:00:00+00:00,28.7,85,1003.7,2.34
Karachi,24.9056,67.0822,2026-05-08 20:00:00+00:00,28.5,85,1003.7,2.01
Karachi,24.9056,67.0822,2026-05-08 21:00:00+00:00,28.0,87,1002.9,1.87
Karachi,24.9056,67.0822,2026-05-08 22:00:00+00:00,27.6,90,1002.6,1.63
Karachi,24.9056,67.0822,2026-05-08 23:00:00+00:00,27.2,93,1002.8,1.23
Karachi,24.9056,67.0822,2026-05-09 00:00:00+00:00,27.0,95,1002.9,1.41
Karachi,24.9056,67.0822,2026-05-09 01:00:00+00:00,27.0,95,1003.7,1.15
Karachi,24.9056,67.0822,2026-05-09 02:00:00+00:00,27.3,92,1004.1,0.7
Karachi,24.9056,67.0822,2026-05-09 03:00:00+00:00,28.9,80,1004.8,1.1
Karachi,24.9056,67.0822,2026-05-09 04:00:00+00:00,30.6,70,1005.0,1.49
Karachi,24.9056,67.0822,2026-05-09 05:00:00+00:00,32.4,61,1005.0,2.1
Karachi,24.9056,67.0822,2026-05-09 06:00:00+00:00,33.3,55,1005.1,2.73
Karachi,24.9056,67.0822,2026-05-09 07:00:00+00:00,34.2,50,1004.5,3.02
Karachi,24.9056,67.0822,2026-05-09 08:00:00+00:00,34.5,49,1004.2,3.16
Karachi,24.9056,67.0822,2026-05-09 09:00:00+00:00,34.3,52,1003.5,3.29
Karachi,24.9056,67.0822,2026-05-09 10:00:00+00:00,34.0,52,1002.9,3.36
Karachi,24.9056,67.0822,2026-05-09 11:00:00+00:00,33.3,55,1002.5,3.25
Karachi,24.9056,67.0822,2026-05-09 12:00:00+00:00,32.3,59,1002.5,3.15
Karachi,24.9056,67.0822,2026-05-09 13:00:00+00:00,31.2,64,1002.4,2.8
Karachi,24.9056,67.0822,2026-05-09 14:00:00+00:00,29.8,72,1002.8,2.49
Karachi,24.9056,67.0822,2026-05-09 15:00:00+00:00,29.0,78,1003.2,2.06
Karachi,24.9056,67.0822,2026-05-09 16:00:00+00:00,28.5,82,1003.7,2.02
Karachi,24.9056,67.0822,2026-05-09 17:00:00+00:00,28.2,84,1004.0,1.88
Karachi,24.9056,67.0822,2026-05-09 18:00:00+00:00,28.2,86,1003.9,1.91
Karachi,24.9056,67.0822,2026-05-09 19:00:00+00:00,28.0,86,1003.6,2.4
Karachi,24.9056,67.0822,2026-05-09 20:00:00+00:00,27.9,84,1003.2,2.26
Karachi,24.9056,67.0822,2026-05-09 21:00:00+00:00,27.6,85,1002.8,2.22
Karachi,24.9056,67.0822,2026-05-09 22:00:00+00:00,27.2,88,1002.7,1.96
Karachi,24.9056,67.0822,2026-05-09 23:00:00+00:00,26.9,90,1002.3,2.05
Karachi,24.9056,67.0822,2026-05-10 00:00:00+00:00,26.6,93,1002.2,1.86
Karachi,24.9056,67.0822,2026-05-10 01:00:00+00:00,26.8,93,1002.7,1.63
Karachi,24.9056,67.0822,2026-05-10 02:00:00+00:00,27.4,89,1003.3,2.06
Karachi,24.9056,67.0822,2026-05-10 03:00:00+00:00,29.0,78,1003.9,2.02
Karachi,24.9056,67.0822,2026-05-10 04:00:00+00:00,30.7,69,1004.0,1.99
Karachi,24.9056,67.0822,2026-05-10 05:00:00+00:00,32.3,61,1004.2,2.59
Karachi,24.9056,67.0822,2026-05-10 06:00:00+00:00,33.1,58,1004.1,2.94
Karachi,24.9056,67.0822,2026-05-10 07:00:00+00:00,34.1,53,1003.8,3.1
Karachi,24.9056,67.0822,2026-05-10 08:00:00+00:00,34.8,48,1003.1,3.37
Karachi,24.9056,67.0822,2026-05-10 09:00:00+00:00,34.9,47,1002.3,3.64
Karachi,24.9056,67.0822,2026-05-10 10:00:00+00:00,34.3,51,1001.5,3.64
Karachi,24.9056,67.0822,2026-05-10 11:00:00+00:00,33.6,53,1001.0,3.47
Karachi,24.9056,67.0822,2026-05-10 12:00:00+00:00,32.7,55,1000.8,3.11
Karachi,24.9056,67.0822,2026-05-10 13:00:00+00:00,31.6,60,1000.9,2.77
Karachi,24.9056,67.0822,2026-05-10 14:00:00+00:00,30.3,68,1001.4,2.51
Karachi,24.9056,67.0822,2026-05-10 15:00:00+00:00,29.6,74,1001.8,2.22
Karachi,24.9056,67.0822,2026-05-10 16:00:00+00:00,29.0,79,1002.1,2.1
Karachi,24.9056,67.0822,2026-05-10 17:00:00+00:00,28.5,82,1002.4,2.05
Karachi,24.9056,67.0822,2026-05-10 18:00:00+00:00,28.3,86,1002.4,2.0
Karachi,24.9056,67.0822,2026-05-10 19:00:00+00:00,28.2,86,1002.2,2.45
Karachi,24.9056,67.0822,2026-05-10 20:00:00+00:00,27.8,88,1001.6,1.97
Karachi,24.9056,67.0822,2026-05-10 21:00:00+00:00,27.5,89,1001.3,1.94
Karachi,24.9056,67.0822,2026-05-10 22:00:00+00:00,27.3,89,1001.1,1.82
Karachi,24.9056,67.0822,2026-05-10 23:00:00+00:00,26.9,92,1000.9,1.68
Karachi,24.9056,67.0822,2026-05-11 00:00:00+00:00,26.6,96,1000.9,1.71
Karachi,24.9056,67.0822,2026-05-11 01:00:00+00:00,26.7,94,1001.3,1.96
Karachi,24.9056,67.0822,2026-05-11 02:00:00+00:00,27.7,87,1002.1,2.06
Karachi,24.9056,67.0822,2026-05-11 03:00:00+00:00,29.1,77,1002.7,2.08
Karachi,24.9056,67.0822,2026-05-11 04:00:00+00:00,30.7,70,1003.0,2.51
Karachi,24.9056,67.0822,2026-05-11 05:00:00+00:00,32.1,63,1003.2,2.73
Karachi,24.9056,67.0822,2026-05-11 06:00:00+00:00,32.9,61,1003.4,3.19
Karachi,24.9056,67.0822,2026-05-11 07:00:00+00:00,33.9,56,1002.8,3.36
Karachi,24.9056,67.0822,2026-05-11 08:00:00+00:00,34.5,55,1002.3,3.29
Karachi,24.9056,67.0822,2026-05-11 09:00:00+00:00,34.9,52,1001.4,3.27
Karachi,24.9056,67.0822,2026-05-11 10:00:00+00:00,34.9,51,1000.6,3.27
Karachi,24.9056,67.0822,2026-05-11 11:00:00+00:00,34.3,54,1000.2,2.9
Karachi,24.9056,67.0822,2026-05-11 12:00:00+00:00,33.5,57,999.8,2.6
Karachi,24.9056,67.0822,2026-05-11 13:00:00+00:00,32.2,64,1000.0,2.74
Karachi,24.9056,67.0822,2026-05-11 14:00:00+00:00,30.5,70,1000.4,2.23
Karachi,24.9056,67.0822,2026-05-11 15:00:00+00:00,29.7,77,1000.6,1.98
Karachi,24.9056,67.0822,2026-05-11 16:00:00+00:00,29.2,80,1000.9,1.95
Karachi,24.9056,67.0822,2026-05-11 17:00:00+00:00,28.9,82,1001.3,1.77
Karachi,24.9056,67.0822,2026-05-11 18:00:00+00:00,28.8,84,1001.5,1.69
Karachi,24.9056,67.0822,2026-05-11 19:00:00+00:00,28.7,85,1001.3,1.68
Karachi,24.9056,67.0822,2026-05-11 20:00:00+00:00,28.4,86,1001.0,1.46
Karachi,24.9056,67.0822,2026-05-11 21:00:00+00:00,28.1,87,1000.5,1.23
Karachi,24.9056,67.0822,2026-05-11 22:00:00+00:00,27.9,88,1000.1,1.72
Karachi,24.9056,67.0822,2026-05-11 23:00:00+00:00,27.7,90,999.8,1.85
Karachi,24.9056,67.0822,2026-05-12 00:00:00+00:00,27.9,92,999.5,1.73
Karachi,24.9056,67.0822,2026-05-12 01:00:00+00:00,27.9,92,999.8,1.64
Karachi,24.9056,67.0822,2026-05-12 02:00:00+00:00,28.5,87,1000.6,1.84
Karachi,24.9056,67.0822,2026-05-12 03:00:00+00:00,29.9,79,1001.1,1.6
Karachi,24.9056,67.0822,2026-05-12 04:00:00+00:00,31.6,68,1001.4,1.7
Karachi,24.9056,67.0822,2026-05-12 05:00:00+00:00,33.5,59,1001.3,1.91
Karachi,24.9056,67.0822,2026-05-12 06:00:00+00:00,35.4,48,1001.0,1.88
Karachi,24.9056,67.0822,2026-05-12 07:00:00+00:00,36.9,44,1000.2,1.91
Karachi,24.9056,67.0822,2026-05-12 08:00:00+00:00,37.9,40,999.4,2.02
Karachi,24.9056,67.0822,2026-05-12 09:00:00+00:00,38.3,38,998.5,2.27
Karachi,24.9056,67.0822,2026-05-12 10:00:00+00:00,37.8,38,997.6,2.64
Karachi,24.9056,67.0822,2026-05-12 11:00:00+00:00,36.9,39,997.0,2.69
Karachi,24.9056,67.0822,2026-05-12 12:00:00+00:00,36.6,41,997.0,2.46
Karachi,24.9056,67.0822,2026-05-12 13:00:00+00:00,34.7,47,997.0,2.26
Karachi,24.9056,67.0822,2026-05-12 14:00:00+00:00,32.9,54,997.6,2.11
Karachi,24.9056,67.0822,2026-05-12 15:00:00+00:00,31.5,63,997.9,2.09
Karachi,24.9056,67.0822,2026-05-12 16:00:00+00:00,30.8,71,998.3,1.54
Karachi,24.9056,67.0822,2026-05-12 17:00:00+00:00,30.3,74,998.7,1.8
Karachi,24.9056,67.0822,2026-05-12 18:00:00+00:00,30.2,74,998.7,1.57
Karachi,24.9056,67.0822,2026-05-12 19:00:00+00:00,29.6,77,998.4,1.21
Karachi,24.9056,67.0822,2026-05-12 20:00:00+00:00,29.3,78,998.1,0.92
Karachi,24.9056,67.0822,2026-05-12 21:00:00+00:00,29.1,78,997.6,0.53
Karachi,24.9056,67.0822,2026-05-12 22:00:00+00:00,28.8,78,997.0,0.55
Karachi,24.9056,67.0822,2026-05-12 23:00:00+00:00,28.3,80,996.9,1.08
Karachi,24.9056,67.0822,2026-05-13 00:00:00+00:00,28.2,85,997.1,1.21
Karachi,24.9056,67.0822,2026-05-13 01:00:00+00:00,27.5,89,997.6,1.4
Karachi,24.9056,67.0822,2026-05-13 02:00:00+00:00,28.3,85,998.2,1.0
Karachi,24.9056,67.0822,2026-05-13 03:00:00+00:00,30.7,70,998.8,1.17
Karachi,24.9056,67.0822,2026-05-13 04:00:00+00:00,33.2,55,999.2,1.36
Karachi,24.9056,67.0822,2026-05-13 05:00:00+00:00,35.4,46,999.4,1.27
Karachi,24.9056,67.0822,2026-05-13 06:00:00+00:00,37.3,39,999.2,2.13
Karachi,24.9056,67.0822,2026-05-13 07:00:00+00:00,38.9,30,998.8,3.38
Karachi,24.9056,67.0822,2026-05-13 08:00:00+00:00,38.7,28,998.3,4.4
Karachi,24.9056,67.0822,2026-05-13 09:00:00+00:00,38.5,27,997.8,4.86
Karachi,24.9056,67.0822,2026-05-13 10:00:00+00:00,38.6,24,997.2,4.8
Karachi,24.9056,67.0822,2026-05-13 11:00:00+00:00,37.7,29,996.6,4.69
Karachi,24.9056,67.0822,2026-05-13 12:00:00+00:00,36.5,33,996.2,4.84
Karachi,24.9056,67.0822,2026-05-13 13:00:00+00:00,34.7,39,996.2,4.09
Karachi,24.9056,67.0822,2026-05-13 14:00:00+00:00,33.3,43,996.4,2.81
Karachi,24.9056,67.0822,2026-05-13 15:00:00+00:00,32.6,45,997.1,2.56
Karachi,24.9056,67.0822,2026-05-13 16:00:00+00:00,32.1,49,997.4,3.36
Karachi,24.9056,67.0822,2026-05-13 17:00:00+00:00,31.6,51,997.8,3.36
Karachi,24.9056,67.0822,2026-05-13 18:00:00+00:00,31.4,53,997.5,3.03
Karachi,24.9056,67.0822,2026-05-13 19:00:00+00:00,30.8,54,997.4,2.82
Karachi,24.9056,67.0822,2026-05-13 20:00:00+00:00,30.0,59,997.1,2.51
Karachi,24.9056,67.0822,2026-05-13 21:00:00+00:00,29.3,66,997.1,2.57
Karachi,24.9056,67.0822,2026-05-13 22:00:00+00:00,28.8,72,997.2,3.04
Karachi,24.9056,67.0822,2026-05-13 23:00:00+00:00,28.5,76,997.4,3.27
Karachi,24.9056,67.0822,2026-05-14 00:00:00+00:00,28.3,81,997.6,3.09
Karachi,24.9056,67.0822,2026-05-14 01:00:00+00:00,27.8,85,998.1,3.07
Karachi,24.9056,67.0822,2026-05-14 02:00:00+00:00,28.4,84,999.1,2.85
Karachi,24.9056,67.0822,2026-05-14 03:00:00+00:00,30.0,76,999.6,3.32
Karachi,24.9056,67.0822,2026-05-14 04:00:00+00:00,31.7,65,1000.3,3.78
Karachi,24.9056,67.0822,2026-05-14 05:00:00+00:00,33.1,58,1000.5,4.0
Karachi,24.9056,67.0822,2026-05-14 06:00:00+00:00,34.1,52,1000.8,4.27
Karachi,24.9056,67.0822,2026-05-14 07:00:00+00:00,34.4,51,1000.2,4.49
Karachi,24.9056,67.0822,2026-05-14 08:00:00+00:00,34.8,50,999.6,4.34
Karachi,24.9056,67.0822,2026-05-14 09:00:00+00:00,34.7,51,999.0,4.19
Karachi,24.9056,67.0822,2026-05-14 10:00:00+00:00,34.3,51,998.2,4.18
Karachi,24.9056,67.0822,2026-05-14 11:00:00+00:00,33.4,56,997.6,4.07
Karachi,24.9056,67.0822,2026-05-14 12:00:00+00:00,32.5,59,997.3,3.94
Karachi,24.9056,67.0822,2026-05-14 13:00:00+00:00,30.8,68,997.2,3.83
Karachi,24.9056,67.0822,2026-05-14 14:00:00+00:00,29.7,73,997.3,3.65
Karachi,24.9056,67.0822,2026-05-14 15:00:00+00:00,29.2,76,997.7,3.72
Karachi,24.9056,67.0822,2026-05-14 16:00:00+00:00,29.1,76,998.3,3.55
Karachi,24.9056,67.0822,2026-05-14 17:00:00+00:00,28.9,75,998.9,3.47
Karachi,24.9056,67.0822,2026-05-14 18:00:00+00:00,29.1,76,998.5,3.38
Karachi,24.9056,67.0822,2026-05-14 19:00:00+00:00,28.9,76,998.5,3.33
Karachi,24.9056,67.0822,2026-05-14 20:00:00+00:00,28.6,78,998.2,3.26
Karachi,24.9056,67.0822,2026-05-14 21:00:00+00:00,28.4,81,997.9,2.97
Karachi,24.9056,67.0822,2026-05-14 22:00:00+00:00,28.2,82,997.9,2.94
Karachi,24.9056,67.0822,2026-05-14 23:00:00+00:00,27.8,86,997.9,2.98
Karachi,24.9056,67.0822,2026-05-15 00:00:00+00:00,28.4,80,998.2,2.9
Karachi,24.9056,67.0822,2026-05-15 01:00:00+00:00,28.2,79,998.7,2.64
Karachi,24.9056,67.0822,2026-05-15 02:00:00+00:00,28.8,76,999.7,3.58
Karachi,24.9056,67.0822,2026-05-15 03:00:00+00:00,30.2,66,1000.3,3.62
Karachi,24.9056,67.0822,2026-05-15 04:00:00+00:00,31.6,59,1000.8,4.11
Karachi,24.9056,67.0822,2026-05-15 05:00:00+00:00,32.8,54,1001.3,3.98
Karachi,24.9056,67.0822,2026-05-15 06:00:00+00:00,33.6,52,1001.6,4.04
Karachi,24.9056,67.0822,2026-05-15 07:00:00+00:00,34.0,50,1000.9,3.87
Karachi,24.9056,67.0822,2026-05-15 08:00:00+00:00,34.5,50,1000.3,3.89
Karachi,24.9056,67.0822,2026-05-15 09:00:00+00:00,34.5,50,999.6,3.78
Karachi,24.9056,67.0822,2026-05-15 10:00:00+00:00,34.3,52,998.7,3.66
Karachi,24.9056,67.0822,2026-05-15 11:00:00+00:00,33.6,56,998.1,3.66
Karachi,24.9056,67.0822,2026-05-15 12:00:00+00:00,32.9,57,997.9,3.47
Karachi,24.9056,67.0822,2026-05-15 13:00:00+00:00,31.5,64,997.9,3.18
Karachi,24.9056,67.0822,2026-05-15 14:00:00+00:00,30.2,71,998.2,2.93
Karachi,24.9056,67.0822,2026-05-15 15:00:00+00:00,29.6,77,998.8,2.69
Karachi,24.9056,67.0822,2026-05-15 16:00:00+00:00,29.2,80,999.5,2.44
Karachi,24.9056,67.0822,2026-05-15 17:00:00+00:00,28.8,82,999.9,2.64
Karachi,24.9056,67.0822,2026-05-15 18:00:00+00:00,29.0,78,999.9,2.93
Karachi,24.9056,67.0822,2026-05-15 19:00:00+00:00,28.8,77,1000.0,3.08
Karachi,24.9056,67.0822,2026-05-15 20:00:00+00:00,28.6,76,999.5,2.77
Karachi,24.9056,67.0822,2026-05-15 21:00:00+00:00,28.4,78,999.2,2.41
Karachi,24.9056,67.0822,2026-05-15 22:00:00+00:00,28.2,78,999.5,2.36
Karachi,24.9056,67.0822,2026-05-15 23:00:00+00:00,28.0,78,999.9,2.1
Karachi,24.9056,67.0822,2026-05-16 00:00:00+00:00,28.0,79,1000.2,2.4
Karachi,24.9056,67.0822,2026-05-16 01:00:00+00:00,27.6,84,1000.6,2.09
Karachi,24.9056,67.0822,2026-05-16 02:00:00+00:00,28.2,81,1001.1,2.23
Karachi,24.9056,67.0822,2026-05-16 03:00:00+00:00,29.5,71,1001.6,2.21
Karachi,24.9056,67.0822,2026-05-16 04:00:00+00:00,31.3,63,1001.9,2.31
Karachi,24.9056,67.0822,2026-05-16 05:00:00+00:00,32.7,57,1001.9,2.36
Karachi,24.9056,67.0822,2026-05-16 06:00:00+00:00,34.0,52,1001.7,2.64
Karachi,24.9056,67.0822,2026-05-16 07:00:00+00:00,35.1,48,1001.2,2.88
Karachi,24.9056,67.0822,2026-05-16 08:00:00+00:00,35.7,46,1000.8,2.77
Karachi,24.9056,67.0822,2026-05-16 09:00:00+00:00,35.8,45,1000.4,2.89
Karachi,24.9056,67.0822,2026-05-16 10:00:00+00:00,35.3,45,1000.0,3.13
Karachi,24.9056,67.0822,2026-05-16 11:00:00+00:00,34.3,49,999.7,3.27
Karachi,24.9056,67.0822,2026-05-16 12:00:00+00:00,33.1,52,999.7,2.92
Karachi,24.9056,67.0822,2026-05-16 13:00:00+00:00,31.4,60,1000.0,2.87
Karachi,24.9056,67.0822,2026-05-16 14:00:00+00:00,29.8,68,1000.2,2.65
Karachi,24.9056,67.0822,2026-05-16 15:00:00+00:00,29.0,74,1000.9,2.4
Karachi,24.9056,67.0822,2026-05-16 16:00:00+00:00,28.6,79,1001.5,2.11
Karachi,24.9056,67.0822,2026-05-16 17:00:00+00:00,28.2,82,1002.1,2.15
Karachi,24.9056,67.0822,2026-05-16 18:00:00+00:00,28.3,83,1001.8,2.65
Karachi,24.9056,67.0822,2026-05-16 19:00:00+00:00,27.9,84,1001.9,2.6
Karachi,24.9056,67.0822,2026-05-16 20:00:00+00:00,27.5,86,1001.5,2.46
Karachi,24.9056,67.0822,2026-05-16 21:00:00+00:00,27.2,87,1001.3,2.46
Karachi,24.9056,67.0822,2026-05-16 22:00:00+00:00,27.0,87,1001.2,2.35
Karachi,24.9056,67.0822,2026-05-16 23:00:00+00:00,26.8,88,1001.3,2.4
Karachi,24.9056,67.0822,2026-05-17 00:00:00+00:00,26.9,89,1001.5,2.65
Karachi,24.9056,67.0822,2026-05-17 01:00:00+00:00,26.7,89,1001.9,2.41
Karachi,24.9056,67.0822,2026-05-17 02:00:00+00:00,27.4,82,1002.4,2.57
Karachi,24.9056,67.0822,2026-05-17 03:00:00+00:00,28.9,74,1002.8,2.62
Karachi,24.9056,67.0822,2026-05-17 04:00:00+00:00,30.9,63,1003.3,2.47
Karachi,24.9056,67.0822,2026-05-17 05:00:00+00:00,33.1,50,1003.6,2.51
Karachi,24.9056,67.0822,2026-05-17 06:00:00+00:00,34.9,36,1003.8,2.6
Karachi,24.9056,67.0822,2026-05-17 07:00:00+00:00,36.4,30,1003.4,2.8
Karachi,24.9056,67.0822,2026-05-17 08:00:00+00:00,36.8,30,1002.9,2.97
Karachi,24.9056,67.0822,2026-05-17 09:00:00+00:00,36.9,29,1002.3,3.01
Karachi,24.9056,67.0822,2026-05-17 10:00:00+00:00,36.4,30,1001.5,3.18
Karachi,24.9056,67.0822,2026-05-17 11:00:00+00:00,35.3,33,1001.0,3.32
Karachi,24.9056,67.0822,2026-05-17 12:00:00+00:00,33.3,45,1000.9,3.3
Karachi,24.9056,67.0822,2026-05-17 13:00:00+00:00,31.2,59,1000.9,3.19
Karachi,24.9056,67.0822,2026-05-17 14:00:00+00:00,29.2,73,1001.1,3.02
Karachi,24.9056,67.0822,2026-05-17 15:00:00+00:00,28.3,78,1001.3,3.12
Karachi,24.9056,67.0822,2026-05-17 16:00:00+00:00,28.1,79,1001.9,3.13
Karachi,24.9056,67.0822,2026-05-17 17:00:00+00:00,27.9,79,1002.3,3.21
Karachi,24.9056,67.0822,2026-05-17 18:00:00+00:00,28.2,78,1001.9,3.43
Karachi,24.9056,67.0822,2026-05-17 19:00:00+00:00,27.9,78,1001.8,3.18
Karachi,24.9056,67.0822,2026-05-17 20:00:00+00:00,27.6,81,1001.1,3.11
Karachi,24.9056,67.0822,2026-05-17 21:00:00+00:00,27.3,83,1000.7,2.74
Karachi,24.9056,67.0822,2026-05-17 22:00:00+00:00,27.1,83,1000.5,2.63
Karachi,24.9056,67.0822,2026-05-17 23:00:00+00:00,26.8,86,1000.7,2.49
Karachi,24.9056,67.0822,2026-05-18 00:00:00+00:00,26.8,88,1000.6,2.69
Karachi,24.9056,67.0822,2026-05-18 01:00:00+00:00,26.8,86,1000.7,2.88
Karachi,24.9056,67.0822,2026-05-18 02:00:00+00:00,27.6,77,1001.2,3.4
Karachi,24.9056,67.0822,2026-05-18 03:00:00+00:00,28.9,70,1001.6,3.85
Karachi,24.9056,67.0822,2026-05-18 04:00:00+00:00,30.4,63,1001.9,3.85
Karachi,24.9056,67.0822,2026-05-18 05:00:00+00:00,31.9,57,1002.0,3.7
Karachi,24.9056,67.0822,2026-05-18 06:00:00+00:00,33.3,52,1001.8,4.05
Karachi,24.9056,67.0822,2026-05-18 07:00:00+00:00,34.0,49,1001.6,4.29
Karachi,24.9056,67.0822,2026-05-18 08:00:00+00:00,33.9,50,1001.1,4.54
Karachi,24.9056,67.0822,2026-05-18 09:00:00+00:00,33.8,49,1000.7,4.48
Karachi,24.9056,67.0822,2026-05-18 10:00:00+00:00,33.4,53,1000.2,4.43
Karachi,24.9056,67.0822,2026-05-18 11:00:00+00:00,32.7,56,999.6,4.36
Karachi,24.9056,67.0822,2026-05-18 12:00:00+00:00,32.0,58,999.1,4.14
Karachi,24.9056,67.0822,2026-05-18 13:00:00+00:00,30.5,66,999.0,3.9
Karachi,24.9056,67.0822,2026-05-18 14:00:00+00:00,29.3,74,999.1,3.64
Karachi,24.9056,67.0822,2026-05-18 15:00:00+00:00,28.9,76,999.4,3.69
Karachi,24.9056,67.0822,2026-05-18 16:00:00+00:00,28.7,76,999.8,3.93
Karachi,24.9056,67.0822,2026-05-18 17:00:00+00:00,28.7,76,1000.1,3.75
Karachi,24.9056,67.0822,2026-05-18 18:00:00+00:00,28.6,77,999.8,3.64
Karachi,24.9056,67.0822,2026-05-18 19:00:00+00:00,28.5,77,999.8,3.71
Karachi,24.9056,67.0822,2026-05-18 20:00:00+00:00,28.4,78,999.1,3.21
Karachi,24.9056,67.0822,2026-05-18 21:00:00+00:00,28.1,81,998.8,2.75
Karachi,24.9056,67.0822,2026-05-18 22:00:00+00:00,28.0,82,998.6,2.71
Karachi,24.9056,67.0822,2026-05-18 23:00:00+00:00,27.9,83,998.6,2.79
Karachi,24.9056,67.0822,2026-05-19 00:00:00+00:00,28.2,82,998.6,3.06
Karachi,24.9056,67.0822,2026-05-19 01:00:00+00:00,28.1,83,999.0,3.11
Karachi,24.9056,67.0822,2026-05-19 02:00:00+00:00,28.8,79,999.6,4.1
Karachi,24.9056,67.0822,2026-05-19 03:00:00+00:00,30.2,72,1000.0,4.57
Karachi,24.9056,67.0822,2026-05-19 04:00:00+00:00,31.6,64,1000.5,4.45
Karachi,24.9056,67.0822,2026-05-19 05:00:00+00:00,32.7,61,1000.7,4.21
Karachi,24.9056,67.0822,2026-05-19 06:00:00+00:00,34.1,55,1000.7,4.19
Karachi,24.9056,67.0822,2026-05-19 07:00:00+00:00,34.9,53,1000.3,4.16
Karachi,24.9056,67.0822,2026-05-19 08:00:00+00:00,35.3,52,999.6,4.21
Karachi,24.9056,67.0822,2026-05-19 09:00:00+00:00,35.3,51,998.9,4.21
Karachi,24.9056,67.0822,2026-05-19 10:00:00+00:00,35.0,52,998.4,4.12
Karachi,24.9056,67.0822,2026-05-19 11:00:00+00:00,34.1,56,998.0,3.92
Karachi,24.9056,67.0822,2026-05-19 12:00:00+00:00,33.4,55,997.9,3.94
Karachi,24.9056,67.0822,2026-05-19 13:00:00+00:00,31.8,63,998.0,3.58
Karachi,24.9056,67.0822,2026-05-19 14:00:00+00:00,30.4,74,998.2,3.16
Karachi,24.9056,67.0822,2026-05-19 15:00:00+00:00,29.6,80,998.7,2.75
Karachi,24.9056,67.0822,2026-05-19 16:00:00+00:00,29.2,82,999.2,2.14
Karachi,24.9056,67.0822,2026-05-19 17:00:00+00:00,29.0,83,999.9,2.04
Karachi,24.9056,67.0822,2026-05-19 18:00:00+00:00,29.2,84,999.9,2.37
Karachi,24.9056,67.0822,2026-05-19 19:00:00+00:00,28.7,86,999.7,2.43
Karachi,24.9056,67.0822,2026-05-19 20:00:00+00:00,28.4,87,999.2,2.67
Karachi,24.9056,67.0822,2026-05-19 21:00:00+00:00,28.1,86,999.0,2.72
Karachi,24.9056,67.0822,2026-05-19 22:00:00+00:00,27.8,89,998.8,2.52
Karachi,24.9056,67.0822,2026-05-19 23:00:00+00:00,27.6,90,998.8,2.57
Karachi,24.9056,67.0822,2026-05-20 00:00:00+00:00,27.7,90,999.1,2.78
Karachi,24.9056,67.0822,2026-05-20 01:00:00+00:00,27.5,90,999.5,3.09
Karachi,24.9056,67.0822,2026-05-20 02:00:00+00:00,28.4,83,1000.3,3.5
Karachi,24.9056,67.0822,2026-05-20 03:00:00+00:00,29.7,73,1000.7,3.31
Karachi,24.9056,67.0822,2026-05-20 04:00:00+00:00,31.2,65,1001.0,3.4
Karachi,24.9056,67.0822,2026-05-20 05:00:00+00:00,32.5,59,1001.2,3.58
Karachi,24.9056,67.0822,2026-05-20 06:00:00+00:00,34.2,52,1001.0,3.79
Karachi,24.9056,67.0822,2026-05-20 07:00:00+00:00,35.1,48,1000.7,3.79
Karachi,24.9056,67.0822,2026-05-20 08:00:00+00:00,35.7,44,1000.0,3.87
Karachi,24.9056,67.0822,2026-05-20 09:00:00+00:00,35.8,41,999.5,3.96
Karachi,24.9056,67.0822,2026-05-20 10:00:00+00:00,35.3,43,998.9,3.92
Karachi,24.9056,67.0822,2026-05-20 11:00:00+00:00,34.4,47,998.4,3.94
Karachi,24.9056,67.0822,2026-05-20 12:00:00+00:00,33.4,48,998.3,3.74
Karachi,24.9056,67.0822,2026-05-20 13:00:00+00:00,31.7,58,998.2,3.42
Karachi,24.9056,67.0822,2026-05-20 14:00:00+00:00,30.2,69,998.4,2.98
Karachi,24.9056,67.0822,2026-05-20 15:00:00+00:00,29.5,75,998.9,2.77
Karachi,24.9056,67.0822,2026-05-20 16:00:00+00:00,29.1,78,999.4,2.77
Karachi,24.9056,67.0822,2026-05-20 17:00:00+00:00,28.7,82,1000.0,2.77
Karachi,24.9056,67.0822,2026-05-20 18:00:00+00:00,29.1,79,1000.0,3.67
Karachi,24.9056,67.0822,2026-05-20 19:00:00+00:00,28.9,78,999.8,3.49
Karachi,24.9056,67.0822,2026-05-20 20:00:00+00:00,28.6,79,999.4,2.93
Karachi,24.9056,67.0822,2026-05-20 21:00:00+00:00,28.3,82,999.0,2.96
Karachi,24.9056,67.0822,2026-05-20 22:00:00+00:00,28.1,84,999.0,2.74
Karachi,24.9056,67.0822,2026-05-20 23:00:00+00:00,28.0,84,999.1,2.53
Karachi,24.9056,67.0822,2026-05-21 00:00:00+00:00,28.1,85,999.1,2.43
Karachi,24.9056,67.0822,2026-05-21 01:00:00+00:00,27.8,86,999.7,2.47
Karachi,24.9056,67.0822,2026-05-21 02:00:00+00:00,28.5,81,1000.3,3.04
Karachi,24.9056,67.0822,2026-05-21 03:00:00+00:00,30.0,71,1000.8,3.48
Karachi,24.9056,67.0822,2026-05-21 04:00:00+00:00,31.4,64,1001.0,3.4
Karachi,24.9056,67.0822,2026-05-21 05:00:00+00:00,32.7,58,1001.2,3.56
Karachi,24.9056,67.0822,2026-05-21 06:00:00+00:00,33.8,54,1001.2,3.58
Karachi,24.9056,67.0822,2026-05-21 07:00:00+00:00,34.4,52,1000.9,3.73
Karachi,24.9056,67.0822,2026-05-21 08:00:00+00:00,34.5,51,1000.4,3.83
Karachi,24.9056,67.0822,2026-05-21 09:00:00+00:00,34.3,53,999.9,3.92
Karachi,24.9056,67.0822,2026-05-21 10:00:00+00:00,33.7,56,999.5,3.82
Karachi,24.9056,67.0822,2026-05-21 11:00:00+00:00,33.1,58,999.2,3.64
Karachi,24.9056,67.0822,2026-05-21 12:00:00+00:00,32.6,60,999.1,3.59
Karachi,24.9056,67.0822,2026-05-21 13:00:00+00:00,31.4,65,999.4,3.62
Karachi,24.9056,67.0822,2026-05-21 14:00:00+00:00,30.4,69,999.8,3.51
Karachi,24.9056,67.0822,2026-05-21 15:00:00+00:00,29.9,72,1000.3,3.36
Karachi,24.9056,67.0822,2026-05-21 16:00:00+00:00,29.6,75,1001.0,3.18
Karachi,24.9056,67.0822,2026-05-21 17:00:00+00:00,29.1,78,1001.5,2.9
Karachi,24.9056,67.0822,2026-05-21 18:00:00+00:00,29.2,78,1001.6,2.92
Karachi,24.9056,67.0822,2026-05-21 19:00:00+00:00,28.9,79,1001.6,2.89
Karachi,24.9056,67.0822,2026-05-21 20:00:00+00:00,28.7,80,1001.4,2.69
Karachi,24.9056,67.0822,2026-05-21 21:00:00+00:00,28.4,81,1001.1,2.46
Karachi,24.9056,67.0822,2026-05-21 22:00:00+00:00,28.3,80,1001.4,2.41
Karachi,24.9056,67.0822,2026-05-21 23:00:00+00:00,27.9,85,1001.6,2.23
Karachi,24.9056,67.0822,2026-05-22 00:00:00+00:00,28.0,86,1001.7,1.98
Karachi,24.9056,67.0822,2026-05-22 01:00:00+00:00,27.6,88,1002.1,2.0
Karachi,24.9056,67.0822,2026-05-22 02:00:00+00:00,28.4,84,1003.0,2.25
Karachi,24.9056,67.0822,2026-05-22 03:00:00+00:00,29.9,75,1003.6,2.11
Karachi,24.9056,67.0822,2026-05-22 04:00:00+00:00,31.5,65,1004.1,2.07
Karachi,24.9056,67.0822,2026-05-22 05:00:00+00:00,33.0,58,1004.3,2.36
Karachi,24.9056,67.0822,2026-05-22 06:00:00+00:00,34.1,53,1004.3,2.36
Karachi,24.9056,67.0822,2026-05-22 07:00:00+00:00,35.0,51,1003.9,2.53
Karachi,24.9056,67.0822,2026-05-22 08:00:00+00:00,35.6,48,1003.3,2.76
Karachi,24.9056,67.0822,2026-05-22 09:00:00+00:00,35.9,46,1002.6,3.01
Karachi,24.9056,67.0822,2026-05-22 10:00:00+00:00,35.3,49,1002.1,3.4
Karachi,24.9056,67.0822,2026-05-22 11:00:00+00:00,34.0,52,1001.9,3.58
Karachi,24.9056,67.0822,2026-05-22 12:00:00+00:00,32.9,59,1001.9,3.25
Karachi,24.9056,67.0822,2026-05-22 13:00:00+00:00,31.2,68,1002.2,3.04
Karachi,24.9056,67.0822,2026-05-22 14:00:00+00:00,30.2,73,1002.6,2.83
Karachi,24.9056,67.0822,2026-05-22 15:00:00+00:00,29.8,74,1003.1,3.26
Karachi,24.9056,67.0822,2026-05-22 16:00:00+00:00,29.6,75,1003.5,3.65
Karachi,24.9056,67.0822,2026-05-22 17:00:00+00:00,29.4,76,1004.1,3.38
Karachi,24.9056,67.0822,2026-05-22 18:00:00+00:00,29.4,73,1004.2,3.4
Karachi,24.9056,67.0822,2026-05-22 19:00:00+00:00,29.2,75,1004.3,3.22
Karachi,24.9056,67.0822,2026-05-22 20:00:00+00:00,28.9,77,1004.0,3.0
Karachi,24.9056,67.0822,2026-05-22 21:00:00+00:00,28.6,79,1003.9,2.75
Karachi,24.9056,67.0822,2026-05-22 22:00:00+00:00,28.3,83,1003.8,2.3
Karachi,24.9056,67.0822,2026-05-22 23:00:00+00:00,28.1,82,1003.9,2.05
Karachi,24.9056,67.0822,2026-05-23 00:00:00+00:00,28.0,81,1003.7,2.36
Karachi,24.9056,67.0822,2026-05-23 01:00:00+00:00,27.6,83,1004.1,2.16
Karachi,24.9056,67.0822,2026-05-23 02:00:00+00:00,28.2,79,1004.5,2.45
Karachi,24.9056,67.0822,2026-05-23 03:00:00+00:00,29.4,71,1005.0,2.21
Karachi,24.9056,67.0822,2026-05-23 04:00:00+00:00,31.2,61,1005.4,2.19
Karachi,24.9056,67.0822,2026-05-23 05:00:00+00:00,32.9,53,1005.6,2.36
Karachi,24.9056,67.0822,2026-05-23 06:00:00+00:00,34.3,47,1005.2,2.71
Karachi,24.9056,67.0822,2026-05-23 07:00:00+00:00,35.0,46,1004.8,2.97
Karachi,24.9056,67.0822,2026-05-23 08:00:00+00:00,35.2,45,1004.3,3.23
Karachi,24.9056,67.0822,2026-05-23 09:00:00+00:00,34.8,47,1003.8,3.57
Karachi,24.9056,67.0822,2026-05-23 10:00:00+00:00,33.7,52,1003.5,3.75
Karachi,24.9056,67.0822,2026-05-23 11:00:00+00:00,32.7,55,1003.1,3.75
Karachi,24.9056,67.0822,2026-05-23 12:00:00+00:00,32.1,57,1002.9,3.52
Karachi,24.9056,67.0822,2026-05-23 13:00:00+00:00,30.9,63,1002.7,3.25
Karachi,24.9056,67.0822,2026-05-23 14:00:00+00:00,29.7,70,1002.8,3.0
Karachi,24.9056,67.0822,2026-05-23 15:00:00+00:00,28.8,75,1003.1,2.93
Karachi,24.9056,67.0822,2026-05-23 16:00:00+00:00,28.7,76,1003.7,3.16
Karachi,24.9056,67.0822,2026-05-23 17:00:00+00:00,28.6,76,1004.2,3.07
Karachi,24.9056,67.0822,2026-05-23 18:00:00+00:00,28.5,78,1004.2,3.1
Karachi,24.9056,67.0822,2026-05-23 19:00:00+00:00,28.2,79,1003.9,3.15
Karachi,24.9056,67.0822,2026-05-23 20:00:00+00:00,28.0,80,1003.3,3.02
Karachi,24.9056,67.0822,2026-05-23 21:00:00+00:00,27.6,82,1003.0,2.96
Karachi,24.9056,67.0822,2026-05-23 22:00:00+00:00,27.5,83,1002.7,2.75
Karachi,24.9056,67.0822,2026-05-23 23:00:00+00:00,27.5,80,1003.1,2.66
Karachi,24.9056,67.0822,2026-05-24 00:00:00+00:00,27.6,81,1003.4,2.73
Karachi,24.9056,67.0822,2026-05-24 01:00:00+00:00,27.5,80,1003.9,2.74
Karachi,24.9056,67.0822,2026-05-24 02:00:00+00:00,28.3,76,1004.6,3.13
Karachi,24.9056,67.0822,2026-05-24 03:00:00+00:00,29.7,68,1005.1,3.74
Karachi,24.9056,67.0822,2026-05-24 04:00:00+00:00,31.1,62,1005.3,3.81
Karachi,24.9056,67.0822,2026-05-24 05:00:00+00:00,32.3,57,1005.3,4.01
Karachi,24.9056,67.0822,2026-05-24 06:00:00+00:00,33.5,54,1005.2,4.32
Karachi,24.9056,67.0822,2026-05-24 07:00:00+00:00,34.1,51,1004.8,4.43
Karachi,24.9056,67.0822,2026-05-24 08:00:00+00:00,34.1,52,1004.1,4.36
Karachi,24.9056,67.0822,2026-05-24 09:00:00+00:00,34.5,50,1003.3,4.2
Karachi,24.9056,67.0822,2026-05-24 10:00:00+00:00,34.3,51,1002.4,4.12
Karachi,24.9056,67.0822,2026-05-24 11:00:00+00:00,33.6,55,1002.1,4.08
Karachi,24.9056,67.0822,2026-05-24 12:00:00+00:00,32.4,58,1002.1,4.0
Karachi,24.9056,67.0822,2026-05-24 13:00:00+00:00,31.0,66,1001.9,3.72
Karachi,24.9056,67.0822,2026-05-24 14:00:00+00:00,29.7,73,1002.3,3.47
Karachi,24.9056,67.0822,2026-05-24 15:00:00+00:00,29.1,78,1002.6,3.8
Karachi,24.9056,67.0822,2026-05-24 16:00:00+00:00,28.9,79,1003.1,3.91
Karachi,24.9056,67.0822,2026-05-24 17:00:00+00:00,28.9,78,1003.7,3.76
Karachi,24.9056,67.0822,2026-05-24 18:00:00+00:00,29.0,77,1003.7,3.88
Karachi,24.9056,67.0822,2026-05-24 19:00:00+00:00,28.8,78,1003.4,3.94
Karachi,24.9056,67.0822,2026-05-24 20:00:00+00:00,28.7,77,1002.8,3.65
Karachi,24.9056,67.0822,2026-05-24 21:00:00+00:00,28.6,79,1002.4,3.64
Karachi,24.9056,67.0822,2026-05-24 22:00:00+00:00,28.1,83,1002.1,3.18
Karachi,24.9056,67.0822,2026-05-24 23:00:00+00:00,28.1,82,1001.9,3.02
Karachi,24.9056,67.0822,2026-05-25 00:00:00+00:00,27.9,87,1002.0,3.03
Karachi,24.9056,67.0822,2026-05-25 01:00:00+00:00,28.0,86,1002.1,2.99
Karachi,24.9056,67.0822,2026-05-25 02:00:00+00:00,28.8,83,1002.7,3.46
Karachi,24.9056,67.0822,2026-05-25 03:00:00+00:00,30.4,73,1003.0,3.86
Karachi,24.9056,67.0822,2026-05-25 04:00:00+00:00,31.9,65,1003.4,3.9
Karachi,24.9056,67.0822,2026-05-25 05:00:00+00:00,33.1,60,1003.5,3.67
Karachi,24.9056,67.0822,2026-05-25 06:00:00+00:00,34.0,57,1003.3,3.83
Karachi,24.9056,67.0822,2026-05-25 07:00:00+00:00,34.4,56,1002.9,4.11
Karachi,24.9056,67.0822,2026-05-25 08:00:00+00:00,34.9,56,1002.1,4.4
Karachi,24.9056,67.0822,2026-05-25 09:00:00+00:00,35.0,56,1001.4,4.31
Karachi,24.9056,67.0822,2026-05-25 10:00:00+00:00,34.3,59,1000.6,4.39
Karachi,24.9056,67.0822,2026-05-25 11:00:00+00:00,33.6,62,1000.0,4.17
Karachi,24.9056,67.0822,2026-05-25 12:00:00+00:00,33.1,63,999.9,3.72
Karachi,24.9056,67.0822,2026-05-25 13:00:00+00:00,31.6,69,999.9,3.27
Karachi,24.9056,67.0822,2026-05-25 14:00:00+00:00,30.4,76,1000.2,3.11
Karachi,24.9056,67.0822,2026-05-25 15:00:00+00:00,29.7,80,1000.7,2.84
Karachi,24.9056,67.0822,2026-05-25 16:00:00+00:00,29.7,80,1001.0,2.55
Karachi,24.9056,67.0822,2026-05-25 17:00:00+00:00,29.5,82,1001.4,2.38
Karachi,24.9056,67.0822,2026-05-25 18:00:00+00:00,29.8,82,1001.6,2.42
Karachi,24.9056,67.0822,2026-05-25 19:00:00+00:00,29.2,85,1001.3,2.45
Karachi,24.9056,67.0822,2026-05-25 20:00:00+00:00,28.9,86,1001.1,2.47
Karachi,24.9056,67.0822,2026-05-25 21:00:00+00:00,28.6,88,1000.6,2.66
Karachi,24.9056,67.0822,2026-05-25 22:00:00+00:00,28.3,90,1000.3,2.66
Karachi,24.9056,67.0822,2026-05-25 23:00:00+00:00,28.1,92,1000.3,2.58
Karachi,24.9056,67.0822,2026-05-26 00:00:00+00:00,28.0,92,1000.6,2.31
Karachi,24.9056,67.0822,2026-05-26 01:00:00+00:00,27.8,94,1000.9,2.29
Karachi,24.9056,67.0822,2026-05-26 02:00:00+00:00,28.8,87,1001.5,2.68
Karachi,24.9056,67.0822,2026-05-26 03:00:00+00:00,30.5,76,1002.0,2.42
Karachi,24.9056,67.0822,2026-05-26 04:00:00+00:00,32.0,69,1002.2,2.15
Karachi,24.9056,67.0822,2026-05-26 05:00:00+00:00,33.6,62,1002.4,2.19
Karachi,24.9056,67.0822,2026-05-26 06:00:00+00:00,34.9,59,1002.3,2.65
Karachi,24.9056,67.0822,2026-05-26 07:00:00+00:00,36.1,54,1001.9,2.73
Karachi,24.9056,67.0822,2026-05-26 08:00:00+00:00,36.5,52,1001.4,3.15
Karachi,24.9056,67.0822,2026-05-26 09:00:00+00:00,36.4,52,1000.7,3.4
Karachi,24.9056,67.0822,2026-05-26 10:00:00+00:00,36.1,51,1000.0,3.4
Karachi,24.9056,67.0822,2026-05-26 11:00:00+00:00,35.5,52,999.8,3.37
Karachi,24.9056,67.0822,2026-05-26 12:00:00+00:00,35.0,53,999.7,2.84
Karachi,24.9056,67.0822,2026-05-26 13:00:00+00:00,33.2,61,999.7,3.07
Karachi,24.9056,67.0822,2026-05-26 14:00:00+00:00,31.4,71,1000.3,2.78
Karachi,24.9056,67.0822,2026-05-26 15:00:00+00:00,30.3,78,1000.6,2.73
Karachi,24.9056,67.0822,2026-05-26 16:00:00+00:00,29.7,81,1001.2,2.15
Karachi,24.9056,67.0822,2026-05-26 17:00:00+00:00,29.4,83,1001.9,2.06
Karachi,24.9056,67.0822,2026-05-26 18:00:00+00:00,29.4,83,1002.3,1.75
Karachi,24.9056,67.0822,2026-05-26 19:00:00+00:00,28.9,86,1002.3,1.36
Karachi,24.9056,67.0822,2026-05-26 20:00:00+00:00,28.6,87,1002.1,1.5
Karachi,24.9056,67.0822,2026-05-26 21:00:00+00:00,28.2,89,1001.7,1.92
Karachi,24.9056,67.0822,2026-05-26 22:00:00+00:00,28.0,91,1001.5,2.09
Karachi,24.9056,67.0822,2026-05-26 23:00:00+00:00,27.8,92,1001.7,2.34
Karachi,24.9056,67.0822,2026-05-27 00:00:00+00:00,28.2,90,1001.8,2.73
Karachi,24.9056,67.0822,2026-05-27 01:00:00+00:00,28.2,89,1002.1,2.61
Karachi,24.9056,67.0822,2026-05-27 02:00:00+00:00,29.0,84,1002.8,2.66
Karachi,24.9056,67.0822,2026-05-27 03:00:00+00:00,30.3,75,1003.4,3.0
Karachi,24.9056,67.0822,2026-05-27 04:00:00+00:00,31.8,69,1003.7,2.89
Karachi,24.9056,67.0822,2026-05-27 05:00:00+00:00,33.5,61,1003.8,2.76
Karachi,24.9056,67.0822,2026-05-27 06:00:00+00:00,34.6,56,1003.6,3.24
Karachi,24.9056,67.0822,2026-05-27 07:00:00+00:00,35.5,53,1003.0,3.59
Karachi,24.9056,67.0822,2026-05-27 08:00:00+00:00,36.0,51,1002.4,3.64
Karachi,24.9056,67.0822,2026-05-27 09:00:00+00:00,35.9,52,1001.7,3.75
Karachi,24.9056,67.0822,2026-05-27 10:00:00+00:00,35.5,53,1001.2,3.86
Karachi,24.9056,67.0822,2026-05-27 11:00:00+00:00,34.7,56,1000.9,3.9
Karachi,24.9056,67.0822,2026-05-27 12:00:00+00:00,34.0,57,1000.6,3.6
Karachi,24.9056,67.0822,2026-05-27 13:00:00+00:00,32.7,63,1000.8,3.24
Karachi,24.9056,67.0822,2026-05-27 14:00:00+00:00,31.2,70,1001.0,2.98
Karachi,24.9056,67.0822,2026-05-27 15:00:00+00:00,30.2,79,1001.3,2.83
Karachi,24.9056,67.0822,2026-05-27 16:00:00+00:00,29.6,83,1001.5,2.73
Karachi,24.9056,67.0822,2026-05-27 17:00:00+00:00,29.3,85,1002.1,3.04
Karachi,24.9056,67.0822,2026-05-27 18:00:00+00:00,29.5,84,1002.6,2.88
Karachi,24.9056,67.0822,2026-05-27 19:00:00+00:00,29.3,84,1002.4,2.98
Karachi,24.9056,67.0822,2026-05-27 20:00:00+00:00,29.0,85,1002.0,3.11
Karachi,24.9056,67.0822,2026-05-27 21:00:00+00:00,28.9,84,1001.8,3.02
Karachi,24.9056,67.0822,2026-05-27 22:00:00+00:00,28.7,85,1001.4,3.13
Karachi,24.9056,67.0822,2026-05-27 23:00:00+00:00,28.5,86,1001.0,3.2
Karachi,24.9056,67.0822,2026-05-28 00:00:00+00:00,28.6,84,1001.1,3.18
Karachi,24.9056,67.0822,2026-05-28 01:00:00+00:00,28.5,85,1001.6,2.99
Karachi,24.9056,67.0822,2026-05-28 02:00:00+00:00,29.2,81,1002.1,3.46
Karachi,24.9056,67.0822,2026-05-28 03:00:00+00:00,30.7,73,1002.4,3.75
Karachi,24.9056,67.0822,2026-05-28 04:00:00+00:00,32.0,69,1002.7,3.57
Karachi,24.9056,67.0822,2026-05-28 05:00:00+00:00,33.5,62,1002.7,3.58
Karachi,24.9056,67.0822,2026-05-28 06:00:00+00:00,34.9,55,1002.7,3.57
Karachi,24.9056,67.0822,2026-05-28 07:00:00+00:00,35.6,53,1002.2,3.53
Karachi,24.9056,67.0822,2026-05-28 08:00:00+00:00,36.0,51,1001.5,3.99
Karachi,24.9056,67.0822,2026-05-28 09:00:00+00:00,35.8,52,1000.8,4.09
Karachi,24.9056,67.0822,2026-05-28 10:00:00+00:00,35.2,56,1000.1,4.11
Karachi,24.9056,67.0822,2026-05-28 11:00:00+00:00,34.2,62,999.6,3.91
Karachi,24.9056,67.0822,2026-05-28 12:00:00+00:00,33.7,62,999.4,3.79
Karachi,24.9056,67.0822,2026-05-28 13:00:00+00:00,32.2,70,999.3,3.43
Karachi,24.9056,67.0822,2026-05-28 14:00:00+00:00,31.0,77,999.7,3.15
Karachi,24.9056,67.0822,2026-05-28 15:00:00+00:00,30.4,80,1000.1,3.19
Karachi,24.9056,67.0822,2026-05-28 16:00:00+00:00,30.1,81,1000.9,3.05
Karachi,24.9056,67.0822,2026-05-28 17:00:00+00:00,29.8,83,1001.3,3.18
Karachi,24.9056,67.0822,2026-05-28 18:00:00+00:00,30.0,80,1001.0,3.57
Karachi,24.9056,67.0822,2026-05-28 19:00:00+00:00,29.5,84,1000.6,3.48
Karachi,24.9056,67.0822,2026-05-28 20:00:00+00:00,29.3,85,1000.3,2.65
Karachi,24.9056,67.0822,2026-05-28 21:00:00+00:00,29.2,84,1000.1,2.77
Karachi,24.9056,67.0822,2026-05-28 22:00:00+00:00,28.8,88,1000.1,2.66
Karachi,24.9056,67.0822,2026-05-28 23:00:00+00:00,28.7,89,999.7,3.08
Karachi,24.9056,67.0822,2026-05-29 00:00:00+00:00,28.8,90,999.9,2.77
Karachi,24.9056,67.0822,2026-05-29 01:00:00+00:00,28.6,91,1000.3,2.69
Karachi,24.9056,67.0822,2026-05-29 02:00:00+00:00,29.5,85,1000.7,3.13
Karachi,24.9056,67.0822,2026-05-29 03:00:00+00:00,31.1,76,1000.9,3.63
Karachi,24.9056,67.0822,2026-05-29 04:00:00+00:00,32.8,67,1001.1,3.22
Karachi,24.9056,67.0822,2026-05-29 05:00:00+00:00,34.2,62,1000.8,3.19
Karachi,24.9056,67.0822,2026-05-29 06:00:00+00:00,35.4,57,1000.7,3.26
Karachi,24.9056,67.0822,2026-05-29 07:00:00+00:00,36.4,54,1000.1,3.54
Karachi,24.9056,67.0822,2026-05-29 08:00:00+00:00,37.2,51,999.3,3.53
Karachi,24.9056,67.0822,2026-05-29 09:00:00+00:00,37.4,49,998.6,3.5
Karachi,24.9056,67.0822,2026-05-29 10:00:00+00:00,36.8,51,997.8,3.74
Karachi,24.9056,67.0822,2026-05-29 11:00:00+00:00,35.7,54,997.2,3.97
Karachi,24.9056,67.0822,2026-05-29 12:00:00+00:00,34.0,61,997.0,4.31
Karachi,24.9056,67.0822,2026-05-29 13:00:00+00:00,32.5,67,997.1,4.2
Karachi,24.9056,67.0822,2026-05-29 14:00:00+00:00,31.3,71,997.6,3.69
Karachi,24.9056,67.0822,2026-05-29 15:00:00+00:00,30.5,77,998.0,2.98
Karachi,24.9056,67.0822,2026-05-29 16:00:00+00:00,30.5,77,998.2,2.73
Karachi,24.9056,67.0822,2026-05-29 17:00:00+00:00,30.1,79,998.6,2.55
Karachi,24.9056,67.0822,2026-05-29 18:00:00+00:00,29.8,82,998.3,2.57
Karachi,24.9056,67.0822,2026-05-29 19:00:00+00:00,29.4,83,998.1,2.44
Karachi,24.9056,67.0822,2026-05-29 20:00:00+00:00,29.1,84,997.6,3.02
Karachi,24.9056,67.0822,2026-05-29 21:00:00+00:00,28.8,85,997.3,3.02
Karachi,24.9056,67.0822,2026-05-29 22:00:00+00:00,28.8,85,997.1,3.04
Karachi,24.9056,67.0822,2026-05-29 23:00:00+00:00,28.6,86,997.0,2.57
Karachi,24.9056,67.0822,2026-05-30 00:00:00+00:00,28.8,87,996.8,2.25
Karachi,24.9056,67.0822,2026-05-30 01:00:00+00:00,28.6,88,997.0,2.6
Karachi,24.9056,67.0822,2026-05-30 02:00:00+00:00,29.5,85,997.7,2.28
Karachi,24.9056,67.0822,2026-05-30 03:00:00+00:00,31.1,76,998.2,2.64
Karachi,24.9056,67.0822,2026-05-30 04:00:00+00:00,32.8,69,998.4,2.77
Karachi,24.9056,67.0822,2026-05-30 05:00:00+00:00,34.5,61,998.3,3.29
Karachi,24.9056,67.0822,2026-05-30 06:00:00+00:00,35.5,59,998.3,4.03
Karachi,24.9056,67.0822,2026-05-30 07:00:00+00:00,36.2,56,998.0,3.73
Karachi,24.9056,67.0822,2026-05-30 08:00:00+00:00,37.3,51,997.6,3.65
Karachi,24.9056,67.0822,2026-05-30 09:00:00+00:00,37.6,49,997.0,3.76
Karachi,24.9056,67.0822,2026-05-30 10:00:00+00:00,37.3,48,996.1,3.76
Karachi,24.9056,67.0822,2026-05-30 11:00:00+00:00,36.3,51,996.0,3.61
Karachi,24.9056,67.0822,2026-05-30 12:00:00+00:00,35.1,57,995.9,3.37
Karachi,24.9056,67.0822,2026-05-30 13:00:00+00:00,32.7,69,996.0,3.66
Karachi,24.9056,67.0822,2026-05-30 14:00:00+00:00,31.5,76,996.8,3.45
Karachi,24.9056,67.0822,2026-05-30 15:00:00+00:00,30.6,81,997.5,3.13
Karachi,24.9056,67.0822,2026-05-30 16:00:00+00:00,30.3,82,998.3,2.76
Karachi,24.9056,67.0822,2026-05-30 17:00:00+00:00,30.2,83,998.9,2.76
Karachi,24.9056,67.0822,2026-05-30 18:00:00+00:00,30.1,83,999.3,2.77
Karachi,24.9056,67.0822,2026-05-30 19:00:00+00:00,29.7,85,999.2,2.97
Karachi,24.9056,67.0822,2026-05-30 20:00:00+00:00,29.5,86,999.2,3.22
Karachi,24.9056,67.0822,2026-05-30 21:00:00+00:00,29.3,86,998.8,2.91
Karachi,24.9056,67.0822,2026-05-30 22:00:00+00:00,29.2,86,998.7,2.62
Karachi,24.9056,67.0822,2026-05-30 23:00:00+00:00,29.1,84,998.7,2.69
Karachi,24.9056,67.0822,2026-05-31 00:00:00+00:00,29.2,83,998.7,2.83
Karachi,24.9056,67.0822,2026-05-31 01:00:00+00:00,29.1,84,999.6,1.88
Karachi,24.9056,67.0822,2026-05-31 02:00:00+00:00,30.0,79,1000.3,2.22
Karachi,24.9056,67.0822,2026-05-31 03:00:00+00:00,31.2,73,1000.9,2.7
Karachi,24.9056,67.0822,2026-05-31 04:00:00+00:00,32.4,67,1001.6,3.19
Karachi,24.9056,67.0822,2026-05-31 05:00:00+00:00,33.6,61,1001.6,3.5
Karachi,24.9056,67.0822,2026-05-31 06:00:00+00:00,34.5,58,1002.0,3.36
Karachi,24.9056,67.0822,2026-05-31 07:00:00+00:00,35.1,54,1002.0,3.32
Karachi,24.9056,67.0822,2026-05-31 08:00:00+00:00,35.4,52,1001.6,3.55
Karachi,24.9056,67.0822,2026-05-31 09:00:00+00:00,34.9,57,1001.0,3.68
Karachi,24.9056,67.0822,2026-05-31 10:00:00+00:00,34.6,58,1000.3,3.83
Karachi,24.9056,67.0822,2026-05-31 11:00:00+00:00,33.8,60,1000.0,3.97
Karachi,24.9056,67.0822,2026-05-31 12:00:00+00:00,32.9,64,999.9,3.87
Karachi,24.9056,67.0822,2026-05-31 13:00:00+00:00,31.9,67,1000.0,3.51
Karachi,24.9056,67.0822,2026-05-31 14:00:00+00:00,31.1,69,1000.3,3.45
Karachi,24.9056,67.0822,2026-05-31 15:00:00+00:00,30.6,71,1001.0,3.2
Karachi,24.9056,67.0822,2026-05-31 16:00:00+00:00,30.3,74,1001.8,3.05
Karachi,24.9056,67.0822,2026-05-31 17:00:00+00:00,30.3,73,1002.6,2.85
Karachi,24.9056,67.0822,2026-05-31 18:00:00+00:00,30.4,74,1002.3,3.01
Karachi,24.9056,67.0822,2026-05-31 19:00:00+00:00,30.0,76,1002.2,2.55
Karachi,24.9056,67.0822,2026-05-31 20:00:00+00:00,29.6,78,1001.9,2.51
Karachi,24.9056,67.0822,2026-05-31 21:00:00+00:00,29.2,81,1001.3,2.43
Karachi,24.9056,67.0822,2026-05-31 22:00:00+00:00,29.0,82,1001.0,2.33
Karachi,24.9056,67.0822,2026-05-31 23:00:00+00:00,28.8,84,1000.9,1.81
Karachi,24.9056,67.0822,2026-06-01 00:00:00+00:00,28.6,85,1000.9,1.08
Karachi,24.9056,67.0822,2026-06-01 01:00:00+00:00,28.5,86,1001.5,1.2
Karachi,24.9056,67.0822,2026-06-01 02:00:00+00:00,29.3,82,1002.1,1.47
Karachi,24.9056,67.0822,2026-06-01 03:00:00+00:00,30.7,73,1002.5,1.77
Karachi,24.9056,67.0822,2026-06-01 04:00:00+00:00,32.3,65,1002.8,2.25
Karachi,24.9056,67.0822,2026-06-01 05:00:00+00:00,33.6,58,1002.9,2.56
Karachi,24.9056,67.0822,2026-06-01 06:00:00+00:00,34.3,54,1003.3,2.44
Karachi,24.9056,67.0822,2026-06-01 07:00:00+00:00,34.8,53,1003.0,2.66
Karachi,24.9056,67.0822,2026-06-01 08:00:00+00:00,35.3,52,1002.4,3.04
Karachi,24.9056,67.0822,2026-06-01 09:00:00+00:00,35.2,53,1001.7,3.33
Karachi,24.9056,67.0822,2026-06-01 10:00:00+00:00,34.3,56,1000.9,3.49
Karachi,24.9056,67.0822,2026-06-01 11:00:00+00:00,33.3,62,1000.7,3.35
Karachi,24.9056,67.0822,2026-06-01 12:00:00+00:00,33.3,60,1000.3,3.01
Karachi,24.9056,67.0822,2026-06-01 13:00:00+00:00,32.3,64,1000.3,2.97
Karachi,24.9056,67.0822,2026-06-01 14:00:00+00:00,31.5,66,1000.5,3.2
Karachi,24.9056,67.0822,2026-06-01 15:00:00+00:00,30.7,70,1000.5,3.11
Karachi,24.9056,67.0822,2026-06-01 16:00:00+00:00,30.4,72,1001.6,2.77
Karachi,24.9056,67.0822,2026-06-01 17:00:00+00:00,30.5,72,1003.1,1.75
Karachi,24.9056,67.0822,2026-06-01 18:00:00+00:00,30.5,72,1002.3,1.45
Karachi,24.9056,67.0822,2026-06-01 19:00:00+00:00,29.9,75,1001.5,2.6
Karachi,24.9056,67.0822,2026-06-01 20:00:00+00:00,29.3,80,1000.2,3.3
Karachi,24.9056,67.0822,2026-06-01 21:00:00+00:00,29.3,79,1002.1,0.59
Karachi,24.9056,67.0822,2026-06-01 22:00:00+00:00,29.4,79,1001.7,1.0
Karachi,24.9056,67.0822,2026-06-01 23:00:00+00:00,29.2,80,1001.8,1.29
Karachi,24.9056,67.0822,2026-06-02 00:00:00+00:00,28.9,82,1002.2,2.22
Karachi,24.9056,67.0822,2026-06-02 01:00:00+00:00,28.8,83,1002.7,1.68
Karachi,24.9056,67.0822,2026-06-02 02:00:00+00:00,29.5,80,1003.0,1.88
Karachi,24.9056,67.0822,2026-06-02 03:00:00+00:00,31.0,72,1002.9,2.82
Karachi,24.9056,67.0822,2026-06-02 04:00:00+00:00,31.9,66,1003.1,3.04
Karachi,24.9056,67.0822,2026-06-02 05:00:00+00:00,33.2,60,1003.2,2.62
Karachi,24.9056,67.0822,2026-06-02 06:00:00+00:00,33.9,54,1003.6,2.02
Karachi,24.9056,67.0822,2026-06-02 07:00:00+00:00,34.9,50,1003.0,1.96
Karachi,24.9056,67.0822,2026-06-02 08:00:00+00:00,36.1,47,1002.1,1.9
Karachi,24.9056,67.0822,2026-06-02 09:00:00+00:00,36.5,46,1001.0,2.37
Karachi,24.9056,67.0822,2026-06-02 10:00:00+00:00,35.8,48,1000.1,2.93
Karachi,24.9056,67.0822,2026-06-02 11:00:00+00:00,35.1,49,999.8,2.7
Karachi,24.9056,67.0822,2026-06-02 12:00:00+00:00,33.8,53,999.3,3.57
Karachi,24.9056,67.0822,2026-06-02 13:00:00+00:00,32.0,63,999.4,3.3
Karachi,24.9056,67.0822,2026-06-02 14:00:00+00:00,30.9,71,1000.3,2.42
Karachi,24.9056,67.0822,2026-06-02 15:00:00+00:00,30.3,75,1000.5,2.67
Karachi,24.9056,67.0822,2026-06-02 16:00:00+00:00,29.9,76,1000.9,2.54
Karachi,24.9056,67.0822,2026-06-02 17:00:00+00:00,29.6,78,1000.9,2.69
Karachi,24.9056,67.0822,2026-06-02 18:00:00+00:00,29.2,78,1000.5,2.09
Karachi,24.9056,67.0822,2026-06-02 19:00:00+00:00,29.0,77,1001.0,2.15
Karachi,24.9056,67.0822,2026-06-02 20:00:00+00:00,28.8,78,1001.3,1.63
Karachi,24.9056,67.0822,2026-06-02 21:00:00+00:00,28.5,79,1001.0,1.2
Karachi,24.9056,67.0822,2026-06-02 22:00:00+00:00,28.3,80,1000.8,0.75
Karachi,24.9056,67.0822,2026-06-02 23:00:00+00:00,28.2,79,1000.2,1.11
Karachi,24.9056,67.0822,2026-06-03 00:00:00+00:00,28.0,79,999.7,0.87
Karachi,24.9056,67.0822,2026-06-03 01:00:00+00:00,27.8,80,1000.0,1.25
Karachi,24.9056,67.0822,2026-06-03 02:00:00+00:00,28.2,77,1001.0,2.12
Karachi,24.9056,67.0822,2026-06-03 03:00:00+00:00,29.4,72,1000.9,0.85
Karachi,24.9056,67.0822,2026-06-03 04:00:00+00:00,31.2,64,1000.9,1.27
Karachi,24.9056,67.0822,2026-06-03 05:00:00+00:00,32.6,59,1000.9,2.41
Karachi,24.9056,67.0822,2026-06-03 06:00:00+00:00,34.0,50,1001.0,2.51
Karachi,24.9056,67.0822,2026-06-03 07:00:00+00:00,34.6,48,1000.7,2.88
Karachi,24.9056,67.0822,2026-06-03 08:00:00+00:00,34.5,51,1000.4,3.01
Karachi,24.9056,67.0822,2026-06-03 09:00:00+00:00,34.6,54,999.5,3.1
Karachi,24.9056,67.0822,2026-06-03 10:00:00+00:00,34.3,57,998.7,3.51
Karachi,24.9056,67.0822,2026-06-03 11:00:00+00:00,33.6,59,998.1,3.58
Karachi,24.9056,67.0822,2026-06-03 12:00:00+00:00,33.3,57,998.1,3.16
Karachi,24.9056,67.0822,2026-06-03 13:00:00+00:00,31.9,63,997.8,3.62
Karachi,24.9056,67.0822,2026-06-03 14:00:00+00:00,30.6,69,997.6,3.56
Karachi,24.9056,67.0822,2026-06-03 15:00:00+00:00,30.1,72,997.8,2.89
Karachi,24.9056,67.0822,2026-06-03 16:00:00+00:00,30.0,75,998.1,2.3
Karachi,24.9056,67.0822,2026-06-03 17:00:00+00:00,30.0,75,998.9,2.37
Karachi,24.9056,67.0822,2026-06-03 18:00:00+00:00,30.2,73,999.0,2.75
Karachi,24.9056,67.0822,2026-06-03 19:00:00+00:00,29.9,74,998.6,3.01
Karachi,24.9056,67.0822,2026-06-03 20:00:00+00:00,29.8,76,998.5,2.64
Karachi,24.9056,67.0822,2026-06-03 21:00:00+00:00,29.4,79,997.8,2.44
Karachi,24.9056,67.0822,2026-06-03 22:00:00+00:00,29.3,79,997.4,2.18
Karachi,24.9056,67.0822,2026-06-03 23:00:00+00:00,29.1,80,997.1,2.22
Karachi,24.9056,67.0822,2026-06-04 00:00:00+00:00,29.3,81,997.3,2.12
Karachi,24.9056,67.0822,2026-06-04 01:00:00+00:00,29.2,82,997.8,2.21
Karachi,24.9056,67.0822,2026-06-04 02:00:00+00:00,29.9,78,998.3,2.64
Karachi,24.9056,67.0822,2026-06-04 03:00:00+00:00,31.0,72,998.8,2.9
Karachi,24.9056,67.0822,2026-06-04 04:00:00+00:00,32.3,66,999.0,3.08
Karachi,24.9056,67.0822,2026-06-04 05:00:00+00:00,33.4,60,999.2,3.29
Karachi,24.9056,67.0822,2026-06-04 06:00:00+00:00,34.2,56,999.4,3.34
Karachi,24.9056,67.0822,2026-06-04 07:00:00+00:00,34.1,57,999.0,3.4
Karachi,24.9056,67.0822,2026-06-04 08:00:00+00:00,34.3,57,998.5,3.41
Karachi,24.9056,67.0822,2026-06-04 09:00:00+00:00,34.5,57,997.6,3.6
Karachi,24.9056,67.0822,2026-06-04 10:00:00+00:00,34.2,58,996.8,3.89
Karachi,24.9056,67.0822,2026-06-04 11:00:00+00:00,33.5,62,996.2,3.71
Karachi,24.9056,67.0822,2026-06-04 12:00:00+00:00,32.6,65,995.5,3.89
Karachi,24.9056,67.0822,2026-06-04 13:00:00+00:00,31.3,70,995.5,3.4
Karachi,24.9056,67.0822,2026-06-04 14:00:00+00:00,30.7,73,996.2,3.22
Karachi,24.9056,67.0822,2026-06-04 15:00:00+00:00,30.6,73,996.6,3.39
Karachi,24.9056,67.0822,2026-06-04 16:00:00+00:00,30.4,73,997.2,3.49
Karachi,24.9056,67.0822,2026-06-04 17:00:00+00:00,30.2,74,997.5,3.39
Karachi,24.9056,67.0822,2026-06-04 18:00:00+00:00,30.1,75,997.3,3.16
Karachi,24.9056,67.0822,2026-06-04 19:00:00+00:00,29.7,79,997.2,2.93
Karachi,24.9056,67.0822,2026-06-04 20:00:00+00:00,29.3,81,997.0,2.64
Karachi,24.9056,67.0822,2026-06-04 21:00:00+00:00,29.2,81,996.6,2.55
Karachi,24.9056,67.0822,2026-06-04 22:00:00+00:00,28.8,85,996.6,2.33
Karachi,24.9056,67.0822,2026-06-04 23:00:00+00:00,28.7,86,996.4,2.4
Karachi,24.9056,67.0822,2026-06-05 00:00:00+00:00,28.8,88,996.2,2.41
Karachi,24.9056,67.0822,2026-06-05 01:00:00+00:00,28.7,89,996.8,2.23
Karachi,24.9056,67.0822,2026-06-05 02:00:00+00:00,29.4,84,997.4,2.51
Karachi,24.9056,67.0822,2026-06-05 03:00:00+00:00,30.9,75,998.2,2.58
Karachi,24.9056,67.0822,2026-06-05 04:00:00+00:00,32.5,67,998.4,2.73
Karachi,24.9056,67.0822,2026-06-05 05:00:00+00:00,34.2,60,998.7,2.47
Karachi,24.9056,67.0822,2026-06-05 06:00:00+00:00,34.7,57,998.9,2.56
Karachi,24.9056,67.0822,2026-06-05 07:00:00+00:00,35.4,55,998.8,2.93
Karachi,24.9056,67.0822,2026-06-05 08:00:00+00:00,35.4,55,998.4,3.08
Karachi,24.9056,67.0822,2026-06-05 09:00:00+00:00,35.2,57,997.7,3.26
Karachi,24.9056,67.0822,2026-06-05 10:00:00+00:00,35.0,57,997.0,3.42
Karachi,24.9056,67.0822,2026-06-05 11:00:00+00:00,34.2,60,996.6,3.44
Karachi,24.9056,67.0822,2026-06-05 12:00:00+00:00,33.6,60,996.6,3.11
Karachi,24.9056,67.0822,2026-06-05 13:00:00+00:00,32.3,66,996.6,2.87
Karachi,24.9056,67.0822,2026-06-05 14:00:00+00:00,30.9,73,996.9,3.02
Karachi,24.9056,67.0822,2026-06-05 15:00:00+00:00,30.0,77,997.0,2.76
Karachi,24.9056,67.0822,2026-06-05 16:00:00+00:00,30.0,77,997.9,2.11
Karachi,24.9056,67.0822,2026-06-05 17:00:00+00:00,30.0,76,998.8,2.04
Karachi,24.9056,67.0822,2026-06-05 18:00:00+00:00,30.0,76,999.1,1.79
Karachi,24.9056,67.0822,2026-06-05 19:00:00+00:00,29.4,79,999.0,1.9
Karachi,24.9056,67.0822,2026-06-05 20:00:00+00:00,29.1,80,998.7,1.96
Karachi,24.9056,67.0822,2026-06-05 21:00:00+00:00,28.8,82,998.0,2.27
Karachi,24.9056,67.0822,2026-06-05 22:00:00+00:00,28.5,84,997.8,2.32
Karachi,24.9056,67.0822,2026-06-05 23:00:00+00:00,28.4,84,998.1,2.28
Karachi,24.9056,67.0822,2026-06-06 00:00:00+00:00,28.6,84,998.1,2.42
Karachi,24.9056,67.0822,2026-06-06 01:00:00+00:00,28.4,87,998.5,2.42
Karachi,24.9056,67.0822,2026-06-06 02:00:00+00:00,29.1,82,999.2,2.75
Karachi,24.9056,67.0822,2026-06-06 03:00:00+00:00,30.4,73,999.7,2.5
Karachi,24.9056,67.0822,2026-06-06 04:00:00+00:00,32.0,65,1000.0,2.36
Karachi,24.9056,67.0822,2026-06-06 05:00:00+00:00,33.5,58,1000.0,2.77
Karachi,24.9056,67.0822,2026-06-06 06:00:00+00:00,34.6,53,1000.3,3.26
Karachi,24.9056,67.0822,2026-06-06 07:00:00+00:00,35.0,53,1000.1,3.56
Karachi,24.9056,67.0822,2026-06-06 08:00:00+00:00,35.3,52,999.5,3.63
Karachi,24.9056,67.0822,2026-06-06 09:00:00+00:00,35.3,53,998.9,3.74
Karachi,24.9056,67.0822,2026-06-06 10:00:00+00:00,34.8,56,998.5,3.75
Karachi,24.9056,67.0822,2026-06-06 11:00:00+00:00,34.0,60,998.3,3.61
Karachi,24.9056,67.0822,2026-06-06 12:00:00+00:00,33.2,61,998.2,3.47
Karachi,24.9056,67.0822,2026-06-06 13:00:00+00:00,32.1,67,998.2,3.37
Karachi,24.9056,67.0822,2026-06-06 14:00:00+00:00,31.4,70,998.4,3.48
Karachi,24.9056,67.0822,2026-06-06 15:00:00+00:00,30.8,72,998.6,3.72
Karachi,24.9056,67.0822,2026-06-06 16:00:00+00:00,30.3,75,999.7,3.11
Karachi,24.9056,67.0822,2026-06-06 17:00:00+00:00,30.2,75,1000.6,3.15
Karachi,24.9056,67.0822,2026-06-06 18:00:00+00:00,30.1,74,1000.7,3.06
Karachi,24.9056,67.0822,2026-06-06 19:00:00+00:00,29.5,78,1000.4,2.88
Karachi,24.9056,67.0822,2026-06-06 20:00:00+00:00,29.2,80,1000.1,2.74
Karachi,24.9056,67.0822,2026-06-06 21:00:00+00:00,29.1,79,999.5,2.71
Karachi,24.9056,67.0822,2026-06-06 22:00:00+00:00,29.0,78,999.4,2.78
Karachi,24.9056,67.0822,2026-06-06 23:00:00+00:00,28.9,78,999.5,2.9
Karachi,24.9056,67.0822,2026-06-07 00:00:00+00:00,28.9,84,999.4,2.6
Karachi,24.9056,67.0822,2026-06-07 01:00:00+00:00,28.6,86,999.9,2.41
Karachi,24.9056,67.0822,2026-06-07 02:00:00+00:00,29.4,80,1000.2,3.16
Karachi,24.9056,67.0822,2026-06-07 03:00:00+00:00,31.0,71,1000.5,3.35
Karachi,24.9056,67.0822,2026-06-07 04:00:00+00:00,32.3,64,1000.9,3.3
Karachi,24.9056,67.0822,2026-06-07 05:00:00+00:00,33.7,59,1000.9,3.17
Karachi,24.9056,67.0822,2026-06-07 06:00:00+00:00,34.8,55,1001.1,3.1
Karachi,24.9056,67.0822,2026-06-07 07:00:00+00:00,35.6,52,1000.6,3.27
Karachi,24.9056,67.0822,2026-06-07 08:00:00+00:00,35.9,52,1000.1,3.55
Karachi,24.9056,67.0822,2026-06-07 09:00:00+00:00,35.6,53,999.6,3.56
Karachi,24.9056,67.0822,2026-06-07 10:00:00+00:00,35.4,54,998.9,3.65
Karachi,24.9056,67.0822,2026-06-07 11:00:00+00:00,34.5,58,998.6,3.79
Karachi,24.9056,67.0822,2026-06-07 12:00:00+00:00,33.6,61,998.4,3.59
Karachi,24.9056,67.0822,2026-06-07 13:00:00+00:00,32.2,67,998.6,3.73
Karachi,24.9056,67.0822,2026-06-07 14:00:00+00:00,30.9,74,998.9,3.61
Karachi,24.9056,67.0822,2026-06-07 15:00:00+00:00,30.4,77,999.2,3.75
Karachi,24.9056,67.0822,2026-06-07 16:00:00+00:00,30.4,74,1000.0,3.72
Karachi,24.9056,67.0822,2026-06-07 17:00:00+00:00,30.3,74,1000.4,3.26
Karachi,24.9056,67.0822,2026-06-07 18:00:00+00:00,30.0,78,1000.1,3.1
Karachi,24.9056,67.0822,2026-06-07 19:00:00+00:00,29.8,80,1000.0,2.97
Karachi,24.9056,67.0822,2026-06-07 20:00:00+00:00,29.5,81,999.5,3.13
Karachi,24.9056,67.0822,2026-06-07 21:00:00+00:00,29.3,82,998.9,2.87
Karachi,24.9056,67.0822,2026-06-07 22:00:00+00:00,29.2,82,998.3,2.65
Karachi,24.9056,67.0822,2026-06-07 23:00:00+00:00,29.0,83,998.2,2.49
Karachi,24.9056,67.0822,2026-06-08 00:00:00+00:00,29.0,85,998.0,2.64
Karachi,24.9056,67.0822,2026-06-08 01:00:00+00:00,29.0,84,998.5,2.55
Karachi,24.9056,67.0822,2026-06-08 02:00:00+00:00,29.9,78,998.9,2.86
Karachi,24.9056,67.0822,2026-06-08 03:00:00+00:00,31.2,70,999.5,3.3
Karachi,24.9056,67.0822,2026-06-08 04:00:00+00:00,32.6,64,999.6,2.92
Karachi,24.9056,67.0822,2026-06-08 05:00:00+00:00,33.9,60,999.4,3.02
Karachi,24.9056,67.0822,2026-06-08 06:00:00+00:00,34.7,58,999.4,3.47
Karachi,24.9056,67.0822,2026-06-08 07:00:00+00:00,35.4,56,999.1,3.55
Karachi,24.9056,67.0822,2026-06-08 08:00:00+00:00,35.9,54,998.4,3.73
Karachi,24.9056,67.0822,2026-06-08 09:00:00+00:00,36.1,52,997.5,3.9
Karachi,24.9056,67.0822,2026-06-08 10:00:00+00:00,35.5,56,997.3,3.8
Karachi,24.9056,67.0822,2026-06-08 11:00:00+00:00,34.7,59,997.0,3.94
Karachi,24.9056,67.0822,2026-06-08 12:00:00+00:00,33.7,64,996.5,4.23
Karachi,24.9056,67.0822,2026-06-08 13:00:00+00:00,32.2,71,996.5,3.5
Karachi,24.9056,67.0822,2026-06-08 14:00:00+00:00,31.2,75,997.3,3.4
Karachi,24.9056,67.0822,2026-06-08 15:00:00+00:00,30.8,77,997.6,3.06
Karachi,24.9056,67.0822,2026-06-08 16:00:00+00:00,30.6,77,998.1,3.1
Karachi,24.9056,67.0822,2026-06-08 17:00:00+00:00,30.5,79,998.5,2.8
Karachi,24.9056,67.0822,2026-06-08 18:00:00+00:00,30.5,79,998.4,3.19
Karachi,24.9056,67.0822,2026-06-08 19:00:00+00:00,29.9,83,998.1,3.29
Karachi,24.9056,67.0822,2026-06-08 20:00:00+00:00,29.7,85,997.5,3.01
Karachi,24.9056,67.0822,2026-06-08 21:00:00+00:00,29.5,86,997.0,3.23
Karachi,24.9056,67.0822,2026-06-08 22:00:00+00:00,29.3,88,996.9,3.18
Karachi,24.9056,67.0822,2026-06-08 23:00:00+00:00,29.1,89,996.7,2.84
Karachi,24.9056,67.0822,2026-06-09 00:00:00+00:00,29.2,88,997.1,3.07
Karachi,24.9056,67.0822,2026-06-09 01:00:00+00:00,29.1,90,997.3,3.18
Karachi,24.9056,67.0822,2026-06-09 02:00:00+00:00,29.9,84,997.5,3.92
Karachi,24.9056,67.0822,2026-06-09 03:00:00+00:00,31.4,75,997.9,4.5
Karachi,24.9056,67.0822,2026-06-09 04:00:00+00:00,32.8,68,997.8,4.27
Karachi,24.9056,67.0822,2026-06-09 05:00:00+00:00,34.2,62,997.9,3.97
Karachi,24.9056,67.0822,2026-06-09 06:00:00+00:00,34.9,57,998.2,4.39
Karachi,24.9056,67.0822,2026-06-09 07:00:00+00:00,35.4,56,997.7,4.68
Karachi,24.9056,67.0822,2026-06-09 08:00:00+00:00,35.6,55,997.1,4.55
Karachi,24.9056,67.0822,2026-06-09 09:00:00+00:00,36.1,53,996.4,4.53
Karachi,24.9056,67.0822,2026-06-09 10:00:00+00:00,35.7,55,995.8,4.32
Karachi,24.9056,67.0822,2026-06-09 11:00:00+00:00,35.1,57,995.5,4.06
Karachi,24.9056,67.0822,2026-06-09 12:00:00+00:00,34.0,62,995.7,3.89
Karachi,24.9056,67.0822,2026-06-09 13:00:00+00:00,32.5,69,995.9,3.68
Karachi,24.9056,67.0822,2026-06-09 14:00:00+00:00,31.4,76,996.2,3.55
Karachi,24.9056,67.0822,2026-06-09 15:00:00+00:00,30.7,80,996.6,3.64
Karachi,24.9056,67.0822,2026-06-09 16:00:00+00:00,30.4,81,997.0,3.43
Karachi,24.9056,67.0822,2026-06-09 17:00:00+00:00,30.1,83,997.7,3.0
Karachi,24.9056,67.0822,2026-06-09 18:00:00+00:00,30.1,82,997.7,3.22
Karachi,24.9056,67.0822,2026-06-09 19:00:00+00:00,29.8,83,997.5,3.03
Karachi,24.9056,67.0822,2026-06-09 20:00:00+00:00,29.4,85,997.2,2.8
Karachi,24.9056,67.0822,2026-06-09 21:00:00+00:00,29.1,87,996.5,2.98
Karachi,24.9056,67.0822,2026-06-09 22:00:00+00:00,29.1,86,996.5,3.15
Karachi,24.9056,67.0822,2026-06-09 23:00:00+00:00,29.0,86,996.6,3.36
Karachi,24.9056,67.0822,2026-06-10 00:00:00+00:00,29.2,88,996.6,3.6
Karachi,24.9056,67.0822,2026-06-10 01:00:00+00:00,29.3,89,997.1,3.74
Karachi,24.9056,67.0822,2026-06-10 02:00:00+00:00,30.1,84,997.7,4.48
Karachi,24.9056,67.0822,2026-06-10 03:00:00+00:00,31.3,77,998.1,4.87
Karachi,24.9056,67.0822,2026-06-10 04:00:00+00:00,32.7,70,998.2,5.11
Karachi,24.9056,67.0822,2026-06-10 05:00:00+00:00,34.0,63,998.3,4.91
Karachi,24.9056,67.0822,2026-06-10 06:00:00+00:00,35.1,58,998.3,4.55
Karachi,24.9056,67.0822,2026-06-10 07:00:00+00:00,35.8,56,997.6,4.53
Karachi,24.9056,67.0822,2026-06-10 08:00:00+00:00,36.3,54,997.0,4.65
Karachi,24.9056,67.0822,2026-06-10 09:00:00+00:00,36.2,56,996.3,4.57
Karachi,24.9056,67.0822,2026-06-10 10:00:00+00:00,36.0,57,995.7,4.4
Karachi,24.9056,67.0822,2026-06-10 11:00:00+00:00,35.5,57,995.3,4.02
Karachi,24.9056,67.0822,2026-06-10 12:00:00+00:00,34.7,59,995.1,3.65
Karachi,24.9056,67.0822,2026-06-10 13:00:00+00:00,33.2,66,995.2,3.4
Karachi,24.9056,67.0822,2026-06-10 14:00:00+00:00,32.0,71,995.4,2.8
Karachi,24.9056,67.0822,2026-06-10 15:00:00+00:00,31.2,75,996.0,2.25
Karachi,24.9056,67.0822,2026-06-10 16:00:00+00:00,30.9,76,996.6,1.96
Karachi,24.9056,67.0822,2026-06-10 17:00:00+00:00,30.6,78,996.9,2.19
Karachi,24.9056,67.0822,2026-06-10 18:00:00+00:00,30.3,80,997.3,2.2
Karachi,24.9056,67.0822,2026-06-10 19:00:00+00:00,29.8,82,996.8,2.29
Karachi,24.9056,67.0822,2026-06-10 20:00:00+00:00,29.6,83,996.4,2.9
Karachi,24.9056,67.0822,2026-06-10 21:00:00+00:00,29.5,84,996.0,2.62
Karachi,24.9056,67.0822,2026-06-10 22:00:00+00:00,29.4,85,995.8,2.75
Karachi,24.9056,67.0822,2026-06-10 23:00:00+00:00,29.3,86,995.8,3.17
Karachi,24.9056,67.0822,2026-06-11 00:00:00+00:00,29.2,89,995.3,2.96
Karachi,24.9056,67.0822,2026-06-11 01:00:00+00:00,29.2,89,996.0,2.84
Karachi,24.9056,67.0822,2026-06-11 02:00:00+00:00,29.9,85,996.3,2.34
Karachi,24.9056,67.0822,2026-06-11 03:00:00+00:00,31.6,77,996.8,2.7
Karachi,24.9056,67.0822,2026-06-11 04:00:00+00:00,33.8,67,997.1,2.5
Karachi,24.9056,67.0822,2026-06-11 05:00:00+00:00,36.1,57,997.1,2.52
Karachi,24.9056,67.0822,2026-06-11 06:00:00+00:00,37.4,47,997.2,3.35
Karachi,24.9056,67.0822,2026-06-11 07:00:00+00:00,39.0,39,996.6,3.25
Karachi,24.9056,67.0822,2026-06-11 08:00:00+00:00,40.3,33,996.1,3.45
Karachi,24.9056,67.0822,2026-06-11 09:00:00+00:00,40.5,32,995.3,3.51
Karachi,24.9056,67.0822,2026-06-11 10:00:00+00:00,40.1,33,995.0,3.43
Karachi,24.9056,67.0822,2026-06-11 11:00:00+00:00,39.3,35,994.6,3.44
Karachi,24.9056,67.0822,2026-06-11 12:00:00+00:00,37.5,41,994.2,3.7
Karachi,24.9056,67.0822,2026-06-11 13:00:00+00:00,35.0,54,994.3,2.53
Karachi,24.9056,67.0822,2026-06-11 14:00:00+00:00,33.5,62,995.0,1.99
Karachi,24.9056,67.0822,2026-06-11 15:00:00+00:00,32.1,67,995.2,3.05
Karachi,24.9056,67.0822,2026-06-11 16:00:00+00:00,31.7,68,995.7,1.92
Karachi,24.9056,67.0822,2026-06-11 17:00:00+00:00,31.2,70,996.5,2.21
Karachi,24.9056,67.0822,2026-06-11 18:00:00+00:00,30.6,77,996.3,2.7
Karachi,24.9056,67.0822,2026-06-11 19:00:00+00:00,30.0,82,995.8,2.91
Karachi,24.9056,67.0822,2026-06-11 20:00:00+00:00,29.6,84,995.4,3.43
Karachi,24.9056,67.0822,2026-06-11 21:00:00+00:00,29.6,82,995.2,3.57
Karachi,24.9056,67.0822,2026-06-11 22:00:00+00:00,29.3,84,995.3,3.85
Karachi,24.9056,67.0822,2026-06-11 23:00:00+00:00,29.2,84,995.4,3.74
Karachi,24.9056,67.0822,2026-06-12 00:00:00+00:00,29.2,85,995.6,3.39
Karachi,24.9056,67.0822,2026-06-12 01:00:00+00:00,29.0,86,996.3,3.0
Karachi,24.9056,67.0822,2026-06-12 02:00:00+00:00,29.7,84,997.1,2.75
Karachi,24.9056,67.0822,2026-06-12 03:00:00+00:00,31.2,76,997.8,3.29
Karachi,24.9056,67.0822,2026-06-12 04:00:00+00:00,32.6,69,998.3,3.26
Karachi,24.9056,67.0822,2026-06-12 05:00:00+00:00,34.0,63,998.5,3.68
Karachi,24.9056,67.0822,2026-06-12 06:00:00+00:00,35.2,57,998.6,4.0
Karachi,24.9056,67.0822,2026-06-12 07:00:00+00:00,36.1,53,998.5,3.97
Karachi,24.9056,67.0822,2026-06-12 08:00:00+00:00,36.5,52,998.1,4.26
Karachi,24.9056,67.0822,2026-06-12 09:00:00+00:00,36.4,51,997.6,4.39
Karachi,24.9056,67.0822,2026-06-12 10:00:00+00:00,36.0,54,997.4,4.03
Karachi,24.9056,67.0822,2026-06-12 11:00:00+00:00,35.4,55,996.9,3.98
Karachi,24.9056,67.0822,2026-06-12 12:00:00+00:00,33.8,61,996.3,3.82
Karachi,24.9056,67.0822,2026-06-12 13:00:00+00:00,32.1,71,996.3,3.67
Karachi,24.9056,67.0822,2026-06-12 14:00:00+00:00,31.3,76,996.9,3.0
Karachi,24.9056,67.0822,2026-06-12 15:00:00+00:00,30.5,80,997.3,3.03
Karachi,24.9056,67.0822,2026-06-12 16:00:00+00:00,30.4,80,998.2,2.71
Karachi,24.9056,67.0822,2026-06-12 17:00:00+00:00,30.2,81,999.0,3.1
Karachi,24.9056,67.0822,2026-06-12 18:00:00+00:00,30.2,78,998.8,3.6
Karachi,24.9056,67.0822,2026-06-12 19:00:00+00:00,29.9,78,998.9,3.18
Karachi,24.9056,67.0822,2026-06-12 20:00:00+00:00,29.7,79,998.5,3.37
Karachi,24.9056,67.0822,2026-06-12 21:00:00+00:00,29.3,82,998.3,3.45
Karachi,24.9056,67.0822,2026-06-12 22:00:00+00:00,29.4,80,998.3,3.73
Karachi,24.9056,67.0822,2026-06-12 23:00:00+00:00,29.1,81,998.3,3.59
Karachi,24.9056,67.0822,2026-06-13 00:00:00+00:00,29.2,80,998.3,3.46
Karachi,24.9056,67.0822,2026-06-13 01:00:00+00:00,29.2,80,999.1,3.5
Karachi,24.9056,67.0822,2026-06-13 02:00:00+00:00,29.9,76,1000.0,3.97
Karachi,24.9056,67.0822,2026-06-13 03:00:00+00:00,31.1,69,1000.5,4.16
Karachi,24.9056,67.0822,2026-06-13 04:00:00+00:00,32.3,64,1001.0,4.36
Karachi,24.9056,67.0822,2026-06-13 05:00:00+00:00,33.3,59,1001.4,4.36
Karachi,24.9056,67.0822,2026-06-13 06:00:00+00:00,33.9,55,1002.1,4.11
Karachi,24.9056,67.0822,2026-06-13 07:00:00+00:00,34.2,52,1001.8,3.83
Karachi,24.9056,67.0822,2026-06-13 08:00:00+00:00,34.7,51,1001.2,3.87
Karachi,24.9056,67.0822,2026-06-13 09:00:00+00:00,35.0,51,1000.6,4.03
Karachi,24.9056,67.0822,2026-06-13 10:00:00+00:00,34.6,54,999.9,3.97
Karachi,24.9056,67.0822,2026-06-13 11:00:00+00:00,33.8,57,999.3,3.96
Karachi,24.9056,67.0822,2026-06-13 12:00:00+00:00,33.4,58,999.4,3.84
Karachi,24.9056,67.0822,2026-06-13 13:00:00+00:00,32.0,65,999.0,4.1
Karachi,24.9056,67.0822,2026-06-13 14:00:00+00:00,30.9,69,999.4,4.12
Karachi,24.9056,67.0822,2026-06-13 15:00:00+00:00,30.5,70,1000.2,3.78
Karachi,24.9056,67.0822,2026-06-13 16:00:00+00:00,30.3,71,1000.9,3.86
Karachi,24.9056,67.0822,2026-06-13 17:00:00+00:00,30.2,71,1001.1,3.7
Karachi,24.9056,67.0822,2026-06-13 18:00:00+00:00,30.0,75,1001.2,3.57
Karachi,24.9056,67.0822,2026-06-13 19:00:00+00:00,29.6,78,1001.0,3.56
Karachi,24.9056,67.0822,2026-06-13 20:00:00+00:00,29.5,76,1000.7,3.75
Karachi,24.9056,67.0822,2026-06-13 21:00:00+00:00,29.4,76,1000.6,3.79
Karachi,24.9056,67.0822,2026-06-13 22:00:00+00:00,29.2,76,1000.4,3.55
Karachi,24.9056,67.0822,2026-06-13 23:00:00+00:00,28.8,78,1000.3,3.45
Karachi,24.9056,67.0822,2026-06-14 00:00:00+00:00,29.3,77,1000.5,3.31
Karachi,24.9056,67.0822,2026-06-14 01:00:00+00:00,29.2,77,1001.0,3.09
Karachi,24.9056,67.0822,2026-06-14 02:00:00+00:00,29.9,71,1001.3,4.14
Karachi,24.9056,67.0822,2026-06-14 03:00:00+00:00,30.6,67,1001.9,4.57
Karachi,24.9056,67.0822,2026-06-14 04:00:00+00:00,31.5,63,1002.2,4.82
Karachi,24.9056,67.0822,2026-06-14 05:00:00+00:00,32.7,58,1002.3,4.72
Karachi,24.9056,67.0822,2026-06-14 06:00:00+00:00,33.8,52,1002.5,4.86
Karachi,24.9056,67.0822,2026-06-14 07:00:00+00:00,33.7,53,1002.1,4.74
Karachi,24.9056,67.0822,2026-06-14 08:00:00+00:00,34.4,49,1001.4,5.17
Karachi,24.9056,67.0822,2026-06-14 09:00:00+00:00,33.6,52,1001.0,5.19
Karachi,24.9056,67.0822,2026-06-14 10:00:00+00:00,33.5,53,1000.2,5.26
Karachi,24.9056,67.0822,2026-06-14 11:00:00+00:00,33.2,54,999.8,5.11
Karachi,24.9056,67.0822,2026-06-14 12:00:00+00:00,32.6,58,999.6,5.11
Karachi,24.9056,67.0822,2026-06-14 13:00:00+00:00,31.7,61,999.4,4.89
Karachi,24.9056,67.0822,2026-06-14 14:00:00+00:00,30.9,64,999.1,4.9
Karachi,24.9056,67.0822,2026-06-14 15:00:00+00:00,30.1,68,999.6,4.92
Karachi,24.9056,67.0822,2026-06-14 16:00:00+00:00,29.7,72,1000.1,4.79
Karachi,24.9056,67.0822,2026-06-14 17:00:00+00:00,29.5,72,1000.7,4.18
Karachi,24.9056,67.0822,2026-06-14 18:00:00+00:00,29.3,73,1000.3,4.1
Karachi,24.9056,67.0822,2026-06-14 19:00:00+00:00,29.1,75,999.5,4.13
Karachi,24.9056,67.0822,2026-06-14 20:00:00+00:00,28.8,77,999.3,3.59
Karachi,24.9056,67.0822,2026-06-14 21:00:00+00:00,28.8,77,999.0,3.63
Karachi,24.9056,67.0822,2026-06-14 22:00:00+00:00,28.7,77,999.0,4.14
Karachi,24.9056,67.0822,2026-06-14 23:00:00+00:00,28.5,78,999.1,3.59
Karachi,24.9056,67.0822,2026-06-15 00:00:00+00:00,28.8,79,998.9,3.21
Karachi,24.9056,67.0822,2026-06-15 01:00:00+00:00,28.7,79,999.4,3.25
Karachi,24.9056,67.0822,2026-06-15 02:00:00+00:00,29.2,76,999.7,4.25
Karachi,24.9056,67.0822,2026-06-15 03:00:00+00:00,30.5,70,1000.3,4.63
Karachi,24.9056,67.0822,2026-06-15 04:00:00+00:00,31.5,65,1000.6,5.02
Karachi,24.9056,67.0822,2026-06-15 05:00:00+00:00,32.7,59,1000.7,4.93
Karachi,24.9056,67.0822,2026-06-15 06:00:00+00:00,33.6,53,1000.8,4.79
Karachi,24.9056,67.0822,2026-06-15 07:00:00+00:00,33.2,54,1000.7,4.77
Karachi,24.9056,67.0822,2026-06-15 08:00:00+00:00,33.8,53,1000.3,4.69
Karachi,24.9056,67.0822,2026-06-15 09:00:00+00:00,33.7,53,999.8,4.86
Karachi,24.9056,67.0822,2026-06-15 10:00:00+00:00,33.3,56,999.1,4.83
Karachi,24.9056,67.0822,2026-06-15 11:00:00+00:00,32.7,60,998.7,5.15
Karachi,24.9056,67.0822,2026-06-15 12:00:00+00:00,32.5,60,998.3,4.93
Karachi,24.9056,67.0822,2026-06-15 13:00:00+00:00,31.7,63,998.4,4.6
Karachi,24.9056,67.0822,2026-06-15 14:00:00+00:00,30.9,68,998.7,4.41
Karachi,24.9056,67.0822,2026-06-15 15:00:00+00:00,30.6,69,999.0,4.13
Karachi,24.9056,67.0822,2026-06-15 16:00:00+00:00,30.2,71,999.5,3.93
Karachi,24.9056,67.0822,2026-06-15 17:00:00+00:00,30.1,73,1000.2,3.76
Karachi,24.9056,67.0822,2026-06-15 18:00:00+00:00,29.8,75,999.9,3.65
Karachi,24.9056,67.0822,2026-06-15 19:00:00+00:00,29.5,77,999.5,3.34
Karachi,24.9056,67.0822,2026-06-15 20:00:00+00:00,29.2,79,999.3,3.06
Karachi,24.9056,67.0822,2026-06-15 21:00:00+00:00,28.8,82,998.9,2.74
Karachi,24.9056,67.0822,2026-06-15 22:00:00+00:00,28.6,83,998.7,2.54
Karachi,24.9056,67.0822,2026-06-15 23:00:00+00:00,28.4,84,998.7,2.55
Karachi,24.9056,67.0822,2026-06-16 00:00:00+00:00,28.7,84,998.6,2.18
Karachi,24.9056,67.0822,2026-06-16 01:00:00+00:00,28.5,86,999.6,2.02
Karachi,24.9056,67.0822,2026-06-16 02:00:00+00:00,29.1,83,1000.1,2.55
Karachi,24.9056,67.0822,2026-06-16 03:00:00+00:00,30.3,76,1000.2,2.86
Karachi,24.9056,67.0822,2026-06-16 04:00:00+00:00,31.9,67,1000.7,3.62
Karachi,24.9056,67.0822,2026-06-16 05:00:00+00:00,32.5,64,1001.0,4.19
Karachi,24.9056,67.0822,2026-06-16 06:00:00+00:00,32.1,65,1001.0,4.18
Karachi,24.9056,67.0822,2026-06-16 07:00:00+00:00,32.7,63,1000.9,4.19
Karachi,24.9056,67.0822,2026-06-16 08:00:00+00:00,33.7,59,1000.6,4.03
Karachi,24.9056,67.0822,2026-06-16 09:00:00+00:00,33.8,58,1000.0,4.06
Karachi,24.9056,67.0822,2026-06-16 10:00:00+00:00,34.1,56,999.3,3.94
Karachi,24.9056,67.0822,2026-06-16 11:00:00+00:00,33.8,56,999.0,3.76
Karachi,24.9056,67.0822,2026-06-16 12:00:00+00:00,33.0,58,998.3,3.65
Karachi,24.9056,67.0822,2026-06-16 13:00:00+00:00,31.7,63,998.4,3.9
Karachi,24.9056,67.0822,2026-06-16 14:00:00+00:00,30.9,67,999.1,3.61
Karachi,24.9056,67.0822,2026-06-16 15:00:00+00:00,30.6,67,1000.0,3.24
Karachi,24.9056,67.0822,2026-06-16 16:00:00+00:00,30.5,69,1000.5,3.32
Karachi,24.9056,67.0822,2026-06-16 17:00:00+00:00,30.3,70,1001.1,3.01
Karachi,24.9056,67.0822,2026-06-16 18:00:00+00:00,30.1,72,1001.0,2.96
Karachi,24.9056,67.0822,2026-06-16 19:00:00+00:00,29.9,73,1000.5,3.58
Karachi,24.9056,67.0822,2026-06-16 20:00:00+00:00,29.7,75,1000.0,3.79
Karachi,24.9056,67.0822,2026-06-16 21:00:00+00:00,29.4,77,999.9,3.76
Karachi,24.9056,67.0822,2026-06-16 22:00:00+00:00,29.2,78,1000.5,2.84
Karachi,24.9056,67.0822,2026-06-16 23:00:00+00:00,29.2,77,1000.5,2.78
Karachi,24.9056,67.0822,2026-06-17 00:00:00+00:00,29.4,78,1000.5,2.39
Karachi,24.9056,67.0822,2026-06-17 01:00:00+00:00,29.2,79,1000.9,2.51
Karachi,24.9056,67.0822,2026-06-17 02:00:00+00:00,29.5,78,1001.3,2.97
Karachi,24.9056,67.0822,2026-06-17 03:00:00+00:00,30.6,72,1001.6,3.05
Karachi,24.9056,67.0822,2026-06-17 04:00:00+00:00,31.9,64,1001.9,3.2
Karachi,24.9056,67.0822,2026-06-17 05:00:00+00:00,32.8,60,1002.0,3.6
Karachi,24.9056,67.0822,2026-06-17 06:00:00+00:00,33.8,53,1002.2,3.61
Karachi,24.9056,67.0822,2026-06-17 07:00:00+00:00,34.3,50,1002.0,3.58
Karachi,24.9056,67.0822,2026-06-17 08:00:00+00:00,34.6,48,1001.4,3.41
Karachi,24.9056,67.0822,2026-06-17 09:00:00+00:00,33.9,53,1000.8,3.64
Karachi,24.9056,67.0822,2026-06-17 10:00:00+00:00,34.1,54,1000.4,3.74
Karachi,24.9056,67.0822,2026-06-17 11:00:00+00:00,33.3,57,999.9,3.72
Karachi,24.9056,67.0822,2026-06-17 12:00:00+00:00,32.8,58,1000.1,3.22
Karachi,24.9056,67.0822,2026-06-17 13:00:00+00:00,31.7,61,1000.4,3.25
Karachi,24.9056,67.0822,2026-06-17 14:00:00+00:00,30.9,64,1000.8,3.15
Karachi,24.9056,67.0822,2026-06-17 15:00:00+00:00,30.5,65,1000.5,3.63
Karachi,24.9056,67.0822,2026-06-17 16:00:00+00:00,30.4,66,1000.9,3.68
Karachi,24.9056,67.0822,2026-06-17 17:00:00+00:00,30.3,66,1001.4,3.45
Karachi,24.9056,67.0822,2026-06-17 18:00:00+00:00,30.2,66,1001.2,3.47
Karachi,24.9056,67.0822,2026-06-17 19:00:00+00:00,29.8,69,1001.1,3.47
Karachi,24.9056,67.0822,2026-06-17 20:00:00+00:00,29.6,72,1000.8,2.8
Karachi,24.9056,67.0822,2026-06-17 21:00:00+00:00,29.5,73,1000.5,3.06
Karachi,24.9056,67.0822,2026-06-17 22:00:00+00:00,29.2,75,1000.3,2.25
Karachi,24.9056,67.0822,2026-06-17 23:00:00+00:00,29.0,76,1000.5,1.92
Karachi,24.9056,67.0822,2026-06-18 00:00:00+00:00,29.8,73,1000.6,2.64
Karachi,24.9056,67.0822,2026-06-18 01:00:00+00:00,29.3,77,1000.8,2.54
Karachi,24.9056,67.0822,2026-06-18 02:00:00+00:00,29.5,78,1001.3,3.36
Karachi,24.9056,67.0822,2026-06-18 03:00:00+00:00,30.5,74,1001.5,3.53
Karachi,24.9056,67.0822,2026-06-18 04:00:00+00:00,31.9,66,1001.5,3.37
Karachi,24.9056,67.0822,2026-06-18 05:00:00+00:00,33.0,60,1001.5,3.54
Karachi,24.9056,67.0822,2026-06-18 06:00:00+00:00,33.7,54,1001.9,3.65
Karachi,24.9056,67.0822,2026-06-18 07:00:00+00:00,34.1,53,1001.4,3.76
Karachi,24.9056,67.0822,2026-06-18 08:00:00+00:00,34.5,51,1001.0,3.69
Karachi,24.9056,67.0822,2026-06-18 09:00:00+00:00,34.6,51,1000.3,3.75
Karachi,24.9056,67.0822,2026-06-18 10:00:00+00:00,33.4,57,999.6,4.13
Karachi,24.9056,67.0822,2026-06-18 11:00:00+00:00,32.8,60,999.4,4.05
Karachi,24.9056,67.0822,2026-06-18 12:00:00+00:00,32.5,58,999.5,3.93
Karachi,24.9056,67.0822,2026-06-18 13:00:00+00:00,31.3,64,999.1,4.32
Karachi,24.9056,67.0822,2026-06-18 14:00:00+00:00,30.2,70,999.0,3.41
Karachi,24.9056,67.0822,2026-06-18 15:00:00+00:00,29.9,72,999.4,3.54
Karachi,24.9056,67.0822,2026-06-18 16:00:00+00:00,29.8,72,1000.6,3.32
Karachi,24.9056,67.0822,2026-06-18 17:00:00+00:00,29.8,73,1000.7,3.19
Karachi,24.9056,67.0822,2026-06-18 18:00:00+00:00,29.5,74,999.8,3.43
Karachi,24.9056,67.0822,2026-06-18 19:00:00+00:00,29.3,76,1000.1,2.93
Karachi,24.9056,67.0822,2026-06-18 20:00:00+00:00,29.0,77,999.9,2.63
Karachi,24.9056,67.0822,2026-06-18 21:00:00+00:00,28.9,78,999.6,2.38
Karachi,24.9056,67.0822,2026-06-18 22:00:00+00:00,28.6,81,999.1,2.12
Karachi,24.9056,67.0822,2026-06-18 23:00:00+00:00,28.3,83,998.9,2.18
Karachi,24.9056,67.0822,2026-06-19 00:00:00+00:00,28.7,81,999.1,2.66
Karachi,24.9056,67.0822,2026-06-19 01:00:00+00:00,28.6,82,999.6,2.61
Karachi,24.9056,67.0822,2026-06-19 02:00:00+00:00,29.2,78,1000.4,3.03
Karachi,24.9056,67.0822,2026-06-19 03:00:00+00:00,30.3,72,1000.7,3.23
Karachi,24.9056,67.0822,2026-06-19 04:00:00+00:00,31.4,67,1000.8,3.42
Karachi,24.9056,67.0822,2026-06-19 05:00:00+00:00,32.8,60,1001.1,3.54
Karachi,24.9056,67.0822,2026-06-19 06:00:00+00:00,33.6,56,1001.4,3.58
Karachi,24.9056,67.0822,2026-06-19 07:00:00+00:00,34.1,54,1001.3,3.52
Karachi,24.9056,67.0822,2026-06-19 08:00:00+00:00,34.2,53,1001.1,3.48
Karachi,24.9056,67.0822,2026-06-19 09:00:00+00:00,34.2,54,1000.4,3.65
Karachi,24.9056,67.0822,2026-06-19 10:00:00+00:00,34.0,56,999.9,3.98
Karachi,24.9056,67.0822,2026-06-19 11:00:00+00:00,33.1,58,999.8,4.01
Karachi,24.9056,67.0822,2026-06-19 12:00:00+00:00,32.9,56,1000.1,3.47
Karachi,24.9056,67.0822,2026-06-19 13:00:00+00:00,32.0,58,999.8,3.87
Karachi,24.9056,67.0822,2026-06-19 14:00:00+00:00,30.8,66,999.9,4.08
Karachi,24.9056,67.0822,2026-06-19 15:00:00+00:00,30.2,69,1000.5,4.28
Karachi,24.9056,67.0822,2026-06-19 16:00:00+00:00,30.1,70,1001.3,3.24
Karachi,24.9056,67.0822,2026-06-19 17:00:00+00:00,30.2,70,1001.6,3.49
Karachi,24.9056,67.0822,2026-06-19 18:00:00+00:00,30.1,70,1001.7,3.31
Karachi,24.9056,67.0822,2026-06-19 19:00:00+00:00,29.7,73,1001.2,2.86
Karachi,24.9056,67.0822,2026-06-19 20:00:00+00:00,29.4,76,1001.2,2.77
Karachi,24.9056,67.0822,2026-06-19 21:00:00+00:00,29.1,78,1000.7,2.97
Karachi,24.9056,67.0822,2026-06-19 22:00:00+00:00,28.8,80,1000.3,2.52
Karachi,24.9056,67.0822,2026-06-19 23:00:00+00:00,28.7,81,1000.1,2.37
Karachi,24.9056,67.0822,2026-06-20 00:00:00+00:00,28.8,81,1000.4,2.43
Karachi,24.9056,67.0822,2026-06-20 01:00:00+00:00,28.8,80,1000.9,2.47
Karachi,24.9056,67.0822,2026-06-20 02:00:00+00:00,29.3,78,1001.4,3.17
Karachi,24.9056,67.0822,2026-06-20 03:00:00+00:00,30.5,72,1001.6,3.54
Karachi,24.9056,67.0822,2026-06-20 04:00:00+00:00,31.9,65,1002.0,3.63
Karachi,24.9056,67.0822,2026-06-20 05:00:00+00:00,33.1,59,1001.8,3.75
Karachi,24.9056,67.0822,2026-06-20 06:00:00+00:00,33.5,56,1002.1,3.66
Karachi,24.9056,67.0822,2026-06-20 07:00:00+00:00,33.2,56,1001.9,3.42
Karachi,24.9056,67.0822,2026-06-20 08:00:00+00:00,33.8,54,1001.6,3.29
Karachi,24.9056,67.0822,2026-06-20 09:00:00+00:00,33.7,54,1001.1,3.47
Karachi,24.9056,67.0822,2026-06-20 10:00:00+00:00,33.8,54,1000.5,3.84
Karachi,24.9056,67.0822,2026-06-20 11:00:00+00:00,33.3,56,1000.2,3.91
Karachi,24.9056,67.0822,2026-06-20 12:00:00+00:00,33.1,55,1000.0,3.46
Karachi,24.9056,67.0822,2026-06-20 13:00:00+00:00,31.9,61,1000.4,3.39
Karachi,24.9056,67.0822,2026-06-20 14:00:00+00:00,30.8,67,1000.8,3.49
Karachi,24.9056,67.0822,2026-06-20 15:00:00+00:00,30.3,69,1001.4,3.57
Karachi,24.9056,67.0822,2026-06-20 16:00:00+00:00,30.0,71,1001.9,3.57
Karachi,24.9056,67.0822,2026-06-20 17:00:00+00:00,29.8,73,1002.5,3.39
Karachi,24.9056,67.0822,2026-06-20 18:00:00+00:00,29.5,75,1002.4,3.47
Karachi,24.9056,67.0822,2026-06-20 19:00:00+00:00,29.4,75,1002.1,3.05
Karachi,24.9056,67.0822,2026-06-20 20:00:00+00:00,29.2,74,1001.7,3.13
Karachi,24.9056,67.0822,2026-06-20 21:00:00+00:00,28.8,77,1001.0,2.81
Karachi,24.9056,67.0822,2026-06-20 22:00:00+00:00,28.6,78,1000.8,2.72
Karachi,24.9056,67.0822,2026-06-20 23:00:00+00:00,28.2,82,1000.6,2.5
Karachi,24.9056,67.0822,2026-06-21 00:00:00+00:00,28.9,79,1000.5,2.5
Karachi,24.9056,67.0822,2026-06-21 01:00:00+00:00,28.7,79,1000.8,2.43
Karachi,24.9056,67.0822,2026-06-21 02:00:00+00:00,29.2,78,1001.1,3.03
Karachi,24.9056,67.0822,2026-06-21 03:00:00+00:00,30.3,72,1001.2,3.3
Karachi,24.9056,67.0822,2026-06-21 04:00:00+00:00,31.6,65,1001.2,3.5
Karachi,24.9056,67.0822,2026-06-21 05:00:00+00:00,32.7,60,1001.0,3.75
Karachi,24.9056,67.0822,2026-06-21 06:00:00+00:00,33.4,54,1000.9,3.76
Karachi,24.9056,67.0822,2026-06-21 07:00:00+00:00,33.6,53,1000.3,3.89
Karachi,24.9056,67.0822,2026-06-21 08:00:00+00:00,33.6,52,999.7,4.13
Karachi,24.9056,67.0822,2026-06-21 09:00:00+00:00,33.5,53,998.9,4.29
Karachi,24.9056,67.0822,2026-06-21 10:00:00+00:00,33.1,55,998.5,4.42
Karachi,24.9056,67.0822,2026-06-21 11:00:00+00:00,32.6,56,998.0,4.42
Karachi,24.9056,67.0822,2026-06-21 12:00:00+00:00,32.4,57,997.8,4.44
Karachi,24.9056,67.0822,2026-06-21 13:00:00+00:00,31.4,60,997.8,4.07
Karachi,24.9056,67.0822,2026-06-21 14:00:00+00:00,30.6,65,998.3,4.02
Karachi,24.9056,67.0822,2026-06-21 15:00:00+00:00,30.2,67,998.7,3.88
Karachi,24.9056,67.0822,2026-06-21 16:00:00+00:00,30.2,68,999.4,4.01
Karachi,24.9056,67.0822,2026-06-21 17:00:00+00:00,30.0,69,999.9,3.72
Karachi,24.9056,67.0822,2026-06-21 18:00:00+00:00,29.4,74,1000.0,3.45
Karachi,24.9056,67.0822,2026-06-21 19:00:00+00:00,29.4,74,999.6,3.49
Karachi,24.9056,67.0822,2026-06-21 20:00:00+00:00,29.1,76,999.3,3.69
Karachi,24.9056,67.0822,2026-06-21 21:00:00+00:00,28.7,78,998.9,3.47
Karachi,24.9056,67.0822,2026-06-21 22:00:00+00:00,28.5,79,999.0,3.31
Karachi,24.9056,67.0822,2026-06-21 23:00:00+00:00,28.4,81,998.8,3.05
Karachi,24.9056,67.0822,2026-06-22 00:00:00+00:00,28.6,81,999.1,3.05
Karachi,24.9056,67.0822,2026-06-22 01:00:00+00:00,28.5,82,999.5,3.08
Karachi,24.9056,67.0822,2026-06-22 02:00:00+00:00,28.9,80,999.8,3.78
Karachi,24.9056,67.0822,2026-06-22 03:00:00+00:00,30.1,74,1000.3,3.69
Karachi,24.9056,67.0822,2026-06-22 04:00:00+00:00,31.0,68,1000.1,3.8
Karachi,24.9056,67.0822,2026-06-22 05:00:00+00:00,32.4,61,1000.1,3.92
Karachi,24.9056,67.0822,2026-06-22 06:00:00+00:00,33.3,56,1000.1,4.14
Karachi,24.9056,67.0822,2026-06-22 07:00:00+00:00,33.8,54,999.9,4.23
Karachi,24.9056,67.0822,2026-06-22 08:00:00+00:00,33.8,54,999.4,4.3
Karachi,24.9056,67.0822,2026-06-22 09:00:00+00:00,33.8,54,998.9,4.44
Karachi,24.9056,67.0822,2026-06-22 10:00:00+00:00,33.3,55,998.3,4.4
Karachi,24.9056,67.0822,2026-06-22 11:00:00+00:00,32.6,57,997.7,4.15
Karachi,24.9056,67.0822,2026-06-22 12:00:00+00:00,32.3,57,997.4,4.05
Karachi,24.9056,67.0822,2026-06-22 13:00:00+00:00,31.7,59,997.7,3.85
Karachi,24.9056,67.0822,2026-06-22 14:00:00+00:00,30.9,62,998.4,3.89
Karachi,24.9056,67.0822,2026-06-22 15:00:00+00:00,30.4,65,998.9,3.64
Karachi,24.9056,67.0822,2026-06-22 16:00:00+00:00,30.0,68,999.2,3.68
Karachi,24.9056,67.0822,2026-06-22 17:00:00+00:00,29.9,68,999.3,3.88
Karachi,24.9056,67.0822,2026-06-22 18:00:00+00:00,29.8,69,999.7,3.29
Karachi,24.9056,67.0822,2026-06-22 19:00:00+00:00,29.6,71,999.2,3.14
Karachi,24.9056,67.0822,2026-06-22 20:00:00+00:00,29.4,72,999.0,3.21
Karachi,24.9056,67.0822,2026-06-22 21:00:00+00:00,29.0,74,998.6,2.96
Karachi,24.9056,67.0822,2026-06-22 22:00:00+00:00,29.0,75,998.4,2.76
Karachi,24.9056,67.0822,2026-06-22 23:00:00+00:00,29.0,75,998.7,3.16
Karachi,24.9056,67.0822,2026-06-23 00:00:00+00:00,28.9,77,998.8,2.82
Karachi,24.9056,67.0822,2026-06-23 01:00:00+00:00,28.6,80,998.9,2.78
Karachi,24.9056,67.0822,2026-06-23 02:00:00+00:00,28.9,79,999.4,3.76
Karachi,24.9056,67.0822,2026-06-23 03:00:00+00:00,30.0,74,999.5,3.82
Karachi,24.9056,67.0822,2026-06-23 04:00:00+00:00,31.0,69,999.6,3.91
Karachi,24.9056,67.0822,2026-06-23 05:00:00+00:00,32.2,62,999.6,3.9
Karachi,24.9056,67.0822,2026-06-23 06:00:00+00:00,33.5,54,999.4,4.19
Karachi,24.9056,67.0822,2026-06-23 07:00:00+00:00,33.8,53,999.0,4.23
Karachi,24.9056,67.0822,2026-06-23 08:00:00+00:00,34.0,52,998.2,4.43
Karachi,24.9056,67.0822,2026-06-23 09:00:00+00:00,33.3,56,997.6,4.38
Karachi,24.9056,67.0822,2026-06-23 10:00:00+00:00,33.5,54,997.0,4.07
Karachi,24.9056,67.0822,2026-06-23 11:00:00+00:00,33.1,55,996.6,4.36
Karachi,24.9056,67.0822,2026-06-23 12:00:00+00:00,32.1,58,996.7,4.09
Karachi,24.9056,67.0822,2026-06-23 13:00:00+00:00,31.1,63,996.8,4.01
Karachi,24.9056,67.0822,2026-06-23 14:00:00+00:00,30.4,65,997.3,4.23
Karachi,24.9056,67.0822,2026-06-23 15:00:00+00:00,30.1,66,997.6,4.66
Karachi,24.9056,67.0822,2026-06-23 16:00:00+00:00,29.7,70,998.0,4.7
Karachi,24.9056,67.0822,2026-06-23 17:00:00+00:00,29.5,71,998.3,4.67
Karachi,24.9056,67.0822,2026-06-23 18:00:00+00:00,29.5,72,998.4,4.32
Karachi,24.9056,67.0822,2026-06-23 19:00:00+00:00,29.3,73,998.2,4.0
Karachi,24.9056,67.0822,2026-06-23 20:00:00+00:00,29.0,75,997.9,3.55
Karachi,24.9056,67.0822,2026-06-23 21:00:00+00:00,28.9,76,997.5,3.9
Karachi,24.9056,67.0822,2026-06-23 22:00:00+00:00,28.9,77,997.2,3.82
Karachi,24.9056,67.0822,2026-06-23 23:00:00+00:00,28.6,79,997.1,4.05
Karachi,24.9056,67.0822,2026-06-24 00:00:00+00:00,28.8,78,997.0,3.6
Karachi,24.9056,67.0822,2026-06-24 01:00:00+00:00,28.8,76,997.4,3.61
Karachi,24.9056,67.0822,2026-06-24 02:00:00+00:00,28.8,77,997.7,3.85
Karachi,24.9056,67.0822,2026-06-24 03:00:00+00:00,29.5,72,998.2,3.91
Karachi,24.9056,67.0822,2026-06-24 04:00:00+00:00,30.5,67,998.5,4.31
Karachi,24.9056,67.0822,2026-06-24 05:00:00+00:00,30.8,67,998.7,4.64
Karachi,24.9056,67.0822,2026-06-24 06:00:00+00:00,33.0,56,998.6,4.92
Karachi,24.9056,67.0822,2026-06-24 07:00:00+00:00,33.4,54,998.1,4.97
Karachi,24.9056,67.0822,2026-06-24 08:00:00+00:00,33.0,57,997.6,4.91
Karachi,24.9056,67.0822,2026-06-24 09:00:00+00:00,32.9,58,997.2,4.96
Karachi,24.9056,67.0822,2026-06-24 10:00:00+00:00,32.9,58,996.8,4.84
Karachi,24.9056,67.0822,2026-06-24 11:00:00+00:00,32.3,61,996.6,4.87
Karachi,24.9056,67.0822,2026-06-24 12:00:00+00:00,32.3,60,996.0,4.41
Karachi,24.9056,67.0822,2026-06-24 13:00:00+00:00,31.2,64,996.1,4.19
Karachi,24.9056,67.0822,2026-06-24 14:00:00+00:00,30.5,67,996.6,4.03
Karachi,24.9056,67.0822,2026-06-24 15:00:00+00:00,30.0,70,996.8,4.07
Karachi,24.9056,67.0822,2026-06-24 16:00:00+00:00,29.7,72,997.6,4.12
Karachi,24.9056,67.0822,2026-06-24 17:00:00+00:00,29.4,73,998.3,3.96
Karachi,24.9056,67.0822,2026-06-24 18:00:00+00:00,29.6,71,998.4,3.87
Karachi,24.9056,67.0822,2026-06-24 19:00:00+00:00,29.2,74,998.3,3.53
Karachi,24.9056,67.0822,2026-06-24 20:00:00+00:00,29.0,74,997.9,2.87
Karachi,24.9056,67.0822,2026-06-24 21:00:00+00:00,28.9,75,997.6,2.73
Karachi,24.9056,67.0822,2026-06-24 22:00:00+00:00,28.7,76,997.5,2.79
Karachi,24.9056,67.0822,2026-06-24 23:00:00+00:00,28.7,76,997.4,3.02
Karachi,24.9056,67.0822,2026-06-25 00:00:00+00:00,28.7,78,997.7,2.92
Karachi,24.9056,67.0822,2026-06-25 01:00:00+00:00,28.5,79,998.2,2.78
Karachi,24.9056,67.0822,2026-06-25 02:00:00+00:00,29.1,77,998.5,3.38
Karachi,24.9056,67.0822,2026-06-25 03:00:00+00:00,30.0,72,998.8,4.11
Karachi,24.9056,67.0822,2026-06-25 04:00:00+00:00,31.3,66,999.2,4.49
Karachi,24.9056,67.0822,2026-06-25 05:00:00+00:00,32.5,60,999.3,4.24
Karachi,24.9056,67.0822,2026-06-25 06:00:00+00:00,33.0,56,999.1,4.35
Karachi,24.9056,67.0822,2026-06-25 07:00:00+00:00,33.5,54,999.1,4.41
Karachi,24.9056,67.0822,2026-06-25 08:00:00+00:00,33.5,54,998.8,4.27
Karachi,24.9056,67.0822,2026-06-25 09:00:00+00:00,33.7,54,998.4,4.18
Karachi,24.9056,67.0822,2026-06-25 10:00:00+00:00,32.5,61,997.9,4.4
Karachi,24.9056,67.0822,2026-06-25 11:00:00+00:00,32.5,62,997.4,4.29
Karachi,24.9056,67.0822,2026-06-25 12:00:00+00:00,32.3,61,997.4,3.76
Karachi,24.9056,67.0822,2026-06-25 13:00:00+00:00,31.4,63,997.8,3.6
Karachi,24.9056,67.0822,2026-06-25 14:00:00+00:00,30.6,67,998.3,3.83
Karachi,24.9056,67.0822,2026-06-25 15:00:00+00:00,29.9,72,998.6,3.65
Karachi,24.9056,67.0822,2026-06-25 16:00:00+00:00,29.6,73,999.1,3.4
Karachi,24.9056,67.0822,2026-06-25 17:00:00+00:00,29.5,73,999.8,3.42
Karachi,24.9056,67.0822,2026-06-25 18:00:00+00:00,29.6,73,999.9,3.0
Karachi,24.9056,67.0822,2026-06-25 19:00:00+00:00,29.3,75,999.8,2.96
Karachi,24.9056,67.0822,2026-06-25 20:00:00+00:00,29.0,77,999.4,2.64
Karachi,24.9056,67.0822,2026-06-25 21:00:00+00:00,28.8,79,999.2,2.32
Karachi,24.9056,67.0822,2026-06-25 22:00:00+00:00,28.5,80,998.9,2.21
Karachi,24.9056,67.0822,2026-06-25 23:00:00+00:00,28.3,81,998.8,1.97
Karachi,24.9056,67.0822,2026-06-26 00:00:00+00:00,28.7,79,999.1,1.79
Karachi,24.9056,67.0822,2026-06-26 01:00:00+00:00,28.7,79,999.8,1.88
Karachi,24.9056,67.0822,2026-06-26 02:00:00+00:00,29.2,77,1000.2,2.48
Karachi,24.9056,67.0822,2026-06-26 03:00:00+00:00,30.3,71,1000.6,2.96
Karachi,24.9056,67.0822,2026-06-26 04:00:00+00:00,31.7,65,1000.9,2.8
Karachi,24.9056,67.0822,2026-06-26 05:00:00+00:00,32.9,59,1000.9,2.97
Karachi,24.9056,67.0822,2026-06-26 06:00:00+00:00,34.1,54,1000.6,2.56
Karachi,24.9056,67.0822,2026-06-26 07:00:00+00:00,33.9,54,1000.4,2.83
Karachi,24.9056,67.0822,2026-06-26 08:00:00+00:00,33.7,57,1000.2,3.39
Karachi,24.9056,67.0822,2026-06-26 09:00:00+00:00,34.0,57,999.7,3.58
Karachi,24.9056,67.0822,2026-06-26 10:00:00+00:00,33.5,59,999.2,3.69
Karachi,24.9056,67.0822,2026-06-26 11:00:00+00:00,32.7,61,998.9,3.86
Karachi,24.9056,67.0822,2026-06-26 12:00:00+00:00,32.6,61,999.0,3.43
Karachi,24.9056,67.0822,2026-06-26 13:00:00+00:00,31.7,64,999.1,3.29
Karachi,24.9056,67.0822,2026-06-26 14:00:00+00:00,30.8,67,999.6,3.11
Karachi,24.9056,67.0822,2026-06-26 15:00:00+00:00,30.1,71,1000.1,3.37
Karachi,24.9056,67.0822,2026-06-26 16:00:00+00:00,29.8,74,1000.5,3.08
Karachi,24.9056,67.0822,2026-06-26 17:00:00+00:00,29.5,76,1000.9,2.76
Karachi,24.9056,67.0822,2026-06-26 18:00:00+00:00,29.4,76,1000.9,2.77
Karachi,24.9056,67.0822,2026-06-26 19:00:00+00:00,29.2,76,1000.8,2.67
Karachi,24.9056,67.0822,2026-06-26 20:00:00+00:00,29.1,76,1000.5,2.4
Karachi,24.9056,67.0822,2026-06-26 21:00:00+00:00,28.8,77,1000.0,2.2
Karachi,24.9056,67.0822,2026-06-26 22:00:00+00:00,28.7,78,999.9,1.81
Karachi,24.9056,67.0822,2026-06-26 23:00:00+00:00,28.6,78,999.8,1.6
Karachi,24.9056,67.0822,2026-06-27 00:00:00+00:00,28.9,77,1000.0,1.85
Karachi,24.9056,67.0822,2026-06-27 01:00:00+00:00,28.5,80,1000.4,1.78
Karachi,24.9056,67.0822,2026-06-27 02:00:00+00:00,29.2,77,1000.8,2.21
Karachi,24.9056,67.0822,2026-06-27 03:00:00+00:00,30.3,71,1001.1,2.75
Karachi,24.9056,67.0822,2026-06-27 04:00:00+00:00,31.6,65,1001.4,2.78
Karachi,24.9056,67.0822,2026-06-27 05:00:00+00:00,32.5,61,1001.3,2.88
Karachi,24.9056,67.0822,2026-06-27 06:00:00+00:00,32.9,59,1001.1,2.88
Karachi,24.9056,67.0822,2026-06-27 07:00:00+00:00,32.9,59,1000.6,2.8
Karachi,24.9056,67.0822,2026-06-27 08:00:00+00:00,34.3,54,1000.1,2.76
Karachi,24.9056,67.0822,2026-06-27 09:00:00+00:00,33.7,56,999.5,3.32
Karachi,24.9056,67.0822,2026-06-27 10:00:00+00:00,32.8,61,998.9,3.54
Karachi,24.9056,67.0822,2026-06-27 11:00:00+00:00,32.5,63,998.1,3.54
Karachi,24.9056,67.0822,2026-06-27 12:00:00+00:00,32.5,62,998.1,3.58
Karachi,24.9056,67.0822,2026-06-27 13:00:00+00:00,31.5,66,998.1,3.43
Karachi,24.9056,67.0822,2026-06-27 14:00:00+00:00,30.7,69,998.6,3.31
Karachi,24.9056,67.0822,2026-06-27 15:00:00+00:00,30.0,72,998.9,3.12
Karachi,24.9056,67.0822,2026-06-27 16:00:00+00:00,29.6,74,999.3,3.09
Karachi,24.9056,67.0822,2026-06-27 17:00:00+00:00,29.4,75,999.7,2.94
Karachi,24.9056,67.0822,2026-06-27 18:00:00+00:00,29.3,75,1000.2,3.23
Karachi,24.9056,67.0822,2026-06-27 19:00:00+00:00,28.9,78,999.8,2.94
Karachi,24.9056,67.0822,2026-06-27 20:00:00+00:00,28.7,79,999.3,2.96
Karachi,24.9056,67.0822,2026-06-27 21:00:00+00:00,28.5,81,998.8,2.85
Karachi,24.9056,67.0822,2026-06-27 22:00:00+00:00,28.2,84,998.7,2.5
Karachi,24.9056,67.0822,2026-06-27 23:00:00+00:00,28.1,84,998.2,2.21
Karachi,24.9056,67.0822,2026-06-28 00:00:00+00:00,28.9,79,998.3,2.34
Karachi,24.9056,67.0822,2026-06-28 01:00:00+00:00,28.8,79,998.2,2.54
Karachi,24.9056,67.0822,2026-06-28 02:00:00+00:00,29.3,76,998.5,3.47
Karachi,24.9056,67.0822,2026-06-28 03:00:00+00:00,30.1,73,998.9,3.8
Karachi,24.9056,67.0822,2026-06-28 04:00:00+00:00,31.1,68,999.3,3.81
Karachi,24.9056,67.0822,2026-06-28 05:00:00+00:00,32.3,62,999.1,3.61
Karachi,24.9056,67.0822,2026-06-28 06:00:00+00:00,33.6,57,999.0,3.59
Karachi,24.9056,67.0822,2026-06-28 07:00:00+00:00,33.4,58,998.6,3.67
Karachi,24.9056,67.0822,2026-06-28 08:00:00+00:00,33.5,57,998.1,3.85
Karachi,24.9056,67.0822,2026-06-28 09:00:00+00:00,33.5,57,997.7,4.07
Karachi,24.9056,67.0822,2026-06-28 10:00:00+00:00,32.9,59,997.2,4.5
Karachi,24.9056,67.0822,2026-06-28 11:00:00+00:00,32.3,62,996.7,4.51
Karachi,24.9056,67.0822,2026-06-28 12:00:00+00:00,32.0,62,996.3,4.56
Karachi,24.9056,67.0822,2026-06-28 13:00:00+00:00,31.0,67,996.5,4.56
Karachi,24.9056,67.0822,2026-06-28 14:00:00+00:00,30.2,70,996.7,4.27
Karachi,24.9056,67.0822,2026-06-28 15:00:00+00:00,29.8,72,997.2,4.16
Karachi,24.9056,67.0822,2026-06-28 16:00:00+00:00,29.7,72,997.6,4.32
Karachi,24.9056,67.0822,2026-06-28 17:00:00+00:00,29.4,75,998.3,4.01
Karachi,24.9056,67.0822,2026-06-28 18:00:00+00:00,29.2,74,998.8,3.74
Karachi,24.9056,67.0822,2026-06-28 19:00:00+00:00,29.0,75,998.2,3.75
Karachi,24.9056,67.0822,2026-06-28 20:00:00+00:00,28.6,78,997.9,3.31
Karachi,24.9056,67.0822,2026-06-28 21:00:00+00:00,28.3,81,997.4,2.84
Karachi,24.9056,67.0822,2026-06-28 22:00:00+00:00,28.2,80,997.2,3.01
Karachi,24.9056,67.0822,2026-06-28 23:00:00+00:00,28.0,83,997.0,2.77
Karachi,24.9056,67.0822,2026-06-29 00:00:00+00:00,28.1,81,996.8,3.0
Karachi,24.9056,67.0822,2026-06-29 01:00:00+00:00,28.0,82,997.0,2.97
Karachi,24.9056,67.0822,2026-06-29 02:00:00+00:00,28.5,80,997.3,3.61
Karachi,24.9056,67.0822,2026-06-29 03:00:00+00:00,29.7,72,997.7,3.85
Karachi,24.9056,67.0822,2026-06-29 04:00:00+00:00,30.9,66,998.0,4.0
Karachi,24.9056,67.0822,2026-06-29 05:00:00+00:00,31.9,61,998.3,4.13
Karachi,24.9056,67.0822,2026-06-29 06:00:00+00:00,32.9,55,998.3,4.29
Karachi,24.9056,67.0822,2026-06-29 07:00:00+00:00,33.2,53,997.8,4.41
Karachi,24.9056,67.0822,2026-06-29 08:00:00+00:00,33.7,52,997.1,4.47
Karachi,24.9056,67.0822,2026-06-29 09:00:00+00:00,33.6,52,996.5,4.57
Karachi,24.9056,67.0822,2026-06-29 10:00:00+00:00,32.7,56,996.1,4.57
Karachi,24.9056,67.0822,2026-06-29 11:00:00+00:00,32.5,56,995.6,4.41
Karachi,24.9056,67.0822,2026-06-29 12:00:00+00:00,32.0,57,995.5,4.52
Karachi,24.9056,67.0822,2026-06-29 13:00:00+00:00,30.7,63,995.7,4.25
Karachi,24.9056,67.0822,2026-06-29 14:00:00+00:00,30.1,65,995.8,4.22
Karachi,24.9056,67.0822,2026-06-29 15:00:00+00:00,29.8,67,996.0,3.92
Karachi,24.9056,67.0822,2026-06-29 16:00:00+00:00,29.3,72,996.9,4.21
Karachi,24.9056,67.0822,2026-06-29 17:00:00+00:00,29.2,73,997.4,4.21
Karachi,24.9056,67.0822,2026-06-29 18:00:00+00:00,29.1,72,997.4,4.03
Karachi,24.9056,67.0822,2026-06-29 19:00:00+00:00,28.8,74,997.3,3.76
Karachi,24.9056,67.0822,2026-06-29 20:00:00+00:00,28.6,76,997.0,3.69
Karachi,24.9056,67.0822,2026-06-29 21:00:00+00:00,28.4,78,996.5,3.12
Karachi,24.9056,67.0822,2026-06-29 22:00:00+00:00,28.4,78,996.4,3.15
Karachi,24.9056,67.0822,2026-06-29 23:00:00+00:00,28.4,78,996.4,3.26
Karachi,24.9056,67.0822,2026-06-30 00:00:00+00:00,28.5,78,996.1,3.39
Karachi,24.9056,67.0822,2026-06-30 01:00:00+00:00,28.3,80,996.5,3.04
Karachi,24.9056,67.0822,2026-06-30 02:00:00+00:00,29.0,77,996.8,3.45
Karachi,24.9056,67.0822,2026-06-30 03:00:00+00:00,30.0,72,996.8,4.18
Karachi,24.9056,67.0822,2026-06-30 04:00:00+00:00,31.0,67,997.2,4.76
Karachi,24.9056,67.0822,2026-06-30 05:00:00+00:00,31.4,65,997.6,4.51
Karachi,24.9056,67.0822,2026-06-30 06:00:00+00:00,31.1,66,997.3,4.43
Karachi,24.9056,67.0822,2026-06-30 07:00:00+00:00,32.0,62,997.1,4.29
Karachi,24.9056,67.0822,2026-06-30 08:00:00+00:00,33.3,56,996.6,4.34
Karachi,24.9056,67.0822,2026-06-30 09:00:00+00:00,33.2,56,996.1,4.44
Karachi,24.9056,67.0822,2026-06-30 10:00:00+00:00,32.8,57,995.5,4.81
Karachi,24.9056,67.0822,2026-06-30 11:00:00+00:00,32.2,61,995.0,4.63
Karachi,24.9056,67.0822,2026-06-30 12:00:00+00:00,32.4,56,995.0,4.49
Karachi,24.9056,67.0822,2026-06-30 13:00:00+00:00,31.2,62,995.1,4.43
Karachi,24.9056,67.0822,2026-06-30 14:00:00+00:00,30.6,65,995.1,4.25
Karachi,24.9056,67.0822,2026-06-30 15:00:00+00:00,30.1,68,995.4,4.27
Karachi,24.9056,67.0822,2026-06-30 16:00:00+00:00,29.6,72,996.0,4.31
Karachi,24.9056,67.0822,2026-06-30 17:00:00+00:00,29.4,74,996.9,4.05
Karachi,24.9056,67.0822,2026-06-30 18:00:00+00:00,29.3,74,996.7,3.53
Karachi,24.9056,67.0822,2026-06-30 19:00:00+00:00,29.0,77,996.5,3.05
Karachi,24.9056,67.0822,2026-06-30 20:00:00+00:00,28.8,79,996.4,2.9
Karachi,24.9056,67.0822,2026-06-30 21:00:00+00:00,28.6,80,996.0,2.94
Karachi,24.9056,67.0822,2026-06-30 22:00:00+00:00,28.5,80,995.7,2.82
Karachi,24.9056,67.0822,2026-06-30 23:00:00+00:00,28.3,82,995.4,2.95
Karachi,24.9056,67.0822,2026-07-01 00:00:00+00:00,28.3,85,995.2,2.87
Karachi,24.9056,67.0822,2026-07-01 01:00:00+00:00,28.3,85,995.2,2.79
Karachi,24.9056,67.0822,2026-07-01 02:00:00+00:00,28.8,82,995.6,3.23
Karachi,24.9056,67.0822,2026-07-01 03:00:00+00:00,29.9,76,995.8,3.54
Karachi,24.9056,67.0822,2026-07-01 04:00:00+00:00,31.1,69,996.1,3.86
Karachi,24.9056,67.0822,2026-07-01 05:00:00+00:00,32.1,64,995.9,4.24
Karachi,24.9056,67.0822,2026-07-01 06:00:00+00:00,32.2,62,996.0,3.99
Karachi,24.9056,67.0822,2026-07-01 07:00:00+00:00,32.2,63,995.8,4.01
Karachi,24.9056,67.0822,2026-07-01 08:00:00+00:00,33.0,60,995.2,3.91
Karachi,24.9056,67.0822,2026-07-01 09:00:00+00:00,32.6,62,994.5,4.08
Karachi,24.9056,67.0822,2026-07-01 10:00:00+00:00,32.1,64,994.3,4.23
Karachi,24.9056,67.0822,2026-07-01 11:00:00+00:00,32.4,64,993.8,4.31
Karachi,24.9056,67.0822,2026-07-01 12:00:00+00:00,32.0,65,993.7,3.89
Karachi,24.9056,67.0822,2026-07-01 13:00:00+00:00,31.0,69,993.8,3.69
Karachi,24.9056,67.0822,2026-07-01 14:00:00+00:00,30.2,74,994.0,4.03
Karachi,24.9056,67.0822,2026-07-01 15:00:00+00:00,29.8,75,994.7,3.81
Karachi,24.9056,67.0822,2026-07-01 16:00:00+00:00,29.4,78,995.6,3.44
Karachi,24.9056,67.0822,2026-07-01 17:00:00+00:00,29.1,81,996.5,3.33
Karachi,24.9056,67.0822,2026-07-01 18:00:00+00:00,29.6,79,996.2,2.93
Karachi,24.9056,67.0822,2026-07-01 19:00:00+00:00,29.2,81,996.2,2.63
Karachi,24.9056,67.0822,2026-07-01 20:00:00+00:00,29.0,81,996.2,2.42
Karachi,24.9056,67.0822,2026-07-01 21:00:00+00:00,28.7,83,995.7,2.42
Karachi,24.9056,67.0822,2026-07-01 22:00:00+00:00,28.5,85,995.5,2.32
Karachi,24.9056,67.0822,2026-07-01 23:00:00+00:00,28.5,86,995.2,2.34
Karachi,24.9056,67.0822,2026-07-02 00:00:00+00:00,28.4,88,995.1,2.29
Karachi,24.9056,67.0822,2026-07-02 01:00:00+00:00,28.3,88,995.5,2.12
Karachi,24.9056,67.0822,2026-07-02 02:00:00+00:00,28.8,85,996.0,2.44
Karachi,24.9056,67.0822,2026-07-02 03:00:00+00:00,29.9,78,996.3,2.62
Karachi,24.9056,67.0822,2026-07-02 04:00:00+00:00,31.1,72,996.6,3.0
Karachi,24.9056,67.0822,2026-07-02 05:00:00+00:00,31.9,68,997.1,3.29
Karachi,24.9056,67.0822,2026-07-02 06:00:00+00:00,33.2,61,996.9,3.36
Karachi,24.9056,67.0822,2026-07-02 07:00:00+00:00,33.7,58,996.7,3.42
Karachi,24.9056,67.0822,2026-07-02 08:00:00+00:00,34.0,57,996.3,3.64
Karachi,24.9056,67.0822,2026-07-02 09:00:00+00:00,33.9,58,995.9,3.68
Karachi,24.9056,67.0822,2026-07-02 10:00:00+00:00,33.7,59,995.4,3.75
Karachi,24.9056,67.0822,2026-07-02 11:00:00+00:00,33.2,60,994.9,3.63
Karachi,24.9056,67.0822,2026-07-02 12:00:00+00:00,32.4,63,995.1,3.65
Karachi,24.9056,67.0822,2026-07-02 13:00:00+00:00,31.4,68,995.7,3.27
Karachi,24.9056,67.0822,2026-07-02 14:00:00+00:00,30.7,71,996.5,2.87
Karachi,24.9056,67.0822,2026-07-02 15:00:00+00:00,30.1,74,996.8,3.04
Karachi,24.9056,67.0822,2026-07-02 16:00:00+00:00,29.8,76,997.6,2.94
Karachi,24.9056,67.0822,2026-07-02 17:00:00+00:00,29.5,78,998.4,2.87
Karachi,24.9056,67.0822,2026-07-02 18:00:00+00:00,29.4,78,998.6,3.12
Karachi,24.9056,67.0822,2026-07-02 19:00:00+00:00,28.9,80,998.1,2.72
Karachi,24.9056,67.0822,2026-07-02 20:00:00+00:00,28.7,82,997.6,2.77
Karachi,24.9056,67.0822,2026-07-02 21:00:00+00:00,28.6,82,997.3,2.86
Karachi,24.9056,67.0822,2026-07-02 22:00:00+00:00,28.5,82,997.0,2.71
Karachi,24.9056,67.0822,2026-07-02 23:00:00+00:00,28.4,84,997.0,2.52
Karachi,24.9056,67.0822,2026-07-03 00:00:00+00:00,28.7,85,996.9,2.35
Karachi,24.9056,67.0822,2026-07-03 01:00:00+00:00,28.5,86,997.3,2.13
Karachi,24.9056,67.0822,2026-07-03 02:00:00+00:00,29.1,83,998.2,2.3
Karachi,24.9056,67.0822,2026-07-03 03:00:00+00:00,30.4,76,998.3,2.76
Karachi,24.9056,67.0822,2026-07-03 04:00:00+00:00,31.9,68,998.5,2.98
Karachi,24.9056,67.0822,2026-07-03 05:00:00+00:00,33.2,61,998.8,3.4
Karachi,24.9056,67.0822,2026-07-03 06:00:00+00:00,33.8,58,999.0,3.38
Karachi,24.9056,67.0822,2026-07-03 07:00:00+00:00,33.8,57,998.5,3.27
Karachi,24.9056,67.0822,2026-07-03 08:00:00+00:00,34.3,55,997.8,3.38
Karachi,24.9056,67.0822,2026-07-03 09:00:00+00:00,34.6,54,997.3,3.52
Karachi,24.9056,67.0822,2026-07-03 10:00:00+00:00,34.3,56,996.8,3.64
Karachi,24.9056,67.0822,2026-07-03 11:00:00+00:00,33.7,58,996.4,3.56
Karachi,24.9056,67.0822,2026-07-03 12:00:00+00:00,32.8,60,996.0,3.14
Karachi,24.9056,67.0822,2026-07-03 13:00:00+00:00,31.8,64,996.1,3.5
Karachi,24.9056,67.0822,2026-07-03 14:00:00+00:00,30.8,69,996.6,3.59
Karachi,24.9056,67.0822,2026-07-03 15:00:00+00:00,30.2,72,997.0,3.41
Karachi,24.9056,67.0822,2026-07-03 16:00:00+00:00,30.0,74,997.7,3.33
Karachi,24.9056,67.0822,2026-07-03 17:00:00+00:00,29.9,75,998.3,3.92
Karachi,24.9056,67.0822,2026-07-03 18:00:00+00:00,29.6,76,998.3,3.72
Karachi,24.9056,67.0822,2026-07-03 19:00:00+00:00,29.3,77,998.3,3.55
Karachi,24.9056,67.0822,2026-07-03 20:00:00+00:00,29.0,80,997.9,3.55
Karachi,24.9056,67.0822,2026-07-03 21:00:00+00:00,28.8,81,996.9,2.65
Karachi,24.9056,67.0822,2026-07-03 22:00:00+00:00,28.7,81,996.5,2.95
Karachi,24.9056,67.0822,2026-07-03 23:00:00+00:00,28.5,82,996.2,2.9
Karachi,24.9056,67.0822,2026-07-04 00:00:00+00:00,28.8,80,995.9,2.51
Karachi,24.9056,67.0822,2026-07-04 01:00:00+00:00,28.9,80,996.5,2.95
Karachi,24.9056,67.0822,2026-07-04 02:00:00+00:00,29.1,80,997.1,3.45
Karachi,24.9056,67.0822,2026-07-04 03:00:00+00:00,30.3,74,997.4,3.7
Karachi,24.9056,67.0822,2026-07-04 04:00:00+00:00,31.5,68,997.1,3.85
Karachi,24.9056,67.0822,2026-07-04 05:00:00+00:00,32.8,62,996.6,3.7
Karachi,24.9056,67.0822,2026-07-04 06:00:00+00:00,32.9,60,997.1,3.73
Karachi,24.9056,67.0822,2026-07-04 07:00:00+00:00,33.5,58,996.4,3.73
Karachi,24.9056,67.0822,2026-07-04 08:00:00+00:00,33.6,59,995.8,3.69
Karachi,24.9056,67.0822,2026-07-04 09:00:00+00:00,33.9,57,994.9,3.72
Karachi,24.9056,67.0822,2026-07-04 10:00:00+00:00,34.1,57,994.4,3.69
Karachi,24.9056,67.0822,2026-07-04 11:00:00+00:00,33.6,59,993.8,3.46
Karachi,24.9056,67.0822,2026-07-04 12:00:00+00:00,32.8,64,993.4,3.02
Karachi,24.9056,67.0822,2026-07-04 13:00:00+00:00,31.8,68,993.5,3.11
Karachi,24.9056,67.0822,2026-07-04 14:00:00+00:00,30.8,73,993.9,3.31
Karachi,24.9056,67.0822,2026-07-04 15:00:00+00:00,30.0,77,994.6,3.07
Karachi,24.9056,67.0822,2026-07-04 16:00:00+00:00,29.7,78,995.4,3.37
Karachi,24.9056,67.0822,2026-07-04 17:00:00+00:00,29.6,78,995.6,3.48
Karachi,24.9056,67.0822,2026-07-04 18:00:00+00:00,29.6,79,995.5,3.11
Karachi,24.9056,67.0822,2026-07-04 19:00:00+00:00,29.3,80,995.4,3.15
Karachi,24.9056,67.0822,2026-07-04 20:00:00+00:00,28.9,83,994.9,3.01
Karachi,24.9056,67.0822,2026-07-04 21:00:00+00:00,28.6,85,994.7,2.62
Karachi,24.9056,67.0822,2026-07-04 22:00:00+00:00,28.6,84,994.6,2.63
Karachi,24.9056,67.0822,2026-07-04 23:00:00+00:00,28.6,82,994.4,2.52
Karachi,24.9056,67.0822,2026-07-05 00:00:00+00:00,28.3,85,993.9,2.25
Karachi,24.9056,67.0822,2026-07-05 01:00:00+00:00,28.3,84,994.5,2.3
Karachi,24.9056,67.0822,2026-07-05 02:00:00+00:00,28.9,81,994.6,2.85
Karachi,24.9056,67.0822,2026-07-05 03:00:00+00:00,30.0,75,994.6,3.36
Karachi,24.9056,67.0822,2026-07-05 04:00:00+00:00,31.6,66,994.8,3.89
Karachi,24.9056,67.0822,2026-07-05 05:00:00+00:00,32.6,62,994.4,3.25
Karachi,24.9056,67.0822,2026-07-05 06:00:00+00:00,33.6,57,995.1,3.25
Karachi,24.9056,67.0822,2026-07-05 07:00:00+00:00,34.3,55,994.8,3.33
Karachi,24.9056,67.0822,2026-07-05 08:00:00+00:00,34.6,54,993.9,3.17
Karachi,24.9056,67.0822,2026-07-05 09:00:00+00:00,34.8,55,993.2,3.32
Karachi,24.9056,67.0822,2026-07-05 10:00:00+00:00,34.7,56,993.0,3.39
Karachi,24.9056,67.0822,2026-07-05 11:00:00+00:00,33.8,59,992.4,3.33
Karachi,24.9056,67.0822,2026-07-05 12:00:00+00:00,33.4,61,992.3,3.46
Karachi,24.9056,67.0822,2026-07-05 13:00:00+00:00,32.2,66,992.8,3.22
Karachi,24.9056,67.0822,2026-07-05 14:00:00+00:00,31.4,69,993.4,3.41
Karachi,24.9056,67.0822,2026-07-05 15:00:00+00:00,30.9,71,994.1,3.73
Karachi,24.9056,67.0822,2026-07-05 16:00:00+00:00,30.6,73,994.8,2.96
Karachi,24.9056,67.0822,2026-07-05 17:00:00+00:00,30.3,74,995.3,2.67
Karachi,24.9056,67.0822,2026-07-05 18:00:00+00:00,30.4,73,995.1,2.75
Karachi,24.9056,67.0822,2026-07-05 19:00:00+00:00,29.9,77,994.7,2.57
Karachi,24.9056,67.0822,2026-07-05 20:00:00+00:00,29.6,79,994.2,2.15
Karachi,24.9056,67.0822,2026-07-05 21:00:00+00:00,29.4,81,993.8,2.12
Karachi,24.9056,67.0822,2026-07-05 22:00:00+00:00,29.1,83,993.5,2.26
Karachi,24.9056,67.0822,2026-07-05 23:00:00+00:00,28.9,84,993.5,2.16
Karachi,24.9056,67.0822,2026-07-06 00:00:00+00:00,29.0,84,993.2,2.41
Karachi,24.9056,67.0822,2026-07-06 01:00:00+00:00,28.7,88,993.7,2.3
Karachi,24.9056,67.0822,2026-07-06 02:00:00+00:00,29.2,86,994.4,2.12
Karachi,24.9056,67.0822,2026-07-06 03:00:00+00:00,30.5,78,994.8,2.2
Karachi,24.9056,67.0822,2026-07-06 04:00:00+00:00,32.2,69,994.9,2.41
Karachi,24.9056,67.0822,2026-07-06 05:00:00+00:00,33.7,62,994.6,2.47
Karachi,24.9056,67.0822,2026-07-06 06:00:00+00:00,34.3,57,994.8,2.26
Karachi,24.9056,67.0822,2026-07-06 07:00:00+00:00,35.0,56,994.1,2.17
Karachi,24.9056,67.0822,2026-07-06 08:00:00+00:00,35.6,55,993.3,2.54
Karachi,24.9056,67.0822,2026-07-06 09:00:00+00:00,35.7,54,992.7,2.97
Karachi,24.9056,67.0822,2026-07-06 10:00:00+00:00,34.9,58,992.2,3.31
Karachi,24.9056,67.0822,2026-07-06 11:00:00+00:00,33.9,61,992.1,3.22
Karachi,24.9056,67.0822,2026-07-06 12:00:00+00:00,33.1,64,991.8,3.04
Karachi,24.9056,67.0822,2026-07-06 13:00:00+00:00,31.9,70,992.0,3.02
Karachi,24.9056,67.0822,2026-07-06 14:00:00+00:00,30.7,76,992.2,2.98
Karachi,24.9056,67.0822,2026-07-06 15:00:00+00:00,30.2,79,992.7,2.7
Karachi,24.9056,67.0822,2026-07-06 16:00:00+00:00,30.3,77,994.0,1.9
Karachi,24.9056,67.0822,2026-07-06 17:00:00+00:00,30.3,76,994.5,1.67
Karachi,24.9056,67.0822,2026-07-06 18:00:00+00:00,30.0,77,994.4,1.75
Karachi,24.9056,67.0822,2026-07-06 19:00:00+00:00,29.7,79,994.2,1.45
Karachi,24.9056,67.0822,2026-07-06 20:00:00+00:00,29.5,80,993.9,1.35
Karachi,24.9056,67.0822,2026-07-06 21:00:00+00:00,29.1,83,993.7,0.74
Karachi,24.9056,67.0822,2026-07-06 22:00:00+00:00,28.7,85,993.0,1.35
Karachi,24.9056,67.0822,2026-07-06 23:00:00+00:00,28.5,87,992.6,1.56
Karachi,24.9056,67.0822,2026-07-07 00:00:00+00:00,28.8,88,994.0,2.19
Karachi,24.9056,67.0822,2026-07-07 01:00:00+00:00,28.8,89,994.3,2.05
Karachi,24.9056,67.0822,2026-07-07 02:00:00+00:00,29.3,87,994.5,2.02
Karachi,24.9056,67.0822,2026-07-07 03:00:00+00:00,30.6,79,994.4,2.43
Karachi,24.9056,67.0822,2026-07-07 04:00:00+00:00,31.8,73,994.4,2.07
Karachi,24.9056,67.0822,2026-07-07 05:00:00+00:00,33.3,65,994.2,2.08
Karachi,24.9056,67.0822,2026-07-07 06:00:00+00:00,33.9,60,994.1,2.22
Karachi,24.9056,67.0822,2026-07-07 07:00:00+00:00,35.3,55,993.5,1.88
Karachi,24.9056,67.0822,2026-07-07 08:00:00+00:00,36.2,53,992.9,2.01
Karachi,24.9056,67.0822,2026-07-07 09:00:00+00:00,35.7,57,992.3,3.04
Karachi,24.9056,67.0822,2026-07-07 10:00:00+00:00,34.6,59,992.0,3.4
Karachi,24.9056,67.0822,2026-07-07 11:00:00+00:00,34.0,59,991.6,3.04
Karachi,24.9056,67.0822,2026-07-07 12:00:00+00:00,33.6,60,992.2,2.51
Karachi,24.9056,67.0822,2026-07-07 13:00:00+00:00,32.4,66,991.7,3.18
Karachi,24.9056,67.0822,2026-07-07 14:00:00+00:00,31.0,77,991.8,3.86
Karachi,24.9056,67.0822,2026-07-07 15:00:00+00:00,30.6,78,993.4,3.15
Karachi,24.9056,67.0822,2026-07-07 16:00:00+00:00,30.5,79,993.6,3.09
Karachi,24.9056,67.0822,2026-07-07 17:00:00+00:00,30.2,79,994.5,2.2
Karachi,24.9056,67.0822,2026-07-07 18:00:00+00:00,30.2,78,994.4,2.74
Karachi,24.9056,67.0822,2026-07-07 19:00:00+00:00,29.8,80,993.9,2.41
Karachi,24.9056,67.0822,2026-07-07 20:00:00+00:00,29.7,81,993.5,2.59
Karachi,24.9056,67.0822,2026-07-07 21:00:00+00:00,29.5,82,993.4,2.33
Karachi,24.9056,67.0822,2026-07-07 22:00:00+00:00,29.4,83,993.0,2.45
Karachi,24.9056,67.0822,2026-07-07 23:00:00+00:00,29.2,84,992.6,2.57
Karachi,24.9056,67.0822,2026-07-08 00:00:00+00:00,29.0,86,992.5,2.49
Karachi,24.9056,67.0822,2026-07-08 01:00:00+00:00,28.5,88,992.5,1.98
Karachi,24.9056,67.0822,2026-07-08 02:00:00+00:00,28.9,84,993.1,2.15
Karachi,24.9056,67.0822,2026-07-08 03:00:00+00:00,30.2,76,993.7,2.36
Karachi,24.9056,67.0822,2026-07-08 04:00:00+00:00,31.9,67,993.9,2.09
Karachi,24.9056,67.0822,2026-07-08 05:00:00+00:00,33.3,60,994.0,2.42
Karachi,24.9056,67.0822,2026-07-08 06:00:00+00:00,33.6,59,993.9,3.43
Karachi,24.9056,67.0822,2026-07-08 07:00:00+00:00,33.7,59,993.8,3.59
Karachi,24.9056,67.0822,2026-07-08 08:00:00+00:00,33.8,60,993.4,3.8
Karachi,24.9056,67.0822,2026-07-08 09:00:00+00:00,33.9,60,992.8,4.12
Karachi,24.9056,67.0822,2026-07-08 10:00:00+00:00,33.9,60,992.4,4.07
Karachi,24.9056,67.0822,2026-07-08 11:00:00+00:00,33.4,63,991.8,3.91
Karachi,24.9056,67.0822,2026-07-08 12:00:00+00:00,32.6,65,992.0,4.04
Karachi,24.9056,67.0822,2026-07-08 13:00:00+00:00,31.4,70,992.2,4.01
Karachi,24.9056,67.0822,2026-07-08 14:00:00+00:00,30.5,73,992.6,3.87
Karachi,24.9056,67.0822,2026-07-08 15:00:00+00:00,30.0,74,993.1,3.6
Karachi,24.9056,67.0822,2026-07-08 16:00:00+00:00,29.8,74,994.1,3.51
Karachi,24.9056,67.0822,2026-07-08 17:00:00+00:00,29.6,74,995.0,3.53
Karachi,24.9056,67.0822,2026-07-08 18:00:00+00:00,29.7,75,994.8,3.53
Karachi,24.9056,67.0822,2026-07-08 19:00:00+00:00,29.4,75,994.5,3.54
Karachi,24.9056,67.0822,2026-07-08 20:00:00+00:00,29.1,80,994.3,3.39
Karachi,24.9056,67.0822,2026-07-08 21:00:00+00:00,28.8,82,993.8,3.21
Karachi,24.9056,67.0822,2026-07-08 22:00:00+00:00,28.7,82,993.9,3.05
Karachi,24.9056,67.0822,2026-07-08 23:00:00+00:00,28.5,82,994.0,3.13
Karachi,24.9056,67.0822,2026-07-09 00:00:00+00:00,28.7,83,994.3,3.2
Karachi,24.9056,67.0822,2026-07-09 01:00:00+00:00,28.3,86,994.7,3.12
Karachi,24.9056,67.0822,2026-07-09 02:00:00+00:00,28.8,84,995.1,3.84
Karachi,24.9056,67.0822,2026-07-09 03:00:00+00:00,30.0,77,995.6,3.89
Karachi,24.9056,67.0822,2026-07-09 04:00:00+00:00,31.3,69,995.9,4.34
Karachi,24.9056,67.0822,2026-07-09 05:00:00+00:00,32.2,65,996.0,4.37
Karachi,24.9056,67.0822,2026-07-09 06:00:00+00:00,33.0,60,996.4,4.41
Karachi,24.9056,67.0822,2026-07-09 07:00:00+00:00,33.1,58,996.4,4.32
Karachi,24.9056,67.0822,2026-07-09 08:00:00+00:00,33.7,56,996.1,4.29
Karachi,24.9056,67.0822,2026-07-09 09:00:00+00:00,33.5,56,995.9,4.51
Karachi,24.9056,67.0822,2026-07-09 10:00:00+00:00,33.4,56,995.8,4.79
Karachi,24.9056,67.0822,2026-07-09 11:00:00+00:00,32.7,57,995.5,4.88
Karachi,24.9056,67.0822,2026-07-09 12:00:00+00:00,31.7,61,995.7,4.44
Karachi,24.9056,67.0822,2026-07-09 13:00:00+00:00,30.6,66,996.0,4.31
Karachi,24.9056,67.0822,2026-07-09 14:00:00+00:00,29.8,71,996.4,4.05
Karachi,24.9056,67.0822,2026-07-09 15:00:00+00:00,29.6,71,997.1,4.02
Karachi,24.9056,67.0822,2026-07-09 16:00:00+00:00,29.5,70,997.4,4.26
Karachi,24.9056,67.0822,2026-07-09 17:00:00+00:00,29.2,74,998.5,3.62
Karachi,24.9056,67.0822,2026-07-09 18:00:00+00:00,29.5,74,998.2,3.8
Karachi,24.9056,67.0822,2026-07-09 19:00:00+00:00,29.1,76,998.2,3.94
Karachi,24.9056,67.0822,2026-07-09 20:00:00+00:00,28.7,79,997.9,3.42
Karachi,24.9056,67.0822,2026-07-09 21:00:00+00:00,28.4,80,997.4,3.49
Karachi,24.9056,67.0822,2026-07-09 22:00:00+00:00,28.2,82,997.4,3.78
Karachi,24.9056,67.0822,2026-07-09 23:00:00+00:00,28.0,83,997.2,3.82
Karachi,24.9056,67.0822,2026-07-10 00:00:00+00:00,28.4,81,997.5,3.82
Karachi,24.9056,67.0822,2026-07-10 01:00:00+00:00,28.2,83,997.7,3.64
Karachi,24.9056,67.0822,2026-07-10 02:00:00+00:00,28.6,80,998.1,4.29
Karachi,24.9056,67.0822,2026-07-10 03:00:00+00:00,29.6,75,998.8,4.71
Karachi,24.9056,67.0822,2026-07-10 04:00:00+00:00,30.5,70,999.1,4.97
Karachi,24.9056,67.0822,2026-07-10 05:00:00+00:00,31.2,66,999.3,4.87
Karachi,24.9056,67.0822,2026-07-10 06:00:00+00:00,32.0,62,999.4,5.01
Karachi,24.9056,67.0822,2026-07-10 07:00:00+00:00,32.4,59,999.2,5.13
Karachi,24.9056,67.0822,2026-07-10 08:00:00+00:00,32.9,57,998.9,5.39
Karachi,24.9056,67.0822,2026-07-10 09:00:00+00:00,31.9,62,998.3,5.37
Karachi,24.9056,67.0822,2026-07-10 10:00:00+00:00,32.5,60,997.9,5.3
Karachi,24.9056,67.0822,2026-07-10 11:00:00+00:00,31.5,65,997.6,5.44
Karachi,24.9056,67.0822,2026-07-10 12:00:00+00:00,31.7,63,997.4,5.41
Karachi,24.9056,67.0822,2026-07-10 13:00:00+00:00,30.7,67,997.4,5.34
Karachi,24.9056,67.0822,2026-07-10 14:00:00+00:00,29.9,72,997.6,5.27
Karachi,24.9056,67.0822,2026-07-10 15:00:00+00:00,29.3,75,997.9,5.08
Karachi,24.9056,67.0822,2026-07-10 16:00:00+00:00,28.9,78,998.3,4.63
Karachi,24.9056,67.0822,2026-07-10 17:00:00+00:00,28.7,79,999.0,4.32
Karachi,24.9056,67.0822,2026-07-10 18:00:00+00:00,28.8,78,998.3,4.06
Karachi,24.9056,67.0822,2026-07-10 19:00:00+00:00,28.4,79,998.1,3.8
Karachi,24.9056,67.0822,2026-07-10 20:00:00+00:00,28.0,86,997.3,3.86
Karachi,24.9056,67.0822,2026-07-10 21:00:00+00:00,27.9,86,997.0,4.16
Karachi,24.9056,67.0822,2026-07-10 22:00:00+00:00,27.9,86,996.7,4.02
Karachi,24.9056,67.0822,2026-07-10 23:00:00+00:00,28.0,85,996.6,4.22
Karachi,24.9056,67.0822,2026-07-11 00:00:00+00:00,27.7,87,996.6,4.44
Karachi,24.9056,67.0822,2026-07-11 01:00:00+00:00,27.7,87,996.9,4.11
Karachi,24.9056,67.0822,2026-07-11 02:00:00+00:00,28.2,84,997.0,4.57
Karachi,24.9056,67.0822,2026-07-11 03:00:00+00:00,29.3,78,997.3,4.95
Karachi,24.9056,67.0822,2026-07-11 04:00:00+00:00,30.6,71,997.4,5.34
Karachi,24.9056,67.0822,2026-07-11 05:00:00+00:00,31.6,66,997.4,5.69
Karachi,24.9056,67.0822,2026-07-11 06:00:00+00:00,31.8,63,997.2,5.69
Karachi,24.9056,67.0822,2026-07-11 07:00:00+00:00,32.3,61,996.6,5.64
Karachi,24.9056,67.0822,2026-07-11 08:00:00+00:00,32.6,60,996.0,5.49
Karachi,24.9056,67.0822,2026-07-11 09:00:00+00:00,32.4,61,995.4,5.6
Karachi,24.9056,67.0822,2026-07-11 10:00:00+00:00,31.9,64,995.2,5.68
Karachi,24.9056,67.0822,2026-07-11 11:00:00+00:00,31.7,65,994.7,5.63
Karachi,24.9056,67.0822,2026-07-11 12:00:00+00:00,31.3,65,994.4,5.62
Karachi,24.9056,67.0822,2026-07-11 13:00:00+00:00,30.6,68,994.6,5.46
Karachi,24.9056,67.0822,2026-07-11 14:00:00+00:00,29.6,76,994.5,4.78
Karachi,24.9056,67.0822,2026-07-11 15:00:00+00:00,28.8,80,994.8,4.1
Karachi,24.9056,67.0822,2026-07-11 16:00:00+00:00,28.7,81,995.5,3.65
Karachi,24.9056,67.0822,2026-07-11 17:00:00+00:00,28.5,83,995.9,3.08
Karachi,24.9056,67.0822,2026-07-11 18:00:00+00:00,28.9,81,995.3,3.29
Karachi,24.9056,67.0822,2026-07-11 19:00:00+00:00,28.5,84,994.8,3.47
Karachi,24.9056,67.0822,2026-07-11 20:00:00+00:00,28.3,84,994.2,3.54
Karachi,24.9056,67.0822,2026-07-11 21:00:00+00:00,28.2,84,993.6,3.39
Karachi,24.9056,67.0822,2026-07-11 22:00:00+00:00,28.2,84,993.1,3.29
Karachi,24.9056,67.0822,2026-07-11 23:00:00+00:00,28.1,83,992.4,3.4
Karachi,24.9056,67.0822,2026-07-12 00:00:00+00:00,28.3,83,991.8,3.55
Karachi,24.9056,67.0822,2026-07-12 01:00:00+00:00,28.3,83,992.1,3.56
Karachi,24.9056,67.0822,2026-07-12 02:00:00+00:00,28.9,81,992.4,2.8
Karachi,24.9056,67.0822,2026-07-12 03:00:00+00:00,30.2,75,992.5,3.86
Karachi,24.9056,67.0822,2026-07-12 04:00:00+00:00,31.7,68,992.5,4.37
Karachi,24.9056,67.0822,2026-07-12 05:00:00+00:00,32.7,64,992.0,4.52
Karachi,24.9056,67.0822,2026-07-12 06:00:00+00:00,32.4,64,992.2,5.04
Karachi,24.9056,67.0822,2026-07-12 07:00:00+00:00,33.6,60,991.8,4.74
Karachi,24.9056,67.0822,2026-07-12 08:00:00+00:00,34.5,57,991.3,4.63
Karachi,24.9056,67.0822,2026-07-12 09:00:00+00:00,34.5,58,990.8,4.61
Karachi,24.9056,67.0822,2026-07-12 10:00:00+00:00,34.4,57,990.3,4.74
Karachi,24.9056,67.0822,2026-07-12 11:00:00+00:00,33.9,58,990.0,4.65
Karachi,24.9056,67.0822,2026-07-12 12:00:00+00:00,32.6,62,990.5,4.44
Karachi,24.9056,67.0822,2026-07-12 13:00:00+00:00,31.5,67,990.9,4.04
Karachi,24.9056,67.0822,2026-07-12 14:00:00+00:00,30.5,71,991.6,3.62
Karachi,24.9056,67.0822,2026-07-12 15:00:00+00:00,29.9,74,992.3,3.29
Karachi,24.9056,67.0822,2026-07-12 16:00:00+00:00,29.6,75,992.9,3.52
Karachi,24.9056,67.0822,2026-07-12 17:00:00+00:00,29.3,76,993.4,2.89
Karachi,24.9056,67.0822,2026-07-12 18:00:00+00:00,29.8,75,993.7,3.22
Karachi,24.9056,67.0822,2026-07-12 19:00:00+00:00,29.4,76,993.6,3.36
Karachi,24.9056,67.0822,2026-07-12 20:00:00+00:00,29.2,77,993.6,3.25
Karachi,24.9056,67.0822,2026-07-12 21:00:00+00:00,29.0,77,993.0,3.66
Karachi,24.9056,67.0822,2026-07-12 22:00:00+00:00,28.9,77,992.7,3.66
Karachi,24.9056,67.0822,2026-07-12 23:00:00+00:00,28.9,75,992.5,3.99
Karachi,24.9056,67.0822,2026-07-13 00:00:00+00:00,28.8,77,992.9,3.73
Karachi,24.9056,67.0822,2026-07-13 01:00:00+00:00,28.7,79,993.2,3.58
Karachi,24.9056,67.0822,2026-07-13 02:00:00+00:00,29.2,76,993.9,3.11
Karachi,24.9056,67.0822,2026-07-13 03:00:00+00:00,30.3,71,994.5,4.01
Karachi,24.9056,67.0822,2026-07-13 04:00:00+00:00,31.4,65,994.9,4.48
Karachi,24.9056,67.0822,2026-07-13 05:00:00+00:00,32.4,61,995.0,4.68
Karachi,24.9056,67.0822,2026-07-13 06:00:00+00:00,33.3,58,995.7,4.82
Karachi,24.9056,67.0822,2026-07-13 07:00:00+00:00,33.7,56,995.8,5.18
Karachi,24.9056,67.0822,2026-07-13 08:00:00+00:00,33.6,57,995.6,5.42
Karachi,24.9056,67.0822,2026-07-13 09:00:00+00:00,33.2,58,995.3,5.61
Karachi,24.9056,67.0822,2026-07-13 10:00:00+00:00,32.9,58,995.1,5.46
Karachi,24.9056,67.0822,2026-07-13 11:00:00+00:00,32.1,61,994.7,5.42
Karachi,24.9056,67.0822,2026-07-13 12:00:00+00:00,31.3,64,994.8,4.92
Karachi,24.9056,67.0822,2026-07-13 13:00:00+00:00,30.2,71,995.2,5.1
Karachi,24.9056,67.0822,2026-07-13 14:00:00+00:00,29.6,71,995.8,4.74
Karachi,24.9056,67.0822,2026-07-13 15:00:00+00:00,28.9,76,996.5,4.31
Karachi,24.9056,67.0822,2026-07-13 16:00:00+00:00,28.6,78,997.3,4.42
Karachi,24.9056,67.0822,2026-07-13 17:00:00+00:00,28.1,80,997.9,4.21
Karachi,24.9056,67.0822,2026-07-13 18:00:00+00:00,28.3,82,997.6,3.69
Karachi,24.9056,67.0822,2026-07-13 19:00:00+00:00,27.6,87,997.6,3.38
Karachi,24.9056,67.0822,2026-07-13 20:00:00+00:00,27.8,86,997.1,3.68
Karachi,24.9056,67.0822,2026-07-13 21:00:00+00:00,27.7,87,996.6,3.29
Karachi,24.9056,67.0822,2026-07-13 22:00:00+00:00,27.6,86,996.2,3.3
Karachi,24.9056,67.0822,2026-07-13 23:00:00+00:00,27.3,88,996.2,3.22
Karachi,24.9056,67.0822,2026-07-14 00:00:00+00:00,27.6,88,996.4,2.98
Karachi,24.9056,67.0822,2026-07-14 01:00:00+00:00,27.7,87,996.6,3.13
Karachi,24.9056,67.0822,2026-07-14 02:00:00+00:00,27.9,85,997.0,3.65
Karachi,24.9056,67.0822,2026-07-14 03:00:00+00:00,28.9,80,997.3,4.14
Karachi,24.9056,67.0822,2026-07-14 04:00:00+00:00,29.9,74,997.7,4.2
Karachi,24.9056,67.0822,2026-07-14 05:00:00+00:00,30.7,70,998.2,4.45
Karachi,24.9056,67.0822,2026-07-14 06:00:00+00:00,31.7,64,998.2,4.25
Karachi,24.9056,67.0822,2026-07-14 07:00:00+00:00,32.2,61,998.0,4.49
Karachi,24.9056,67.0822,2026-07-14 08:00:00+00:00,32.4,61,997.9,4.39
Karachi,24.9056,67.0822,2026-07-14 09:00:00+00:00,32.1,63,997.4,4.42
Karachi,24.9056,67.0822,2026-07-14 10:00:00+00:00,31.5,65,997.2,4.46
Karachi,24.9056,67.0822,2026-07-14 11:00:00+00:00,30.8,68,997.1,4.7
Karachi,24.9056,67.0822,2026-07-14 12:00:00+00:00,31.2,65,996.8,4.21
Karachi,24.9056,67.0822,2026-07-14 13:00:00+00:00,29.7,72,997.1,3.82
Karachi,24.9056,67.0822,2026-07-14 14:00:00+00:00,29.2,74,997.2,3.96
Karachi,24.9056,67.0822,2026-07-14 15:00:00+00:00,28.7,76,997.5,4.03
Karachi,24.9056,67.0822,2026-07-14 16:00:00+00:00,28.3,81,998.4,3.68
Karachi,24.9056,67.0822,2026-07-14 17:00:00+00:00,28.1,81,999.1,3.35
Karachi,24.9056,67.0822,2026-07-14 18:00:00+00:00,28.4,79,998.7,3.18
Karachi,24.9056,67.0822,2026-07-14 19:00:00+00:00,28.1,79,998.8,3.08
Karachi,24.9056,67.0822,2026-07-14 20:00:00+00:00,27.9,81,998.6,2.83
Karachi,24.9056,67.0822,2026-07-14 21:00:00+00:00,27.5,84,998.0,3.03
Karachi,24.9056,67.0822,2026-07-14 22:00:00+00:00,27.2,87,997.8,3.0
Karachi,24.9056,67.0822,2026-07-14 23:00:00+00:00,27.1,88,997.5,2.49
Karachi,24.9056,67.0822,2026-07-15 00:00:00+00:00,27.7,87,997.8,2.69
Karachi,24.9056,67.0822,2026-07-15 01:00:00+00:00,27.8,83,997.6,2.64
Karachi,24.9056,67.0822,2026-07-15 02:00:00+00:00,28.1,81,998.2,3.13
Karachi,24.9056,67.0822,2026-07-15 03:00:00+00:00,29.2,73,998.4,3.38
Karachi,24.9056,67.0822,2026-07-15 04:00:00+00:00,30.2,68,998.7,3.44
Karachi,24.9056,67.0822,2026-07-15 05:00:00+00:00,31.4,62,998.9,3.47
Karachi,24.9056,67.0822,2026-07-15 06:00:00+00:00,32.4,57,999.1,3.61
Karachi,24.9056,67.0822,2026-07-15 07:00:00+00:00,32.5,56,998.8,3.91
Karachi,24.9056,67.0822,2026-07-15 08:00:00+00:00,32.7,56,998.5,4.0
Karachi,24.9056,67.0822,2026-07-15 09:00:00+00:00,32.8,57,998.1,3.87
Karachi,24.9056,67.0822,2026-07-15 10:00:00+00:00,32.4,58,998.1,3.73
Karachi,24.9056,67.0822,2026-07-15 11:00:00+00:00,31.8,60,997.8,3.69
Karachi,24.9056,67.0822,2026-07-15 12:00:00+00:00,31.9,59,998.0,3.54
Karachi,24.9056,67.0822,2026-07-15 13:00:00+00:00,30.8,63,998.1,3.39
Karachi,24.9056,67.0822,2026-07-15 14:00:00+00:00,29.9,68,998.1,3.26
Karachi,24.9056,67.0822,2026-07-15 15:00:00+00:00,29.3,72,998.5,3.29
Karachi,24.9056,67.0822,2026-07-15 16:00:00+00:00,28.7,76,999.1,2.97
Karachi,24.9056,67.0822,2026-07-15 17:00:00+00:00,28.4,77,999.6,3.18
Karachi,24.9056,67.0822,2026-07-15 18:00:00+00:00,28.5,77,999.9,2.78
Karachi,24.9056,67.0822,2026-07-15 19:00:00+00:00,28.3,78,999.9,2.42
Karachi,24.9056,67.0822,2026-07-15 20:00:00+00:00,27.9,80,999.8,2.37
Karachi,24.9056,67.0822,2026-07-15 21:00:00+00:00,27.5,83,999.4,2.08
Karachi,24.9056,67.0822,2026-07-15 22:00:00+00:00,27.4,84,999.1,2.06
Karachi,24.9056,67.0822,2026-07-15 23:00:00+00:00,27.0,87,998.9,2.15
Karachi,24.9056,67.0822,2026-07-16 00:00:00+00:00,27.4,88,999.1,1.85
Karachi,24.9056,67.0822,2026-07-16 01:00:00+00:00,27.2,89,999.6,1.75
Karachi,24.9056,67.0822,2026-07-16 02:00:00+00:00,27.4,89,1000.0,2.33
Karachi,24.9056,67.0822,2026-07-16 03:00:00+00:00,28.6,80,1000.3,2.75
Karachi,24.9056,67.0822,2026-07-16 04:00:00+00:00,29.9,72,1000.4,2.9
Karachi,24.9056,67.0822,2026-07-16 05:00:00+00:00,30.8,68,1000.5,3.28
Karachi,24.9056,67.0822,2026-07-16 06:00:00+00:00,31.8,62,1000.6,2.89
Karachi,24.9056,67.0822,2026-07-16 07:00:00+00:00,32.4,59,1000.2,2.89
Karachi,24.9056,67.0822,2026-07-16 08:00:00+00:00,33.1,57,999.5,2.91
Karachi,24.9056,67.0822,2026-07-16 09:00:00+00:00,32.7,58,999.2,3.31
Karachi,24.9056,67.0822,2026-07-16 10:00:00+00:00,32.3,60,998.8,3.52
Karachi,24.9056,67.0822,2026-07-16 11:00:00+00:00,31.6,63,998.7,3.65
Karachi,24.9056,67.0822,2026-07-16 12:00:00+00:00,31.3,62,999.0,3.19
Karachi,24.9056,67.0822,2026-07-16 13:00:00+00:00,30.3,67,998.9,2.9
Karachi,24.9056,67.0822,2026-07-16 14:00:00+00:00,29.8,69,999.1,2.65
Karachi,24.9056,67.0822,2026-07-16 15:00:00+00:00,29.3,71,999.3,2.66
Karachi,24.9056,67.0822,2026-07-16 16:00:00+00:00,29.0,73,999.6,2.94
Karachi,24.9056,67.0822,2026-07-16 17:00:00+00:00,28.8,75,1000.1,2.87
Karachi,24.9056,67.0822,2026-07-16 18:00:00+00:00,28.7,76,1000.1,2.78
Karachi,24.9056,67.0822,2026-07-16 19:00:00+00:00,28.3,79,999.7,2.58
Karachi,24.9056,67.0822,2026-07-16 20:00:00+00:00,27.9,80,999.5,2.61
Karachi,24.9056,67.0822,2026-07-16 21:00:00+00:00,27.4,84,999.1,2.64
Karachi,24.9056,67.0822,2026-07-16 22:00:00+00:00,27.1,85,998.7,2.62
Karachi,24.9056,67.0822,2026-07-16 23:00:00+00:00,27.2,84,998.6,2.8
Karachi,24.9056,67.0822,2026-07-17 00:00:00+00:00,27.7,85,998.6,2.41
Karachi,24.9056,67.0822,2026-07-17 01:00:00+00:00,27.5,86,999.2,2.37
Karachi,24.9056,67.0822,2026-07-17 02:00:00+00:00,27.8,84,999.6,2.98
Karachi,24.9056,67.0822,2026-07-17 03:00:00+00:00,28.8,78,999.8,3.1
Karachi,24.9056,67.0822,2026-07-17 04:00:00+00:00,30.2,70,1000.1,3.12
Karachi,24.9056,67.0822,2026-07-17 05:00:00+00:00,31.4,64,1000.1,3.39
Karachi,24.9056,67.0822,2026-07-17 06:00:00+00:00,32.6,58,1000.2,3.56
Karachi,24.9056,67.0822,2026-07-17 07:00:00+00:00,32.6,57,1000.0,3.67
Karachi,24.9056,67.0822,2026-07-17 08:00:00+00:00,32.9,56,999.4,3.76
Karachi,24.9056,67.0822,2026-07-17 09:00:00+00:00,32.4,58,998.6,3.94
Karachi,24.9056,67.0822,2026-07-17 10:00:00+00:00,31.8,62,998.1,4.32
Karachi,24.9056,67.0822,2026-07-17 11:00:00+00:00,31.6,64,998.1,4.1
Karachi,24.9056,67.0822,2026-07-17 12:00:00+00:00,31.3,62,998.1,3.84
Karachi,24.9056,67.0822,2026-07-17 13:00:00+00:00,30.3,65,997.9,3.69
Karachi,24.9056,67.0822,2026-07-17 14:00:00+00:00,29.4,69,998.4,3.64
Karachi,24.9056,67.0822,2026-07-17 15:00:00+00:00,28.9,71,998.8,3.92
Karachi,24.9056,67.0822,2026-07-17 16:00:00+00:00,28.8,72,999.4,4.05
Karachi,24.9056,67.0822,2026-07-17 17:00:00+00:00,28.5,74,1000.0,3.87
Karachi,24.9056,67.0822,2026-07-17 18:00:00+00:00,28.5,74,999.8,3.64
Karachi,24.9056,67.0822,2026-07-17 19:00:00+00:00,28.1,77,999.5,3.29
Karachi,24.9056,67.0822,2026-07-17 20:00:00+00:00,27.6,80,999.1,3.23
Karachi,24.9056,67.0822,2026-07-17 21:00:00+00:00,27.5,83,998.3,3.35
Karachi,24.9056,67.0822,2026-07-17 22:00:00+00:00,27.3,84,998.1,3.32
Karachi,24.9056,67.0822,2026-07-17 23:00:00+00:00,27.3,84,998.1,2.79
Karachi,24.9056,67.0822,2026-07-18 00:00:00+00:00,27.3,85,998.3,3.03
Karachi,24.9056,67.0822,2026-07-18 01:00:00+00:00,27.4,83,998.6,3.06
Karachi,24.9056,67.0822,2026-07-18 02:00:00+00:00,27.8,80,998.9,3.55
Karachi,24.9056,67.0822,2026-07-18 03:00:00+00:00,28.8,74,999.1,3.57
Karachi,24.9056,67.0822,2026-07-18 04:00:00+00:00,30.1,68,999.1,3.82
Karachi,24.9056,67.0822,2026-07-18 05:00:00+00:00,31.2,61,999.0,3.98
Karachi,24.9056,67.0822,2026-07-18 06:00:00+00:00,32.0,56,998.8,4.62
Karachi,24.9056,67.0822,2026-07-18 07:00:00+00:00,32.4,55,998.3,4.75
Karachi,24.9056,67.0822,2026-07-18 08:00:00+00:00,32.5,55,997.8,4.63
Karachi,24.9056,67.0822,2026-07-18 09:00:00+00:00,32.7,54,997.4,4.5
Karachi,24.9056,67.0822,2026-07-18 10:00:00+00:00,31.5,60,997.1,4.64
Karachi,24.9056,67.0822,2026-07-18 11:00:00+00:00,31.4,62,996.9,4.76
Karachi,24.9056,67.0822,2026-07-18 12:00:00+00:00,31.0,63,996.9,4.51
Karachi,24.9056,67.0822,2026-07-18 13:00:00+00:00,29.9,67,996.8,4.35
Karachi,24.9056,67.0822,2026-07-18 14:00:00+00:00,29.0,71,997.0,4.41
Karachi,24.9056,67.0822,2026-07-18 15:00:00+00:00,28.8,72,997.6,4.05
Karachi,24.9056,67.0822,2026-07-18 16:00:00+00:00,28.7,74,998.4,3.99
Karachi,24.9056,67.0822,2026-07-18 17:00:00+00:00,28.5,76,998.7,3.91
Karachi,24.9056,67.0822,2026-07-18 18:00:00+00:00,28.6,76,998.4,3.92
Karachi,24.9056,67.0822,2026-07-18 19:00:00+00:00,28.3,78,998.0,3.51
Karachi,24.9056,67.0822,2026-07-18 20:00:00+00:00,27.9,80,997.5,3.39
Karachi,24.9056,67.0822,2026-07-18 21:00:00+00:00,27.7,81,997.1,3.08
Karachi,24.9056,67.0822,2026-07-18 22:00:00+00:00,27.5,82,996.8,2.58
Karachi,24.9056,67.0822,2026-07-18 23:00:00+00:00,27.3,83,996.8,2.86
Karachi,24.9056,67.0822,2026-07-19 00:00:00+00:00,27.5,84,996.9,2.72
Karachi,24.9056,67.0822,2026-07-19 01:00:00+00:00,27.4,87,997.0,2.7
Karachi,24.9056,67.0822,2026-07-19 02:00:00+00:00,27.8,84,997.3,3.24
Karachi,24.9056,67.0822,2026-07-19 03:00:00+00:00,28.8,79,997.3,3.42
Karachi,24.9056,67.0822,2026-07-19 04:00:00+00:00,29.8,73,997.6,3.57
Karachi,24.9056,67.0822,2026-07-19 05:00:00+00:00,29.8,73,997.9,3.7
Karachi,24.9056,67.0822,2026-07-19 06:00:00+00:00,30.2,70,997.6,3.76
Karachi,24.9056,67.0822,2026-07-19 07:00:00+00:00,30.5,69,997.6,3.61
Karachi,24.9056,67.0822,2026-07-19 08:00:00+00:00,30.7,68,996.9,3.65
Karachi,24.9056,67.0822,2026-07-19 09:00:00+00:00,30.9,68,996.6,3.86
Karachi,24.9056,67.0822,2026-07-19 10:00:00+00:00,30.4,70,996.3,3.72
Karachi,24.9056,67.0822,2026-07-19 11:00:00+00:00,30.4,71,996.1,3.92
Karachi,24.9056,67.0822,2026-07-19 12:00:00+00:00,30.8,67,995.8,3.38
Karachi,24.9056,67.0822,2026-07-19 13:00:00+00:00,29.8,71,995.9,3.01
Karachi,24.9056,67.0822,2026-07-19 14:00:00+00:00,29.2,73,996.2,3.11
Karachi,24.9056,67.0822,2026-07-19 15:00:00+00:00,28.7,76,996.9,2.83
Karachi,24.9056,67.0822,2026-07-19 16:00:00+00:00,28.5,77,997.6,2.69
Karachi,24.9056,67.0822,2026-07-19 17:00:00+00:00,28.1,80,998.2,2.69
Karachi,24.9056,67.0822,2026-07-19 18:00:00+00:00,28.1,81,998.0,2.65
Karachi,24.9056,67.0822,2026-07-19 19:00:00+00:00,27.9,84,997.6,2.3
Karachi,24.9056,67.0822,2026-07-19 20:00:00+00:00,27.8,84,997.0,1.86
Karachi,24.9056,67.0822,2026-07-19 21:00:00+00:00,27.4,87,996.4,2.16
Karachi,24.9056,67.0822,2026-07-19 22:00:00+00:00,27.1,89,996.3,2.28
Karachi,24.9056,67.0822,2026-07-19 23:00:00+00:00,27.2,89,996.3,1.69
Karachi,24.9056,67.0822,2026-07-20 00:00:00+00:00,27.6,88,996.1,1.94
Karachi,24.9056,67.0822,2026-07-20 01:00:00+00:00,27.4,90,996.2,2.07
Karachi,24.9056,67.0822,2026-07-20 02:00:00+00:00,27.8,88,996.8,2.49
Karachi,24.9056,67.0822,2026-07-20 03:00:00+00:00,28.9,81,997.0,2.33
Karachi,24.9056,67.0822,2026-07-20 04:00:00+00:00,29.4,77,997.3,2.75
Karachi,24.9056,67.0822,2026-07-20 05:00:00+00:00,29.8,74,997.3,2.99
Karachi,24.9056,67.0822,2026-07-20 06:00:00+00:00,30.3,70,997.3,3.31
Karachi,24.9056,67.0822,2026-07-20 07:00:00+00:00,31.2,66,997.1,3.22
Karachi,24.9056,67.0822,2026-07-20 08:00:00+00:00,32.2,62,996.4,3.39
Karachi,24.9056,67.0822,2026-07-20 09:00:00+00:00,32.5,60,995.9,3.4
Karachi,24.9056,67.0822,2026-07-20 10:00:00+00:00,32.0,62,995.6,3.46
Karachi,24.9056,67.0822,2026-07-20 11:00:00+00:00,31.5,64,995.2,3.55
Karachi,24.9056,67.0822,2026-07-20 12:00:00+00:00,31.2,66,995.2,3.04
Karachi,24.9056,67.0822,2026-07-20 13:00:00+00:00,30.2,70,995.4,3.14
Karachi,24.9056,67.0822,2026-07-20 14:00:00+00:00,29.5,73,995.8,2.7
Karachi,24.9056,67.0822,2026-07-20 15:00:00+00:00,29.0,76,996.4,3.18
Karachi,24.9056,67.0822,2026-07-20 16:00:00+00:00,28.6,78,997.0,3.22
Karachi,24.9056,67.0822,2026-07-20 17:00:00+00:00,28.4,80,997.7,3.05
Karachi,24.9056,67.0822,2026-07-20 18:00:00+00:00,28.4,79,997.8,2.66
Karachi,24.9056,67.0822,2026-07-20 19:00:00+00:00,28.2,80,997.4,2.66
Karachi,24.9056,67.0822,2026-07-20 20:00:00+00:00,28.1,81,997.0,2.47
Karachi,24.9056,67.0822,2026-07-20 21:00:00+00:00,28.0,82,996.4,2.33
Karachi,24.9056,67.0822,2026-07-20 22:00:00+00:00,27.8,84,996.0,2.11
Karachi,24.9056,67.0822,2026-07-20 23:00:00+00:00,27.6,86,995.7,2.17
Karachi,24.9056,67.0822,2026-07-21 00:00:00+00:00,27.9,86,995.5,2.17
Karachi,24.9056,67.0822,2026-07-21 01:00:00+00:00,27.7,87,995.9,1.87
Karachi,24.9056,67.0822,2026-07-21 02:00:00+00:00,28.0,85,996.4,1.42
Karachi,24.9056,67.0822,2026-07-21 03:00:00+00:00,28.8,80,996.6,1.93
Karachi,24.9056,67.0822,2026-07-21 04:00:00+00:00,29.4,76,996.7,2.16
Karachi,24.9056,67.0822,2026-07-21 05:00:00+00:00,29.7,75,996.9,2.45
Karachi,24.9056,67.0822,2026-07-21 06:00:00+00:00,30.9,67,997.2,2.38
Karachi,24.9056,67.0822,2026-07-21 07:00:00+00:00,30.9,67,997.2,2.58
Karachi,24.9056,67.0822,2026-07-21 08:00:00+00:00,30.9,67,996.6,2.48
Karachi,24.9056,67.0822,2026-07-21 09:00:00+00:00,31.4,65,995.8,2.79
Karachi,24.9056,67.0822,2026-07-21 10:00:00+00:00,31.5,64,995.2,3.2
Karachi,24.9056,67.0822,2026-07-21 11:00:00+00:00,30.6,69,994.9,3.2
Karachi,24.9056,67.0822,2026-07-21 12:00:00+00:00,30.7,69,994.9,2.86
Karachi,24.9056,67.0822,2026-07-21 13:00:00+00:00,30.0,72,995.2,2.8
Karachi,24.9056,67.0822,2026-07-21 14:00:00+00:00,29.4,77,995.4,3.26
Karachi,24.9056,67.0822,2026-07-21 15:00:00+00:00,28.6,81,996.0,2.86
Karachi,24.9056,67.0822,2026-07-21 16:00:00+00:00,28.4,83,996.6,2.69
Karachi,24.9056,67.0822,2026-07-21 17:00:00+00:00,28.2,84,997.0,2.32
Karachi,24.9056,67.0822,2026-07-21 18:00:00+00:00,28.7,81,997.2,2.01
Karachi,24.9056,67.0822,2026-07-21 19:00:00+00:00,28.3,83,996.6,2.16
Karachi,24.9056,67.0822,2026-07-21 20:00:00+00:00,28.1,83,996.4,1.98
Karachi,24.9056,67.0822,2026-07-21 21:00:00+00:00,27.9,84,995.8,1.77
Karachi,24.9056,67.0822,2026-07-21 22:00:00+00:00,27.6,86,995.5,1.71
Karachi,24.9056,67.0822,2026-07-21 23:00:00+00:00,27.5,87,995.3,1.44
Karachi,24.9056,67.0822,2026-07-22 00:00:00+00:00,28.0,86,995.1,0.92
Karachi,24.9056,67.0822,2026-07-22 01:00:00+00:00,27.9,86,995.5,0.71
Karachi,24.9056,67.0822,2026-07-22 02:00:00+00:00,28.3,84,996.1,1.0
Karachi,24.9056,67.0822,2026-07-22 03:00:00+00:00,29.3,79,996.2,1.1
Karachi,24.9056,67.0822,2026-07-22 04:00:00+00:00,30.9,70,996.2,1.79
Karachi,24.9056,67.0822,2026-07-22 05:00:00+00:00,32.3,63,996.2,2.22
Karachi,24.9056,67.0822,2026-07-22 06:00:00+00:00,32.8,61,995.9,2.76
Karachi,24.9056,67.0822,2026-07-22 07:00:00+00:00,32.6,62,995.8,2.6
Karachi,24.9056,67.0822,2026-07-22 08:00:00+00:00,32.8,62,995.0,2.55
Karachi,24.9056,67.0822,2026-07-22 09:00:00+00:00,32.8,63,994.5,2.75
Karachi,24.9056,67.0822,2026-07-22 10:00:00+00:00,31.6,68,994.0,2.8
Karachi,24.9056,67.0822,2026-07-22 11:00:00+00:00,31.6,68,993.7,2.39
Karachi,24.9056,67.0822,2026-07-22 12:00:00+00:00,32.3,65,993.3,2.8
Karachi,24.9056,67.0822,2026-07-22 13:00:00+00:00,31.3,69,994.2,2.66
Karachi,24.9056,67.0822,2026-07-22 14:00:00+00:00,30.0,76,994.5,2.87
Karachi,24.9056,67.0822,2026-07-22 15:00:00+00:00,29.0,80,994.7,3.08
Karachi,24.9056,67.0822,2026-07-22 16:00:00+00:00,29.2,80,995.3,2.99
Karachi,24.9056,67.0822,2026-07-22 17:00:00+00:00,29.0,79,996.0,2.49
Karachi,24.9056,67.0822,2026-07-22 18:00:00+00:00,29.2,76,996.0,2.8
Karachi,24.9056,67.0822,2026-07-22 19:00:00+00:00,28.8,78,995.6,2.75
Karachi,24.9056,67.0822,2026-07-22 20:00:00+00:00,28.7,80,995.3,2.69
Karachi,24.9056,67.0822,2026-07-22 21:00:00+00:00,28.6,80,994.7,2.24
Karachi,24.9056,67.0822,2026-07-22 22:00:00+00:00,28.3,82,994.5,1.95
Karachi,24.9056,67.0822,2026-07-22 23:00:00+00:00,28.2,82,994.3,1.39
Karachi,24.9056,67.0822,2026-07-23 00:00:00+00:00,28.7,79,994.6,0.94
Karachi,24.9056,67.0822,2026-07-23 01:00:00+00:00,28.4,81,994.7,0.71
Karachi,24.9056,67.0822,2026-07-23 02:00:00+00:00,28.8,79,995.2,0.35
Karachi,24.9056,67.0822,2026-07-23 03:00:00+00:00,29.7,75,994.8,1.05
Karachi,24.9056,67.0822,2026-07-23 04:00:00+00:00,30.8,69,995.4,0.76
Karachi,24.9056,67.0822,2026-07-23 05:00:00+00:00,31.5,66,995.2,1.48
Karachi,24.9056,67.0822,2026-07-23 06:00:00+00:00,33.2,58,995.1,1.05
Karachi,24.9056,67.0822,2026-07-23 07:00:00+00:00,35.2,51,994.5,1.32
Karachi,24.9056,67.0822,2026-07-23 08:00:00+00:00,35.9,49,993.8,2.71
Karachi,24.9056,67.0822,2026-07-23 09:00:00+00:00,35.2,51,993.2,3.06
Karachi,24.9056,67.0822,2026-07-23 10:00:00+00:00,35.1,52,992.7,2.58
Karachi,24.9056,67.0822,2026-07-23 11:00:00+00:00,34.3,55,992.3,2.8
Karachi,24.9056,67.0822,2026-07-23 12:00:00+00:00,32.5,64,992.3,3.29
Karachi,24.9056,67.0822,2026-07-23 13:00:00+00:00,31.7,67,992.5,2.72
Karachi,24.9056,67.0822,2026-07-23 14:00:00+00:00,30.8,71,993.5,2.11
Karachi,24.9056,67.0822,2026-07-23 15:00:00+00:00,30.0,75,993.1,2.74
Karachi,24.9056,67.0822,2026-07-23 16:00:00+00:00,29.7,79,994.0,2.66
Karachi,24.9056,67.0822,2026-07-23 17:00:00+00:00,29.7,78,995.1,2.51
Karachi,24.9056,67.0822,2026-07-23 18:00:00+00:00,29.9,77,995.9,2.58
Karachi,24.9056,67.0822,2026-07-23 19:00:00+00:00,29.4,80,995.3,2.3
Karachi,24.9056,67.0822,2026-07-23 20:00:00+00:00,29.1,81,995.1,1.89
Karachi,24.9056,67.0822,2026-07-23 21:00:00+00:00,29.0,81,994.4,1.79
Karachi,24.9056,67.0822,2026-07-23 22:00:00+00:00,29.0,80,994.3,1.44
Karachi,24.9056,67.0822,2026-07-23 23:00:00+00:00,28.8,80,994.2,0.99
Karachi,24.9056,67.0822,2026-07-24 00:00:00+00:00,29.1,82,994.1,1.37
Karachi,24.9056,67.0822,2026-07-24 01:00:00+00:00,28.9,84,994.5,1.36
Karachi,24.9056,67.0822,2026-07-24 02:00:00+00:00,29.2,82,995.2,1.5
Karachi,24.9056,67.0822,2026-07-24 03:00:00+00:00,30.2,77,995.3,1.25
Karachi,24.9056,67.0822,2026-07-24 04:00:00+00:00,31.6,70,995.8,0.9
Karachi,24.9056,67.0822,2026-07-24 05:00:00+00:00,33.2,62,996.0,1.35
Karachi,24.9056,67.0822,2026-07-24 06:00:00+00:00,35.1,53,995.9,1.35
Karachi,24.9056,67.0822,2026-07-24 07:00:00+00:00,35.6,52,995.4,2.35
Karachi,24.9056,67.0822,2026-07-24 08:00:00+00:00,35.0,56,995.0,3.24
Karachi,24.9056,67.0822,2026-07-24 09:00:00+00:00,34.4,56,994.3,3.16
Karachi,24.9056,67.0822,2026-07-24 10:00:00+00:00,34.1,56,993.7,2.86
Karachi,24.9056,67.0822,2026-07-24 11:00:00+00:00,33.4,59,993.7,3.13
Karachi,24.9056,67.0822,2026-07-24 12:00:00+00:00,32.6,63,993.3,3.04
Karachi,24.9056,67.0822,2026-07-24 13:00:00+00:00,31.2,69,993.1,3.19
Karachi,24.9056,67.0822,2026-07-24 14:00:00+00:00,30.4,73,993.7,2.94
Karachi,24.9056,67.0822,2026-07-24 15:00:00+00:00,30.5,73,994.4,2.36
Karachi,24.9056,67.0822,2026-07-24 16:00:00+00:00,30.4,74,995.5,1.96
Karachi,24.9056,67.0822,2026-07-24 17:00:00+00:00,30.3,76,996.2,1.95
Karachi,24.9056,67.0822,2026-07-24 18:00:00+00:00,29.6,74,995.6,1.69
Karachi,24.9056,67.0822,2026-07-24 19:00:00+00:00,29.4,76,995.3,2.16
Karachi,24.9056,67.0822,2026-07-24 20:00:00+00:00,29.1,78,995.3,2.65
Karachi,24.9056,67.0822,2026-07-24 21:00:00+00:00,28.8,79,995.2,2.3
Karachi,24.9056,67.0822,2026-07-24 22:00:00+00:00,28.7,79,995.3,1.58
Karachi,24.9056,67.0822,2026-07-24 23:00:00+00:00,28.7,79,995.1,1.74
Karachi,24.9056,67.0822,2026-07-25 00:00:00+00:00,28.8,80,995.2,2.09
Karachi,24.9056,67.0822,2026-07-25 01:00:00+00:00,28.5,82,995.5,2.0
Karachi,24.9056,67.0822,2026-07-25 02:00:00+00:00,28.7,81,996.1,2.2
Karachi,24.9056,67.0822,2026-07-25 03:00:00+00:00,29.4,77,996.8,2.26
Karachi,24.9056,67.0822,2026-07-25 04:00:00+00:00,30.3,72,997.4,2.07
Karachi,24.9056,67.0822,2026-07-25 05:00:00+00:00,30.8,70,997.9,2.02
Karachi,24.9056,67.0822,2026-07-25 06:00:00+00:00,31.1,68,997.9,2.18
Karachi,24.9056,67.0822,2026-07-25 07:00:00+00:00,32.2,63,997.6,1.83
Karachi,24.9056,67.0822,2026-07-25 08:00:00+00:00,33.5,58,997.2,1.88
Karachi,24.9056,67.0822,2026-07-25 09:00:00+00:00,33.4,59,996.5,2.25
Karachi,24.9056,67.0822,2026-07-25 10:00:00+00:00,32.8,61,996.1,2.57
Karachi,24.9056,67.0822,2026-07-25 11:00:00+00:00,32.2,63,995.8,3.3
Karachi,24.9056,67.0822,2026-07-25 12:00:00+00:00,31.8,63,995.5,2.82
Karachi,24.9056,67.0822,2026-07-25 13:00:00+00:00,30.5,69,995.9,2.43
Karachi,24.9056,67.0822,2026-07-25 14:00:00+00:00,29.8,73,996.4,2.45
Karachi,24.9056,67.0822,2026-07-25 15:00:00+00:00,29.4,76,996.6,2.74
Karachi,24.9056,67.0822,2026-07-25 16:00:00+00:00,29.2,77,997.5,2.51
Karachi,24.9056,67.0822,2026-07-25 17:00:00+00:00,29.1,77,997.8,2.95
Karachi,24.9056,67.0822,2026-07-25 18:00:00+00:00,28.4,78,998.1,2.04
Karachi,24.9056,67.0822,2026-07-25 19:00:00+00:00,28.2,79,997.5,2.07
Karachi,24.9056,67.0822,2026-07-25 20:00:00+00:00,28.2,78,997.1,1.26
Karachi,24.9056,67.0822,2026-07-25 21:00:00+00:00,28.3,78,996.9,1.13
Karachi,24.9056,67.0822,2026-07-25 22:00:00+00:00,28.3,77,997.0,1.15
Karachi,24.9056,67.0822,2026-07-25 23:00:00+00:00,28.3,77,996.9,1.27
Karachi,24.9056,67.0822,2026-07-26 00:00:00+00:00,28.6,78,996.7,1.95
Karachi,24.9056,67.0822,2026-07-26 01:00:00+00:00,28.5,78,997.2,2.3
Karachi,24.9056,67.0822,2026-07-26 02:00:00+00:00,28.6,77,998.0,2.55
Karachi,24.9056,67.0822,2026-07-26 03:00:00+00:00,29.2,74,998.4,2.32
Karachi,24.9056,67.0822,2026-07-26 04:00:00+00:00,29.9,71,998.5,2.18
Karachi,24.9056,67.0822,2026-07-26 05:00:00+00:00,30.7,67,999.0,2.01
Karachi,24.9056,67.0822,2026-07-26 06:00:00+00:00,31.6,63,999.4,2.23
Karachi,24.9056,67.0822,2026-07-26 07:00:00+00:00,33.4,56,998.9,1.75
Karachi,24.9056,67.0822,2026-07-26 08:00:00+00:00,34.7,52,998.1,1.56
Karachi,24.9056,67.0822,2026-07-26 09:00:00+00:00,34.8,53,997.7,2.53
Karachi,24.9056,67.0822,2026-07-26 10:00:00+00:00,34.2,55,996.8,3.11
Karachi,24.9056,67.0822,2026-07-26 11:00:00+00:00,33.2,58,996.3,2.91
Karachi,24.9056,67.0822,2026-07-26 12:00:00+00:00,32.8,59,996.3,2.95
Karachi,24.9056,67.0822,2026-07-26 13:00:00+00:00,31.5,64,996.8,2.56
Karachi,24.9056,67.0822,2026-07-26 14:00:00+00:00,30.4,68,997.4,2.75
Karachi,24.9056,67.0822,2026-07-26 15:00:00+00:00,29.5,72,997.7,2.59
Karachi,24.9056,67.0822,2026-07-26 16:00:00+00:00,29.1,76,998.2,2.33
Karachi,24.9056,67.0822,2026-07-26 17:00:00+00:00,28.8,78,998.2,2.29
Karachi,24.9056,67.0822,2026-07-26 18:00:00+00:00,29.0,76,998.1,1.88
Karachi,24.9056,67.0822,2026-07-26 19:00:00+00:00,28.7,78,998.3,2.2
Karachi,24.9056,67.0822,2026-07-26 20:00:00+00:00,28.6,78,998.1,2.75
Karachi,24.9056,67.0822,2026-07-26 21:00:00+00:00,28.4,79,997.5,2.9
Karachi,24.9056,67.0822,2026-07-26 22:00:00+00:00,28.4,78,997.3,2.7
Karachi,24.9056,67.0822,2026-07-26 23:00:00+00:00,28.2,79,997.2,2.77
Karachi,24.9056,67.0822,2026-07-27 00:00:00+00:00,28.6,79,997.0,2.8
Karachi,24.9056,67.0822,2026-07-27 01:00:00+00:00,28.3,81,997.0,2.27
Karachi,24.9056,67.0822,2026-07-27 02:00:00+00:00,28.7,79,997.6,2.6
Karachi,24.9056,67.0822,2026-07-27 03:00:00+00:00,29.9,72,997.8,2.84
Karachi,24.9056,67.0822,2026-07-27 04:00:00+00:00,31.3,66,998.0,2.82
Karachi,24.9056,67.0822,2026-07-27 05:00:00+00:00,32.7,60,997.6,2.96
Karachi,24.9056,67.0822,2026-07-27 06:00:00+00:00,32.8,59,997.4,3.25
Karachi,24.9056,67.0822,2026-07-27 07:00:00+00:00,33.8,55,997.1,3.35
Karachi,24.9056,67.0822,2026-07-27 08:00:00+00:00,34.1,54,996.7,3.67
Karachi,24.9056,67.0822,2026-07-27 09:00:00+00:00,33.5,55,996.2,3.89
Karachi,24.9056,67.0822,2026-07-27 10:00:00+00:00,33.3,56,995.4,4.05
Karachi,24.9056,67.0822,2026-07-27 11:00:00+00:00,33.1,56,994.5,4.14
Karachi,24.9056,67.0822,2026-07-27 12:00:00+00:00,32.5,59,994.6,3.74
Karachi,24.9056,67.0822,2026-07-27 13:00:00+00:00,31.3,63,994.6,3.68
Karachi,24.9056,67.0822,2026-07-27 14:00:00+00:00,30.3,67,994.9,3.73
Karachi,24.9056,67.0822,2026-07-27 15:00:00+00:00,29.9,69,995.5,3.78
Karachi,24.9056,67.0822,2026-07-27 16:00:00+00:00,29.3,73,996.1,3.77
Karachi,24.9056,67.0822,2026-07-27 17:00:00+00:00,28.8,77,996.2,3.61
Karachi,24.9056,67.0822,2026-07-27 18:00:00+00:00,29.0,76,995.9,3.55
Karachi,24.9056,67.0822,2026-07-27 19:00:00+00:00,28.8,76,995.8,3.36
Karachi,24.9056,67.0822,2026-07-27 20:00:00+00:00,28.5,78,995.2,3.18
Karachi,24.9056,67.0822,2026-07-27 21:00:00+00:00,28.2,79,994.6,3.23
Karachi,24.9056,67.0822,2026-07-27 22:00:00+00:00,28.0,79,994.2,3.38
Karachi,24.9056,67.0822,2026-07-27 23:00:00+00:00,27.9,79,994.0,3.25
Karachi,24.9056,67.0822,2026-07-28 00:00:00+00:00,28.1,82,994.0,3.49
Karachi,24.9056,67.0822,2026-07-28 01:00:00+00:00,27.9,81,994.0,3.08
Karachi,24.9056,67.0822,2026-07-28 02:00:00+00:00,28.2,79,994.6,3.05
Karachi,24.9056,67.0822,2026-07-28 03:00:00+00:00,29.3,73,994.9,3.22
Karachi,24.9056,67.0822,2026-07-28 04:00:00+00:00,30.9,63,995.2,3.46
Karachi,24.9056,67.0822,2026-07-28 05:00:00+00:00,31.9,62,994.9,3.56
Karachi,24.9056,67.0822,2026-07-28 06:00:00+00:00,32.5,58,995.1,3.63
Karachi,24.9056,67.0822,2026-07-28 07:00:00+00:00,32.7,57,995.0,3.83
Karachi,24.9056,67.0822,2026-07-28 08:00:00+00:00,32.8,58,994.5,3.83
Karachi,24.9056,67.0822,2026-07-28 09:00:00+00:00,33.1,57,994.0,4.14
Karachi,24.9056,67.0822,2026-07-28 10:00:00+00:00,33.1,58,993.3,4.18
Karachi,24.9056,67.0822,2026-07-28 11:00:00+00:00,32.5,61,992.9,4.0
Karachi,24.9056,67.0822,2026-07-28 12:00:00+00:00,32.1,62,992.7,3.96
Karachi,24.9056,67.0822,2026-07-28 13:00:00+00:00,30.8,68,992.9,4.24
Karachi,24.9056,67.0822,2026-07-28 14:00:00+00:00,29.8,74,993.4,4.04
Karachi,24.9056,67.0822,2026-07-28 15:00:00+00:00,29.1,78,993.7,3.72
Karachi,24.9056,67.0822,2026-07-28 16:00:00+00:00,29.2,77,994.6,3.12
Karachi,24.9056,67.0822,2026-07-28 17:00:00+00:00,29.0,78,995.3,2.71
Karachi,24.9056,67.0822,2026-07-28 18:00:00+00:00,29.4,78,995.2,2.42
Karachi,24.9056,67.0822,2026-07-28 19:00:00+00:00,29.0,79,995.1,2.59
Karachi,24.9056,67.0822,2026-07-28 20:00:00+00:00,28.7,82,994.8,2.92
Karachi,24.9056,67.0822,2026-07-28 21:00:00+00:00,28.4,84,994.5,2.77
Karachi,24.9056,67.0822,2026-07-28 22:00:00+00:00,28.0,86,994.1,2.69
Karachi,24.9056,67.0822,2026-07-28 23:00:00+00:00,27.9,87,994.0,2.68
Karachi,24.9056,67.0822,2026-07-29 00:00:00+00:00,28.2,86,994.0,2.42
Karachi,24.9056,67.0822,2026-07-29 01:00:00+00:00,28.0,88,994.3,2.55
Karachi,24.9056,67.0822,2026-07-29 02:00:00+00:00,28.4,85,994.6,3.21
Karachi,24.9056,67.0822,2026-07-29 03:00:00+00:00,29.7,77,994.9,3.6
Karachi,24.9056,67.0822,2026-07-29 04:00:00+00:00,31.3,66,995.2,3.57
Karachi,24.9056,67.0822,2026-07-29 05:00:00+00:00,33.3,58,995.3,3.3
Karachi,24.9056,67.0822,2026-07-29 06:00:00+00:00,33.8,56,995.4,3.45
Karachi,24.9056,67.0822,2026-07-29 07:00:00+00:00,34.5,54,995.2,3.05
Karachi,24.9056,67.0822,2026-07-29 08:00:00+00:00,34.9,53,994.7,3.07
Karachi,24.9056,67.0822,2026-07-29 09:00:00+00:00,34.7,55,994.2,3.42
Karachi,24.9056,67.0822,2026-07-29 10:00:00+00:00,33.8,58,993.8,3.78
Karachi,24.9056,67.0822,2026-07-29 11:00:00+00:00,32.7,62,993.6,3.75
Karachi,24.9056,67.0822,2026-07-29 12:00:00+00:00,32.2,64,993.8,3.11
Karachi,24.9056,67.0822,2026-07-29 13:00:00+00:00,31.0,70,993.9,3.01
Karachi,24.9056,67.0822,2026-07-29 14:00:00+00:00,29.8,76,994.1,3.1
Karachi,24.9056,67.0822,2026-07-29 15:00:00+00:00,28.9,80,994.6,2.72
Karachi,24.9056,67.0822,2026-07-29 16:00:00+00:00,28.8,80,995.7,2.11
Karachi,24.9056,67.0822,2026-07-29 17:00:00+00:00,28.9,79,996.0,1.83
Karachi,24.9056,67.0822,2026-07-29 18:00:00+00:00,29.1,80,995.3,2.07
Karachi,24.9056,67.0822,2026-07-29 19:00:00+00:00,28.8,81,994.8,2.3
Karachi,24.9056,67.0822,2026-07-29 20:00:00+00:00,28.8,80,994.8,2.15
Karachi,24.9056,67.0822,2026-07-29 21:00:00+00:00,28.4,84,994.5,2.11
Karachi,24.9056,67.0822,2026-07-29 22:00:00+00:00,28.2,87,993.8,2.29
Karachi,24.9056,67.0822,2026-07-29 23:00:00+00:00,28.0,87,993.4,2.33
Karachi,24.9056,67.0822,2026-07-30 00:00:00+00:00,28.2,87,993.6,1.89
Karachi,24.9056,67.0822,2026-07-30 01:00:00+00:00,27.9,88,993.6,1.9
Karachi,24.9056,67.0822,2026-07-30 02:00:00+00:00,28.4,85,993.8,1.93
Karachi,24.9056,67.0822,2026-07-30 03:00:00+00:00,29.5,79,994.1,1.87
Karachi,24.9056,67.0822,2026-07-30 04:00:00+00:00,31.3,69,994.3,1.92
Karachi,24.9056,67.0822,2026-07-30 05:00:00+00:00,32.9,62,994.2,1.65
Karachi,24.9056,67.0822,2026-07-30 06:00:00+00:00,33.5,59,994.4,1.9
Karachi,24.9056,67.0822,2026-07-30 07:00:00+00:00,34.9,56,993.9,1.99
Karachi,24.9056,67.0822,2026-07-30 08:00:00+00:00,35.3,56,993.6,2.21
Karachi,24.9056,67.0822,2026-07-30 09:00:00+00:00,35.2,57,992.9,2.59
Karachi,24.9056,67.0822,2026-07-30 10:00:00+00:00,34.6,59,992.5,2.88
Karachi,24.9056,67.0822,2026-07-30 11:00:00+00:00,33.7,62,991.8,2.96
Karachi,24.9056,67.0822,2026-07-30 12:00:00+00:00,33.1,64,991.8,3.25
Karachi,24.9056,67.0822,2026-07-30 13:00:00+00:00,31.7,69,991.9,3.0
Karachi,24.9056,67.0822,2026-07-30 14:00:00+00:00,30.6,74,992.3,2.51
Karachi,24.9056,67.0822,2026-07-30 15:00:00+00:00,30.1,77,992.9,2.25
Karachi,24.9056,67.0822,2026-07-30 16:00:00+00:00,29.7,79,993.4,1.85
Karachi,24.9056,67.0822,2026-07-30 17:00:00+00:00,29.7,79,994.3,1.96
Karachi,24.9056,67.0822,2026-07-30 18:00:00+00:00,29.9,79,994.4,1.61
Karachi,24.9056,67.0822,2026-07-30 19:00:00+00:00,29.4,81,993.8,1.68
Karachi,24.9056,67.0822,2026-07-30 20:00:00+00:00,29.2,82,993.2,1.16
Karachi,24.9056,67.0822,2026-07-30 21:00:00+00:00,28.8,84,992.6,0.99
Karachi,24.9056,67.0822,2026-07-30 22:00:00+00:00,28.6,85,992.4,1.79
Karachi,24.9056,67.0822,2026-07-30 23:00:00+00:00,28.2,87,992.5,2.02
Karachi,24.9056,67.0822,2026-07-31 00:00:00+00:00,28.4,89,992.6,1.61
Karachi,24.9056,67.0822,2026-07-31 01:00:00+00:00,28.1,90,992.7,1.3
Karachi,24.9056,67.0822,2026-07-31 02:00:00+00:00,28.3,88,993.0,1.13
Karachi,24.9056,67.0822,2026-07-31 03:00:00+00:00,29.5,81,993.3,1.43
Karachi,24.9056,67.0822,2026-07-31 04:00:00+00:00,31.1,71,993.2,1.46
Karachi,24.9056,67.0822,2026-07-31 05:00:00+00:00,32.7,64,993.4,1.07
Karachi,24.9056,67.0822,2026-07-31 06:00:00+00:00,34.4,56,993.3,1.24
Karachi,24.9056,67.0822,2026-07-31 07:00:00+00:00,35.7,53,992.8,1.65
Karachi,24.9056,67.0822,2026-07-31 08:00:00+00:00,36.0,53,992.2,2.33
Karachi,24.9056,67.0822,2026-07-31 09:00:00+00:00,36.0,53,991.5,2.53
Karachi,24.9056,67.0822,2026-07-31 10:00:00+00:00,35.7,53,990.6,2.39
Karachi,24.9056,67.0822,2026-07-31 11:00:00+00:00,35.0,56,990.4,2.61
Karachi,24.9056,67.0822,2026-07-31 12:00:00+00:00,34.0,61,990.4,2.84
Karachi,24.9056,67.0822,2026-07-31 13:00:00+00:00,32.8,64,990.5,2.58
Karachi,24.9056,67.0822,2026-07-31 14:00:00+00:00,31.7,70,991.5,2.27
Karachi,24.9056,67.0822,2026-07-31 15:00:00+00:00,30.8,76,992.4,2.16
Karachi,24.9056,67.0822,2026-07-31 16:00:00+00:00,30.4,80,993.1,1.73
Karachi,24.9056,67.0822,2026-07-31 17:00:00+00:00,30.3,80,993.9,0.83
Karachi,24.9056,67.0822,2026-07-31 18:00:00+00:00,30.2,79,993.9,0.83
Karachi,24.9056,67.0822,2026-07-31 19:00:00+00:00,29.9,80,993.4,1.1
Karachi,24.9056,67.0822,2026-07-31 20:00:00+00:00,29.8,81,993.3,0.57
Karachi,24.9056,67.0822,2026-07-31 21:00:00+00:00,29.6,82,993.2,0.61
Karachi,24.9056,67.0822,2026-07-31 22:00:00+00:00,29.3,85,993.0,0.9
Karachi,24.9056,67.0822,2026-07-31 23:00:00+00:00,29.0,87,992.8,1.65
Karachi,24.9056,67.0822,2026-08-01 00:00:00+00:00,29.3,86,993.3,1.08
Karachi,24.9056,67.0822,2026-08-01 01:00:00+00:00,29.2,87,993.9,1.32
Karachi,24.9056,67.0822,2026-08-01 02:00:00+00:00,29.6,84,994.6,1.35
Karachi,24.9056,67.0822,2026-08-01 03:00:00+00:00,30.6,79,994.7,1.06
Karachi,24.9056,67.0822,2026-08-01 04:00:00+00:00,31.9,72,994.7,0.9
Karachi,24.9056,67.0822,2026-08-01 05:00:00+00:00,33.9,63,994.7,0.96
Karachi,24.9056,67.0822,2026-08-01 06:00:00+00:00,34.2,60,995.2,2.14
Karachi,24.9056,67.0822,2026-08-01 07:00:00+00:00,34.5,59,995.0,2.82
Karachi,24.9056,67.0822,2026-08-01 08:00:00+00:00,34.8,57,994.5,3.06
Karachi,24.9056,67.0822,2026-08-01 09:00:00+00:00,34.9,56,994.1,3.41
Karachi,24.9056,67.0822,2026-08-01 10:00:00+00:00,34.2,58,993.4,3.61
Karachi,24.9056,67.0822,2026-08-01 11:00:00+00:00,33.1,63,993.5,3.12
Karachi,24.9056,67.0822,2026-08-01 12:00:00+00:00,32.4,63,993.6,3.12
Karachi,24.9056,67.0822,2026-08-01 13:00:00+00:00,31.0,68,993.7,3.02
Karachi,24.9056,67.0822,2026-08-01 14:00:00+00:00,30.3,73,994.1,2.41
Karachi,24.9056,67.0822,2026-08-01 15:00:00+00:00,30.0,74,994.8,2.44
Karachi,24.9056,67.0822,2026-08-01 16:00:00+00:00,29.5,76,995.2,2.28
Karachi,24.9056,67.0822,2026-08-01 17:00:00+00:00,29.3,78,995.3,2.36
Karachi,24.9056,67.0822,2026-08-01 18:00:00+00:00,29.3,76,996.2,2.31
Karachi,24.9056,67.0822,2026-08-01 19:00:00+00:00,29.1,76,996.0,2.3
Karachi,24.9056,67.0822,2026-08-01 20:00:00+00:00,28.9,76,995.7,2.32
Karachi,24.9056,67.0822,2026-08-01 21:00:00+00:00,28.8,77,995.6,1.9
Karachi,24.9056,67.0822,2026-08-01 22:00:00+00:00,28.7,77,995.5,2.4
Karachi,24.9056,67.0822,2026-08-01 23:00:00+00:00,28.7,76,995.7,2.54
Karachi,24.9056,67.0822,2026-08-02 00:00:00+00:00,28.6,78,996.1,2.48
Karachi,24.9056,67.0822,2026-08-02 01:00:00+00:00,28.5,78,996.2,2.82
Karachi,24.9056,67.0822,2026-08-02 02:00:00+00:00,28.4,79,996.3,2.61
Karachi,24.9056,67.0822,2026-08-02 03:00:00+00:00,28.5,79,996.9,2.27
Karachi,24.9056,67.0822,2026-08-02 04:00:00+00:00,28.8,77,997.3,2.24
Karachi,24.9056,67.0822,2026-08-02 05:00:00+00:00,29.4,72,997.4,2.24
Karachi,24.9056,67.0822,2026-08-02 06:00:00+00:00,29.2,71,998.2,2.27
Karachi,24.9056,67.0822,2026-08-02 07:00:00+00:00,29.3,71,998.0,2.61
Karachi,24.9056,67.0822,2026-08-02 08:00:00+00:00,29.3,71,997.9,2.63
Karachi,24.9056,67.0822,2026-08-02 09:00:00+00:00,29.6,71,997.7,2.58
Karachi,24.9056,67.0822,2026-08-02 10:00:00+00:00,29.6,70,996.7,2.92
Karachi,24.9056,67.0822,2026-08-02 11:00:00+00:00,29.8,68,996.6,2.68
Karachi,24.9056,67.0822,2026-08-02 12:00:00+00:00,30.2,66,996.4,2.76
Karachi,24.9056,67.0822,2026-08-02 13:00:00+00:00,29.9,67,996.4,2.78
Karachi,24.9056,67.0822,2026-08-02 14:00:00+00:00,29.2,70,996.8,2.77
Karachi,24.9056,67.0822,2026-08-02 15:00:00+00:00,28.7,76,997.5,2.24
Karachi,24.9056,67.0822,2026-08-02 16:00:00+00:00,28.6,77,997.8,2.62
Karachi,24.9056,67.0822,2026-08-02 17:00:00+00:00,28.5,78,998.3,2.84
Karachi,24.9056,67.0822,2026-08-02 18:00:00+00:00,28.3,77,998.7,2.58
Karachi,24.9056,67.0822,2026-08-02 19:00:00+00:00,27.9,81,998.2,2.45
Karachi,24.9056,67.0822,2026-08-02 20:00:00+00:00,27.5,84,998.1,2.06
Karachi,24.9056,67.0822,2026-08-02 21:00:00+00:00,27.2,85,997.7,1.7
Karachi,24.9056,67.0822,2026-08-02 22:00:00+00:00,27.0,86,997.6,1.81
Karachi,24.9056,67.0822,2026-08-02 23:00:00+00:00,27.1,86,997.8,1.75
Karachi,24.9056,67.0822,2026-08-03 00:00:00+00:00,27.9,82,997.2,2.12
Karachi,24.9056,67.0822,2026-08-03 01:00:00+00:00,27.7,83,997.3,2.18
Karachi,24.9056,67.0822,2026-08-03 02:00:00+00:00,27.9,82,997.8,2.44
Karachi,24.9056,67.0822,2026-08-03 03:00:00+00:00,28.3,79,998.3,2.56
Karachi,24.9056,67.0822,2026-08-03 04:00:00+00:00,28.5,78,998.5,2.61
Karachi,24.9056,67.0822,2026-08-03 05:00:00+00:00,29.3,73,998.8,2.75
Karachi,24.9056,67.0822,2026-08-03 06:00:00+00:00,30.8,66,999.3,3.18
Karachi,24.9056,67.0822,2026-08-03 07:00:00+00:00,31.1,63,999.1,3.41
Karachi,24.9056,67.0822,2026-08-03 08:00:00+00:00,32.0,60,998.8,3.46
Karachi,24.9056,67.0822,2026-08-03 09:00:00+00:00,32.3,60,998.2,3.51
Karachi,24.9056,67.0822,2026-08-03 10:00:00+00:00,32.0,61,997.6,3.57
Karachi,24.9056,67.0822,2026-08-03 11:00:00+00:00,31.5,62,997.1,3.8
Karachi,24.9056,67.0822,2026-08-03 12:00:00+00:00,31.3,61,997.2,3.79
Karachi,24.9056,67.0822,2026-08-03 13:00:00+00:00,30.1,66,997.2,3.65
Karachi,24.9056,67.0822,2026-08-03 14:00:00+00:00,29.2,70,997.2,3.23
Karachi,24.9056,67.0822,2026-08-03 15:00:00+00:00,28.9,71,997.9,3.37
Karachi,24.9056,67.0822,2026-08-03 16:00:00+00:00,28.8,72,998.3,3.51
Karachi,24.9056,67.0822,2026-08-03 17:00:00+00:00,28.5,74,998.8,3.38
Karachi,24.9056,67.0822,2026-08-03 18:00:00+00:00,28.3,74,999.0,2.84
Karachi,24.9056,67.0822,2026-08-03 19:00:00+00:00,28.0,77,999.1,2.73
Karachi,24.9056,67.0822,2026-08-03 20:00:00+00:00,27.7,80,998.8,2.68
Karachi,24.9056,67.0822,2026-08-03 21:00:00+00:00,27.5,81,998.5,2.23
Karachi,24.9056,67.0822,2026-08-03 22:00:00+00:00,27.4,82,998.4,2.06
Karachi,24.9056,67.0822,2026-08-03 23:00:00+00:00,27.2,83,998.4,1.81
Karachi,24.9056,67.0822,2026-08-04 00:00:00+00:00,28.1,78,998.6,2.09
Karachi,24.9056,67.0822,2026-08-04 01:00:00+00:00,27.7,80,998.9,1.97
Karachi,24.9056,67.0822,2026-08-04 02:00:00+00:00,28.2,78,999.2,1.99
Karachi,24.9056,67.0822,2026-08-04 03:00:00+00:00,29.4,70,999.6,2.96
Karachi,24.9056,67.0822,2026-08-04 04:00:00+00:00,30.7,64,999.8,3.2
Karachi,24.9056,67.0822,2026-08-04 05:00:00+00:00,31.3,61,1000.2,3.2
Karachi,24.9056,67.0822,2026-08-04 06:00:00+00:00,32.4,56,999.9,3.43
Karachi,24.9056,67.0822,2026-08-04 07:00:00+00:00,32.7,55,999.7,3.38
Karachi,24.9056,67.0822,2026-08-04 08:00:00+00:00,33.0,55,999.2,3.4
Karachi,24.9056,67.0822,2026-08-04 09:00:00+00:00,33.2,54,998.7,3.39
Karachi,24.9056,67.0822,2026-08-04 10:00:00+00:00,32.8,55,998.0,3.27
Karachi,24.9056,67.0822,2026-08-04 11:00:00+00:00,32.1,58,997.4,3.24
Karachi,24.9056,67.0822,2026-08-04 12:00:00+00:00,31.9,59,997.6,3.14
Karachi,24.9056,67.0822,2026-08-04 13:00:00+00:00,30.7,64,997.6,3.39
Karachi,24.9056,67.0822,2026-08-04 14:00:00+00:00,29.7,69,997.9,3.18
Karachi,24.9056,67.0822,2026-08-04 15:00:00+00:00,29.1,73,998.6,3.31
Karachi,24.9056,67.0822,2026-08-04 16:00:00+00:00,28.7,75,999.5,2.88
Karachi,24.9056,67.0822,2026-08-04 17:00:00+00:00,28.5,76,999.7,3.0
Karachi,24.9056,67.0822,2026-08-04 18:00:00+00:00,28.7,76,999.2,2.91
Karachi,24.9056,67.0822,2026-08-04 19:00:00+00:00,28.3,80,998.8,2.73
Karachi,24.9056,67.0822,2026-08-04 20:00:00+00:00,28.0,83,998.5,2.96
Karachi,24.9056,67.0822,2026-08-04 21:00:00+00:00,27.5,86,998.3,2.91
Karachi,24.9056,67.0822,2026-08-04 22:00:00+00:00,27.7,85,998.0,2.95
Karachi,24.9056,67.0822,2026-08-04 23:00:00+00:00,27.5,86,997.5,2.9
Karachi,24.9056,67.0822,2026-08-05 00:00:00+00:00,28.1,81,997.3,2.5
Karachi,24.9056,67.0822,2026-08-05 01:00:00+00:00,27.8,83,997.5,2.62
Karachi,24.9056,67.0822,2026-08-05 02:00:00+00:00,28.0,82,997.7,2.99
Karachi,24.9056,67.0822,2026-08-05 03:00:00+00:00,29.2,75,997.9,3.2
Karachi,24.9056,67.0822,2026-08-05 04:00:00+00:00,30.6,68,998.1,3.16
Karachi,24.9056,67.0822,2026-08-05 05:00:00+00:00,32.1,61,997.9,3.28
Karachi,24.9056,67.0822,2026-08-05 06:00:00+00:00,32.4,58,997.6,3.64
Karachi,24.9056,67.0822,2026-08-05 07:00:00+00:00,32.9,55,997.3,3.85
Karachi,24.9056,67.0822,2026-08-05 08:00:00+00:00,33.0,55,996.7,3.92
Karachi,24.9056,67.0822,2026-08-05 09:00:00+00:00,33.3,55,996.2,4.01
Karachi,24.9056,67.0822,2026-08-05 10:00:00+00:00,33.1,56,995.4,4.08
Karachi,24.9056,67.0822,2026-08-05 11:00:00+00:00,32.5,58,994.9,3.98
Karachi,24.9056,67.0822,2026-08-05 12:00:00+00:00,31.5,63,995.0,3.84
Karachi,24.9056,67.0822,2026-08-05 13:00:00+00:00,30.7,67,995.1,3.97
Karachi,24.9056,67.0822,2026-08-05 14:00:00+00:00,29.6,72,995.4,4.01
Karachi,24.9056,67.0822,2026-08-05 15:00:00+00:00,28.7,76,995.8,4.0
Karachi,24.9056,67.0822,2026-08-05 16:00:00+00:00,28.7,76,996.8,3.51
Karachi,24.9056,67.0822,2026-08-05 17:00:00+00:00,28.7,75,997.2,3.4
Karachi,24.9056,67.0822,2026-08-05 18:00:00+00:00,28.9,76,996.8,3.47
Karachi,24.9056,67.0822,2026-08-05 19:00:00+00:00,28.5,78,996.4,3.21
Karachi,24.9056,67.0822,2026-08-05 20:00:00+00:00,28.1,81,996.0,2.82
Karachi,24.9056,67.0822,2026-08-05 21:00:00+00:00,27.8,84,995.5,2.4
Karachi,24.9056,67.0822,2026-08-05 22:00:00+00:00,27.6,86,995.2,2.6
Karachi,24.9056,67.0822,2026-08-05 23:00:00+00:00,27.4,87,995.0,2.84
Karachi,24.9056,67.0822,2026-08-06 00:00:00+00:00,27.6,84,995.2,2.85
Karachi,24.9056,67.0822,2026-08-06 01:00:00+00:00,27.3,86,995.6,2.67
Karachi,24.9056,67.0822,2026-08-06 02:00:00+00:00,27.7,84,995.9,3.18
Karachi,24.9056,67.0822,2026-08-06 03:00:00+00:00,29.0,75,996.2,3.59
Karachi,24.9056,67.0822,2026-08-06 04:00:00+00:00,30.4,68,996.6,3.86
Karachi,24.9056,67.0822,2026-08-06 05:00:00+00:00,31.2,64,996.6,3.97
Karachi,24.9056,67.0822,2026-08-06 06:00:00+00:00,31.8,62,996.4,4.09
Karachi,24.9056,67.0822,2026-08-06 07:00:00+00:00,32.8,58,996.1,4.14
Karachi,24.9056,67.0822,2026-08-06 08:00:00+00:00,32.9,57,995.6,4.14
Karachi,24.9056,67.0822,2026-08-06 09:00:00+00:00,32.6,59,995.4,4.33
Karachi,24.9056,67.0822,2026-08-06 10:00:00+00:00,32.1,62,994.9,4.44
Karachi,24.9056,67.0822,2026-08-06 11:00:00+00:00,32.0,62,994.3,4.43
Karachi,24.9056,67.0822,2026-08-06 12:00:00+00:00,31.6,62,994.5,4.17
Karachi,24.9056,67.0822,2026-08-06 13:00:00+00:00,30.2,68,994.6,3.87
Karachi,24.9056,67.0822,2026-08-06 14:00:00+00:00,29.6,69,995.1,3.9
Karachi,24.9056,67.0822,2026-08-06 15:00:00+00:00,28.9,75,995.5,3.82
Karachi,24.9056,67.0822,2026-08-06 16:00:00+00:00,28.7,76,996.6,3.43
Karachi,24.9056,67.0822,2026-08-06 17:00:00+00:00,28.3,78,997.3,3.47
Karachi,24.9056,67.0822,2026-08-06 18:00:00+00:00,28.3,77,997.1,3.32
Karachi,24.9056,67.0822,2026-08-06 19:00:00+00:00,27.9,79,997.0,3.2
Karachi,24.9056,67.0822,2026-08-06 20:00:00+00:00,27.7,81,996.6,2.69
Karachi,24.9056,67.0822,2026-08-06 21:00:00+00:00,27.3,84,996.3,2.19
Karachi,24.9056,67.0822,2026-08-06 22:00:00+00:00,27.2,86,995.8,2.55
Karachi,24.9056,67.0822,2026-08-06 23:00:00+00:00,27.1,86,995.7,2.44
Karachi,24.9056,67.0822,2026-08-07 00:00:00+00:00,27.6,82,995.9,2.4
Karachi,24.9056,67.0822,2026-08-07 01:00:00+00:00,27.3,84,996.3,2.17
Karachi,24.9056,67.0822,2026-08-07 02:00:00+00:00,27.7,82,996.7,2.2
Karachi,24.9056,67.0822,2026-08-07 03:00:00+00:00,29.0,74,997.0,3.11
Karachi,24.9056,67.0822,2026-08-07 04:00:00+00:00,30.3,67,997.5,3.12
Karachi,24.9056,67.0822,2026-08-07 05:00:00+00:00,31.7,61,997.8,3.34
Karachi,24.9056,67.0822,2026-08-07 06:00:00+00:00,31.9,59,997.9,3.55
Karachi,24.9056,67.0822,2026-08-07 07:00:00+00:00,32.3,58,997.4,3.4
Karachi,24.9056,67.0822,2026-08-07 08:00:00+00:00,33.1,55,996.8,3.3
Karachi,24.9056,67.0822,2026-08-07 09:00:00+00:00,33.3,54,996.5,3.54
Karachi,24.9056,67.0822,2026-08-07 10:00:00+00:00,32.1,59,996.2,3.78
Karachi,24.9056,67.0822,2026-08-07 11:00:00+00:00,31.9,61,995.6,3.62
Karachi,24.9056,67.0822,2026-08-07 12:00:00+00:00,31.3,62,995.6,3.5
Karachi,24.9056,67.0822,2026-08-07 13:00:00+00:00,30.3,65,996.1,3.02
Karachi,24.9056,67.0822,2026-08-07 14:00:00+00:00,29.3,69,996.2,3.22
Karachi,24.9056,67.0822,2026-08-07 15:00:00+00:00,29.0,71,996.7,3.32
Karachi,24.9056,67.0822,2026-08-07 16:00:00+00:00,28.6,73,997.4,3.06
Karachi,24.9056,67.0822,2026-08-07 17:00:00+00:00,28.2,76,997.6,3.23
Karachi,24.9056,67.0822,2026-08-07 18:00:00+00:00,28.5,76,998.0,2.91
Karachi,24.9056,67.0822,2026-08-07 19:00:00+00:00,28.3,77,997.7,2.76
Karachi,24.9056,67.0822,2026-08-07 20:00:00+00:00,28.2,78,997.3,2.87
Karachi,24.9056,67.0822,2026-08-07 21:00:00+00:00,27.9,80,997.0,2.71
Karachi,24.9056,67.0822,2026-08-07 22:00:00+00:00,27.6,82,996.9,2.42
Karachi,24.9056,67.0822,2026-08-07 23:00:00+00:00,27.4,84,996.8,2.02
Karachi,24.9056,67.0822,2026-08-08 00:00:00+00:00,27.4,83,997.2,2.26
Karachi,24.9056,67.0822,2026-08-08 01:00:00+00:00,27.1,85,997.2,2.07
Karachi,24.9056,67.0822,2026-08-08 02:00:00+00:00,27.4,83,997.7,2.48
Karachi,24.9056,67.0822,2026-08-08 03:00:00+00:00,28.6,77,998.0,2.59
Karachi,24.9056,67.0822,2026-08-08 04:00:00+00:00,29.9,70,998.4,2.66
Karachi,24.9056,67.0822,2026-08-08 05:00:00+00:00,31.5,61,998.7,2.82
Karachi,24.9056,67.0822,2026-08-08 06:00:00+00:00,32.1,57,999.1,2.95
Karachi,24.9056,67.0822,2026-08-08 07:00:00+00:00,31.9,58,998.8,3.1
Karachi,24.9056,67.0822,2026-08-08 08:00:00+00:00,32.8,55,998.4,3.03
Karachi,24.9056,67.0822,2026-08-08 09:00:00+00:00,33.2,55,997.7,3.02
Karachi,24.9056,67.0822,2026-08-08 10:00:00+00:00,32.7,56,997.1,3.37
Karachi,24.9056,67.0822,2026-08-08 11:00:00+00:00,31.9,58,996.7,3.04
Karachi,24.9056,67.0822,2026-08-08 12:00:00+00:00,31.7,59,996.7,2.97
Karachi,24.9056,67.0822,2026-08-08 13:00:00+00:00,30.6,63,997.0,2.83
Karachi,24.9056,67.0822,2026-08-08 14:00:00+00:00,29.8,66,997.5,2.66
Karachi,24.9056,67.0822,2026-08-08 15:00:00+00:00,29.3,69,998.3,2.87
Karachi,24.9056,67.0822,2026-08-08 16:00:00+00:00,28.8,72,998.9,3.04
Karachi,24.9056,67.0822,2026-08-08 17:00:00+00:00,28.6,74,999.7,2.77
Karachi,24.9056,67.0822,2026-08-08 18:00:00+00:00,28.3,75,1000.0,2.69
Karachi,24.9056,67.0822,2026-08-08 19:00:00+00:00,28.0,77,1000.1,2.39
Karachi,24.9056,67.0822,2026-08-08 20:00:00+00:00,27.7,79,999.9,2.25
Karachi,24.9056,67.0822,2026-08-08 21:00:00+00:00,27.4,81,999.3,1.97
Karachi,24.9056,67.0822,2026-08-08 22:00:00+00:00,27.2,81,999.3,1.78
Karachi,24.9056,67.0822,2026-08-08 23:00:00+00:00,26.9,84,999.0,1.93
Karachi,24.9056,67.0822,2026-08-09 00:00:00+00:00,27.2,83,999.0,1.91
Karachi,24.9056,67.0822,2026-08-09 01:00:00+00:00,26.9,84,999.6,1.67
Karachi,24.9056,67.0822,2026-08-09 02:00:00+00:00,27.4,82,1000.0,1.96
Karachi,24.9056,67.0822,2026-08-09 03:00:00+00:00,28.6,75,1000.3,2.61
Karachi,24.9056,67.0822,2026-08-09 04:00:00+00:00,30.3,66,1000.3,2.48
Karachi,24.9056,67.0822,2026-08-09 05:00:00+00:00,32.1,58,1000.3,2.05
Karachi,24.9056,67.0822,2026-08-09 06:00:00+00:00,32.7,56,1000.4,1.92
Karachi,24.9056,67.0822,2026-08-09 07:00:00+00:00,32.9,56,999.8,2.19
Karachi,24.9056,67.0822,2026-08-09 08:00:00+00:00,33.2,56,999.5,2.87
Karachi,24.9056,67.0822,2026-08-09 09:00:00+00:00,33.6,56,999.1,3.22
Karachi,24.9056,67.0822,2026-08-09 10:00:00+00:00,32.7,59,998.5,3.83
Karachi,24.9056,67.0822,2026-08-09 11:00:00+00:00,31.9,61,998.4,3.75
Karachi,24.9056,67.0822,2026-08-09 12:00:00+00:00,31.6,61,998.4,3.74
Karachi,24.9056,67.0822,2026-08-09 13:00:00+00:00,30.1,67,998.5,3.26
Karachi,24.9056,67.0822,2026-08-09 14:00:00+00:00,29.3,71,999.0,2.82
Karachi,24.9056,67.0822,2026-08-09 15:00:00+00:00,28.7,73,999.6,2.75
Karachi,24.9056,67.0822,2026-08-09 16:00:00+00:00,28.6,73,999.9,3.2
Karachi,24.9056,67.0822,2026-08-09 17:00:00+00:00,28.5,73,1000.7,3.21
Karachi,24.9056,67.0822,2026-08-09 18:00:00+00:00,28.5,74,1000.5,3.49
Karachi,24.9056,67.0822,2026-08-09 19:00:00+00:00,28.1,78,1000.0,3.65
Karachi,24.9056,67.0822,2026-08-09 20:00:00+00:00,27.7,81,999.8,3.22
Karachi,24.9056,67.0822,2026-08-09 21:00:00+00:00,27.4,82,999.4,2.51
Karachi,24.9056,67.0822,2026-08-09 22:00:00+00:00,27.2,84,999.1,2.17
Karachi,24.9056,67.0822,2026-08-09 23:00:00+00:00,27.0,85,998.8,2.4
Karachi,24.9056,67.0822,2026-08-10 00:00:00+00:00,27.3,84,999.1,2.66
Karachi,24.9056,67.0822,2026-08-10 01:00:00+00:00,27.2,84,999.2,2.41
Karachi,24.9056,67.0822,2026-08-10 02:00:00+00:00,27.6,82,999.5,2.74
Karachi,24.9056,67.0822,2026-08-10 03:00:00+00:00,28.7,75,999.9,2.82
Karachi,24.9056,67.0822,2026-08-10 04:00:00+00:00,30.3,65,1000.0,3.46
Karachi,24.9056,67.0822,2026-08-10 05:00:00+00:00,31.7,58,1000.1,3.74
Karachi,24.9056,67.0822,2026-08-10 06:00:00+00:00,31.8,59,1000.0,4.29
Karachi,24.9056,67.0822,2026-08-10 07:00:00+00:00,32.8,55,999.3,4.25
Karachi,24.9056,67.0822,2026-08-10 08:00:00+00:00,32.6,56,998.6,4.17
Karachi,24.9056,67.0822,2026-08-10 09:00:00+00:00,32.6,56,998.1,4.14
Karachi,24.9056,67.0822,2026-08-10 10:00:00+00:00,32.2,56,997.6,4.29
Karachi,24.9056,67.0822,2026-08-10 11:00:00+00:00,31.3,61,997.0,4.4
Karachi,24.9056,67.0822,2026-08-10 12:00:00+00:00,30.8,62,996.9,4.48
Karachi,24.9056,67.0822,2026-08-10 13:00:00+00:00,29.7,65,996.9,4.52
Karachi,24.9056,67.0822,2026-08-10 14:00:00+00:00,28.6,71,997.4,4.23
Karachi,24.9056,67.0822,2026-08-10 15:00:00+00:00,28.0,75,998.0,3.98
Karachi,24.9056,67.0822,2026-08-10 16:00:00+00:00,28.0,75,998.7,3.28
Karachi,24.9056,67.0822,2026-08-10 17:00:00+00:00,27.9,77,999.3,3.29
Karachi,24.9056,67.0822,2026-08-10 18:00:00+00:00,28.1,76,998.7,3.58
Karachi,24.9056,67.0822,2026-08-10 19:00:00+00:00,27.6,79,998.1,3.41
Karachi,24.9056,67.0822,2026-08-10 20:00:00+00:00,27.2,83,997.6,3.04
Karachi,24.9056,67.0822,2026-08-10 21:00:00+00:00,27.0,85,996.8,2.58
Karachi,24.9056,67.0822,2026-08-10 22:00:00+00:00,27.1,84,996.8,2.62
Karachi,24.9056,67.0822,2026-08-10 23:00:00+00:00,27.1,84,996.6,2.77
Karachi,24.9056,67.0822,2026-08-11 00:00:00+00:00,27.2,84,997.1,3.02
Karachi,24.9056,67.0822,2026-08-11 01:00:00+00:00,27.2,84,997.5,2.83
Karachi,24.9056,67.0822,2026-08-11 02:00:00+00:00,27.5,83,997.8,3.14
Karachi,24.9056,67.0822,2026-08-11 03:00:00+00:00,28.8,76,998.1,3.78
Karachi,24.9056,67.0822,2026-08-11 04:00:00+00:00,30.0,69,998.3,4.0
Karachi,24.9056,67.0822,2026-08-11 05:00:00+00:00,30.7,65,998.4,4.13
Karachi,24.9056,67.0822,2026-08-11 06:00:00+00:00,31.2,62,998.7,4.4
Karachi,24.9056,67.0822,2026-08-11 07:00:00+00:00,31.6,61,998.0,4.35
Karachi,24.9056,67.0822,2026-08-11 08:00:00+00:00,31.8,61,997.4,4.17
Karachi,24.9056,67.0822,2026-08-11 09:00:00+00:00,32.1,61,997.0,3.83
Karachi,24.9056,67.0822,2026-08-11 10:00:00+00:00,31.5,64,996.0,3.93
Karachi,24.9056,67.0822,2026-08-11 11:00:00+00:00,31.6,63,995.2,3.76
Karachi,24.9056,67.0822,2026-08-11 12:00:00+00:00,30.7,66,995.6,3.56
Karachi,24.9056,67.0822,2026-08-11 13:00:00+00:00,29.7,70,995.4,3.42
Karachi,24.9056,67.0822,2026-08-11 14:00:00+00:00,28.8,75,996.1,3.11
Karachi,24.9056,67.0822,2026-08-11 15:00:00+00:00,28.1,78,997.1,2.94
Karachi,24.9056,67.0822,2026-08-11 16:00:00+00:00,27.8,79,997.8,3.15
Karachi,24.9056,67.0822,2026-08-11 17:00:00+00:00,27.6,81,998.0,2.86
Karachi,24.9056,67.0822,2026-08-11 18:00:00+00:00,27.8,77,997.9,3.0
Karachi,24.9056,67.0822,2026-08-11 19:00:00+00:00,27.3,80,997.8,2.43
Karachi,24.9056,67.0822,2026-08-11 20:00:00+00:00,27.1,81,997.9,2.15
Karachi,24.9056,67.0822,2026-08-11 21:00:00+00:00,26.9,84,997.5,2.14
Karachi,24.9056,67.0822,2026-08-11 22:00:00+00:00,26.4,87,997.3,2.29
Karachi,24.9056,67.0822,2026-08-11 23:00:00+00:00,26.3,89,997.7,1.68
Karachi,24.9056,67.0822,2026-08-12 00:00:00+00:00,27.1,86,997.9,2.33
Karachi,24.9056,67.0822,2026-08-12 01:00:00+00:00,26.9,87,998.2,2.15
Karachi,24.9056,67.0822,2026-08-12 02:00:00+00:00,27.1,86,998.7,2.46
Karachi,24.9056,67.0822,2026-08-12 03:00:00+00:00,28.0,81,999.1,2.77
Karachi,24.9056,67.0822,2026-08-12 04:00:00+00:00,29.5,71,999.4,2.86
Karachi,24.9056,67.0822,2026-08-12 05:00:00+00:00,30.9,64,999.4,2.93
Karachi,24.9056,67.0822,2026-08-12 06:00:00+00:00,31.6,59,999.2,3.04
Karachi,24.9056,67.0822,2026-08-12 07:00:00+00:00,31.7,59,998.6,3.22
Karachi,24.9056,67.0822,2026-08-12 08:00:00+00:00,32.6,56,998.3,3.04
Karachi,24.9056,67.0822,2026-08-12 09:00:00+00:00,32.6,57,998.0,3.13
Karachi,24.9056,67.0822,2026-08-12 10:00:00+00:00,32.7,56,997.7,2.97
Karachi,24.9056,67.0822,2026-08-12 11:00:00+00:00,32.1,59,997.5,2.98
Karachi,24.9056,67.0822,2026-08-12 12:00:00+00:00,31.2,62,997.4,3.32
Karachi,24.9056,67.0822,2026-08-12 13:00:00+00:00,30.0,68,997.7,3.32
Karachi,24.9056,67.0822,2026-08-12 14:00:00+00:00,29.1,72,998.4,2.94
Karachi,24.9056,67.0822,2026-08-12 15:00:00+00:00,28.8,74,999.2,2.69
Karachi,24.9056,67.0822,2026-08-12 16:00:00+00:00,28.5,76,999.9,2.87
Karachi,24.9056,67.0822,2026-08-12 17:00:00+00:00,28.5,76,1000.6,2.9
Karachi,24.9056,67.0822,2026-08-12 18:00:00+00:00,28.4,76,1000.7,3.1
Karachi,24.9056,67.0822,2026-08-12 19:00:00+00:00,28.0,79,1000.5,2.92
Karachi,24.9056,67.0822,2026-08-12 20:00:00+00:00,27.6,81,1000.1,2.87
Karachi,24.9056,67.0822,2026-08-12 21:00:00+00:00,27.3,83,999.8,2.63
Karachi,24.9056,67.0822,2026-08-12 22:00:00+00:00,27.0,86,999.7,2.49
Karachi,24.9056,67.0822,2026-08-12 23:00:00+00:00,26.8,87,999.6,2.47
Karachi,24.9056,67.0822,2026-08-13 00:00:00+00:00,26.7,87,999.6,2.7
Karachi,24.9056,67.0822,2026-08-13 01:00:00+00:00,26.9,86,999.9,2.45
Karachi,24.9056,67.0822,2026-08-13 02:00:00+00:00,27.0,86,1000.0,2.83
Karachi,24.9056,67.0822,2026-08-13 03:00:00+00:00,28.3,78,1000.1,3.32
Karachi,24.9056,67.0822,2026-08-13 04:00:00+00:00,30.0,69,1000.1,3.44
Karachi,24.9056,67.0822,2026-08-13 05:00:00+00:00,31.3,63,1000.4,3.19
Karachi,24.9056,67.0822,2026-08-13 06:00:00+00:00,31.1,62,1000.8,3.26
Karachi,24.9056,67.0822,2026-08-13 07:00:00+00:00,31.6,60,1000.4,3.29
Karachi,24.9056,67.0822,2026-08-13 08:00:00+00:00,32.4,57,999.8,3.56
Karachi,24.9056,67.0822,2026-08-13 09:00:00+00:00,32.7,57,999.2,3.66
Karachi,24.9056,67.0822,2026-08-13 10:00:00+00:00,32.1,57,998.7,3.55
Karachi,24.9056,67.0822,2026-08-13 11:00:00+00:00,31.9,57,998.0,3.61
Karachi,24.9056,67.0822,2026-08-13 12:00:00+00:00,31.0,61,998.4,3.66
Karachi,24.9056,67.0822,2026-08-13 13:00:00+00:00,29.8,66,998.5,3.4
Karachi,24.9056,67.0822,2026-08-13 14:00:00+00:00,28.7,72,998.8,3.37
Karachi,24.9056,67.0822,2026-08-13 15:00:00+00:00,28.3,73,999.4,3.52
Karachi,24.9056,67.0822,2026-08-13 16:00:00+00:00,28.2,74,999.9,3.72
Karachi,24.9056,67.0822,2026-08-13 17:00:00+00:00,27.9,75,1000.4,3.54
Karachi,24.9056,67.0822,2026-08-13 18:00:00+00:00,27.7,76,1000.2,3.57
Karachi,24.9056,67.0822,2026-08-13 19:00:00+00:00,27.3,78,1000.2,3.12
Karachi,24.9056,67.0822,2026-08-13 20:00:00+00:00,26.9,81,999.8,2.88
Karachi,24.9056,67.0822,2026-08-13 21:00:00+00:00,26.4,85,999.1,2.71
Karachi,24.9056,67.0822,2026-08-13 22:00:00+00:00,26.6,84,998.7,2.68
Karachi,24.9056,67.0822,2026-08-13 23:00:00+00:00,26.5,85,998.5,2.73
Karachi,24.9056,67.0822,2026-08-14 00:00:00+00:00,26.8,82,998.2,2.71
Karachi,24.9056,67.0822,2026-08-14 01:00:00+00:00,26.6,83,998.4,2.72
Karachi,24.9056,67.0822,2026-08-14 02:00:00+00:00,26.9,82,998.8,2.82
Karachi,24.9056,67.0822,2026-08-14 03:00:00+00:00,28.2,74,999.2,3.3
Karachi,24.9056,67.0822,2026-08-14 04:00:00+00:00,29.5,67,999.5,3.57
Karachi,24.9056,67.0822,2026-08-14 05:00:00+00:00,30.6,61,999.5,3.89
Karachi,24.9056,67.0822,2026-08-14 06:00:00+00:00,31.4,57,999.7,4.27
Karachi,24.9056,67.0822,2026-08-14 07:00:00+00:00,31.0,58,999.6,4.18
Karachi,24.9056,67.0822,2026-08-14 08:00:00+00:00,31.5,56,999.1,4.47
Karachi,24.9056,67.0822,2026-08-14 09:00:00+00:00,30.9,60,999.2,4.53
Karachi,24.9056,67.0822,2026-08-14 10:00:00+00:00,31.3,60,998.7,4.53
Karachi,24.9056,67.0822,2026-08-14 11:00:00+00:00,30.5,64,997.9,4.67
Karachi,24.9056,67.0822,2026-08-14 12:00:00+00:00,30.4,63,998.0,4.12
Karachi,24.9056,67.0822,2026-08-14 13:00:00+00:00,29.3,67,998.2,3.69
Karachi,24.9056,67.0822,2026-08-14 14:00:00+00:00,28.6,71,998.4,3.82
Karachi,24.9056,67.0822,2026-08-14 15:00:00+00:00,28.0,74,998.8,3.65
Karachi,24.9056,67.0822,2026-08-14 16:00:00+00:00,27.8,74,999.5,3.24
Karachi,24.9056,67.0822,2026-08-14 17:00:00+00:00,27.6,75,1000.0,3.42
Karachi,24.9056,67.0822,2026-08-14 18:00:00+00:00,27.6,77,999.5,3.52
Karachi,24.9056,67.0822,2026-08-14 19:00:00+00:00,27.2,79,999.3,2.85
Karachi,24.9056,67.0822,2026-08-14 20:00:00+00:00,26.9,81,998.9,2.35
Karachi,24.9056,67.0822,2026-08-14 21:00:00+00:00,26.9,81,998.7,2.34
Karachi,24.9056,67.0822,2026-08-14 22:00:00+00:00,26.9,81,998.5,2.49
Karachi,24.9056,67.0822,2026-08-14 23:00:00+00:00,26.7,84,998.5,2.52
Karachi,24.9056,67.0822,2026-08-15 00:00:00+00:00,27.2,82,998.5,2.76
Karachi,24.9056,67.0822,2026-08-15 01:00:00+00:00,27.0,83,998.8,2.43
Karachi,24.9056,67.0822,2026-08-15 02:00:00+00:00,27.2,82,999.2,2.33
Karachi,24.9056,67.0822,2026-08-15 03:00:00+00:00,27.8,79,999.5,2.97
Karachi,24.9056,67.0822,2026-08-15 04:00:00+00:00,28.9,72,999.9,3.07
Karachi,24.9056,67.0822,2026-08-15 05:00:00+00:00,30.3,65,1000.0,3.29
Karachi,24.9056,67.0822,2026-08-15 06:00:00+00:00,31.2,60,1000.1,3.35
Karachi,24.9056,67.0822,2026-08-15 07:00:00+00:00,31.5,59,999.9,3.61
Karachi,24.9056,67.0822,2026-08-15 08:00:00+00:00,31.6,61,999.5,3.56
Karachi,24.9056,67.0822,2026-08-15 09:00:00+00:00,31.4,62,998.9,3.78
Karachi,24.9056,67.0822,2026-08-15 10:00:00+00:00,30.7,66,998.4,4.03
Karachi,24.9056,67.0822,2026-08-15 11:00:00+00:00,30.7,67,998.1,3.96
Karachi,24.9056,67.0822,2026-08-15 12:00:00+00:00,30.2,68,997.9,3.69
Karachi,24.9056,67.0822,2026-08-15 13:00:00+00:00,29.4,71,997.8,3.47
Karachi,24.9056,67.0822,2026-08-15 14:00:00+00:00,28.5,75,998.2,3.56
Karachi,24.9056,67.0822,2026-08-15 15:00:00+00:00,28.0,78,998.7,3.73
Karachi,24.9056,67.0822,2026-08-15 16:00:00+00:00,27.8,80,999.3,3.29
Karachi,24.9056,67.0822,2026-08-15 17:00:00+00:00,27.3,82,999.5,3.11
Karachi,24.9056,67.0822,2026-08-15 18:00:00+00:00,27.1,84,999.5,3.17
Karachi,24.9056,67.0822,2026-08-15 19:00:00+00:00,26.5,87,999.5,3.11
Karachi,24.9056,67.0822,2026-08-15 20:00:00+00:00,26.3,88,998.9,2.77
Karachi,24.9056,67.0822,2026-08-15 21:00:00+00:00,26.7,84,998.1,2.88
Karachi,24.9056,67.0822,2026-08-15 22:00:00+00:00,26.1,90,997.6,2.9
Karachi,24.9056,67.0822,2026-08-15 23:00:00+00:00,26.3,89,997.4,2.67
Lahore,31.5497,74.3436,2026-02-16 00:00:00+00:00,12.4,97,986.4,0.81
Lahore,31.5497,74.3436,2026-02-16 01:00:00+00:00,11.8,100,986.6,0.7
Lahore,31.5497,74.3436,2026-02-16 02:00:00+00:00,11.3,100,987.1,0.76
Lahore,31.5497,74.3436,2026-02-16 03:00:00+00:00,12.5,97,987.4,1.19
Lahore,31.5497,74.3436,2026-02-16 04:00:00+00:00,17.0,76,988.3,0.97
Lahore,31.5497,74.3436,2026-02-16 05:00:00+00:00,21.7,55,989.1,0.97
Lahore,31.5497,74.3436,2026-02-16 06:00:00+00:00,24.4,42,989.2,0.5
Lahore,31.5497,74.3436,2026-02-16 07:00:00+00:00,26.7,31,988.9,0.25
Lahore,31.5497,74.3436,2026-02-16 08:00:00+00:00,27.7,25,988.0,0.16
Lahore,31.5497,74.3436,2026-02-16 09:00:00+00:00,28.0,23,986.9,0.4
Lahore,31.5497,74.3436,2026-02-16 10:00:00+00:00,28.1,22,986.2,0.71
Lahore,31.5497,74.3436,2026-02-16 11:00:00+00:00,27.6,24,985.7,1.51
Lahore,31.5497,74.3436,2026-02-16 12:00:00+00:00,25.5,39,985.4,2.32
Lahore,31.5497,74.3436,2026-02-16 13:00:00+00:00,22.9,52,985.6,2.14
Lahore,31.5497,74.3436,2026-02-16 14:00:00+00:00,21.3,58,986.1,1.25
Lahore,31.5497,74.3436,2026-02-16 15:00:00+00:00,19.8,66,986.6,1.1
Lahore,31.5497,74.3436,2026-02-16 16:00:00+00:00,18.9,70,987.3,1.08
Lahore,31.5497,74.3436,2026-02-16 17:00:00+00:00,18.0,75,987.5,1.37
Lahore,31.5497,74.3436,2026-02-16 18:00:00+00:00,17.2,86,987.6,1.38
Lahore,31.5497,74.3436,2026-02-16 19:00:00+00:00,17.1,85,987.6,1.7
Lahore,31.5497,74.3436,2026-02-16 20:00:00+00:00,16.6,83,987.6,1.65
Lahore,31.5497,74.3436,2026-02-16 21:00:00+00:00,16.0,83,987.1,1.7
Lahore,31.5497,74.3436,2026-02-16 22:00:00+00:00,15.4,86,987.2,2.1
Lahore,31.5497,74.3436,2026-02-16 23:00:00+00:00,14.6,90,987.4,1.43
Lahore,31.5497,74.3436,2026-02-17 00:00:00+00:00,14.4,90,987.7,1.52
Lahore,31.5497,74.3436,2026-02-17 01:00:00+00:00,14.0,91,988.1,1.46
Lahore,31.5497,74.3436,2026-02-17 02:00:00+00:00,13.9,89,988.7,1.5
Lahore,31.5497,74.3436,2026-02-17 03:00:00+00:00,15.4,79,989.6,2.1
Lahore,31.5497,74.3436,2026-02-17 04:00:00+00:00,17.9,68,990.7,1.51
Lahore,31.5497,74.3436,2026-02-17 05:00:00+00:00,20.6,58,991.1,1.8
Lahore,31.5497,74.3436,2026-02-17 06:00:00+00:00,22.6,54,991.7,1.9
Lahore,31.5497,74.3436,2026-02-17 07:00:00+00:00,23.9,50,991.5,2.39
Lahore,31.5497,74.3436,2026-02-17 08:00:00+00:00,24.5,47,990.8,2.57
Lahore,31.5497,74.3436,2026-02-17 09:00:00+00:00,25.1,43,989.8,2.8
Lahore,31.5497,74.3436,2026-02-17 10:00:00+00:00,25.4,39,989.0,2.8
Lahore,31.5497,74.3436,2026-02-17 11:00:00+00:00,25.0,39,988.9,2.13
Lahore,31.5497,74.3436,2026-02-17 12:00:00+00:00,21.3,57,989.8,5.42
Lahore,31.5497,74.3436,2026-02-17 13:00:00+00:00,20.0,60,988.8,1.05
Lahore,31.5497,74.3436,2026-02-17 14:00:00+00:00,20.2,62,989.0,0.25
Lahore,31.5497,74.3436,2026-02-17 15:00:00+00:00,19.7,63,989.2,0.25
Lahore,31.5497,74.3436,2026-02-17 16:00:00+00:00,19.4,63,989.3,0.47
Lahore,31.5497,74.3436,2026-02-17 17:00:00+00:00,19.2,63,989.1,1.79
Lahore,31.5497,74.3436,2026-02-17 18:00:00+00:00,17.2,80,988.7,1.18
Lahore,31.5497,74.3436,2026-02-17 19:00:00+00:00,17.0,82,988.2,0.42
Lahore,31.5497,74.3436,2026-02-17 20:00:00+00:00,16.4,85,988.5,0.16
Lahore,31.5497,74.3436,2026-02-17 21:00:00+00:00,15.8,88,988.1,0.49
Lahore,31.5497,74.3436,2026-02-17 22:00:00+00:00,15.1,92,988.0,0.46
Lahore,31.5497,74.3436,2026-02-17 23:00:00+00:00,14.5,93,987.7,0.66
Lahore,31.5497,74.3436,2026-02-18 00:00:00+00:00,15.5,80,987.8,1.07
Lahore,31.5497,74.3436,2026-02-18 01:00:00+00:00,15.6,80,989.1,0.41
Lahore,31.5497,74.3436,2026-02-18 02:00:00+00:00,15.2,82,990.0,0.76
Lahore,31.5497,74.3436,2026-02-18 03:00:00+00:00,17.0,74,990.8,1.96
Lahore,31.5497,74.3436,2026-02-18 04:00:00+00:00,19.4,62,991.3,0.8
Lahore,31.5497,74.3436,2026-02-18 05:00:00+00:00,22.4,46,991.5,1.3
Lahore,31.5497,74.3436,2026-02-18 06:00:00+00:00,24.5,40,992.1,1.7
Lahore,31.5497,74.3436,2026-02-18 07:00:00+00:00,23.6,41,991.9,1.86
Lahore,31.5497,74.3436,2026-02-18 08:00:00+00:00,24.2,34,991.3,0.58
Lahore,31.5497,74.3436,2026-02-18 09:00:00+00:00,24.5,35,990.5,1.82
Lahore,31.5497,74.3436,2026-02-18 10:00:00+00:00,23.5,40,990.3,2.75
Lahore,31.5497,74.3436,2026-02-18 11:00:00+00:00,22.9,44,990.0,1.63
Lahore,31.5497,74.3436,2026-02-18 12:00:00+00:00,23.4,44,989.3,0.93
Lahore,31.5497,74.3436,2026-02-18 13:00:00+00:00,22.0,51,989.5,0.15
Lahore,31.5497,74.3436,2026-02-18 14:00:00+00:00,20.6,56,990.1,0.29
Lahore,31.5497,74.3436,2026-02-18 15:00:00+00:00,19.4,62,990.4,0.7
Lahore,31.5497,74.3436,2026-02-18 16:00:00+00:00,18.8,65,990.3,0.41
Lahore,31.5497,74.3436,2026-02-18 17:00:00+00:00,18.0,69,990.5,0.25
Lahore,31.5497,74.3436,2026-02-18 18:00:00+00:00,18.5,73,990.6,0.27
Lahore,31.5497,74.3436,2026-02-18 19:00:00+00:00,17.6,76,990.7,0.35
Lahore,31.5497,74.3436,2026-02-18 20:00:00+00:00,16.2,83,990.5,0.36
Lahore,31.5497,74.3436,2026-02-18 21:00:00+00:00,15.6,86,990.2,0.25
Lahore,31.5497,74.3436,2026-02-18 22:00:00+00:00,15.2,87,990.5,0.07
Lahore,31.5497,74.3436,2026-02-18 23:00:00+00:00,14.6,89,990.4,0.0
Lahore,31.5497,74.3436,2026-02-19 00:00:00+00:00,14.3,90,991.0,1.68
Lahore,31.5497,74.3436,2026-02-19 01:00:00+00:00,13.3,94,991.2,1.19
Lahore,31.5497,74.3436,2026-02-19 02:00:00+00:00,13.0,95,991.5,0.85
Lahore,31.5497,74.3436,2026-02-19 03:00:00+00:00,14.8,88,992.4,1.17
Lahore,31.5497,74.3436,2026-02-19 04:00:00+00:00,18.3,73,993.2,0.76
Lahore,31.5497,74.3436,2026-02-19 05:00:00+00:00,21.4,58,993.6,0.5
Lahore,31.5497,74.3436,2026-02-19 06:00:00+00:00,23.0,49,993.5,0.74
Lahore,31.5497,74.3436,2026-02-19 07:00:00+00:00,25.1,39,992.9,0.93
Lahore,31.5497,74.3436,2026-02-19 08:00:00+00:00,26.3,34,992.0,0.82
Lahore,31.5497,74.3436,2026-02-19 09:00:00+00:00,26.9,31,991.4,1.01
Lahore,31.5497,74.3436,2026-02-19 10:00:00+00:00,27.0,29,990.9,1.08
Lahore,31.5497,74.3436,2026-02-19 11:00:00+00:00,26.7,30,990.3,1.25
Lahore,31.5497,74.3436,2026-02-19 12:00:00+00:00,26.3,31,990.5,1.52
Lahore,31.5497,74.3436,2026-02-19 13:00:00+00:00,24.0,39,990.8,0.93
Lahore,31.5497,74.3436,2026-02-19 14:00:00+00:00,22.6,47,991.4,0.38
Lahore,31.5497,74.3436,2026-02-19 15:00:00+00:00,21.4,52,992.1,0.14
Lahore,31.5497,74.3436,2026-02-19 16:00:00+00:00,20.7,59,992.6,0.05
Lahore,31.5497,74.3436,2026-02-19 17:00:00+00:00,19.1,61,992.8,0.96
Lahore,31.5497,74.3436,2026-02-19 18:00:00+00:00,18.7,70,993.0,0.79
Lahore,31.5497,74.3436,2026-02-19 19:00:00+00:00,18.1,73,993.1,0.56
Lahore,31.5497,74.3436,2026-02-19 20:00:00+00:00,17.1,78,993.0,0.49
Lahore,31.5497,74.3436,2026-02-19 21:00:00+00:00,16.1,83,992.8,0.72
Lahore,31.5497,74.3436,2026-02-19 22:00:00+00:00,15.3,86,992.4,0.81
Lahore,31.5497,74.3436,2026-02-19 23:00:00+00:00,15.1,87,992.3,0.39
Lahore,31.5497,74.3436,2026-02-20 00:00:00+00:00,14.0,90,992.6,0.14
Lahore,31.5497,74.3436,2026-02-20 01:00:00+00:00,14.1,88,992.9,0.67
Lahore,31.5497,74.3436,2026-02-20 02:00:00+00:00,14.4,86,993.6,0.92
Lahore,31.5497,74.3436,2026-02-20 03:00:00+00:00,16.6,75,994.6,1.41
Lahore,31.5497,74.3436,2026-02-20 04:00:00+00:00,19.7,63,995.4,0.72
Lahore,31.5497,74.3436,2026-02-20 05:00:00+00:00,22.9,51,995.9,0.5
Lahore,31.5497,74.3436,2026-02-20 06:00:00+00:00,24.4,45,996.1,1.0
Lahore,31.5497,74.3436,2026-02-20 07:00:00+00:00,26.2,39,995.5,1.17
Lahore,31.5497,74.3436,2026-02-20 08:00:00+00:00,27.1,35,994.5,1.41
Lahore,31.5497,74.3436,2026-02-20 09:00:00+00:00,27.6,32,993.4,1.55
Lahore,31.5497,74.3436,2026-02-20 10:00:00+00:00,27.8,31,992.5,1.86
Lahore,31.5497,74.3436,2026-02-20 11:00:00+00:00,27.5,30,991.9,2.29
Lahore,31.5497,74.3436,2026-02-20 12:00:00+00:00,26.6,33,991.5,2.5
Lahore,31.5497,74.3436,2026-02-20 13:00:00+00:00,25.1,37,991.3,2.03
Lahore,31.5497,74.3436,2026-02-20 14:00:00+00:00,23.9,42,991.5,2.12
Lahore,31.5497,74.3436,2026-02-20 15:00:00+00:00,22.9,45,991.4,1.89
Lahore,31.5497,74.3436,2026-02-20 16:00:00+00:00,21.8,47,991.2,1.51
Lahore,31.5497,74.3436,2026-02-20 17:00:00+00:00,20.9,50,990.8,1.56
Lahore,31.5497,74.3436,2026-02-20 18:00:00+00:00,19.9,65,990.6,1.69
Lahore,31.5497,74.3436,2026-02-20 19:00:00+00:00,19.8,65,990.3,1.97
Lahore,31.5497,74.3436,2026-02-20 20:00:00+00:00,18.9,68,989.9,2.24
Lahore,31.5497,74.3436,2026-02-20 21:00:00+00:00,18.3,67,989.3,2.17
Lahore,31.5497,74.3436,2026-02-20 22:00:00+00:00,17.8,66,988.7,2.21
Lahore,31.5497,74.3436,2026-02-20 23:00:00+00:00,17.2,66,988.4,2.09
Lahore,31.5497,74.3436,2026-02-21 00:00:00+00:00,16.3,68,988.0,1.97
Lahore,31.5497,74.3436,2026-02-21 01:00:00+00:00,15.7,71,988.0,1.75
Lahore,31.5497,74.3436,2026-02-21 02:00:00+00:00,15.1,74,988.3,1.43
Lahore,31.5497,74.3436,2026-02-21 03:00:00+00:00,16.7,67,988.9,1.53
Lahore,31.5497,74.3436,2026-02-21 04:00:00+00:00,19.3,57,989.5,0.38
Lahore,31.5497,74.3436,2026-02-21 05:00:00+00:00,22.0,48,989.9,0.25
Lahore,31.5497,74.3436,2026-02-21 06:00:00+00:00,24.0,43,990.0,0.63
Lahore,31.5497,74.3436,2026-02-21 07:00:00+00:00,26.2,35,989.3,1.12
Lahore,31.5497,74.3436,2026-02-21 08:00:00+00:00,27.4,30,988.4,1.48
Lahore,31.5497,74.3436,2026-02-21 09:00:00+00:00,27.9,27,987.0,1.63
Lahore,31.5497,74.3436,2026-02-21 10:00:00+00:00,28.0,25,986.0,1.8
Lahore,31.5497,74.3436,2026-02-21 11:00:00+00:00,27.5,25,985.3,2.1
Lahore,31.5497,74.3436,2026-02-21 12:00:00+00:00,27.0,25,985.0,2.29
Lahore,31.5497,74.3436,2026-02-21 13:00:00+00:00,25.1,30,985.2,1.38
Lahore,31.5497,74.3436,2026-02-21 14:00:00+00:00,23.5,37,985.4,1.15
Lahore,31.5497,74.3436,2026-02-21 15:00:00+00:00,22.7,42,985.3,0.34
Lahore,31.5497,74.3436,2026-02-21 16:00:00+00:00,21.1,45,985.2,0.36
Lahore,31.5497,74.3436,2026-02-21 17:00:00+00:00,19.3,56,985.0,0.47
Lahore,31.5497,74.3436,2026-02-21 18:00:00+00:00,19.1,60,984.9,0.15
Lahore,31.5497,74.3436,2026-02-21 19:00:00+00:00,18.8,61,984.7,0.11
Lahore,31.5497,74.3436,2026-02-21 20:00:00+00:00,18.3,64,984.4,0.21
Lahore,31.5497,74.3436,2026-02-21 21:00:00+00:00,17.6,65,984.2,0.29
Lahore,31.5497,74.3436,2026-02-21 22:00:00+00:00,17.2,68,983.5,0.2
Lahore,31.5497,74.3436,2026-02-21 23:00:00+00:00,16.7,71,983.1,0.14
Lahore,31.5497,74.3436,2026-02-22 00:00:00+00:00,15.4,81,983.0,0.15
Lahore,31.5497,74.3436,2026-02-22 01:00:00+00:00,14.7,85,983.0,0.18
Lahore,31.5497,74.3436,2026-02-22 02:00:00+00:00,14.1,87,983.5,0.3
Lahore,31.5497,74.3436,2026-02-22 03:00:00+00:00,15.9,78,984.3,0.91
Lahore,31.5497,74.3436,2026-02-22 04:00:00+00:00,20.0,60,985.0,0.72
Lahore,31.5497,74.3436,2026-02-22 05:00:00+00:00,23.4,47,985.5,0.65
Lahore,31.5497,74.3436,2026-02-22 06:00:00+00:00,25.5,39,985.6,0.68
Lahore,31.5497,74.3436,2026-02-22 07:00:00+00:00,27.4,32,985.1,0.91
Lahore,31.5497,74.3436,2026-02-22 08:00:00+00:00,28.3,28,984.4,1.28
Lahore,31.5497,74.3436,2026-02-22 09:00:00+00:00,28.5,26,983.4,1.63
Lahore,31.5497,74.3436,2026-02-22 10:00:00+00:00,28.6,25,983.0,2.07
Lahore,31.5497,74.3436,2026-02-22 11:00:00+00:00,28.2,26,982.9,2.44
Lahore,31.5497,74.3436,2026-02-22 12:00:00+00:00,27.4,28,982.6,1.59
Lahore,31.5497,74.3436,2026-02-22 13:00:00+00:00,24.6,37,983.1,0.7
Lahore,31.5497,74.3436,2026-02-22 14:00:00+00:00,22.8,49,983.7,1.18
Lahore,31.5497,74.3436,2026-02-22 15:00:00+00:00,21.1,61,983.9,1.75
Lahore,31.5497,74.3436,2026-02-22 16:00:00+00:00,20.0,69,984.2,1.41
Lahore,31.5497,74.3436,2026-02-22 17:00:00+00:00,19.3,74,984.3,1.27
Lahore,31.5497,74.3436,2026-02-22 18:00:00+00:00,18.8,80,984.1,1.25
Lahore,31.5497,74.3436,2026-02-22 19:00:00+00:00,18.3,81,983.5,1.25
Lahore,31.5497,74.3436,2026-02-22 20:00:00+00:00,17.3,85,983.3,1.2
Lahore,31.5497,74.3436,2026-02-22 21:00:00+00:00,16.4,89,983.0,1.11
Lahore,31.5497,74.3436,2026-02-22 22:00:00+00:00,15.6,92,982.5,0.96
Lahore,31.5497,74.3436,2026-02-22 23:00:00+00:00,15.1,93,982.3,0.6
Lahore,31.5497,74.3436,2026-02-23 00:00:00+00:00,14.4,95,982.6,0.63
Lahore,31.5497,74.3436,2026-02-23 01:00:00+00:00,14.0,96,983.0,0.96
Lahore,31.5497,74.3436,2026-02-23 02:00:00+00:00,13.9,97,983.7,1.08
Lahore,31.5497,74.3436,2026-02-23 03:00:00+00:00,16.4,86,984.8,1.23
Lahore,31.5497,74.3436,2026-02-23 04:00:00+00:00,20.0,70,985.8,0.94
Lahore,31.5497,74.3436,2026-02-23 05:00:00+00:00,23.3,54,986.2,0.99
Lahore,31.5497,74.3436,2026-02-23 06:00:00+00:00,25.2,44,986.6,0.76
Lahore,31.5497,74.3436,2026-02-23 07:00:00+00:00,27.2,34,985.9,0.21
Lahore,31.5497,74.3436,2026-02-23 08:00:00+00:00,28.2,29,985.3,0.66
Lahore,31.5497,74.3436,2026-02-23 09:00:00+00:00,28.8,25,984.5,1.35
Lahore,31.5497,74.3436,2026-02-23 10:00:00+00:00,28.7,23,984.2,1.85
Lahore,31.5497,74.3436,2026-02-23 11:00:00+00:00,28.2,24,983.8,1.97
Lahore,31.5497,74.3436,2026-02-23 12:00:00+00:00,27.5,25,983.8,1.81
Lahore,31.5497,74.3436,2026-02-23 13:00:00+00:00,25.1,32,983.9,1.13
Lahore,31.5497,74.3436,2026-02-23 14:00:00+00:00,23.4,41,984.6,0.95
Lahore,31.5497,74.3436,2026-02-23 15:00:00+00:00,21.6,50,985.0,0.49
Lahore,31.5497,74.3436,2026-02-23 16:00:00+00:00,20.0,61,985.3,1.03
Lahore,31.5497,74.3436,2026-02-23 17:00:00+00:00,19.2,67,985.4,0.45
Lahore,31.5497,74.3436,2026-02-23 18:00:00+00:00,18.7,76,985.4,0.41
Lahore,31.5497,74.3436,2026-02-23 19:00:00+00:00,17.6,83,985.2,0.36
Lahore,31.5497,74.3436,2026-02-23 20:00:00+00:00,16.7,87,985.1,0.47
Lahore,31.5497,74.3436,2026-02-23 21:00:00+00:00,16.2,89,984.6,0.41
Lahore,31.5497,74.3436,2026-02-23 22:00:00+00:00,15.8,90,984.3,0.66
Lahore,31.5497,74.3436,2026-02-23 23:00:00+00:00,15.2,92,984.0,0.07
Lahore,31.5497,74.3436,2026-02-24 00:00:00+00:00,15.0,94,984.2,0.22
Lahore,31.5497,74.3436,2026-02-24 01:00:00+00:00,13.9,99,984.5,0.3
Lahore,31.5497,74.3436,2026-02-24 02:00:00+00:00,13.3,100,985.5,0.71
Lahore,31.5497,74.3436,2026-02-24 03:00:00+00:00,14.5,97,986.7,1.2
Lahore,31.5497,74.3436,2026-02-24 04:00:00+00:00,18.8,75,987.6,0.83
Lahore,31.5497,74.3436,2026-02-24 05:00:00+00:00,22.8,56,988.1,0.89
Lahore,31.5497,74.3436,2026-02-24 06:00:00+00:00,24.9,45,988.6,0.59
Lahore,31.5497,74.3436,2026-02-24 07:00:00+00:00,27.1,34,988.3,0.2
Lahore,31.5497,74.3436,2026-02-24 08:00:00+00:00,28.1,28,987.4,0.74
Lahore,31.5497,74.3436,2026-02-24 09:00:00+00:00,28.6,24,986.6,1.32
Lahore,31.5497,74.3436,2026-02-24 10:00:00+00:00,28.7,22,986.1,1.8
Lahore,31.5497,74.3436,2026-02-24 11:00:00+00:00,28.3,22,985.8,2.02
Lahore,31.5497,74.3436,2026-02-24 12:00:00+00:00,27.3,23,985.8,2.1
Lahore,31.5497,74.3436,2026-02-24 13:00:00+00:00,24.9,30,986.1,0.5
Lahore,31.5497,74.3436,2026-02-24 14:00:00+00:00,23.4,35,986.8,0.1
Lahore,31.5497,74.3436,2026-02-24 15:00:00+00:00,21.6,45,987.1,0.85
Lahore,31.5497,74.3436,2026-02-24 16:00:00+00:00,20.1,58,987.4,1.1
Lahore,31.5497,74.3436,2026-02-24 17:00:00+00:00,19.0,66,987.4,1.03
Lahore,31.5497,74.3436,2026-02-24 18:00:00+00:00,18.7,78,987.5,0.72
Lahore,31.5497,74.3436,2026-02-24 19:00:00+00:00,18.2,83,987.3,0.53
Lahore,31.5497,74.3436,2026-02-24 20:00:00+00:00,17.5,86,987.1,0.3
Lahore,31.5497,74.3436,2026-02-24 21:00:00+00:00,17.0,87,986.8,0.27
Lahore,31.5497,74.3436,2026-02-24 22:00:00+00:00,15.9,92,986.4,0.4
Lahore,31.5497,74.3436,2026-02-24 23:00:00+00:00,14.9,95,986.1,0.78
Lahore,31.5497,74.3436,2026-02-25 00:00:00+00:00,14.2,99,986.1,0.49
Lahore,31.5497,74.3436,2026-02-25 01:00:00+00:00,13.9,99,986.5,0.78
Lahore,31.5497,74.3436,2026-02-25 02:00:00+00:00,13.5,99,987.0,0.64
Lahore,31.5497,74.3436,2026-02-25 03:00:00+00:00,14.5,97,987.9,0.56
Lahore,31.5497,74.3436,2026-02-25 04:00:00+00:00,18.9,78,988.8,0.5
Lahore,31.5497,74.3436,2026-02-25 05:00:00+00:00,23.2,56,989.3,0.52
Lahore,31.5497,74.3436,2026-02-25 06:00:00+00:00,26.1,41,989.3,1.05
Lahore,31.5497,74.3436,2026-02-25 07:00:00+00:00,28.1,30,988.7,1.56
Lahore,31.5497,74.3436,2026-02-25 08:00:00+00:00,28.8,26,987.7,2.09
Lahore,31.5497,74.3436,2026-02-25 09:00:00+00:00,29.2,22,986.9,2.52
Lahore,31.5497,74.3436,2026-02-25 10:00:00+00:00,29.1,21,986.4,2.62
Lahore,31.5497,74.3436,2026-02-25 11:00:00+00:00,28.7,21,986.0,2.6
Lahore,31.5497,74.3436,2026-02-25 12:00:00+00:00,27.5,25,986.0,2.87
Lahore,31.5497,74.3436,2026-02-25 13:00:00+00:00,26.1,30,986.1,2.34
Lahore,31.5497,74.3436,2026-02-25 14:00:00+00:00,25.0,35,986.6,1.77
Lahore,31.5497,74.3436,2026-02-25 15:00:00+00:00,23.7,40,987.0,1.29
Lahore,31.5497,74.3436,2026-02-25 16:00:00+00:00,22.6,45,987.3,0.21
Lahore,31.5497,74.3436,2026-02-25 17:00:00+00:00,20.8,49,987.7,1.0
Lahore,31.5497,74.3436,2026-02-25 18:00:00+00:00,20.1,58,987.6,0.8
Lahore,31.5497,74.3436,2026-02-25 19:00:00+00:00,20.0,59,987.5,0.56
Lahore,31.5497,74.3436,2026-02-25 20:00:00+00:00,18.9,63,987.2,0.07
Lahore,31.5497,74.3436,2026-02-25 21:00:00+00:00,17.2,68,986.7,1.06
Lahore,31.5497,74.3436,2026-02-25 22:00:00+00:00,16.2,73,986.1,0.74
Lahore,31.5497,74.3436,2026-02-25 23:00:00+00:00,15.3,79,985.5,0.7
Lahore,31.5497,74.3436,2026-02-26 00:00:00+00:00,15.2,85,985.1,0.56
Lahore,31.5497,74.3436,2026-02-26 01:00:00+00:00,15.0,86,985.1,0.0
Lahore,31.5497,74.3436,2026-02-26 02:00:00+00:00,14.8,87,985.3,0.71
Lahore,31.5497,74.3436,2026-02-26 03:00:00+00:00,17.3,74,986.1,1.05
Lahore,31.5497,74.3436,2026-02-26 04:00:00+00:00,21.4,58,986.6,0.36
Lahore,31.5497,74.3436,2026-02-26 05:00:00+00:00,24.5,45,986.7,0.21
Lahore,31.5497,74.3436,2026-02-26 06:00:00+00:00,26.3,34,986.7,1.33
Lahore,31.5497,74.3436,2026-02-26 07:00:00+00:00,28.3,26,986.1,2.03
Lahore,31.5497,74.3436,2026-02-26 08:00:00+00:00,29.1,23,985.1,2.4
Lahore,31.5497,74.3436,2026-02-26 09:00:00+00:00,29.4,21,984.1,2.71
Lahore,31.5497,74.3436,2026-02-26 10:00:00+00:00,29.3,22,983.4,2.93
Lahore,31.5497,74.3436,2026-02-26 11:00:00+00:00,28.6,23,982.7,3.05
Lahore,31.5497,74.3436,2026-02-26 12:00:00+00:00,27.7,25,982.4,3.17
Lahore,31.5497,74.3436,2026-02-26 13:00:00+00:00,26.4,29,982.4,2.02
Lahore,31.5497,74.3436,2026-02-26 14:00:00+00:00,25.0,33,982.6,1.43
Lahore,31.5497,74.3436,2026-02-26 15:00:00+00:00,23.5,38,982.9,1.1
Lahore,31.5497,74.3436,2026-02-26 16:00:00+00:00,22.3,43,983.2,0.52
Lahore,31.5497,74.3436,2026-02-26 17:00:00+00:00,20.6,49,983.1,0.61
Lahore,31.5497,74.3436,2026-02-26 18:00:00+00:00,20.0,53,982.9,1.06
Lahore,31.5497,74.3436,2026-02-26 19:00:00+00:00,19.1,55,982.5,0.99
Lahore,31.5497,74.3436,2026-02-26 20:00:00+00:00,17.8,59,982.5,1.24
Lahore,31.5497,74.3436,2026-02-26 21:00:00+00:00,17.5,60,982.4,0.64
Lahore,31.5497,74.3436,2026-02-26 22:00:00+00:00,16.2,65,982.1,1.7
Lahore,31.5497,74.3436,2026-02-26 23:00:00+00:00,15.1,72,981.6,1.3
Lahore,31.5497,74.3436,2026-02-27 00:00:00+00:00,15.3,80,981.9,0.4
Lahore,31.5497,74.3436,2026-02-27 01:00:00+00:00,14.8,83,982.0,1.02
Lahore,31.5497,74.3436,2026-02-27 02:00:00+00:00,14.8,82,982.5,1.44
Lahore,31.5497,74.3436,2026-02-27 03:00:00+00:00,17.3,70,983.2,1.81
Lahore,31.5497,74.3436,2026-02-27 04:00:00+00:00,21.0,57,984.2,1.08
Lahore,31.5497,74.3436,2026-02-27 05:00:00+00:00,24.3,44,984.3,1.54
Lahore,31.5497,74.3436,2026-02-27 06:00:00+00:00,26.3,37,984.4,0.89
Lahore,31.5497,74.3436,2026-02-27 07:00:00+00:00,28.4,30,984.0,0.43
Lahore,31.5497,74.3436,2026-02-27 08:00:00+00:00,29.3,26,983.2,0.18
Lahore,31.5497,74.3436,2026-02-27 09:00:00+00:00,28.5,24,982.6,2.62
Lahore,31.5497,74.3436,2026-02-27 10:00:00+00:00,28.9,22,982.0,1.62
Lahore,31.5497,74.3436,2026-02-27 11:00:00+00:00,28.7,23,981.2,1.23
Lahore,31.5497,74.3436,2026-02-27 12:00:00+00:00,28.2,25,980.9,1.36
Lahore,31.5497,74.3436,2026-02-27 13:00:00+00:00,26.5,28,981.1,1.55
Lahore,31.5497,74.3436,2026-02-27 14:00:00+00:00,25.2,32,981.8,1.07
Lahore,31.5497,74.3436,2026-02-27 15:00:00+00:00,24.5,35,981.9,0.34
Lahore,31.5497,74.3436,2026-02-27 16:00:00+00:00,22.8,37,982.1,1.23
Lahore,31.5497,74.3436,2026-02-27 17:00:00+00:00,21.4,42,981.8,1.56
Lahore,31.5497,74.3436,2026-02-27 18:00:00+00:00,21.3,51,981.7,2.44
Lahore,31.5497,74.3436,2026-02-27 19:00:00+00:00,20.5,64,981.7,2.42
Lahore,31.5497,74.3436,2026-02-27 20:00:00+00:00,19.7,76,981.9,1.84
Lahore,31.5497,74.3436,2026-02-27 21:00:00+00:00,19.1,80,981.9,1.76
Lahore,31.5497,74.3436,2026-02-27 22:00:00+00:00,18.3,83,981.7,1.41
Lahore,31.5497,74.3436,2026-02-27 23:00:00+00:00,17.4,84,981.5,1.21
Lahore,31.5497,74.3436,2026-02-28 00:00:00+00:00,17.2,89,981.4,0.25
Lahore,31.5497,74.3436,2026-02-28 01:00:00+00:00,17.0,90,981.7,0.16
Lahore,31.5497,74.3436,2026-02-28 02:00:00+00:00,16.4,94,982.3,0.72
Lahore,31.5497,74.3436,2026-02-28 03:00:00+00:00,18.3,85,983.5,1.81
Lahore,31.5497,74.3436,2026-02-28 04:00:00+00:00,21.1,72,984.5,1.35
Lahore,31.5497,74.3436,2026-02-28 05:00:00+00:00,24.2,59,984.7,1.39
Lahore,31.5497,74.3436,2026-02-28 06:00:00+00:00,26.4,46,985.0,1.42
Lahore,31.5497,74.3436,2026-02-28 07:00:00+00:00,28.3,36,984.5,1.38
Lahore,31.5497,74.3436,2026-02-28 08:00:00+00:00,29.2,29,983.6,1.51
Lahore,31.5497,74.3436,2026-02-28 09:00:00+00:00,29.5,25,982.5,1.9
Lahore,31.5497,74.3436,2026-02-28 10:00:00+00:00,29.6,24,982.2,2.3
Lahore,31.5497,74.3436,2026-02-28 11:00:00+00:00,29.2,24,981.8,2.61
Lahore,31.5497,74.3436,2026-02-28 12:00:00+00:00,28.5,24,981.9,2.77
Lahore,31.5497,74.3436,2026-02-28 13:00:00+00:00,26.9,29,982.2,2.27
Lahore,31.5497,74.3436,2026-02-28 14:00:00+00:00,25.3,40,982.7,2.39
Lahore,31.5497,74.3436,2026-02-28 15:00:00+00:00,24.0,46,982.9,2.08
Lahore,31.5497,74.3436,2026-02-28 16:00:00+00:00,22.9,49,983.2,1.62
Lahore,31.5497,74.3436,2026-02-28 17:00:00+00:00,22.1,51,983.3,1.6
Lahore,31.5497,74.3436,2026-02-28 18:00:00+00:00,21.2,59,983.1,1.66
Lahore,31.5497,74.3436,2026-02-28 19:00:00+00:00,21.2,58,983.1,1.89
Lahore,31.5497,74.3436,2026-02-28 20:00:00+00:00,20.5,60,983.0,1.97
Lahore,31.5497,74.3436,2026-02-28 21:00:00+00:00,19.8,64,982.8,2.26
Lahore,31.5497,74.3436,2026-02-28 22:00:00+00:00,19.2,65,982.6,2.28
Lahore,31.5497,74.3436,2026-02-28 23:00:00+00:00,18.2,68,982.3,2.19
Lahore,31.5497,74.3436,2026-03-01 00:00:00+00:00,17.5,69,982.1,1.61
Lahore,31.5497,74.3436,2026-03-01 01:00:00+00:00,17.0,70,982.5,1.52
Lahore,31.5497,74.3436,2026-03-01 02:00:00+00:00,16.3,73,983.0,1.36
Lahore,31.5497,74.3436,2026-03-01 03:00:00+00:00,18.1,64,983.7,2.08
Lahore,31.5497,74.3436,2026-03-01 04:00:00+00:00,21.2,52,984.5,0.83
Lahore,31.5497,74.3436,2026-03-01 05:00:00+00:00,24.1,40,985.0,0.76
Lahore,31.5497,74.3436,2026-03-01 06:00:00+00:00,27.1,30,985.2,1.53
Lahore,31.5497,74.3436,2026-03-01 07:00:00+00:00,29.1,22,984.9,2.27
Lahore,31.5497,74.3436,2026-03-01 08:00:00+00:00,29.9,18,984.4,2.97
Lahore,31.5497,74.3436,2026-03-01 09:00:00+00:00,30.2,18,983.8,3.11
Lahore,31.5497,74.3436,2026-03-01 10:00:00+00:00,30.1,18,983.5,3.11
Lahore,31.5497,74.3436,2026-03-01 11:00:00+00:00,29.5,20,983.1,3.26
Lahore,31.5497,74.3436,2026-03-01 12:00:00+00:00,28.7,21,983.0,3.06
Lahore,31.5497,74.3436,2026-03-01 13:00:00+00:00,27.2,25,983.5,2.14
Lahore,31.5497,74.3436,2026-03-01 14:00:00+00:00,25.5,31,984.1,1.31
Lahore,31.5497,74.3436,2026-03-01 15:00:00+00:00,24.7,35,984.4,0.65
Lahore,31.5497,74.3436,2026-03-01 16:00:00+00:00,23.8,37,984.7,0.66
Lahore,31.5497,74.3436,2026-03-01 17:00:00+00:00,22.8,39,984.9,0.92
Lahore,31.5497,74.3436,2026-03-01 18:00:00+00:00,21.9,47,985.0,1.92
Lahore,31.5497,74.3436,2026-03-01 19:00:00+00:00,21.5,49,985.0,1.66
Lahore,31.5497,74.3436,2026-03-01 20:00:00+00:00,20.6,52,985.0,1.7
Lahore,31.5497,74.3436,2026-03-01 21:00:00+00:00,19.4,57,984.3,1.21
Lahore,31.5497,74.3436,2026-03-01 22:00:00+00:00,18.5,60,984.0,0.85
Lahore,31.5497,74.3436,2026-03-01 23:00:00+00:00,17.2,65,984.2,1.31
Lahore,31.5497,74.3436,2026-03-02 00:00:00+00:00,17.0,72,984.1,1.63
Lahore,31.5497,74.3436,2026-03-02 01:00:00+00:00,17.4,68,984.6,1.68
Lahore,31.5497,74.3436,2026-03-02 02:00:00+00:00,17.6,64,985.0,1.85
Lahore,31.5497,74.3436,2026-03-02 03:00:00+00:00,18.8,57,986.0,2.1
Lahore,31.5497,74.3436,2026-03-02 04:00:00+00:00,21.4,45,987.2,1.27
Lahore,31.5497,74.3436,2026-03-02 05:00:00+00:00,24.6,33,987.8,1.22
Lahore,31.5497,74.3436,2026-03-02 06:00:00+00:00,26.8,27,988.3,1.66
Lahore,31.5497,74.3436,2026-03-02 07:00:00+00:00,28.9,23,988.0,1.99
Lahore,31.5497,74.3436,2026-03-02 08:00:00+00:00,29.9,20,987.3,2.66
Lahore,31.5497,74.3436,2026-03-02 09:00:00+00:00,30.3,19,986.6,2.97
Lahore,31.5497,74.3436,2026-03-02 10:00:00+00:00,30.5,17,985.9,3.14
Lahore,31.5497,74.3436,2026-03-02 11:00:00+00:00,30.1,16,985.5,3.61
Lahore,31.5497,74.3436,2026-03-02 12:00:00+00:00,29.1,17,985.5,3.32
Lahore,31.5497,74.3436,2026-03-02 13:00:00+00:00,27.2,27,985.7,2.93
Lahore,31.5497,74.3436,2026-03-02 14:00:00+00:00,25.8,32,985.9,2.76
Lahore,31.5497,74.3436,2026-03-02 15:00:00+00:00,25.3,33,986.3,2.76
Lahore,31.5497,74.3436,2026-03-02 16:00:00+00:00,24.6,36,986.7,2.19
Lahore,31.5497,74.3436,2026-03-02 17:00:00+00:00,23.8,38,987.1,2.25
Lahore,31.5497,74.3436,2026-03-02 18:00:00+00:00,22.6,47,986.8,1.97
Lahore,31.5497,74.3436,2026-03-02 19:00:00+00:00,22.0,48,986.9,2.17
Lahore,31.5497,74.3436,2026-03-02 20:00:00+00:00,21.2,50,986.6,2.38
Lahore,31.5497,74.3436,2026-03-02 21:00:00+00:00,20.6,51,986.3,2.55
Lahore,31.5497,74.3436,2026-03-02 22:00:00+00:00,20.0,52,985.7,2.51
Lahore,31.5497,74.3436,2026-03-02 23:00:00+00:00,19.4,53,985.2,2.82
Lahore,31.5497,74.3436,2026-03-03 00:00:00+00:00,18.7,57,985.4,2.82
Lahore,31.5497,74.3436,2026-03-03 01:00:00+00:00,18.1,59,985.7,2.2
Lahore,31.5497,74.3436,2026-03-03 02:00:00+00:00,18.0,59,985.8,2.01
Lahore,31.5497,74.3436,2026-03-03 03:00:00+00:00,19.7,54,986.4,2.13
Lahore,31.5497,74.3436,2026-03-03 04:00:00+00:00,22.5,45,987.2,1.26
Lahore,31.5497,74.3436,2026-03-03 05:00:00+00:00,25.6,35,987.6,1.45
Lahore,31.5497,74.3436,2026-03-03 06:00:00+00:00,28.1,27,987.9,1.88
Lahore,31.5497,74.3436,2026-03-03 07:00:00+00:00,30.5,21,987.6,2.43
Lahore,31.5497,74.3436,2026-03-03 08:00:00+00:00,31.7,19,987.0,2.93
Lahore,31.5497,74.3436,2026-03-03 09:00:00+00:00,32.5,17,986.0,3.06
Lahore,31.5497,74.3436,2026-03-03 10:00:00+00:00,32.6,15,985.3,3.27
Lahore,31.5497,74.3436,2026-03-03 11:00:00+00:00,31.8,17,984.9,3.5
Lahore,31.5497,74.3436,2026-03-03 12:00:00+00:00,30.3,21,984.9,3.17
Lahore,31.5497,74.3436,2026-03-03 13:00:00+00:00,28.7,26,985.5,2.5
Lahore,31.5497,74.3436,2026-03-03 14:00:00+00:00,27.1,32,985.5,1.83
Lahore,31.5497,74.3436,2026-03-03 15:00:00+00:00,26.1,36,985.8,1.9
Lahore,31.5497,74.3436,2026-03-03 16:00:00+00:00,25.3,38,986.3,1.7
Lahore,31.5497,74.3436,2026-03-03 17:00:00+00:00,24.2,41,986.7,1.69
Lahore,31.5497,74.3436,2026-03-03 18:00:00+00:00,23.6,45,986.9,0.72
Lahore,31.5497,74.3436,2026-03-03 19:00:00+00:00,22.4,47,986.9,1.32
Lahore,31.5497,74.3436,2026-03-03 20:00:00+00:00,21.2,51,987.1,0.69
Lahore,31.5497,74.3436,2026-03-03 21:00:00+00:00,19.9,57,986.9,1.77
Lahore,31.5497,74.3436,2026-03-03 22:00:00+00:00,18.6,63,986.3,1.26
Lahore,31.5497,74.3436,2026-03-03 23:00:00+00:00,18.0,67,985.8,0.42
Lahore,31.5497,74.3436,2026-03-04 00:00:00+00:00,17.9,74,986.3,0.25
Lahore,31.5497,74.3436,2026-03-04 01:00:00+00:00,17.3,76,987.0,0.36
Lahore,31.5497,74.3436,2026-03-04 02:00:00+00:00,17.3,76,987.3,0.07
Lahore,31.5497,74.3436,2026-03-04 03:00:00+00:00,19.6,67,988.2,0.32
Lahore,31.5497,74.3436,2026-03-04 04:00:00+00:00,23.9,51,989.0,0.21
Lahore,31.5497,74.3436,2026-03-04 05:00:00+00:00,27.2,40,989.3,0.25
Lahore,31.5497,74.3436,2026-03-04 06:00:00+00:00,29.0,35,989.3,0.61
Lahore,31.5497,74.3436,2026-03-04 07:00:00+00:00,31.8,26,989.1,0.78
Lahore,31.5497,74.3436,2026-03-04 08:00:00+00:00,33.3,22,988.4,1.74
Lahore,31.5497,74.3436,2026-03-04 09:00:00+00:00,33.9,21,987.4,2.43
Lahore,31.5497,74.3436,2026-03-04 10:00:00+00:00,33.9,22,986.5,2.41
Lahore,31.5497,74.3436,2026-03-04 11:00:00+00:00,33.4,23,986.0,2.49
Lahore,31.5497,74.3436,2026-03-04 12:00:00+00:00,32.0,27,985.6,2.75
Lahore,31.5497,74.3436,2026-03-04 13:00:00+00:00,30.2,33,985.8,2.34
Lahore,31.5497,74.3436,2026-03-04 14:00:00+00:00,28.9,39,986.2,1.96
Lahore,31.5497,74.3436,2026-03-04 15:00:00+00:00,27.5,44,986.3,1.66
Lahore,31.5497,74.3436,2026-03-04 16:00:00+00:00,26.3,48,986.6,1.55
Lahore,31.5497,74.3436,2026-03-04 17:00:00+00:00,26.0,48,986.4,1.86
Lahore,31.5497,74.3436,2026-03-04 18:00:00+00:00,25.7,51,986.3,1.95
Lahore,31.5497,74.3436,2026-03-04 19:00:00+00:00,24.7,55,986.1,1.81
Lahore,31.5497,74.3436,2026-03-04 20:00:00+00:00,23.9,58,986.0,1.82
Lahore,31.5497,74.3436,2026-03-04 21:00:00+00:00,23.0,61,985.7,1.96
Lahore,31.5497,74.3436,2026-03-04 22:00:00+00:00,22.4,63,985.2,2.2
Lahore,31.5497,74.3436,2026-03-04 23:00:00+00:00,21.6,66,984.9,2.16
Lahore,31.5497,74.3436,2026-03-05 00:00:00+00:00,21.2,68,984.8,2.07
Lahore,31.5497,74.3436,2026-03-05 01:00:00+00:00,20.4,70,984.8,1.84
Lahore,31.5497,74.3436,2026-03-05 02:00:00+00:00,20.0,72,985.0,1.56
Lahore,31.5497,74.3436,2026-03-05 03:00:00+00:00,21.7,65,985.7,1.56
Lahore,31.5497,74.3436,2026-03-05 04:00:00+00:00,24.5,55,985.9,0.99
Lahore,31.5497,74.3436,2026-03-05 05:00:00+00:00,28.3,42,986.4,1.3
Lahore,31.5497,74.3436,2026-03-05 06:00:00+00:00,30.8,32,986.7,1.88
Lahore,31.5497,74.3436,2026-03-05 07:00:00+00:00,32.9,26,986.4,2.16
Lahore,31.5497,74.3436,2026-03-05 08:00:00+00:00,34.2,24,985.5,2.22
Lahore,31.5497,74.3436,2026-03-05 09:00:00+00:00,34.9,23,984.2,2.21
Lahore,31.5497,74.3436,2026-03-05 10:00:00+00:00,35.0,23,983.4,2.42
Lahore,31.5497,74.3436,2026-03-05 11:00:00+00:00,34.5,25,982.6,2.49
Lahore,31.5497,74.3436,2026-03-05 12:00:00+00:00,33.1,30,982.4,2.49
Lahore,31.5497,74.3436,2026-03-05 13:00:00+00:00,31.3,37,982.5,2.11
Lahore,31.5497,74.3436,2026-03-05 14:00:00+00:00,29.6,45,982.6,1.5
Lahore,31.5497,74.3436,2026-03-05 15:00:00+00:00,28.3,51,982.9,1.45
Lahore,31.5497,74.3436,2026-03-05 16:00:00+00:00,27.5,53,983.4,1.55
Lahore,31.5497,74.3436,2026-03-05 17:00:00+00:00,26.5,54,983.6,1.65
Lahore,31.5497,74.3436,2026-03-05 18:00:00+00:00,25.6,55,983.7,0.86
Lahore,31.5497,74.3436,2026-03-05 19:00:00+00:00,24.7,58,983.7,0.07
Lahore,31.5497,74.3436,2026-03-05 20:00:00+00:00,23.7,62,983.4,0.21
Lahore,31.5497,74.3436,2026-03-05 21:00:00+00:00,22.9,65,983.0,0.53
Lahore,31.5497,74.3436,2026-03-05 22:00:00+00:00,22.3,67,982.7,0.5
Lahore,31.5497,74.3436,2026-03-05 23:00:00+00:00,21.4,71,982.2,0.62
Lahore,31.5497,74.3436,2026-03-06 00:00:00+00:00,21.0,76,982.4,0.5
Lahore,31.5497,74.3436,2026-03-06 01:00:00+00:00,19.9,81,982.9,0.8
Lahore,31.5497,74.3436,2026-03-06 02:00:00+00:00,19.5,81,983.3,1.07
Lahore,31.5497,74.3436,2026-03-06 03:00:00+00:00,21.8,71,984.2,1.25
Lahore,31.5497,74.3436,2026-03-06 04:00:00+00:00,25.5,57,984.9,0.81
Lahore,31.5497,74.3436,2026-03-06 05:00:00+00:00,28.9,44,985.2,0.67
Lahore,31.5497,74.3436,2026-03-06 06:00:00+00:00,31.3,36,985.4,0.73
Lahore,31.5497,74.3436,2026-03-06 07:00:00+00:00,33.9,26,985.0,0.83
Lahore,31.5497,74.3436,2026-03-06 08:00:00+00:00,35.1,22,984.2,0.52
Lahore,31.5497,74.3436,2026-03-06 09:00:00+00:00,35.8,20,983.1,0.41
Lahore,31.5497,74.3436,2026-03-06 10:00:00+00:00,36.0,18,982.6,0.18
Lahore,31.5497,74.3436,2026-03-06 11:00:00+00:00,35.7,17,982.3,0.36
Lahore,31.5497,74.3436,2026-03-06 12:00:00+00:00,34.5,18,982.3,1.01
Lahore,31.5497,74.3436,2026-03-06 13:00:00+00:00,31.8,22,982.6,0.99
Lahore,31.5497,74.3436,2026-03-06 14:00:00+00:00,29.9,24,983.2,1.24
Lahore,31.5497,74.3436,2026-03-06 15:00:00+00:00,28.3,29,983.7,1.1
Lahore,31.5497,74.3436,2026-03-06 16:00:00+00:00,26.5,34,984.2,1.23
Lahore,31.5497,74.3436,2026-03-06 17:00:00+00:00,25.0,41,984.3,1.14
Lahore,31.5497,74.3436,2026-03-06 18:00:00+00:00,24.0,48,984.3,1.06
Lahore,31.5497,74.3436,2026-03-06 19:00:00+00:00,23.2,50,984.2,1.31
Lahore,31.5497,74.3436,2026-03-06 20:00:00+00:00,22.1,52,984.3,1.48
Lahore,31.5497,74.3436,2026-03-06 21:00:00+00:00,21.1,54,984.0,1.46
Lahore,31.5497,74.3436,2026-03-06 22:00:00+00:00,20.3,56,983.8,1.48
Lahore,31.5497,74.3436,2026-03-06 23:00:00+00:00,19.9,61,983.8,2.39
Lahore,31.5497,74.3436,2026-03-07 00:00:00+00:00,19.3,82,983.9,2.48
Lahore,31.5497,74.3436,2026-03-07 01:00:00+00:00,19.1,85,984.7,2.31
Lahore,31.5497,74.3436,2026-03-07 02:00:00+00:00,19.3,81,985.5,2.77
Lahore,31.5497,74.3436,2026-03-07 03:00:00+00:00,21.1,76,986.2,2.57
Lahore,31.5497,74.3436,2026-03-07 04:00:00+00:00,24.2,68,986.7,2.23
Lahore,31.5497,74.3436,2026-03-07 05:00:00+00:00,27.6,56,987.0,2.12
Lahore,31.5497,74.3436,2026-03-07 06:00:00+00:00,30.5,45,987.5,2.33
Lahore,31.5497,74.3436,2026-03-07 07:00:00+00:00,33.2,29,987.2,2.45
Lahore,31.5497,74.3436,2026-03-07 08:00:00+00:00,34.6,22,986.3,2.19
Lahore,31.5497,74.3436,2026-03-07 09:00:00+00:00,35.1,20,985.3,1.9
Lahore,31.5497,74.3436,2026-03-07 10:00:00+00:00,35.3,19,984.8,1.64
Lahore,31.5497,74.3436,2026-03-07 11:00:00+00:00,35.0,18,984.6,1.52
Lahore,31.5497,74.3436,2026-03-07 12:00:00+00:00,33.8,20,984.7,1.35
Lahore,31.5497,74.3436,2026-03-07 13:00:00+00:00,31.2,32,985.1,1.65
Lahore,31.5497,74.3436,2026-03-07 14:00:00+00:00,28.7,52,986.0,2.1
Lahore,31.5497,74.3436,2026-03-07 15:00:00+00:00,26.9,67,986.3,2.45
Lahore,31.5497,74.3436,2026-03-07 16:00:00+00:00,25.5,73,986.9,2.02
Lahore,31.5497,74.3436,2026-03-07 17:00:00+00:00,24.7,76,987.1,1.58
Lahore,31.5497,74.3436,2026-03-07 18:00:00+00:00,23.9,84,987.0,1.55
Lahore,31.5497,74.3436,2026-03-07 19:00:00+00:00,23.4,86,987.1,1.21
Lahore,31.5497,74.3436,2026-03-07 20:00:00+00:00,22.4,89,986.9,0.95
Lahore,31.5497,74.3436,2026-03-07 21:00:00+00:00,21.8,91,986.4,1.14
Lahore,31.5497,74.3436,2026-03-07 22:00:00+00:00,21.3,91,986.0,1.53
Lahore,31.5497,74.3436,2026-03-07 23:00:00+00:00,20.6,93,985.6,1.14
Lahore,31.5497,74.3436,2026-03-08 00:00:00+00:00,20.4,96,985.7,1.24
Lahore,31.5497,74.3436,2026-03-08 01:00:00+00:00,20.1,95,986.1,1.01
Lahore,31.5497,74.3436,2026-03-08 02:00:00+00:00,20.4,92,986.7,0.81
Lahore,31.5497,74.3436,2026-03-08 03:00:00+00:00,22.6,81,987.5,0.62
Lahore,31.5497,74.3436,2026-03-08 04:00:00+00:00,26.4,65,988.4,0.35
Lahore,31.5497,74.3436,2026-03-08 05:00:00+00:00,29.8,49,988.8,0.11
Lahore,31.5497,74.3436,2026-03-08 06:00:00+00:00,30.7,42,989.0,0.11
Lahore,31.5497,74.3436,2026-03-08 07:00:00+00:00,33.0,34,988.3,0.52
Lahore,31.5497,74.3436,2026-03-08 08:00:00+00:00,34.1,30,987.5,0.96
Lahore,31.5497,74.3436,2026-03-08 09:00:00+00:00,34.6,28,986.3,1.3
Lahore,31.5497,74.3436,2026-03-08 10:00:00+00:00,33.7,30,985.8,1.54
Lahore,31.5497,74.3436,2026-03-08 11:00:00+00:00,33.9,28,985.1,0.74
Lahore,31.5497,74.3436,2026-03-08 12:00:00+00:00,32.9,32,985.1,1.45
Lahore,31.5497,74.3436,2026-03-08 13:00:00+00:00,31.5,36,985.2,1.05
Lahore,31.5497,74.3436,2026-03-08 14:00:00+00:00,30.4,40,986.2,1.41
Lahore,31.5497,74.3436,2026-03-08 15:00:00+00:00,29.3,45,986.7,1.44
Lahore,31.5497,74.3436,2026-03-08 16:00:00+00:00,28.1,49,986.7,1.11
Lahore,31.5497,74.3436,2026-03-08 17:00:00+00:00,27.4,51,986.6,1.17
Lahore,31.5497,74.3436,2026-03-08 18:00:00+00:00,26.8,56,987.0,0.92
Lahore,31.5497,74.3436,2026-03-08 19:00:00+00:00,25.8,60,986.7,0.89
Lahore,31.5497,74.3436,2026-03-08 20:00:00+00:00,24.3,65,986.7,1.19
Lahore,31.5497,74.3436,2026-03-08 21:00:00+00:00,23.0,70,986.2,1.2
Lahore,31.5497,74.3436,2026-03-08 22:00:00+00:00,22.0,74,985.5,1.01
Lahore,31.5497,74.3436,2026-03-08 23:00:00+00:00,21.9,74,985.1,0.59
Lahore,31.5497,74.3436,2026-03-09 00:00:00+00:00,21.6,78,985.3,0.34
Lahore,31.5497,74.3436,2026-03-09 01:00:00+00:00,21.3,79,985.5,0.43
Lahore,31.5497,74.3436,2026-03-09 02:00:00+00:00,21.4,79,985.9,0.56
Lahore,31.5497,74.3436,2026-03-09 03:00:00+00:00,23.5,70,986.6,1.0
Lahore,31.5497,74.3436,2026-03-09 04:00:00+00:00,26.9,57,987.1,0.92
Lahore,31.5497,74.3436,2026-03-09 05:00:00+00:00,29.6,47,987.4,0.92
Lahore,31.5497,74.3436,2026-03-09 06:00:00+00:00,31.7,39,987.5,1.5
Lahore,31.5497,74.3436,2026-03-09 07:00:00+00:00,33.8,31,987.4,1.42
Lahore,31.5497,74.3436,2026-03-09 08:00:00+00:00,34.9,28,986.6,1.21
Lahore,31.5497,74.3436,2026-03-09 09:00:00+00:00,35.4,26,985.6,1.33
Lahore,31.5497,74.3436,2026-03-09 10:00:00+00:00,35.3,25,984.7,1.39
Lahore,31.5497,74.3436,2026-03-09 11:00:00+00:00,35.0,26,984.7,1.54
Lahore,31.5497,74.3436,2026-03-09 12:00:00+00:00,33.6,27,985.1,1.2
Lahore,31.5497,74.3436,2026-03-09 13:00:00+00:00,32.1,34,985.4,0.55
Lahore,31.5497,74.3436,2026-03-09 14:00:00+00:00,30.4,37,986.0,0.46
Lahore,31.5497,74.3436,2026-03-09 15:00:00+00:00,28.8,40,986.5,0.85
Lahore,31.5497,74.3436,2026-03-09 16:00:00+00:00,27.8,46,986.8,1.65
Lahore,31.5497,74.3436,2026-03-09 17:00:00+00:00,25.9,54,987.4,0.93
Lahore,31.5497,74.3436,2026-03-09 18:00:00+00:00,24.9,62,987.5,1.08
Lahore,31.5497,74.3436,2026-03-09 19:00:00+00:00,24.2,65,987.4,1.31
Lahore,31.5497,74.3436,2026-03-09 20:00:00+00:00,23.5,70,987.4,1.35
Lahore,31.5497,74.3436,2026-03-09 21:00:00+00:00,22.7,77,987.3,1.46
Lahore,31.5497,74.3436,2026-03-09 22:00:00+00:00,22.2,88,987.4,2.75
Lahore,31.5497,74.3436,2026-03-09 23:00:00+00:00,22.2,90,986.8,2.2
Lahore,31.5497,74.3436,2026-03-10 00:00:00+00:00,21.7,91,987.3,1.53
Lahore,31.5497,74.3436,2026-03-10 01:00:00+00:00,21.5,92,987.8,1.54
Lahore,31.5497,74.3436,2026-03-10 02:00:00+00:00,21.7,90,988.8,1.97
Lahore,31.5497,74.3436,2026-03-10 03:00:00+00:00,23.3,82,989.4,1.37
Lahore,31.5497,74.3436,2026-03-10 04:00:00+00:00,26.3,67,990.2,1.12
Lahore,31.5497,74.3436,2026-03-10 05:00:00+00:00,28.8,57,990.3,1.52
Lahore,31.5497,74.3436,2026-03-10 06:00:00+00:00,29.9,54,990.7,2.17
Lahore,31.5497,74.3436,2026-03-10 07:00:00+00:00,32.3,42,990.0,2.29
Lahore,31.5497,74.3436,2026-03-10 08:00:00+00:00,34.7,27,989.3,1.95
Lahore,31.5497,74.3436,2026-03-10 09:00:00+00:00,36.1,18,987.9,2.31
Lahore,31.5497,74.3436,2026-03-10 10:00:00+00:00,35.8,15,987.0,1.78
Lahore,31.5497,74.3436,2026-03-10 11:00:00+00:00,34.8,15,986.4,1.52
Lahore,31.5497,74.3436,2026-03-10 12:00:00+00:00,33.6,16,986.3,3.8
Lahore,31.5497,74.3436,2026-03-10 13:00:00+00:00,32.0,19,986.4,2.3
Lahore,31.5497,74.3436,2026-03-10 14:00:00+00:00,30.1,24,986.7,1.41
Lahore,31.5497,74.3436,2026-03-10 15:00:00+00:00,27.8,31,987.2,0.97
Lahore,31.5497,74.3436,2026-03-10 16:00:00+00:00,26.4,36,987.1,1.23
Lahore,31.5497,74.3436,2026-03-10 17:00:00+00:00,25.7,41,987.7,0.54
Lahore,31.5497,74.3436,2026-03-10 18:00:00+00:00,24.9,53,987.5,0.45
Lahore,31.5497,74.3436,2026-03-10 19:00:00+00:00,24.0,57,987.3,1.48
Lahore,31.5497,74.3436,2026-03-10 20:00:00+00:00,23.2,65,986.9,2.1
Lahore,31.5497,74.3436,2026-03-10 21:00:00+00:00,23.0,70,986.4,1.68
Lahore,31.5497,74.3436,2026-03-10 22:00:00+00:00,22.8,71,985.7,1.8
Lahore,31.5497,74.3436,2026-03-10 23:00:00+00:00,22.3,71,986.1,0.76
Lahore,31.5497,74.3436,2026-03-11 00:00:00+00:00,20.9,88,986.8,1.49
Lahore,31.5497,74.3436,2026-03-11 01:00:00+00:00,20.1,91,986.8,0.98
Lahore,31.5497,74.3436,2026-03-11 02:00:00+00:00,20.7,87,987.4,1.54
Lahore,31.5497,74.3436,2026-03-11 03:00:00+00:00,22.7,76,987.8,1.78
Lahore,31.5497,74.3436,2026-03-11 04:00:00+00:00,26.2,57,988.6,0.99
Lahore,31.5497,74.3436,2026-03-11 05:00:00+00:00,29.2,43,988.9,1.04
Lahore,31.5497,74.3436,2026-03-11 06:00:00+00:00,30.3,39,988.6,0.72
Lahore,31.5497,74.3436,2026-03-11 07:00:00+00:00,32.3,31,988.4,0.75
Lahore,31.5497,74.3436,2026-03-11 08:00:00+00:00,33.3,26,986.9,0.95
Lahore,31.5497,74.3436,2026-03-11 09:00:00+00:00,33.9,25,985.6,1.5
Lahore,31.5497,74.3436,2026-03-11 10:00:00+00:00,33.1,29,985.2,2.77
Lahore,31.5497,74.3436,2026-03-11 11:00:00+00:00,30.9,36,985.4,2.5
Lahore,31.5497,74.3436,2026-03-11 12:00:00+00:00,31.1,34,985.2,2.23
Lahore,31.5497,74.3436,2026-03-11 13:00:00+00:00,29.8,39,985.2,2.25
Lahore,31.5497,74.3436,2026-03-11 14:00:00+00:00,28.2,43,985.5,1.88
Lahore,31.5497,74.3436,2026-03-11 15:00:00+00:00,27.5,45,985.8,1.5
Lahore,31.5497,74.3436,2026-03-11 16:00:00+00:00,26.7,48,985.7,1.63
Lahore,31.5497,74.3436,2026-03-11 17:00:00+00:00,25.6,53,984.9,1.06
Lahore,31.5497,74.3436,2026-03-11 18:00:00+00:00,25.2,72,985.4,2.75
Lahore,31.5497,74.3436,2026-03-11 19:00:00+00:00,24.1,65,984.7,2.44
Lahore,31.5497,74.3436,2026-03-11 20:00:00+00:00,23.7,66,984.4,3.1
Lahore,31.5497,74.3436,2026-03-11 21:00:00+00:00,23.6,67,982.7,1.59
Lahore,31.5497,74.3436,2026-03-11 22:00:00+00:00,22.0,73,983.2,1.39
Lahore,31.5497,74.3436,2026-03-11 23:00:00+00:00,21.3,76,981.7,2.16
Lahore,31.5497,74.3436,2026-03-12 00:00:00+00:00,22.2,84,982.7,3.45
Lahore,31.5497,74.3436,2026-03-12 01:00:00+00:00,20.5,94,983.1,4.0
Lahore,31.5497,74.3436,2026-03-12 02:00:00+00:00,18.6,90,985.1,6.44
Lahore,31.5497,74.3436,2026-03-12 03:00:00+00:00,19.0,86,985.2,4.4
Lahore,31.5497,74.3436,2026-03-12 04:00:00+00:00,20.4,80,985.6,3.0
Lahore,31.5497,74.3436,2026-03-12 05:00:00+00:00,22.6,74,985.7,2.85
Lahore,31.5497,74.3436,2026-03-12 06:00:00+00:00,23.4,69,985.6,3.65
Lahore,31.5497,74.3436,2026-03-12 07:00:00+00:00,24.9,64,985.3,2.44
Lahore,31.5497,74.3436,2026-03-12 08:00:00+00:00,26.1,59,984.5,1.28
Lahore,31.5497,74.3436,2026-03-12 09:00:00+00:00,26.9,56,983.6,0.5
Lahore,31.5497,74.3436,2026-03-12 10:00:00+00:00,27.1,55,982.9,0.62
Lahore,31.5497,74.3436,2026-03-12 11:00:00+00:00,26.9,55,982.6,0.68
Lahore,31.5497,74.3436,2026-03-12 12:00:00+00:00,27.6,46,982.7,0.99
Lahore,31.5497,74.3436,2026-03-12 13:00:00+00:00,25.6,61,982.7,1.15
Lahore,31.5497,74.3436,2026-03-12 14:00:00+00:00,24.3,64,983.4,1.88
Lahore,31.5497,74.3436,2026-03-12 15:00:00+00:00,22.8,70,984.1,1.53
Lahore,31.5497,74.3436,2026-03-12 16:00:00+00:00,21.9,71,984.8,1.74
Lahore,31.5497,74.3436,2026-03-12 17:00:00+00:00,21.2,72,984.9,2.12
Lahore,31.5497,74.3436,2026-03-12 18:00:00+00:00,21.2,85,985.1,1.45
Lahore,31.5497,74.3436,2026-03-12 19:00:00+00:00,21.0,85,984.6,1.29
Lahore,31.5497,74.3436,2026-03-12 20:00:00+00:00,20.8,84,984.6,1.76
Lahore,31.5497,74.3436,2026-03-12 21:00:00+00:00,19.8,86,984.1,1.57
Lahore,31.5497,74.3436,2026-03-12 22:00:00+00:00,18.9,88,983.6,1.35
Lahore,31.5497,74.3436,2026-03-12 23:00:00+00:00,18.7,87,983.6,1.68
Lahore,31.5497,74.3436,2026-03-13 00:00:00+00:00,18.0,88,983.5,1.31
Lahore,31.5497,74.3436,2026-03-13 01:00:00+00:00,17.8,88,983.8,1.28
Lahore,31.5497,74.3436,2026-03-13 02:00:00+00:00,18.3,86,984.4,0.47
Lahore,31.5497,74.3436,2026-03-13 03:00:00+00:00,19.9,79,985.5,0.22
Lahore,31.5497,74.3436,2026-03-13 04:00:00+00:00,22.1,69,986.4,0.69
Lahore,31.5497,74.3436,2026-03-13 05:00:00+00:00,24.5,59,986.4,1.14
Lahore,31.5497,74.3436,2026-03-13 06:00:00+00:00,26.7,51,986.6,1.94
Lahore,31.5497,74.3436,2026-03-13 07:00:00+00:00,28.1,43,986.1,2.34
Lahore,31.5497,74.3436,2026-03-13 08:00:00+00:00,29.1,31,985.0,2.63
Lahore,31.5497,74.3436,2026-03-13 09:00:00+00:00,29.7,26,984.3,3.01
Lahore,31.5497,74.3436,2026-03-13 10:00:00+00:00,29.5,26,983.6,3.09
Lahore,31.5497,74.3436,2026-03-13 11:00:00+00:00,29.0,28,983.5,3.04
Lahore,31.5497,74.3436,2026-03-13 12:00:00+00:00,27.6,36,983.5,2.66
Lahore,31.5497,74.3436,2026-03-13 13:00:00+00:00,24.7,48,983.5,1.81
Lahore,31.5497,74.3436,2026-03-13 14:00:00+00:00,23.1,54,983.7,1.71
Lahore,31.5497,74.3436,2026-03-13 15:00:00+00:00,22.3,57,984.0,1.8
Lahore,31.5497,74.3436,2026-03-13 16:00:00+00:00,21.9,60,984.4,1.9
Lahore,31.5497,74.3436,2026-03-13 17:00:00+00:00,21.3,62,984.4,1.86
Lahore,31.5497,74.3436,2026-03-13 18:00:00+00:00,21.1,69,984.3,1.76
Lahore,31.5497,74.3436,2026-03-13 19:00:00+00:00,20.7,70,984.4,2.04
Lahore,31.5497,74.3436,2026-03-13 20:00:00+00:00,20.2,69,983.9,1.69
Lahore,31.5497,74.3436,2026-03-13 21:00:00+00:00,19.7,66,983.5,1.69
Lahore,31.5497,74.3436,2026-03-13 22:00:00+00:00,19.2,64,982.9,1.68
Lahore,31.5497,74.3436,2026-03-13 23:00:00+00:00,18.2,63,982.4,1.72
Lahore,31.5497,74.3436,2026-03-14 00:00:00+00:00,18.2,66,982.5,2.02
Lahore,31.5497,74.3436,2026-03-14 01:00:00+00:00,17.5,68,983.0,2.08
Lahore,31.5497,74.3436,2026-03-14 02:00:00+00:00,17.8,66,983.2,2.19
Lahore,31.5497,74.3436,2026-03-14 03:00:00+00:00,19.7,61,983.8,2.23
Lahore,31.5497,74.3436,2026-03-14 04:00:00+00:00,22.1,56,984.6,1.21
Lahore,31.5497,74.3436,2026-03-14 05:00:00+00:00,24.3,50,984.9,1.21
Lahore,31.5497,74.3436,2026-03-14 06:00:00+00:00,26.8,39,985.0,2.11
Lahore,31.5497,74.3436,2026-03-14 07:00:00+00:00,28.1,33,984.6,1.93
Lahore,31.5497,74.3436,2026-03-14 08:00:00+00:00,29.0,27,983.9,1.77
Lahore,31.5497,74.3436,2026-03-14 09:00:00+00:00,29.8,24,982.9,2.1
Lahore,31.5497,74.3436,2026-03-14 10:00:00+00:00,29.9,22,982.0,1.99
Lahore,31.5497,74.3436,2026-03-14 11:00:00+00:00,29.5,23,981.3,1.83
Lahore,31.5497,74.3436,2026-03-14 12:00:00+00:00,27.6,37,981.1,0.92
Lahore,31.5497,74.3436,2026-03-14 13:00:00+00:00,25.9,40,981.3,1.3
Lahore,31.5497,74.3436,2026-03-14 14:00:00+00:00,24.8,39,981.7,1.51
Lahore,31.5497,74.3436,2026-03-14 15:00:00+00:00,24.4,43,982.3,1.0
Lahore,31.5497,74.3436,2026-03-14 16:00:00+00:00,23.5,46,982.8,0.85
Lahore,31.5497,74.3436,2026-03-14 17:00:00+00:00,22.9,48,982.9,0.81
Lahore,31.5497,74.3436,2026-03-14 18:00:00+00:00,22.7,52,982.8,1.31
Lahore,31.5497,74.3436,2026-03-14 19:00:00+00:00,23.2,49,982.6,0.43
Lahore,31.5497,74.3436,2026-03-14 20:00:00+00:00,20.2,56,982.1,1.39
Lahore,31.5497,74.3436,2026-03-14 21:00:00+00:00,18.8,62,981.7,1.62
Lahore,31.5497,74.3436,2026-03-14 22:00:00+00:00,18.0,70,981.8,0.83
Lahore,31.5497,74.3436,2026-03-14 23:00:00+00:00,17.5,76,983.2,2.49
Lahore,31.5497,74.3436,2026-03-15 00:00:00+00:00,19.0,67,982.4,2.66
Lahore,31.5497,74.3436,2026-03-15 01:00:00+00:00,18.4,74,983.0,3.15
Lahore,31.5497,74.3436,2026-03-15 02:00:00+00:00,17.9,80,982.7,3.05
Lahore,31.5497,74.3436,2026-03-15 03:00:00+00:00,18.4,82,983.2,2.82
Lahore,31.5497,74.3436,2026-03-15 04:00:00+00:00,20.4,72,984.3,2.94
Lahore,31.5497,74.3436,2026-03-15 05:00:00+00:00,21.4,64,984.8,2.66
Lahore,31.5497,74.3436,2026-03-15 06:00:00+00:00,22.4,59,985.2,4.76
Lahore,31.5497,74.3436,2026-03-15 07:00:00+00:00,22.5,56,985.1,3.72
Lahore,31.5497,74.3436,2026-03-15 08:00:00+00:00,21.6,60,985.2,2.84
Lahore,31.5497,74.3436,2026-03-15 09:00:00+00:00,20.8,65,983.1,3.48
Lahore,31.5497,74.3436,2026-03-15 10:00:00+00:00,21.5,62,982.8,4.66
Lahore,31.5497,74.3436,2026-03-15 11:00:00+00:00,20.3,68,983.2,2.62
Lahore,31.5497,74.3436,2026-03-15 12:00:00+00:00,17.7,79,984.3,2.71
Lahore,31.5497,74.3436,2026-03-15 13:00:00+00:00,16.4,89,984.9,3.17
Lahore,31.5497,74.3436,2026-03-15 14:00:00+00:00,16.3,85,983.3,3.14
Lahore,31.5497,74.3436,2026-03-15 15:00:00+00:00,15.9,88,983.6,2.36
Lahore,31.5497,74.3436,2026-03-15 16:00:00+00:00,15.7,91,984.3,3.15
Lahore,31.5497,74.3436,2026-03-15 17:00:00+00:00,15.6,89,984.9,3.2
Lahore,31.5497,74.3436,2026-03-15 18:00:00+00:00,15.4,88,984.7,3.66
Lahore,31.5497,74.3436,2026-03-15 19:00:00+00:00,15.2,89,984.6,3.3
Lahore,31.5497,74.3436,2026-03-15 20:00:00+00:00,14.8,86,984.3,4.18
Lahore,31.5497,74.3436,2026-03-15 21:00:00+00:00,15.1,81,982.6,4.85
Lahore,31.5497,74.3436,2026-03-15 22:00:00+00:00,14.5,85,982.8,2.98
Lahore,31.5497,74.3436,2026-03-15 23:00:00+00:00,14.3,85,982.6,2.84
Lahore,31.5497,74.3436,2026-03-16 00:00:00+00:00,14.7,81,984.7,3.65
Lahore,31.5497,74.3436,2026-03-16 01:00:00+00:00,14.0,80,985.1,3.67
Lahore,31.5497,74.3436,2026-03-16 02:00:00+00:00,13.7,85,985.9,3.01
Lahore,31.5497,74.3436,2026-03-16 03:00:00+00:00,14.6,85,986.0,3.3
Lahore,31.5497,74.3436,2026-03-16 04:00:00+00:00,15.9,81,986.2,3.33
Lahore,31.5497,74.3436,2026-03-16 05:00:00+00:00,18.2,70,986.0,3.04
Lahore,31.5497,74.3436,2026-03-16 06:00:00+00:00,17.2,75,985.9,3.55
Lahore,31.5497,74.3436,2026-03-16 07:00:00+00:00,18.2,68,985.8,3.17
Lahore,31.5497,74.3436,2026-03-16 08:00:00+00:00,20.7,58,985.2,2.81
Lahore,31.5497,74.3436,2026-03-16 09:00:00+00:00,21.0,55,984.8,3.03
Lahore,31.5497,74.3436,2026-03-16 10:00:00+00:00,20.7,57,984.7,2.75
Lahore,31.5497,74.3436,2026-03-16 11:00:00+00:00,20.2,59,984.0,2.48
Lahore,31.5497,74.3436,2026-03-16 12:00:00+00:00,21.1,55,984.1,2.36
Lahore,31.5497,74.3436,2026-03-16 13:00:00+00:00,18.9,68,984.2,1.7
Lahore,31.5497,74.3436,2026-03-16 14:00:00+00:00,17.7,74,984.7,0.62
Lahore,31.5497,74.3436,2026-03-16 15:00:00+00:00,16.7,78,985.0,0.76
Lahore,31.5497,74.3436,2026-03-16 16:00:00+00:00,15.7,82,985.3,1.1
Lahore,31.5497,74.3436,2026-03-16 17:00:00+00:00,15.0,85,985.7,1.63
Lahore,31.5497,74.3436,2026-03-16 18:00:00+00:00,15.2,85,986.1,0.56
Lahore,31.5497,74.3436,2026-03-16 19:00:00+00:00,15.3,84,985.8,1.61
Lahore,31.5497,74.3436,2026-03-16 20:00:00+00:00,14.9,84,985.7,1.7
Lahore,31.5497,74.3436,2026-03-16 21:00:00+00:00,14.7,84,985.1,2.28
Lahore,31.5497,74.3436,2026-03-16 22:00:00+00:00,14.1,87,984.6,1.46
Lahore,31.5497,74.3436,2026-03-16 23:00:00+00:00,13.7,89,984.5,1.17
Lahore,31.5497,74.3436,2026-03-17 00:00:00+00:00,13.7,90,984.5,1.9
Lahore,31.5497,74.3436,2026-03-17 01:00:00+00:00,13.7,87,984.7,1.9
Lahore,31.5497,74.3436,2026-03-17 02:00:00+00:00,14.2,85,985.1,1.89
Lahore,31.5497,74.3436,2026-03-17 03:00:00+00:00,15.7,83,985.6,2.5
Lahore,31.5497,74.3436,2026-03-17 04:00:00+00:00,18.4,75,986.2,1.94
Lahore,31.5497,74.3436,2026-03-17 05:00:00+00:00,20.8,64,986.6,2.06
Lahore,31.5497,74.3436,2026-03-17 06:00:00+00:00,22.5,54,986.8,2.61
Lahore,31.5497,74.3436,2026-03-17 07:00:00+00:00,23.4,44,986.2,2.84
Lahore,31.5497,74.3436,2026-03-17 08:00:00+00:00,24.1,39,985.7,2.25
Lahore,31.5497,74.3436,2026-03-17 09:00:00+00:00,24.9,37,985.1,1.41
Lahore,31.5497,74.3436,2026-03-17 10:00:00+00:00,25.0,36,984.6,1.01
Lahore,31.5497,74.3436,2026-03-17 11:00:00+00:00,24.9,36,984.1,0.85
Lahore,31.5497,74.3436,2026-03-17 12:00:00+00:00,24.1,42,983.9,1.04
Lahore,31.5497,74.3436,2026-03-17 13:00:00+00:00,21.8,58,983.9,0.4
Lahore,31.5497,74.3436,2026-03-17 14:00:00+00:00,20.2,61,983.9,0.41
Lahore,31.5497,74.3436,2026-03-17 15:00:00+00:00,18.4,68,984.2,1.54
Lahore,31.5497,74.3436,2026-03-17 16:00:00+00:00,18.0,66,984.6,0.68
Lahore,31.5497,74.3436,2026-03-17 17:00:00+00:00,16.9,70,984.9,1.0
Lahore,31.5497,74.3436,2026-03-17 18:00:00+00:00,16.6,72,984.8,1.44
Lahore,31.5497,74.3436,2026-03-17 19:00:00+00:00,16.8,70,985.3,1.74
Lahore,31.5497,74.3436,2026-03-17 20:00:00+00:00,17.2,70,985.2,1.61
Lahore,31.5497,74.3436,2026-03-17 21:00:00+00:00,16.4,73,985.0,1.54
Lahore,31.5497,74.3436,2026-03-17 22:00:00+00:00,16.9,67,985.8,3.43
Lahore,31.5497,74.3436,2026-03-17 23:00:00+00:00,16.0,79,985.4,3.95
Lahore,31.5497,74.3436,2026-03-18 00:00:00+00:00,17.1,77,984.4,1.52
Lahore,31.5497,74.3436,2026-03-18 01:00:00+00:00,17.3,74,984.9,2.24
Lahore,31.5497,74.3436,2026-03-18 02:00:00+00:00,17.3,76,984.7,2.07
Lahore,31.5497,74.3436,2026-03-18 03:00:00+00:00,17.9,76,986.1,0.68
Lahore,31.5497,74.3436,2026-03-18 04:00:00+00:00,19.4,73,986.8,1.16
Lahore,31.5497,74.3436,2026-03-18 05:00:00+00:00,20.4,70,987.4,0.9
Lahore,31.5497,74.3436,2026-03-18 06:00:00+00:00,20.4,73,988.9,1.77
Lahore,31.5497,74.3436,2026-03-18 07:00:00+00:00,18.8,72,988.8,1.73
Lahore,31.5497,74.3436,2026-03-18 08:00:00+00:00,18.2,72,988.5,0.62
Lahore,31.5497,74.3436,2026-03-18 09:00:00+00:00,17.7,79,987.8,1.54
Lahore,31.5497,74.3436,2026-03-18 10:00:00+00:00,18.0,79,987.1,2.3
Lahore,31.5497,74.3436,2026-03-18 11:00:00+00:00,18.1,80,986.6,2.29
Lahore,31.5497,74.3436,2026-03-18 12:00:00+00:00,17.5,83,987.4,3.61
Lahore,31.5497,74.3436,2026-03-18 13:00:00+00:00,17.3,82,987.0,3.75
Lahore,31.5497,74.3436,2026-03-18 14:00:00+00:00,16.6,83,987.0,2.97
Lahore,31.5497,74.3436,2026-03-18 15:00:00+00:00,16.4,82,987.7,2.55
Lahore,31.5497,74.3436,2026-03-18 16:00:00+00:00,16.7,76,987.7,2.5
Lahore,31.5497,74.3436,2026-03-18 17:00:00+00:00,16.4,74,987.8,2.97
Lahore,31.5497,74.3436,2026-03-18 18:00:00+00:00,16.9,76,988.3,0.85
Lahore,31.5497,74.3436,2026-03-18 19:00:00+00:00,16.4,79,988.2,2.27
Lahore,31.5497,74.3436,2026-03-18 20:00:00+00:00,15.7,83,987.7,2.82
Lahore,31.5497,74.3436,2026-03-18 21:00:00+00:00,15.9,84,987.6,1.33
Lahore,31.5497,74.3436,2026-03-18 22:00:00+00:00,15.4,86,987.2,3.55
Lahore,31.5497,74.3436,2026-03-18 23:00:00+00:00,15.8,85,987.0,3.35
Lahore,31.5497,74.3436,2026-03-19 00:00:00+00:00,15.7,83,986.6,2.41
Lahore,31.5497,74.3436,2026-03-19 01:00:00+00:00,15.2,86,986.8,2.06
Lahore,31.5497,74.3436,2026-03-19 02:00:00+00:00,15.5,87,987.5,2.28
Lahore,31.5497,74.3436,2026-03-19 03:00:00+00:00,16.8,85,988.2,2.06
Lahore,31.5497,74.3436,2026-03-19 04:00:00+00:00,18.8,78,988.6,1.49
Lahore,31.5497,74.3436,2026-03-19 05:00:00+00:00,20.5,75,988.8,1.12
Lahore,31.5497,74.3436,2026-03-19 06:00:00+00:00,21.9,72,989.2,1.52
Lahore,31.5497,74.3436,2026-03-19 07:00:00+00:00,20.0,75,989.4,3.21
Lahore,31.5497,74.3436,2026-03-19 08:00:00+00:00,19.3,81,988.8,1.72
Lahore,31.5497,74.3436,2026-03-19 09:00:00+00:00,19.5,81,987.7,0.68
Lahore,31.5497,74.3436,2026-03-19 10:00:00+00:00,19.6,80,986.9,0.2
Lahore,31.5497,74.3436,2026-03-19 11:00:00+00:00,18.9,83,985.9,2.0
Lahore,31.5497,74.3436,2026-03-19 12:00:00+00:00,18.2,90,986.2,2.19
Lahore,31.5497,74.3436,2026-03-19 13:00:00+00:00,17.7,90,986.3,2.5
Lahore,31.5497,74.3436,2026-03-19 14:00:00+00:00,17.0,93,986.5,2.39
Lahore,31.5497,74.3436,2026-03-19 15:00:00+00:00,16.6,96,986.7,1.69
Lahore,31.5497,74.3436,2026-03-19 16:00:00+00:00,15.6,97,986.8,1.29
Lahore,31.5497,74.3436,2026-03-19 17:00:00+00:00,14.9,96,986.8,0.86
Lahore,31.5497,74.3436,2026-03-19 18:00:00+00:00,15.6,97,987.1,0.93
Lahore,31.5497,74.3436,2026-03-19 19:00:00+00:00,15.5,96,987.0,0.46
Lahore,31.5497,74.3436,2026-03-19 20:00:00+00:00,15.4,96,986.5,0.07
Lahore,31.5497,74.3436,2026-03-19 21:00:00+00:00,15.2,97,985.9,0.34
Lahore,31.5497,74.3436,2026-03-19 22:00:00+00:00,14.9,98,985.3,0.32
Lahore,31.5497,74.3436,2026-03-19 23:00:00+00:00,14.6,99,985.1,0.97
Lahore,31.5497,74.3436,2026-03-20 00:00:00+00:00,14.9,99,984.8,1.13
Lahore,31.5497,74.3436,2026-03-20 01:00:00+00:00,14.5,99,985.2,0.75
Lahore,31.5497,74.3436,2026-03-20 02:00:00+00:00,15.3,98,985.8,1.46
Lahore,31.5497,74.3436,2026-03-20 03:00:00+00:00,16.3,94,986.5,1.75
Lahore,31.5497,74.3436,2026-03-20 04:00:00+00:00,18.1,83,986.8,1.87
Lahore,31.5497,74.3436,2026-03-20 05:00:00+00:00,19.5,73,987.1,1.12
Lahore,31.5497,74.3436,2026-03-20 06:00:00+00:00,20.2,66,987.0,0.73
Lahore,31.5497,74.3436,2026-03-20 07:00:00+00:00,21.2,64,986.5,0.25
Lahore,31.5497,74.3436,2026-03-20 08:00:00+00:00,21.8,59,985.7,0.16
Lahore,31.5497,74.3436,2026-03-20 09:00:00+00:00,22.1,58,984.9,0.79
Lahore,31.5497,74.3436,2026-03-20 10:00:00+00:00,22.2,59,984.0,0.9
Lahore,31.5497,74.3436,2026-03-20 11:00:00+00:00,22.1,57,983.7,0.94
Lahore,31.5497,74.3436,2026-03-20 12:00:00+00:00,22.2,57,983.8,1.54
Lahore,31.5497,74.3436,2026-03-20 13:00:00+00:00,20.3,74,984.5,1.06
Lahore,31.5497,74.3436,2026-03-20 14:00:00+00:00,19.1,77,984.9,2.02
Lahore,31.5497,74.3436,2026-03-20 15:00:00+00:00,17.7,83,985.4,2.46
Lahore,31.5497,74.3436,2026-03-20 16:00:00+00:00,15.3,90,987.1,4.91
Lahore,31.5497,74.3436,2026-03-20 17:00:00+00:00,15.2,91,986.9,2.06
Lahore,31.5497,74.3436,2026-03-20 18:00:00+00:00,14.6,94,987.1,1.81
Lahore,31.5497,74.3436,2026-03-20 19:00:00+00:00,14.1,98,986.7,0.81
Lahore,31.5497,74.3436,2026-03-20 20:00:00+00:00,13.6,98,986.0,1.08
Lahore,31.5497,74.3436,2026-03-20 21:00:00+00:00,13.0,99,985.7,1.19
Lahore,31.5497,74.3436,2026-03-20 22:00:00+00:00,12.6,99,986.1,1.3
Lahore,31.5497,74.3436,2026-03-20 23:00:00+00:00,12.4,100,986.0,1.27
Lahore,31.5497,74.3436,2026-03-21 00:00:00+00:00,13.8,98,986.0,1.55
Lahore,31.5497,74.3436,2026-03-21 01:00:00+00:00,13.3,99,986.8,0.64
Lahore,31.5497,74.3436,2026-03-21 02:00:00+00:00,14.1,98,987.6,1.24
Lahore,31.5497,74.3436,2026-03-21 03:00:00+00:00,15.5,94,988.5,1.17
Lahore,31.5497,74.3436,2026-03-21 04:00:00+00:00,17.7,88,989.2,0.67
Lahore,31.5497,74.3436,2026-03-21 05:00:00+00:00,19.7,79,989.5,0.9
Lahore,31.5497,74.3436,2026-03-21 06:00:00+00:00,20.7,72,989.9,1.06
Lahore,31.5497,74.3436,2026-03-21 07:00:00+00:00,22.1,65,989.9,0.56
Lahore,31.5497,74.3436,2026-03-21 08:00:00+00:00,22.9,59,989.3,0.72
Lahore,31.5497,74.3436,2026-03-21 09:00:00+00:00,23.2,55,988.3,1.49
Lahore,31.5497,74.3436,2026-03-21 10:00:00+00:00,23.7,53,987.7,1.65
Lahore,31.5497,74.3436,2026-03-21 11:00:00+00:00,23.5,56,987.5,1.95
Lahore,31.5497,74.3436,2026-03-21 12:00:00+00:00,23.1,55,987.6,1.23
Lahore,31.5497,74.3436,2026-03-21 13:00:00+00:00,21.6,71,987.8,0.83
Lahore,31.5497,74.3436,2026-03-21 14:00:00+00:00,20.4,75,988.4,1.12
Lahore,31.5497,74.3436,2026-03-21 15:00:00+00:00,19.4,76,988.8,1.51
Lahore,31.5497,74.3436,2026-03-21 16:00:00+00:00,18.6,78,989.2,1.45
Lahore,31.5497,74.3436,2026-03-21 17:00:00+00:00,17.7,81,988.7,1.22
Lahore,31.5497,74.3436,2026-03-21 18:00:00+00:00,18.0,81,989.3,1.32
Lahore,31.5497,74.3436,2026-03-21 19:00:00+00:00,18.5,81,989.3,1.58
Lahore,31.5497,74.3436,2026-03-21 20:00:00+00:00,18.3,79,988.9,1.71
Lahore,31.5497,74.3436,2026-03-21 21:00:00+00:00,17.9,78,988.2,1.75
Lahore,31.5497,74.3436,2026-03-21 22:00:00+00:00,17.3,80,988.1,1.66
Lahore,31.5497,74.3436,2026-03-21 23:00:00+00:00,16.6,83,987.6,1.54
Lahore,31.5497,74.3436,2026-03-22 00:00:00+00:00,16.4,81,987.2,1.81
Lahore,31.5497,74.3436,2026-03-22 01:00:00+00:00,16.1,83,987.2,1.81
Lahore,31.5497,74.3436,2026-03-22 02:00:00+00:00,16.5,83,987.5,1.8
Lahore,31.5497,74.3436,2026-03-22 03:00:00+00:00,18.3,78,988.5,0.78
Lahore,31.5497,74.3436,2026-03-22 04:00:00+00:00,20.5,70,988.8,0.68
Lahore,31.5497,74.3436,2026-03-22 05:00:00+00:00,22.8,61,989.1,0.94
Lahore,31.5497,74.3436,2026-03-22 06:00:00+00:00,24.1,53,989.2,1.59
Lahore,31.5497,74.3436,2026-03-22 07:00:00+00:00,25.2,50,988.7,1.75
Lahore,31.5497,74.3436,2026-03-22 08:00:00+00:00,26.1,47,987.8,2.3
Lahore,31.5497,74.3436,2026-03-22 09:00:00+00:00,26.7,44,986.9,2.84
Lahore,31.5497,74.3436,2026-03-22 10:00:00+00:00,26.8,42,986.1,2.77
Lahore,31.5497,74.3436,2026-03-22 11:00:00+00:00,26.3,43,985.5,2.57
Lahore,31.5497,74.3436,2026-03-22 12:00:00+00:00,25.9,46,985.4,1.85
Lahore,31.5497,74.3436,2026-03-22 13:00:00+00:00,23.9,59,985.1,1.3
Lahore,31.5497,74.3436,2026-03-22 14:00:00+00:00,22.3,65,985.4,1.51
Lahore,31.5497,74.3436,2026-03-22 15:00:00+00:00,21.5,68,985.6,1.31
Lahore,31.5497,74.3436,2026-03-22 16:00:00+00:00,20.4,71,986.2,1.47
Lahore,31.5497,74.3436,2026-03-22 17:00:00+00:00,19.7,74,986.1,1.45
Lahore,31.5497,74.3436,2026-03-22 18:00:00+00:00,19.5,75,986.2,1.34
Lahore,31.5497,74.3436,2026-03-22 19:00:00+00:00,20.2,73,986.0,1.59
Lahore,31.5497,74.3436,2026-03-22 20:00:00+00:00,20.5,72,985.9,1.43
Lahore,31.5497,74.3436,2026-03-22 21:00:00+00:00,20.1,73,985.5,1.37
Lahore,31.5497,74.3436,2026-03-22 22:00:00+00:00,19.2,75,985.4,1.42
Lahore,31.5497,74.3436,2026-03-22 23:00:00+00:00,18.3,79,985.1,1.41
Lahore,31.5497,74.3436,2026-03-23 00:00:00+00:00,17.7,83,984.9,0.81
Lahore,31.5497,74.3436,2026-03-23 01:00:00+00:00,17.7,84,985.4,0.21
Lahore,31.5497,74.3436,2026-03-23 02:00:00+00:00,18.3,83,986.1,0.57
Lahore,31.5497,74.3436,2026-03-23 03:00:00+00:00,20.5,76,986.5,0.21
Lahore,31.5497,74.3436,2026-03-23 04:00:00+00:00,22.9,66,987.0,0.52
Lahore,31.5497,74.3436,2026-03-23 05:00:00+00:00,25.0,58,987.2,0.91
Lahore,31.5497,74.3436,2026-03-23 06:00:00+00:00,26.4,45,987.4,1.5
Lahore,31.5497,74.3436,2026-03-23 07:00:00+00:00,27.2,43,986.5,1.43
Lahore,31.5497,74.3436,2026-03-23 08:00:00+00:00,27.9,40,985.8,1.58
Lahore,31.5497,74.3436,2026-03-23 09:00:00+00:00,28.4,38,985.0,1.34
Lahore,31.5497,74.3436,2026-03-23 10:00:00+00:00,27.8,39,984.8,1.45
Lahore,31.5497,74.3436,2026-03-23 11:00:00+00:00,27.4,39,984.4,0.96
Lahore,31.5497,74.3436,2026-03-23 12:00:00+00:00,27.7,34,983.7,1.08
Lahore,31.5497,74.3436,2026-03-23 13:00:00+00:00,25.2,48,984.2,1.3
Lahore,31.5497,74.3436,2026-03-23 14:00:00+00:00,22.9,58,984.7,1.59
Lahore,31.5497,74.3436,2026-03-23 15:00:00+00:00,21.4,65,985.2,1.3
Lahore,31.5497,74.3436,2026-03-23 16:00:00+00:00,20.4,65,985.8,2.2
Lahore,31.5497,74.3436,2026-03-23 17:00:00+00:00,19.7,69,985.8,2.84
Lahore,31.5497,74.3436,2026-03-23 18:00:00+00:00,20.1,75,986.1,1.88
Lahore,31.5497,74.3436,2026-03-23 19:00:00+00:00,19.9,78,986.2,1.28
Lahore,31.5497,74.3436,2026-03-23 20:00:00+00:00,19.0,82,986.2,1.13
Lahore,31.5497,74.3436,2026-03-23 21:00:00+00:00,18.2,84,985.7,1.11
Lahore,31.5497,74.3436,2026-03-23 22:00:00+00:00,17.5,86,985.2,0.81
Lahore,31.5497,74.3436,2026-03-23 23:00:00+00:00,16.9,89,984.9,0.57
Lahore,31.5497,74.3436,2026-03-24 00:00:00+00:00,16.9,91,985.3,1.29
Lahore,31.5497,74.3436,2026-03-24 01:00:00+00:00,17.1,86,985.7,1.66
Lahore,31.5497,74.3436,2026-03-24 02:00:00+00:00,17.7,80,986.1,1.45
Lahore,31.5497,74.3436,2026-03-24 03:00:00+00:00,20.3,70,986.8,0.56
Lahore,31.5497,74.3436,2026-03-24 04:00:00+00:00,24.0,54,987.6,0.36
Lahore,31.5497,74.3436,2026-03-24 05:00:00+00:00,27.0,45,988.0,1.67
Lahore,31.5497,74.3436,2026-03-24 06:00:00+00:00,28.6,32,988.3,2.6
Lahore,31.5497,74.3436,2026-03-24 07:00:00+00:00,29.9,26,987.2,3.18
Lahore,31.5497,74.3436,2026-03-24 08:00:00+00:00,30.4,23,986.2,3.3
Lahore,31.5497,74.3436,2026-03-24 09:00:00+00:00,30.9,23,985.3,3.5
Lahore,31.5497,74.3436,2026-03-24 10:00:00+00:00,30.5,24,984.5,3.36
Lahore,31.5497,74.3436,2026-03-24 11:00:00+00:00,30.0,26,983.8,3.19
Lahore,31.5497,74.3436,2026-03-24 12:00:00+00:00,28.5,29,984.0,2.97
Lahore,31.5497,74.3436,2026-03-24 13:00:00+00:00,26.7,35,983.9,1.92
Lahore,31.5497,74.3436,2026-03-24 14:00:00+00:00,25.4,41,984.0,1.6
Lahore,31.5497,74.3436,2026-03-24 15:00:00+00:00,25.1,44,984.3,1.5
Lahore,31.5497,74.3436,2026-03-24 16:00:00+00:00,24.2,46,984.1,1.48
Lahore,31.5497,74.3436,2026-03-24 17:00:00+00:00,22.8,51,983.8,1.61
Lahore,31.5497,74.3436,2026-03-24 18:00:00+00:00,22.8,56,984.1,1.66
Lahore,31.5497,74.3436,2026-03-24 19:00:00+00:00,22.3,55,984.0,1.95
Lahore,31.5497,74.3436,2026-03-24 20:00:00+00:00,21.4,59,983.9,1.71
Lahore,31.5497,74.3436,2026-03-24 21:00:00+00:00,20.7,61,983.4,1.81
Lahore,31.5497,74.3436,2026-03-24 22:00:00+00:00,19.5,66,983.1,1.63
Lahore,31.5497,74.3436,2026-03-24 23:00:00+00:00,18.6,69,982.7,1.6
Lahore,31.5497,74.3436,2026-03-25 00:00:00+00:00,18.5,71,982.9,1.46
Lahore,31.5497,74.3436,2026-03-25 01:00:00+00:00,18.1,74,983.2,0.74
Lahore,31.5497,74.3436,2026-03-25 02:00:00+00:00,18.3,73,984.1,1.13
Lahore,31.5497,74.3436,2026-03-25 03:00:00+00:00,20.6,67,985.0,1.0
Lahore,31.5497,74.3436,2026-03-25 04:00:00+00:00,23.9,56,985.6,0.81
Lahore,31.5497,74.3436,2026-03-25 05:00:00+00:00,26.6,45,986.0,1.05
Lahore,31.5497,74.3436,2026-03-25 06:00:00+00:00,28.6,34,986.4,1.27
Lahore,31.5497,74.3436,2026-03-25 07:00:00+00:00,29.7,31,986.1,1.76
Lahore,31.5497,74.3436,2026-03-25 08:00:00+00:00,30.7,30,985.3,2.01
Lahore,31.5497,74.3436,2026-03-25 09:00:00+00:00,31.2,29,984.1,2.04
Lahore,31.5497,74.3436,2026-03-25 10:00:00+00:00,31.3,28,983.3,1.92
Lahore,31.5497,74.3436,2026-03-25 11:00:00+00:00,31.0,28,982.9,1.74
Lahore,31.5497,74.3436,2026-03-25 12:00:00+00:00,30.1,30,983.3,1.2
Lahore,31.5497,74.3436,2026-03-25 13:00:00+00:00,28.1,44,983.9,0.6
Lahore,31.5497,74.3436,2026-03-25 14:00:00+00:00,26.5,51,984.5,0.6
Lahore,31.5497,74.3436,2026-03-25 15:00:00+00:00,25.6,64,985.8,0.3
Lahore,31.5497,74.3436,2026-03-25 16:00:00+00:00,24.6,54,987.0,2.17
Lahore,31.5497,74.3436,2026-03-25 17:00:00+00:00,23.3,58,987.4,2.25
Lahore,31.5497,74.3436,2026-03-25 18:00:00+00:00,22.2,67,986.7,2.84
Lahore,31.5497,74.3436,2026-03-25 19:00:00+00:00,21.0,71,986.7,1.79
Lahore,31.5497,74.3436,2026-03-25 20:00:00+00:00,20.5,74,986.7,1.66
Lahore,31.5497,74.3436,2026-03-25 21:00:00+00:00,20.3,72,986.0,2.67
Lahore,31.5497,74.3436,2026-03-25 22:00:00+00:00,19.4,78,987.2,0.5
Lahore,31.5497,74.3436,2026-03-25 23:00:00+00:00,18.9,83,988.0,3.36
Lahore,31.5497,74.3436,2026-03-26 00:00:00+00:00,20.0,81,987.5,2.39
Lahore,31.5497,74.3436,2026-03-26 01:00:00+00:00,19.9,79,988.0,2.44
Lahore,31.5497,74.3436,2026-03-26 02:00:00+00:00,20.0,80,988.1,2.57
Lahore,31.5497,74.3436,2026-03-26 03:00:00+00:00,21.6,73,988.7,1.45
Lahore,31.5497,74.3436,2026-03-26 04:00:00+00:00,23.9,64,989.3,0.35
Lahore,31.5497,74.3436,2026-03-26 05:00:00+00:00,26.5,49,989.6,1.19
Lahore,31.5497,74.3436,2026-03-26 06:00:00+00:00,28.0,43,989.7,2.9
Lahore,31.5497,74.3436,2026-03-26 07:00:00+00:00,28.5,42,989.1,2.69
Lahore,31.5497,74.3436,2026-03-26 08:00:00+00:00,29.0,41,988.1,2.65
Lahore,31.5497,74.3436,2026-03-26 09:00:00+00:00,28.7,41,987.4,2.82
Lahore,31.5497,74.3436,2026-03-26 10:00:00+00:00,28.0,41,987.4,2.67
Lahore,31.5497,74.3436,2026-03-26 11:00:00+00:00,27.3,44,986.6,2.96
Lahore,31.5497,74.3436,2026-03-26 12:00:00+00:00,27.2,42,986.7,2.94
Lahore,31.5497,74.3436,2026-03-26 13:00:00+00:00,26.4,45,986.9,2.45
Lahore,31.5497,74.3436,2026-03-26 14:00:00+00:00,25.4,49,987.4,2.39
Lahore,31.5497,74.3436,2026-03-26 15:00:00+00:00,24.7,51,987.4,2.86
Lahore,31.5497,74.3436,2026-03-26 16:00:00+00:00,23.9,55,987.7,2.62
Lahore,31.5497,74.3436,2026-03-26 17:00:00+00:00,22.8,60,987.8,2.82
Lahore,31.5497,74.3436,2026-03-26 18:00:00+00:00,22.9,65,987.4,3.38
Lahore,31.5497,74.3436,2026-03-26 19:00:00+00:00,22.1,69,986.9,3.31
Lahore,31.5497,74.3436,2026-03-26 20:00:00+00:00,21.5,70,986.2,3.83
Lahore,31.5497,74.3436,2026-03-26 21:00:00+00:00,21.3,70,985.6,3.43
Lahore,31.5497,74.3436,2026-03-26 22:00:00+00:00,21.2,69,985.1,3.1
Lahore,31.5497,74.3436,2026-03-26 23:00:00+00:00,21.1,66,984.7,3.44
Lahore,31.5497,74.3436,2026-03-27 00:00:00+00:00,20.0,85,984.8,1.99
Lahore,31.5497,74.3436,2026-03-27 01:00:00+00:00,19.9,85,984.1,0.76
Lahore,31.5497,74.3436,2026-03-27 02:00:00+00:00,20.1,87,984.7,0.43
Lahore,31.5497,74.3436,2026-03-27 03:00:00+00:00,22.0,75,985.3,1.88
Lahore,31.5497,74.3436,2026-03-27 04:00:00+00:00,23.4,65,986.4,2.61
Lahore,31.5497,74.3436,2026-03-27 05:00:00+00:00,25.0,56,986.5,2.3
Lahore,31.5497,74.3436,2026-03-27 06:00:00+00:00,26.6,47,986.3,1.68
Lahore,31.5497,74.3436,2026-03-27 07:00:00+00:00,28.0,42,985.2,1.17
Lahore,31.5497,74.3436,2026-03-27 08:00:00+00:00,28.9,39,984.1,1.57
Lahore,31.5497,74.3436,2026-03-27 09:00:00+00:00,29.3,37,983.0,1.82
Lahore,31.5497,74.3436,2026-03-27 10:00:00+00:00,29.4,37,982.0,1.86
Lahore,31.5497,74.3436,2026-03-27 11:00:00+00:00,29.0,38,981.0,1.74
Lahore,31.5497,74.3436,2026-03-27 12:00:00+00:00,28.8,36,980.6,1.08
Lahore,31.5497,74.3436,2026-03-27 13:00:00+00:00,28.1,37,980.7,1.28
Lahore,31.5497,74.3436,2026-03-27 14:00:00+00:00,27.1,40,981.3,2.3
Lahore,31.5497,74.3436,2026-03-27 15:00:00+00:00,26.3,44,981.7,2.32
Lahore,31.5497,74.3436,2026-03-27 16:00:00+00:00,25.1,48,982.0,1.71
Lahore,31.5497,74.3436,2026-03-27 17:00:00+00:00,23.9,52,981.9,1.32
Lahore,31.5497,74.3436,2026-03-27 18:00:00+00:00,23.4,56,982.0,0.89
Lahore,31.5497,74.3436,2026-03-27 19:00:00+00:00,23.0,57,981.5,0.7
Lahore,31.5497,74.3436,2026-03-27 20:00:00+00:00,22.2,60,981.0,1.11
Lahore,31.5497,74.3436,2026-03-27 21:00:00+00:00,21.6,63,980.1,0.72
Lahore,31.5497,74.3436,2026-03-27 22:00:00+00:00,21.1,65,979.4,0.4
Lahore,31.5497,74.3436,2026-03-27 23:00:00+00:00,20.6,66,978.9,0.36
Lahore,31.5497,74.3436,2026-03-28 00:00:00+00:00,19.1,75,979.0,0.52
Lahore,31.5497,74.3436,2026-03-28 01:00:00+00:00,18.6,79,979.1,0.67
Lahore,31.5497,74.3436,2026-03-28 02:00:00+00:00,19.5,75,979.9,1.14
Lahore,31.5497,74.3436,2026-03-28 03:00:00+00:00,22.3,64,980.8,0.64
Lahore,31.5497,74.3436,2026-03-28 04:00:00+00:00,25.3,51,981.2,0.85
Lahore,31.5497,74.3436,2026-03-28 05:00:00+00:00,27.5,43,981.1,1.28
Lahore,31.5497,74.3436,2026-03-28 06:00:00+00:00,28.8,38,981.3,1.38
Lahore,31.5497,74.3436,2026-03-28 07:00:00+00:00,30.2,35,981.0,1.48
Lahore,31.5497,74.3436,2026-03-28 08:00:00+00:00,30.9,32,980.4,1.77
Lahore,31.5497,74.3436,2026-03-28 09:00:00+00:00,30.3,32,979.4,1.82
Lahore,31.5497,74.3436,2026-03-28 10:00:00+00:00,30.4,30,978.7,1.44
Lahore,31.5497,74.3436,2026-03-28 11:00:00+00:00,30.6,29,978.2,1.0
Lahore,31.5497,74.3436,2026-03-28 12:00:00+00:00,30.3,30,978.1,2.06
Lahore,31.5497,74.3436,2026-03-28 13:00:00+00:00,28.6,38,978.1,2.66
Lahore,31.5497,74.3436,2026-03-28 14:00:00+00:00,27.2,44,978.3,3.44
Lahore,31.5497,74.3436,2026-03-28 15:00:00+00:00,26.7,44,979.0,2.31
Lahore,31.5497,74.3436,2026-03-28 16:00:00+00:00,25.8,50,979.6,2.74
Lahore,31.5497,74.3436,2026-03-28 17:00:00+00:00,25.2,49,979.1,3.17
Lahore,31.5497,74.3436,2026-03-28 18:00:00+00:00,25.0,51,978.9,3.2
Lahore,31.5497,74.3436,2026-03-28 19:00:00+00:00,24.7,54,978.8,3.1
Lahore,31.5497,74.3436,2026-03-28 20:00:00+00:00,24.4,52,978.7,2.07
Lahore,31.5497,74.3436,2026-03-28 21:00:00+00:00,21.0,78,980.6,1.93
Lahore,31.5497,74.3436,2026-03-28 22:00:00+00:00,20.1,90,979.7,1.95
Lahore,31.5497,74.3436,2026-03-28 23:00:00+00:00,19.6,91,979.1,2.61
Lahore,31.5497,74.3436,2026-03-29 00:00:00+00:00,18.4,88,981.2,3.47
Lahore,31.5497,74.3436,2026-03-29 01:00:00+00:00,18.1,89,981.4,3.58
Lahore,31.5497,74.3436,2026-03-29 02:00:00+00:00,18.6,84,981.8,5.06
Lahore,31.5497,74.3436,2026-03-29 03:00:00+00:00,20.3,80,982.0,4.25
Lahore,31.5497,74.3436,2026-03-29 04:00:00+00:00,22.3,73,982.9,3.46
Lahore,31.5497,74.3436,2026-03-29 05:00:00+00:00,23.6,66,983.5,3.87
Lahore,31.5497,74.3436,2026-03-29 06:00:00+00:00,24.3,65,983.9,3.98
Lahore,31.5497,74.3436,2026-03-29 07:00:00+00:00,26.1,61,983.7,3.55
Lahore,31.5497,74.3436,2026-03-29 08:00:00+00:00,27.7,56,983.0,3.75
Lahore,31.5497,74.3436,2026-03-29 09:00:00+00:00,27.6,55,982.2,3.57
Lahore,31.5497,74.3436,2026-03-29 10:00:00+00:00,27.5,54,981.3,3.4
Lahore,31.5497,74.3436,2026-03-29 11:00:00+00:00,27.4,54,980.3,2.95
Lahore,31.5497,74.3436,2026-03-29 12:00:00+00:00,27.4,53,980.9,2.27
Lahore,31.5497,74.3436,2026-03-29 13:00:00+00:00,25.9,67,981.0,1.06
Lahore,31.5497,74.3436,2026-03-29 14:00:00+00:00,24.9,67,980.7,1.61
Lahore,31.5497,74.3436,2026-03-29 15:00:00+00:00,24.1,70,981.1,2.04
Lahore,31.5497,74.3436,2026-03-29 16:00:00+00:00,23.4,71,981.4,2.03
Lahore,31.5497,74.3436,2026-03-29 17:00:00+00:00,22.8,74,981.2,2.16
Lahore,31.5497,74.3436,2026-03-29 18:00:00+00:00,22.7,77,981.6,1.63
Lahore,31.5497,74.3436,2026-03-29 19:00:00+00:00,22.2,79,981.3,2.09
Lahore,31.5497,74.3436,2026-03-29 20:00:00+00:00,21.8,80,981.1,1.88
Lahore,31.5497,74.3436,2026-03-29 21:00:00+00:00,21.5,81,980.3,2.02
Lahore,31.5497,74.3436,2026-03-29 22:00:00+00:00,21.1,83,980.1,2.41
Lahore,31.5497,74.3436,2026-03-29 23:00:00+00:00,20.9,83,979.2,2.45
Lahore,31.5497,74.3436,2026-03-30 00:00:00+00:00,21.0,81,979.9,1.97
Lahore,31.5497,74.3436,2026-03-30 01:00:00+00:00,20.9,80,980.4,1.82
Lahore,31.5497,74.3436,2026-03-30 02:00:00+00:00,21.9,75,980.8,2.3
Lahore,31.5497,74.3436,2026-03-30 03:00:00+00:00,23.7,69,982.0,1.93
Lahore,31.5497,74.3436,2026-03-30 04:00:00+00:00,25.8,61,982.4,2.27
Lahore,31.5497,74.3436,2026-03-30 05:00:00+00:00,27.8,53,983.1,2.56
Lahore,31.5497,74.3436,2026-03-30 06:00:00+00:00,29.2,44,983.7,3.2
Lahore,31.5497,74.3436,2026-03-30 07:00:00+00:00,30.3,42,983.1,3.0
Lahore,31.5497,74.3436,2026-03-30 08:00:00+00:00,30.2,39,983.0,2.48
Lahore,31.5497,74.3436,2026-03-30 09:00:00+00:00,24.1,65,983.8,1.82
Lahore,31.5497,74.3436,2026-03-30 10:00:00+00:00,26.4,56,981.3,2.62
Lahore,31.5497,74.3436,2026-03-30 11:00:00+00:00,28.7,41,981.1,3.15
Lahore,31.5497,74.3436,2026-03-30 12:00:00+00:00,26.2,50,981.1,2.3
Lahore,31.5497,74.3436,2026-03-30 13:00:00+00:00,26.8,48,980.9,2.15
Lahore,31.5497,74.3436,2026-03-30 14:00:00+00:00,22.8,72,981.8,3.88
Lahore,31.5497,74.3436,2026-03-30 15:00:00+00:00,21.9,76,982.0,3.01
Lahore,31.5497,74.3436,2026-03-30 16:00:00+00:00,22.1,71,984.4,1.94
Lahore,31.5497,74.3436,2026-03-30 17:00:00+00:00,21.5,77,984.5,1.8
Lahore,31.5497,74.3436,2026-03-30 18:00:00+00:00,21.1,78,984.6,2.96
Lahore,31.5497,74.3436,2026-03-30 19:00:00+00:00,20.3,79,984.5,3.28
Lahore,31.5497,74.3436,2026-03-30 20:00:00+00:00,19.5,81,984.2,2.8
Lahore,31.5497,74.3436,2026-03-30 21:00:00+00:00,18.9,83,984.0,3.19
Lahore,31.5497,74.3436,2026-03-30 22:00:00+00:00,18.2,83,984.3,3.56
Lahore,31.5497,74.3436,2026-03-30 23:00:00+00:00,18.1,78,984.0,3.63
Lahore,31.5497,74.3436,2026-03-31 00:00:00+00:00,18.4,77,983.6,1.86
Lahore,31.5497,74.3436,2026-03-31 01:00:00+00:00,18.1,78,983.8,2.01
Lahore,31.5497,74.3436,2026-03-31 02:00:00+00:00,19.2,74,984.3,2.23
Lahore,31.5497,74.3436,2026-03-31 03:00:00+00:00,21.7,65,985.3,0.78
Lahore,31.5497,74.3436,2026-03-31 04:00:00+00:00,24.1,58,986.0,0.67
Lahore,31.5497,74.3436,2026-03-31 05:00:00+00:00,27.1,49,986.1,1.1
Lahore,31.5497,74.3436,2026-03-31 06:00:00+00:00,28.9,43,986.2,0.63
Lahore,31.5497,74.3436,2026-03-31 07:00:00+00:00,30.6,32,985.7,0.5
Lahore,31.5497,74.3436,2026-03-31 08:00:00+00:00,31.3,29,984.8,2.45
Lahore,31.5497,74.3436,2026-03-31 09:00:00+00:00,28.8,36,984.1,3.4
Lahore,31.5497,74.3436,2026-03-31 10:00:00+00:00,28.8,30,983.5,3.24
Lahore,31.5497,74.3436,2026-03-31 11:00:00+00:00,29.3,29,983.6,1.03
Lahore,31.5497,74.3436,2026-03-31 12:00:00+00:00,29.6,23,982.1,1.32
Lahore,31.5497,74.3436,2026-03-31 13:00:00+00:00,28.5,28,982.5,0.96
Lahore,31.5497,74.3436,2026-03-31 14:00:00+00:00,26.8,36,983.5,1.98
Lahore,31.5497,74.3436,2026-03-31 15:00:00+00:00,25.8,40,984.0,2.2
Lahore,31.5497,74.3436,2026-03-31 16:00:00+00:00,24.1,46,984.9,2.28
Lahore,31.5497,74.3436,2026-03-31 17:00:00+00:00,22.8,52,985.5,1.82
Lahore,31.5497,74.3436,2026-03-31 18:00:00+00:00,22.8,63,985.9,3.16
Lahore,31.5497,74.3436,2026-03-31 19:00:00+00:00,22.3,63,985.8,1.76
Lahore,31.5497,74.3436,2026-03-31 20:00:00+00:00,21.7,66,985.4,1.0
Lahore,31.5497,74.3436,2026-03-31 21:00:00+00:00,21.2,70,985.0,0.07
Lahore,31.5497,74.3436,2026-03-31 22:00:00+00:00,20.1,72,984.9,1.25
Lahore,31.5497,74.3436,2026-03-31 23:00:00+00:00,19.6,72,985.3,2.62
Lahore,31.5497,74.3436,2026-04-01 00:00:00+00:00,18.4,76,985.1,1.74
Lahore,31.5497,74.3436,2026-04-01 01:00:00+00:00,18.2,78,985.4,1.14
Lahore,31.5497,74.3436,2026-04-01 02:00:00+00:00,19.3,73,986.2,1.05
Lahore,31.5497,74.3436,2026-04-01 03:00:00+00:00,21.9,62,986.9,0.66
Lahore,31.5497,74.3436,2026-04-01 04:00:00+00:00,24.2,52,987.6,1.21
Lahore,31.5497,74.3436,2026-04-01 05:00:00+00:00,26.6,41,987.8,1.15
Lahore,31.5497,74.3436,2026-04-01 06:00:00+00:00,27.8,38,988.4,1.77
Lahore,31.5497,74.3436,2026-04-01 07:00:00+00:00,29.6,32,988.0,1.47
Lahore,31.5497,74.3436,2026-04-01 08:00:00+00:00,30.6,29,987.1,1.28
Lahore,31.5497,74.3436,2026-04-01 09:00:00+00:00,31.1,28,986.0,1.46
Lahore,31.5497,74.3436,2026-04-01 10:00:00+00:00,31.3,28,984.8,1.55
Lahore,31.5497,74.3436,2026-04-01 11:00:00+00:00,30.8,28,983.9,1.73
Lahore,31.5497,74.3436,2026-04-01 12:00:00+00:00,29.7,29,984.3,1.76
Lahore,31.5497,74.3436,2026-04-01 13:00:00+00:00,28.9,31,984.5,2.76
Lahore,31.5497,74.3436,2026-04-01 14:00:00+00:00,27.9,34,984.9,2.58
Lahore,31.5497,74.3436,2026-04-01 15:00:00+00:00,26.8,38,985.1,1.84
Lahore,31.5497,74.3436,2026-04-01 16:00:00+00:00,25.8,42,985.8,1.49
Lahore,31.5497,74.3436,2026-04-01 17:00:00+00:00,24.8,45,985.6,1.44
Lahore,31.5497,74.3436,2026-04-01 18:00:00+00:00,24.3,54,985.4,1.17
Lahore,31.5497,74.3436,2026-04-01 19:00:00+00:00,24.2,53,985.3,1.88
Lahore,31.5497,74.3436,2026-04-01 20:00:00+00:00,23.6,55,985.0,2.23
Lahore,31.5497,74.3436,2026-04-01 21:00:00+00:00,23.0,57,984.5,2.06
Lahore,31.5497,74.3436,2026-04-01 22:00:00+00:00,23.3,56,984.4,2.14
Lahore,31.5497,74.3436,2026-04-01 23:00:00+00:00,22.1,61,984.2,1.21
Lahore,31.5497,74.3436,2026-04-02 00:00:00+00:00,21.5,66,984.1,0.43
Lahore,31.5497,74.3436,2026-04-02 01:00:00+00:00,20.9,68,984.4,0.63
Lahore,31.5497,74.3436,2026-04-02 02:00:00+00:00,22.2,63,985.2,1.01
Lahore,31.5497,74.3436,2026-04-02 03:00:00+00:00,24.5,55,985.9,0.68
Lahore,31.5497,74.3436,2026-04-02 04:00:00+00:00,27.3,46,986.4,0.75
Lahore,31.5497,74.3436,2026-04-02 05:00:00+00:00,30.2,34,987.0,1.14
Lahore,31.5497,74.3436,2026-04-02 06:00:00+00:00,31.2,28,987.1,0.99
Lahore,31.5497,74.3436,2026-04-02 07:00:00+00:00,33.2,24,986.5,1.32
Lahore,31.5497,74.3436,2026-04-02 08:00:00+00:00,34.2,21,985.5,1.44
Lahore,31.5497,74.3436,2026-04-02 09:00:00+00:00,34.4,20,984.3,1.71
Lahore,31.5497,74.3436,2026-04-02 10:00:00+00:00,34.1,19,983.4,2.13
Lahore,31.5497,74.3436,2026-04-02 11:00:00+00:00,33.9,19,983.1,2.25
Lahore,31.5497,74.3436,2026-04-02 12:00:00+00:00,33.4,18,982.4,2.06
Lahore,31.5497,74.3436,2026-04-02 13:00:00+00:00,31.5,26,982.4,3.7
Lahore,31.5497,74.3436,2026-04-02 14:00:00+00:00,29.4,31,982.7,3.32
Lahore,31.5497,74.3436,2026-04-02 15:00:00+00:00,28.4,34,982.9,3.2
Lahore,31.5497,74.3436,2026-04-02 16:00:00+00:00,27.4,37,983.3,1.59
Lahore,31.5497,74.3436,2026-04-02 17:00:00+00:00,26.5,42,983.4,0.47
Lahore,31.5497,74.3436,2026-04-02 18:00:00+00:00,26.9,47,983.0,1.0
Lahore,31.5497,74.3436,2026-04-02 19:00:00+00:00,26.7,46,982.4,2.44
Lahore,31.5497,74.3436,2026-04-02 20:00:00+00:00,26.0,48,982.3,2.47
Lahore,31.5497,74.3436,2026-04-02 21:00:00+00:00,24.9,53,981.8,2.21
Lahore,31.5497,74.3436,2026-04-02 22:00:00+00:00,24.2,58,981.7,0.32
Lahore,31.5497,74.3436,2026-04-02 23:00:00+00:00,23.6,61,981.6,0.51
Lahore,31.5497,74.3436,2026-04-03 00:00:00+00:00,23.6,62,981.5,2.76
Lahore,31.5497,74.3436,2026-04-03 01:00:00+00:00,22.8,67,981.7,2.46
Lahore,31.5497,74.3436,2026-04-03 02:00:00+00:00,23.0,67,982.4,1.78
Lahore,31.5497,74.3436,2026-04-03 03:00:00+00:00,24.3,63,983.2,1.98
Lahore,31.5497,74.3436,2026-04-03 04:00:00+00:00,25.2,58,983.9,3.68
Lahore,31.5497,74.3436,2026-04-03 05:00:00+00:00,24.8,56,985.6,4.49
Lahore,31.5497,74.3436,2026-04-03 06:00:00+00:00,24.5,50,985.1,3.06
Lahore,31.5497,74.3436,2026-04-03 07:00:00+00:00,26.9,42,985.2,1.51
Lahore,31.5497,74.3436,2026-04-03 08:00:00+00:00,26.8,45,985.0,2.15
Lahore,31.5497,74.3436,2026-04-03 09:00:00+00:00,21.6,74,984.9,3.83
Lahore,31.5497,74.3436,2026-04-03 10:00:00+00:00,23.2,64,984.0,2.93
Lahore,31.5497,74.3436,2026-04-03 11:00:00+00:00,20.2,78,984.0,4.5
Lahore,31.5497,74.3436,2026-04-03 12:00:00+00:00,22.1,65,983.0,2.83
Lahore,31.5497,74.3436,2026-04-03 13:00:00+00:00,21.3,71,983.2,2.93
Lahore,31.5497,74.3436,2026-04-03 14:00:00+00:00,20.6,76,983.6,2.66
Lahore,31.5497,74.3436,2026-04-03 15:00:00+00:00,19.8,79,984.3,3.38
Lahore,31.5497,74.3436,2026-04-03 16:00:00+00:00,19.6,80,985.0,3.27
Lahore,31.5497,74.3436,2026-04-03 17:00:00+00:00,19.1,84,985.7,3.24
Lahore,31.5497,74.3436,2026-04-03 18:00:00+00:00,19.1,82,985.8,2.63
Lahore,31.5497,74.3436,2026-04-03 19:00:00+00:00,18.8,85,986.0,2.03
Lahore,31.5497,74.3436,2026-04-03 20:00:00+00:00,18.5,87,985.2,2.29
Lahore,31.5497,74.3436,2026-04-03 21:00:00+00:00,18.2,89,984.8,2.3
Lahore,31.5497,74.3436,2026-04-03 22:00:00+00:00,18.3,90,984.2,2.51
Lahore,31.5497,74.3436,2026-04-03 23:00:00+00:00,18.3,90,984.0,2.53
Lahore,31.5497,74.3436,2026-04-04 00:00:00+00:00,17.9,93,984.2,1.44
Lahore,31.5497,74.3436,2026-04-04 01:00:00+00:00,17.6,93,984.3,0.95
Lahore,31.5497,74.3436,2026-04-04 02:00:00+00:00,18.8,88,984.7,0.83
Lahore,31.5497,74.3436,2026-04-04 03:00:00+00:00,20.9,78,985.6,0.43
Lahore,31.5497,74.3436,2026-04-04 04:00:00+00:00,23.2,67,986.4,0.96
Lahore,31.5497,74.3436,2026-04-04 05:00:00+00:00,24.9,55,986.7,0.78
Lahore,31.5497,74.3436,2026-04-04 06:00:00+00:00,26.8,37,986.7,2.04
Lahore,31.5497,74.3436,2026-04-04 07:00:00+00:00,26.6,36,986.0,2.87
Lahore,31.5497,74.3436,2026-04-04 08:00:00+00:00,27.6,33,985.1,3.81
Lahore,31.5497,74.3436,2026-04-04 09:00:00+00:00,23.4,55,985.3,1.52
Lahore,31.5497,74.3436,2026-04-04 10:00:00+00:00,22.5,58,984.5,3.31
Lahore,31.5497,74.3436,2026-04-04 11:00:00+00:00,21.9,62,984.4,4.02
Lahore,31.5497,74.3436,2026-04-04 12:00:00+00:00,19.6,78,984.5,1.34
Lahore,31.5497,74.3436,2026-04-04 13:00:00+00:00,19.5,77,984.4,1.79
Lahore,31.5497,74.3436,2026-04-04 14:00:00+00:00,19.3,79,984.8,1.51
Lahore,31.5497,74.3436,2026-04-04 15:00:00+00:00,18.7,83,984.6,1.2
Lahore,31.5497,74.3436,2026-04-04 16:00:00+00:00,18.1,86,984.9,1.84
Lahore,31.5497,74.3436,2026-04-04 17:00:00+00:00,17.6,88,985.1,2.93
Lahore,31.5497,74.3436,2026-04-04 18:00:00+00:00,18.5,85,984.8,3.19
Lahore,31.5497,74.3436,2026-04-04 19:00:00+00:00,18.4,85,984.7,2.15
Lahore,31.5497,74.3436,2026-04-04 20:00:00+00:00,17.7,89,984.4,0.6
Lahore,31.5497,74.3436,2026-04-04 21:00:00+00:00,17.1,92,983.5,0.46
Lahore,31.5497,74.3436,2026-04-04 22:00:00+00:00,16.6,94,983.5,0.89
Lahore,31.5497,74.3436,2026-04-04 23:00:00+00:00,16.6,94,983.5,1.61
Lahore,31.5497,74.3436,2026-04-05 00:00:00+00:00,16.9,86,983.8,1.99
Lahore,31.5497,74.3436,2026-04-05 01:00:00+00:00,16.6,87,984.3,1.85
Lahore,31.5497,74.3436,2026-04-05 02:00:00+00:00,17.4,83,984.8,1.88
Lahore,31.5497,74.3436,2026-04-05 03:00:00+00:00,19.1,75,985.5,0.78
Lahore,31.5497,74.3436,2026-04-05 04:00:00+00:00,21.6,64,985.6,0.6
Lahore,31.5497,74.3436,2026-04-05 05:00:00+00:00,23.8,52,985.5,1.1
Lahore,31.5497,74.3436,2026-04-05 06:00:00+00:00,25.4,43,985.8,1.66
Lahore,31.5497,74.3436,2026-04-05 07:00:00+00:00,26.2,38,985.4,1.46
Lahore,31.5497,74.3436,2026-04-05 08:00:00+00:00,26.9,36,984.6,1.33
Lahore,31.5497,74.3436,2026-04-05 09:00:00+00:00,27.3,35,983.5,1.58
Lahore,31.5497,74.3436,2026-04-05 10:00:00+00:00,26.9,35,982.7,2.2
Lahore,31.5497,74.3436,2026-04-05 11:00:00+00:00,26.0,37,982.5,1.71
Lahore,31.5497,74.3436,2026-04-05 12:00:00+00:00,26.4,32,981.9,2.65
Lahore,31.5497,74.3436,2026-04-05 13:00:00+00:00,25.5,35,982.3,2.33
Lahore,31.5497,74.3436,2026-04-05 14:00:00+00:00,24.5,38,982.6,1.81
Lahore,31.5497,74.3436,2026-04-05 15:00:00+00:00,23.7,41,983.0,1.57
Lahore,31.5497,74.3436,2026-04-05 16:00:00+00:00,22.5,46,983.4,1.17
Lahore,31.5497,74.3436,2026-04-05 17:00:00+00:00,21.6,53,983.4,0.29
Lahore,31.5497,74.3436,2026-04-05 18:00:00+00:00,21.9,51,983.7,0.64
Lahore,31.5497,74.3436,2026-04-05 19:00:00+00:00,21.8,53,983.4,0.14
Lahore,31.5497,74.3436,2026-04-05 20:00:00+00:00,20.9,56,983.2,0.39
Lahore,31.5497,74.3436,2026-04-05 21:00:00+00:00,20.2,59,982.8,0.07
Lahore,31.5497,74.3436,2026-04-05 22:00:00+00:00,19.3,63,982.8,0.79
Lahore,31.5497,74.3436,2026-04-05 23:00:00+00:00,18.5,67,982.7,0.85
Lahore,31.5497,74.3436,2026-04-06 00:00:00+00:00,18.0,75,982.8,1.0
Lahore,31.5497,74.3436,2026-04-06 01:00:00+00:00,18.0,75,983.3,1.72
Lahore,31.5497,74.3436,2026-04-06 02:00:00+00:00,18.9,73,983.9,1.66
Lahore,31.5497,74.3436,2026-04-06 03:00:00+00:00,21.6,64,984.5,0.76
Lahore,31.5497,74.3436,2026-04-06 04:00:00+00:00,24.8,50,985.4,0.96
Lahore,31.5497,74.3436,2026-04-06 05:00:00+00:00,26.8,36,985.7,0.74
Lahore,31.5497,74.3436,2026-04-06 06:00:00+00:00,27.5,32,985.6,0.91
Lahore,31.5497,74.3436,2026-04-06 07:00:00+00:00,29.2,28,985.1,0.61
Lahore,31.5497,74.3436,2026-04-06 08:00:00+00:00,30.1,25,984.1,0.41
Lahore,31.5497,74.3436,2026-04-06 09:00:00+00:00,30.6,23,983.0,0.05
Lahore,31.5497,74.3436,2026-04-06 10:00:00+00:00,30.5,23,981.9,0.57
Lahore,31.5497,74.3436,2026-04-06 11:00:00+00:00,30.1,23,981.3,0.74
Lahore,31.5497,74.3436,2026-04-06 12:00:00+00:00,29.2,24,981.0,2.25
Lahore,31.5497,74.3436,2026-04-06 13:00:00+00:00,28.7,25,981.6,1.4
Lahore,31.5497,74.3436,2026-04-06 14:00:00+00:00,26.9,28,981.8,1.36
Lahore,31.5497,74.3436,2026-04-06 15:00:00+00:00,25.3,35,982.5,2.11
Lahore,31.5497,74.3436,2026-04-06 16:00:00+00:00,24.3,37,983.1,1.42
Lahore,31.5497,74.3436,2026-04-06 17:00:00+00:00,22.8,41,982.9,1.45
Lahore,31.5497,74.3436,2026-04-06 18:00:00+00:00,21.7,54,984.4,3.21
Lahore,31.5497,74.3436,2026-04-06 19:00:00+00:00,20.9,63,983.6,2.72
Lahore,31.5497,74.3436,2026-04-06 20:00:00+00:00,21.1,65,982.3,1.9
Lahore,31.5497,74.3436,2026-04-06 21:00:00+00:00,20.7,68,981.8,1.88
Lahore,31.5497,74.3436,2026-04-06 22:00:00+00:00,20.1,70,981.2,2.51
Lahore,31.5497,74.3436,2026-04-06 23:00:00+00:00,19.4,71,980.0,2.76
Lahore,31.5497,74.3436,2026-04-07 00:00:00+00:00,20.9,67,980.1,2.34
Lahore,31.5497,74.3436,2026-04-07 01:00:00+00:00,20.9,67,980.4,1.61
Lahore,31.5497,74.3436,2026-04-07 02:00:00+00:00,21.5,62,981.1,1.83
Lahore,31.5497,74.3436,2026-04-07 03:00:00+00:00,22.3,58,981.2,2.12
Lahore,31.5497,74.3436,2026-04-07 04:00:00+00:00,23.7,52,982.1,2.15
Lahore,31.5497,74.3436,2026-04-07 05:00:00+00:00,23.3,53,983.4,4.0
Lahore,31.5497,74.3436,2026-04-07 06:00:00+00:00,22.9,51,983.0,2.9
Lahore,31.5497,74.3436,2026-04-07 07:00:00+00:00,22.7,53,982.6,3.64
Lahore,31.5497,74.3436,2026-04-07 08:00:00+00:00,22.6,56,982.0,3.09
Lahore,31.5497,74.3436,2026-04-07 09:00:00+00:00,19.8,74,981.5,3.15
Lahore,31.5497,74.3436,2026-04-07 10:00:00+00:00,18.7,84,980.4,2.8
Lahore,31.5497,74.3436,2026-04-07 11:00:00+00:00,19.3,82,980.6,3.86
Lahore,31.5497,74.3436,2026-04-07 12:00:00+00:00,17.2,83,981.0,3.97
Lahore,31.5497,74.3436,2026-04-07 13:00:00+00:00,17.6,76,981.3,1.66
Lahore,31.5497,74.3436,2026-04-07 14:00:00+00:00,17.5,84,981.6,0.85
Lahore,31.5497,74.3436,2026-04-07 15:00:00+00:00,16.7,89,982.3,3.03
Lahore,31.5497,74.3436,2026-04-07 16:00:00+00:00,16.2,91,982.2,2.86
Lahore,31.5497,74.3436,2026-04-07 17:00:00+00:00,15.8,91,982.2,3.3
Lahore,31.5497,74.3436,2026-04-07 18:00:00+00:00,15.6,92,982.3,3.0
Lahore,31.5497,74.3436,2026-04-07 19:00:00+00:00,15.2,93,982.7,3.03
Lahore,31.5497,74.3436,2026-04-07 20:00:00+00:00,15.0,92,982.9,1.76
Lahore,31.5497,74.3436,2026-04-07 21:00:00+00:00,15.0,92,981.9,2.99
Lahore,31.5497,74.3436,2026-04-07 22:00:00+00:00,14.9,93,981.4,2.08
Lahore,31.5497,74.3436,2026-04-07 23:00:00+00:00,14.9,93,981.3,2.17
Lahore,31.5497,74.3436,2026-04-08 00:00:00+00:00,15.2,97,980.8,1.94
Lahore,31.5497,74.3436,2026-04-08 01:00:00+00:00,14.7,96,981.2,2.62
Lahore,31.5497,74.3436,2026-04-08 02:00:00+00:00,15.6,93,982.2,1.0
Lahore,31.5497,74.3436,2026-04-08 03:00:00+00:00,16.9,86,982.5,1.18
Lahore,31.5497,74.3436,2026-04-08 04:00:00+00:00,18.7,75,983.0,1.35
Lahore,31.5497,74.3436,2026-04-08 05:00:00+00:00,20.5,63,983.7,0.97
Lahore,31.5497,74.3436,2026-04-08 06:00:00+00:00,21.6,56,983.8,0.59
Lahore,31.5497,74.3436,2026-04-08 07:00:00+00:00,21.5,58,983.8,0.95
Lahore,31.5497,74.3436,2026-04-08 08:00:00+00:00,21.0,59,983.8,2.5
Lahore,31.5497,74.3436,2026-04-08 09:00:00+00:00,20.1,59,983.2,1.39
Lahore,31.5497,74.3436,2026-04-08 10:00:00+00:00,19.0,68,983.5,1.81
Lahore,31.5497,74.3436,2026-04-08 11:00:00+00:00,19.2,69,983.2,2.32
Lahore,31.5497,74.3436,2026-04-08 12:00:00+00:00,21.7,52,982.9,1.35
Lahore,31.5497,74.3436,2026-04-08 13:00:00+00:00,19.8,63,984.1,3.11
Lahore,31.5497,74.3436,2026-04-08 14:00:00+00:00,18.8,73,983.9,0.85
Lahore,31.5497,74.3436,2026-04-08 15:00:00+00:00,17.7,77,984.8,2.26
Lahore,31.5497,74.3436,2026-04-08 16:00:00+00:00,17.1,78,985.6,2.14
Lahore,31.5497,74.3436,2026-04-08 17:00:00+00:00,16.5,80,985.7,2.41
Lahore,31.5497,74.3436,2026-04-08 18:00:00+00:00,16.7,87,986.4,3.0
Lahore,31.5497,74.3436,2026-04-08 19:00:00+00:00,16.3,89,986.8,2.55
Lahore,31.5497,74.3436,2026-04-08 20:00:00+00:00,15.9,90,986.6,1.48
Lahore,31.5497,74.3436,2026-04-08 21:00:00+00:00,15.8,92,986.7,0.36
Lahore,31.5497,74.3436,2026-04-08 22:00:00+00:00,15.8,92,986.9,2.35
Lahore,31.5497,74.3436,2026-04-08 23:00:00+00:00,15.5,94,986.7,0.47
Lahore,31.5497,74.3436,2026-04-09 00:00:00+00:00,14.6,96,986.6,1.15
Lahore,31.5497,74.3436,2026-04-09 01:00:00+00:00,15.0,96,987.3,1.06
Lahore,31.5497,74.3436,2026-04-09 02:00:00+00:00,16.1,92,988.4,0.76
Lahore,31.5497,74.3436,2026-04-09 03:00:00+00:00,18.3,83,989.0,1.07
Lahore,31.5497,74.3436,2026-04-09 04:00:00+00:00,20.8,71,989.8,1.76
Lahore,31.5497,74.3436,2026-04-09 05:00:00+00:00,20.7,66,990.6,2.33
Lahore,31.5497,74.3436,2026-04-09 06:00:00+00:00,22.6,57,990.4,1.67
Lahore,31.5497,74.3436,2026-04-09 07:00:00+00:00,22.9,48,990.5,0.68
Lahore,31.5497,74.3436,2026-04-09 08:00:00+00:00,24.1,43,989.9,0.54
Lahore,31.5497,74.3436,2026-04-09 09:00:00+00:00,24.5,42,989.2,1.32
Lahore,31.5497,74.3436,2026-04-09 10:00:00+00:00,24.5,42,988.4,2.06
Lahore,31.5497,74.3436,2026-04-09 11:00:00+00:00,23.5,47,988.2,2.77
Lahore,31.5497,74.3436,2026-04-09 12:00:00+00:00,22.9,49,988.3,2.72
Lahore,31.5497,74.3436,2026-04-09 13:00:00+00:00,21.8,56,988.4,2.29
Lahore,31.5497,74.3436,2026-04-09 14:00:00+00:00,20.4,64,988.8,1.8
Lahore,31.5497,74.3436,2026-04-09 15:00:00+00:00,19.5,69,989.8,1.4
Lahore,31.5497,74.3436,2026-04-09 16:00:00+00:00,18.6,74,990.1,1.26
Lahore,31.5497,74.3436,2026-04-09 17:00:00+00:00,17.8,79,990.0,1.1
Lahore,31.5497,74.3436,2026-04-09 18:00:00+00:00,18.6,75,990.3,1.28
Lahore,31.5497,74.3436,2026-04-09 19:00:00+00:00,18.4,77,990.4,1.15
Lahore,31.5497,74.3436,2026-04-09 20:00:00+00:00,18.2,76,990.4,1.38
Lahore,31.5497,74.3436,2026-04-09 21:00:00+00:00,17.9,74,989.7,1.73
Lahore,31.5497,74.3436,2026-04-09 22:00:00+00:00,17.6,72,989.3,1.86
Lahore,31.5497,74.3436,2026-04-09 23:00:00+00:00,16.8,75,989.0,1.66
Lahore,31.5497,74.3436,2026-04-10 00:00:00+00:00,16.0,82,989.1,1.74
Lahore,31.5497,74.3436,2026-04-10 01:00:00+00:00,16.0,82,989.6,1.48
Lahore,31.5497,74.3436,2026-04-10 02:00:00+00:00,17.2,77,990.2,1.82
Lahore,31.5497,74.3436,2026-04-10 03:00:00+00:00,19.6,65,991.0,1.49
Lahore,31.5497,74.3436,2026-04-10 04:00:00+00:00,22.5,51,990.9,2.12
Lahore,31.5497,74.3436,2026-04-10 05:00:00+00:00,24.8,40,990.4,2.4
Lahore,31.5497,74.3436,2026-04-10 06:00:00+00:00,26.4,33,990.7,2.8
Lahore,31.5497,74.3436,2026-04-10 07:00:00+00:00,27.9,28,990.2,3.18
Lahore,31.5497,74.3436,2026-04-10 08:00:00+00:00,28.8,26,989.4,3.49
Lahore,31.5497,74.3436,2026-04-10 09:00:00+00:00,29.2,26,988.4,3.4
Lahore,31.5497,74.3436,2026-04-10 10:00:00+00:00,29.2,27,987.4,3.27
Lahore,31.5497,74.3436,2026-04-10 11:00:00+00:00,28.8,29,986.5,3.2
Lahore,31.5497,74.3436,2026-04-10 12:00:00+00:00,28.3,30,986.7,3.28
Lahore,31.5497,74.3436,2026-04-10 13:00:00+00:00,27.3,33,986.4,2.94
Lahore,31.5497,74.3436,2026-04-10 14:00:00+00:00,25.8,38,986.6,2.5
Lahore,31.5497,74.3436,2026-04-10 15:00:00+00:00,25.0,42,987.1,2.2
Lahore,31.5497,74.3436,2026-04-10 16:00:00+00:00,24.5,43,987.6,2.19
Lahore,31.5497,74.3436,2026-04-10 17:00:00+00:00,24.1,45,987.8,2.1
Lahore,31.5497,74.3436,2026-04-10 18:00:00+00:00,24.3,48,987.8,2.33
Lahore,31.5497,74.3436,2026-04-10 19:00:00+00:00,23.9,51,987.6,2.91
Lahore,31.5497,74.3436,2026-04-10 20:00:00+00:00,23.1,54,987.5,3.55
Lahore,31.5497,74.3436,2026-04-10 21:00:00+00:00,21.1,65,987.4,5.21
Lahore,31.5497,74.3436,2026-04-10 22:00:00+00:00,18.5,90,986.5,3.33
Lahore,31.5497,74.3436,2026-04-10 23:00:00+00:00,18.5,87,986.4,2.22
Lahore,31.5497,74.3436,2026-04-11 00:00:00+00:00,19.2,86,985.7,0.42
Lahore,31.5497,74.3436,2026-04-11 01:00:00+00:00,18.6,86,986.2,1.32
Lahore,31.5497,74.3436,2026-04-11 02:00:00+00:00,19.1,83,986.1,1.32
Lahore,31.5497,74.3436,2026-04-11 03:00:00+00:00,20.9,73,986.8,0.85
Lahore,31.5497,74.3436,2026-04-11 04:00:00+00:00,22.9,63,987.1,0.92
Lahore,31.5497,74.3436,2026-04-11 05:00:00+00:00,25.1,51,987.1,0.35
Lahore,31.5497,74.3436,2026-04-11 06:00:00+00:00,26.8,42,987.0,0.61
Lahore,31.5497,74.3436,2026-04-11 07:00:00+00:00,28.0,39,986.3,0.49
Lahore,31.5497,74.3436,2026-04-11 08:00:00+00:00,28.4,36,985.7,0.64
Lahore,31.5497,74.3436,2026-04-11 09:00:00+00:00,28.7,35,984.7,0.89
Lahore,31.5497,74.3436,2026-04-11 10:00:00+00:00,28.6,35,984.3,1.42
Lahore,31.5497,74.3436,2026-04-11 11:00:00+00:00,24.9,49,985.3,4.55
Lahore,31.5497,74.3436,2026-04-11 12:00:00+00:00,28.3,31,983.5,2.29
Lahore,31.5497,74.3436,2026-04-11 13:00:00+00:00,25.7,41,984.1,2.95
Lahore,31.5497,74.3436,2026-04-11 14:00:00+00:00,23.1,51,984.8,2.08
Lahore,31.5497,74.3436,2026-04-11 15:00:00+00:00,21.9,57,985.1,1.76
Lahore,31.5497,74.3436,2026-04-11 16:00:00+00:00,21.1,61,985.3,1.84
Lahore,31.5497,74.3436,2026-04-11 17:00:00+00:00,20.3,64,985.3,1.9
Lahore,31.5497,74.3436,2026-04-11 18:00:00+00:00,20.0,72,985.5,1.49
Lahore,31.5497,74.3436,2026-04-11 19:00:00+00:00,19.3,78,985.1,1.17
Lahore,31.5497,74.3436,2026-04-11 20:00:00+00:00,18.7,81,984.6,1.05
Lahore,31.5497,74.3436,2026-04-11 21:00:00+00:00,18.3,81,983.9,1.51
Lahore,31.5497,74.3436,2026-04-11 22:00:00+00:00,17.8,81,983.7,1.6
Lahore,31.5497,74.3436,2026-04-11 23:00:00+00:00,17.1,83,983.5,0.86
Lahore,31.5497,74.3436,2026-04-12 00:00:00+00:00,16.8,86,983.7,1.03
Lahore,31.5497,74.3436,2026-04-12 01:00:00+00:00,17.0,85,983.8,1.14
Lahore,31.5497,74.3436,2026-04-12 02:00:00+00:00,18.6,78,984.6,1.92
Lahore,31.5497,74.3436,2026-04-12 03:00:00+00:00,21.4,68,985.1,1.1
Lahore,31.5497,74.3436,2026-04-12 04:00:00+00:00,24.6,52,985.3,1.3
Lahore,31.5497,74.3436,2026-04-12 05:00:00+00:00,26.8,39,985.1,1.95
Lahore,31.5497,74.3436,2026-04-12 06:00:00+00:00,27.9,37,985.7,2.28
Lahore,31.5497,74.3436,2026-04-12 07:00:00+00:00,29.3,32,985.2,2.32
Lahore,31.5497,74.3436,2026-04-12 08:00:00+00:00,30.3,27,984.3,2.38
Lahore,31.5497,74.3436,2026-04-12 09:00:00+00:00,31.1,23,983.3,2.58
Lahore,31.5497,74.3436,2026-04-12 10:00:00+00:00,31.3,22,982.6,2.79
Lahore,31.5497,74.3436,2026-04-12 11:00:00+00:00,31.0,22,982.0,2.9
Lahore,31.5497,74.3436,2026-04-12 12:00:00+00:00,30.3,21,982.0,2.05
Lahore,31.5497,74.3436,2026-04-12 13:00:00+00:00,28.9,25,982.3,1.17
Lahore,31.5497,74.3436,2026-04-12 14:00:00+00:00,26.7,31,982.5,1.38
Lahore,31.5497,74.3436,2026-04-12 15:00:00+00:00,25.1,38,982.9,1.25
Lahore,31.5497,74.3436,2026-04-12 16:00:00+00:00,23.9,42,983.8,1.27
Lahore,31.5497,74.3436,2026-04-12 17:00:00+00:00,23.5,42,983.6,1.57
Lahore,31.5497,74.3436,2026-04-12 18:00:00+00:00,23.8,44,984.0,1.9
Lahore,31.5497,74.3436,2026-04-12 19:00:00+00:00,24.0,43,983.7,1.76
Lahore,31.5497,74.3436,2026-04-12 20:00:00+00:00,23.3,46,983.5,1.77
Lahore,31.5497,74.3436,2026-04-12 21:00:00+00:00,22.5,49,982.7,1.75
Lahore,31.5497,74.3436,2026-04-12 22:00:00+00:00,21.1,54,982.6,1.6
Lahore,31.5497,74.3436,2026-04-12 23:00:00+00:00,20.3,57,982.6,1.71
Lahore,31.5497,74.3436,2026-04-13 00:00:00+00:00,18.8,72,983.0,1.44
Lahore,31.5497,74.3436,2026-04-13 01:00:00+00:00,18.7,74,983.4,1.01
Lahore,31.5497,74.3436,2026-04-13 02:00:00+00:00,20.3,65,984.0,1.02
Lahore,31.5497,74.3436,2026-04-13 03:00:00+00:00,23.6,54,984.7,0.56
Lahore,31.5497,74.3436,2026-04-13 04:00:00+00:00,26.8,42,985.3,0.43
Lahore,31.5497,74.3436,2026-04-13 05:00:00+00:00,29.5,31,985.3,1.03
Lahore,31.5497,74.3436,2026-04-13 06:00:00+00:00,30.6,24,985.6,1.42
Lahore,31.5497,74.3436,2026-04-13 07:00:00+00:00,31.9,22,985.4,1.77
Lahore,31.5497,74.3436,2026-04-13 08:00:00+00:00,32.8,20,984.7,2.03
Lahore,31.5497,74.3436,2026-04-13 09:00:00+00:00,33.3,18,983.8,2.39
Lahore,31.5497,74.3436,2026-04-13 10:00:00+00:00,33.0,17,983.1,2.33
Lahore,31.5497,74.3436,2026-04-13 11:00:00+00:00,33.4,16,982.5,2.48
Lahore,31.5497,74.3436,2026-04-13 12:00:00+00:00,32.7,16,982.7,2.17
Lahore,31.5497,74.3436,2026-04-13 13:00:00+00:00,31.5,18,983.0,1.82
Lahore,31.5497,74.3436,2026-04-13 14:00:00+00:00,29.3,22,983.4,1.56
Lahore,31.5497,74.3436,2026-04-13 15:00:00+00:00,28.1,25,984.0,1.64
Lahore,31.5497,74.3436,2026-04-13 16:00:00+00:00,27.3,28,984.6,1.82
Lahore,31.5497,74.3436,2026-04-13 17:00:00+00:00,26.0,32,984.6,2.08
Lahore,31.5497,74.3436,2026-04-13 18:00:00+00:00,24.5,42,984.3,1.47
Lahore,31.5497,74.3436,2026-04-13 19:00:00+00:00,24.5,42,984.1,1.61
Lahore,31.5497,74.3436,2026-04-13 20:00:00+00:00,23.9,43,983.4,1.6
Lahore,31.5497,74.3436,2026-04-13 21:00:00+00:00,23.6,43,982.9,2.21
Lahore,31.5497,74.3436,2026-04-13 22:00:00+00:00,22.1,47,982.7,1.69
Lahore,31.5497,74.3436,2026-04-13 23:00:00+00:00,20.4,54,982.4,1.19
Lahore,31.5497,74.3436,2026-04-14 00:00:00+00:00,19.8,67,982.3,0.93
Lahore,31.5497,74.3436,2026-04-14 01:00:00+00:00,19.6,71,983.1,0.18
Lahore,31.5497,74.3436,2026-04-14 02:00:00+00:00,20.8,63,983.8,0.3
Lahore,31.5497,74.3436,2026-04-14 03:00:00+00:00,24.5,51,984.5,0.11
Lahore,31.5497,74.3436,2026-04-14 04:00:00+00:00,28.0,39,985.1,0.39
Lahore,31.5497,74.3436,2026-04-14 05:00:00+00:00,31.0,29,985.0,0.97
Lahore,31.5497,74.3436,2026-04-14 06:00:00+00:00,32.9,22,985.0,1.39
Lahore,31.5497,74.3436,2026-04-14 07:00:00+00:00,34.3,18,984.4,1.24
Lahore,31.5497,74.3436,2026-04-14 08:00:00+00:00,35.3,16,983.6,1.59
Lahore,31.5497,74.3436,2026-04-14 09:00:00+00:00,35.9,13,982.5,2.17
Lahore,31.5497,74.3436,2026-04-14 10:00:00+00:00,36.2,13,981.5,2.46
Lahore,31.5497,74.3436,2026-04-14 11:00:00+00:00,35.9,13,980.9,2.8
Lahore,31.5497,74.3436,2026-04-14 12:00:00+00:00,34.9,13,980.9,2.57
Lahore,31.5497,74.3436,2026-04-14 13:00:00+00:00,33.5,16,981.4,2.2
Lahore,31.5497,74.3436,2026-04-14 14:00:00+00:00,31.6,19,981.4,1.82
Lahore,31.5497,74.3436,2026-04-14 15:00:00+00:00,30.2,22,981.7,2.07
Lahore,31.5497,74.3436,2026-04-14 16:00:00+00:00,28.7,26,982.3,1.46
Lahore,31.5497,74.3436,2026-04-14 17:00:00+00:00,27.3,32,982.2,0.91
Lahore,31.5497,74.3436,2026-04-14 18:00:00+00:00,26.7,43,982.2,1.1
Lahore,31.5497,74.3436,2026-04-14 19:00:00+00:00,25.7,46,981.8,0.81
Lahore,31.5497,74.3436,2026-04-14 20:00:00+00:00,24.7,48,981.3,0.81
Lahore,31.5497,74.3436,2026-04-14 21:00:00+00:00,23.6,49,980.6,1.55
Lahore,31.5497,74.3436,2026-04-14 22:00:00+00:00,23.1,50,980.3,2.45
Lahore,31.5497,74.3436,2026-04-14 23:00:00+00:00,22.6,52,980.4,2.21
Lahore,31.5497,74.3436,2026-04-15 00:00:00+00:00,22.1,68,980.1,1.23
Lahore,31.5497,74.3436,2026-04-15 01:00:00+00:00,22.1,69,980.3,1.27
Lahore,31.5497,74.3436,2026-04-15 02:00:00+00:00,23.7,62,980.9,1.72
Lahore,31.5497,74.3436,2026-04-15 03:00:00+00:00,26.3,55,981.3,0.89
Lahore,31.5497,74.3436,2026-04-15 04:00:00+00:00,29.6,41,981.7,0.72
Lahore,31.5497,74.3436,2026-04-15 05:00:00+00:00,32.7,28,981.8,1.4
Lahore,31.5497,74.3436,2026-04-15 06:00:00+00:00,34.3,22,981.8,2.28
Lahore,31.5497,74.3436,2026-04-15 07:00:00+00:00,35.5,19,981.4,2.52
Lahore,31.5497,74.3436,2026-04-15 08:00:00+00:00,36.4,18,980.5,2.82
Lahore,31.5497,74.3436,2026-04-15 09:00:00+00:00,36.9,17,979.7,3.21
Lahore,31.5497,74.3436,2026-04-15 10:00:00+00:00,36.8,16,978.9,3.39
Lahore,31.5497,74.3436,2026-04-15 11:00:00+00:00,36.4,16,978.5,3.64
Lahore,31.5497,74.3436,2026-04-15 12:00:00+00:00,35.8,16,978.7,2.66
Lahore,31.5497,74.3436,2026-04-15 13:00:00+00:00,34.8,18,978.7,1.98
Lahore,31.5497,74.3436,2026-04-15 14:00:00+00:00,32.8,21,979.0,1.48
Lahore,31.5497,74.3436,2026-04-15 15:00:00+00:00,31.6,25,979.5,1.63
Lahore,31.5497,74.3436,2026-04-15 16:00:00+00:00,30.3,30,980.1,1.56
Lahore,31.5497,74.3436,2026-04-15 17:00:00+00:00,29.0,34,980.0,1.33
Lahore,31.5497,74.3436,2026-04-15 18:00:00+00:00,28.7,38,979.8,0.96
Lahore,31.5497,74.3436,2026-04-15 19:00:00+00:00,28.5,39,980.0,0.45
Lahore,31.5497,74.3436,2026-04-15 20:00:00+00:00,26.9,43,979.3,0.5
Lahore,31.5497,74.3436,2026-04-15 21:00:00+00:00,25.4,46,979.0,1.57
Lahore,31.5497,74.3436,2026-04-15 22:00:00+00:00,23.5,51,979.0,2.42
Lahore,31.5497,74.3436,2026-04-15 23:00:00+00:00,21.9,56,979.2,1.6
Lahore,31.5497,74.3436,2026-04-16 00:00:00+00:00,22.3,63,979.1,1.19
Lahore,31.5497,74.3436,2026-04-16 01:00:00+00:00,22.6,61,979.6,1.41
Lahore,31.5497,74.3436,2026-04-16 02:00:00+00:00,24.4,54,980.3,1.95
Lahore,31.5497,74.3436,2026-04-16 03:00:00+00:00,28.1,43,981.3,1.4
Lahore,31.5497,74.3436,2026-04-16 04:00:00+00:00,31.4,35,982.0,1.36
Lahore,31.5497,74.3436,2026-04-16 05:00:00+00:00,34.0,28,982.6,1.42
Lahore,31.5497,74.3436,2026-04-16 06:00:00+00:00,34.9,22,983.0,1.03
Lahore,31.5497,74.3436,2026-04-16 07:00:00+00:00,36.7,18,982.7,0.63
Lahore,31.5497,74.3436,2026-04-16 08:00:00+00:00,37.6,15,982.3,0.59
Lahore,31.5497,74.3436,2026-04-16 09:00:00+00:00,37.7,14,981.1,0.64
Lahore,31.5497,74.3436,2026-04-16 10:00:00+00:00,37.7,14,980.3,1.26
Lahore,31.5497,74.3436,2026-04-16 11:00:00+00:00,37.7,14,979.9,2.35
Lahore,31.5497,74.3436,2026-04-16 12:00:00+00:00,37.5,12,978.9,1.24
Lahore,31.5497,74.3436,2026-04-16 13:00:00+00:00,35.6,16,979.5,2.01
Lahore,31.5497,74.3436,2026-04-16 14:00:00+00:00,33.4,19,979.9,1.8
Lahore,31.5497,74.3436,2026-04-16 15:00:00+00:00,31.6,21,980.7,2.69
Lahore,31.5497,74.3436,2026-04-16 16:00:00+00:00,29.3,31,981.2,3.24
Lahore,31.5497,74.3436,2026-04-16 17:00:00+00:00,28.2,34,981.4,3.04
Lahore,31.5497,74.3436,2026-04-16 18:00:00+00:00,28.8,36,982.2,3.67
Lahore,31.5497,74.3436,2026-04-16 19:00:00+00:00,28.9,35,982.4,3.2
Lahore,31.5497,74.3436,2026-04-16 20:00:00+00:00,28.5,34,982.0,3.24
Lahore,31.5497,74.3436,2026-04-16 21:00:00+00:00,27.8,35,981.4,3.19
Lahore,31.5497,74.3436,2026-04-16 22:00:00+00:00,26.5,37,981.7,2.44
Lahore,31.5497,74.3436,2026-04-16 23:00:00+00:00,25.8,39,981.8,2.14
Lahore,31.5497,74.3436,2026-04-17 00:00:00+00:00,25.3,48,981.7,1.33
Lahore,31.5497,74.3436,2026-04-17 01:00:00+00:00,24.6,46,982.7,2.67
Lahore,31.5497,74.3436,2026-04-17 02:00:00+00:00,26.0,39,984.3,2.61
Lahore,31.5497,74.3436,2026-04-17 03:00:00+00:00,27.6,34,985.0,3.11
Lahore,31.5497,74.3436,2026-04-17 04:00:00+00:00,29.9,30,986.0,3.88
Lahore,31.5497,74.3436,2026-04-17 05:00:00+00:00,31.7,26,986.6,3.69
Lahore,31.5497,74.3436,2026-04-17 06:00:00+00:00,32.7,25,986.4,5.17
Lahore,31.5497,74.3436,2026-04-17 07:00:00+00:00,33.3,23,986.7,5.5
Lahore,31.5497,74.3436,2026-04-17 08:00:00+00:00,33.0,22,985.9,5.58
Lahore,31.5497,74.3436,2026-04-17 09:00:00+00:00,33.5,22,984.9,5.95
Lahore,31.5497,74.3436,2026-04-17 10:00:00+00:00,32.9,24,984.5,5.84
Lahore,31.5497,74.3436,2026-04-17 11:00:00+00:00,32.3,25,983.7,5.48
Lahore,31.5497,74.3436,2026-04-17 12:00:00+00:00,31.8,26,982.9,5.06
Lahore,31.5497,74.3436,2026-04-17 13:00:00+00:00,30.3,28,982.8,4.18
Lahore,31.5497,74.3436,2026-04-17 14:00:00+00:00,29.0,32,983.2,3.82
Lahore,31.5497,74.3436,2026-04-17 15:00:00+00:00,27.9,35,983.8,3.11
Lahore,31.5497,74.3436,2026-04-17 16:00:00+00:00,27.0,36,984.1,2.86
Lahore,31.5497,74.3436,2026-04-17 17:00:00+00:00,26.1,36,983.9,3.01
Lahore,31.5497,74.3436,2026-04-17 18:00:00+00:00,25.4,45,984.3,3.46
Lahore,31.5497,74.3436,2026-04-17 19:00:00+00:00,25.0,49,984.5,3.2
Lahore,31.5497,74.3436,2026-04-17 20:00:00+00:00,24.6,53,984.1,3.56
Lahore,31.5497,74.3436,2026-04-17 21:00:00+00:00,24.5,52,983.2,3.5
Lahore,31.5497,74.3436,2026-04-17 22:00:00+00:00,24.0,52,983.2,2.83
Lahore,31.5497,74.3436,2026-04-17 23:00:00+00:00,23.3,52,983.0,2.48
Lahore,31.5497,74.3436,2026-04-18 00:00:00+00:00,23.0,53,983.5,2.76
Lahore,31.5497,74.3436,2026-04-18 01:00:00+00:00,23.1,54,984.1,3.56
Lahore,31.5497,74.3436,2026-04-18 02:00:00+00:00,24.8,50,984.7,3.51
Lahore,31.5497,74.3436,2026-04-18 03:00:00+00:00,27.1,43,984.9,3.97
Lahore,31.5497,74.3436,2026-04-18 04:00:00+00:00,29.3,38,985.0,4.86
Lahore,31.5497,74.3436,2026-04-18 05:00:00+00:00,31.7,31,984.8,5.28
Lahore,31.5497,74.3436,2026-04-18 06:00:00+00:00,33.8,25,985.2,4.62
Lahore,31.5497,74.3436,2026-04-18 07:00:00+00:00,35.2,21,984.8,4.17
Lahore,31.5497,74.3436,2026-04-18 08:00:00+00:00,36.1,19,984.2,3.93
Lahore,31.5497,74.3436,2026-04-18 09:00:00+00:00,36.6,18,983.1,3.36
Lahore,31.5497,74.3436,2026-04-18 10:00:00+00:00,36.7,17,982.1,3.07
Lahore,31.5497,74.3436,2026-04-18 11:00:00+00:00,36.4,18,981.5,2.92
Lahore,31.5497,74.3436,2026-04-18 12:00:00+00:00,35.7,17,981.2,2.3
Lahore,31.5497,74.3436,2026-04-18 13:00:00+00:00,34.4,20,981.0,2.45
Lahore,31.5497,74.3436,2026-04-18 14:00:00+00:00,32.3,24,981.4,3.41
Lahore,31.5497,74.3436,2026-04-18 15:00:00+00:00,30.9,26,981.7,3.37
Lahore,31.5497,74.3436,2026-04-18 16:00:00+00:00,30.2,26,982.1,3.05
Lahore,31.5497,74.3436,2026-04-18 17:00:00+00:00,29.1,29,982.1,2.62
Lahore,31.5497,74.3436,2026-04-18 18:00:00+00:00,29.0,34,982.5,3.12
Lahore,31.5497,74.3436,2026-04-18 19:00:00+00:00,27.6,40,982.7,3.87
Lahore,31.5497,74.3436,2026-04-18 20:00:00+00:00,26.0,47,982.4,4.79
Lahore,31.5497,74.3436,2026-04-18 21:00:00+00:00,24.9,53,981.9,4.51
Lahore,31.5497,74.3436,2026-04-18 22:00:00+00:00,24.8,51,981.7,4.13
Lahore,31.5497,74.3436,2026-04-18 23:00:00+00:00,24.3,49,981.0,3.57
Lahore,31.5497,74.3436,2026-04-19 00:00:00+00:00,24.2,55,980.6,2.85
Lahore,31.5497,74.3436,2026-04-19 01:00:00+00:00,24.1,54,981.1,2.62
Lahore,31.5497,74.3436,2026-04-19 02:00:00+00:00,25.3,50,981.8,2.51
Lahore,31.5497,74.3436,2026-04-19 03:00:00+00:00,26.7,44,982.4,2.24
Lahore,31.5497,74.3436,2026-04-19 04:00:00+00:00,28.4,39,983.0,2.16
Lahore,31.5497,74.3436,2026-04-19 05:00:00+00:00,30.8,33,983.2,1.9
Lahore,31.5497,74.3436,2026-04-19 06:00:00+00:00,32.8,27,983.3,1.69
Lahore,31.5497,74.3436,2026-04-19 07:00:00+00:00,33.7,24,983.4,2.76
Lahore,31.5497,74.3436,2026-04-19 08:00:00+00:00,34.5,22,982.9,2.38
Lahore,31.5497,74.3436,2026-04-19 09:00:00+00:00,35.5,20,982.2,1.76
Lahore,31.5497,74.3436,2026-04-19 10:00:00+00:00,35.5,19,981.8,2.67
Lahore,31.5497,74.3436,2026-04-19 11:00:00+00:00,34.8,20,981.5,1.72
Lahore,31.5497,74.3436,2026-04-19 12:00:00+00:00,32.6,25,981.3,4.54
Lahore,31.5497,74.3436,2026-04-19 13:00:00+00:00,31.2,27,981.3,1.4
Lahore,31.5497,74.3436,2026-04-19 14:00:00+00:00,29.7,30,982.0,0.85
Lahore,31.5497,74.3436,2026-04-19 15:00:00+00:00,28.4,35,982.0,0.81
Lahore,31.5497,74.3436,2026-04-19 16:00:00+00:00,27.4,37,982.1,1.0
Lahore,31.5497,74.3436,2026-04-19 17:00:00+00:00,27.0,37,982.0,1.41
Lahore,31.5497,74.3436,2026-04-19 18:00:00+00:00,26.7,42,982.2,1.37
Lahore,31.5497,74.3436,2026-04-19 19:00:00+00:00,26.7,40,981.7,1.51
Lahore,31.5497,74.3436,2026-04-19 20:00:00+00:00,25.2,45,981.4,1.25
Lahore,31.5497,74.3436,2026-04-19 21:00:00+00:00,24.6,46,981.1,1.52
Lahore,31.5497,74.3436,2026-04-19 22:00:00+00:00,24.5,44,981.0,2.65
Lahore,31.5497,74.3436,2026-04-19 23:00:00+00:00,24.5,45,980.9,3.27
Lahore,31.5497,74.3436,2026-04-20 00:00:00+00:00,24.0,51,980.6,2.96
Lahore,31.5497,74.3436,2026-04-20 01:00:00+00:00,23.7,51,981.0,3.08
Lahore,31.5497,74.3436,2026-04-20 02:00:00+00:00,25.0,46,981.6,3.09
Lahore,31.5497,74.3436,2026-04-20 03:00:00+00:00,27.3,40,982.3,1.79
Lahore,31.5497,74.3436,2026-04-20 04:00:00+00:00,30.4,32,982.9,1.52
Lahore,31.5497,74.3436,2026-04-20 05:00:00+00:00,33.4,23,983.2,2.21
Lahore,31.5497,74.3436,2026-04-20 06:00:00+00:00,35.3,15,983.3,3.04
Lahore,31.5497,74.3436,2026-04-20 07:00:00+00:00,36.8,12,982.9,2.8
Lahore,31.5497,74.3436,2026-04-20 08:00:00+00:00,37.6,10,982.2,2.69
Lahore,31.5497,74.3436,2026-04-20 09:00:00+00:00,37.8,10,981.3,2.88
Lahore,31.5497,74.3436,2026-04-20 10:00:00+00:00,37.7,10,980.4,2.61
Lahore,31.5497,74.3436,2026-04-20 11:00:00+00:00,37.3,11,980.0,2.65
Lahore,31.5497,74.3436,2026-04-20 12:00:00+00:00,36.6,11,980.0,2.41
Lahore,31.5497,74.3436,2026-04-20 13:00:00+00:00,35.5,13,979.9,1.72
Lahore,31.5497,74.3436,2026-04-20 14:00:00+00:00,33.2,17,980.2,1.52
Lahore,31.5497,74.3436,2026-04-20 15:00:00+00:00,32.2,20,980.8,2.04
Lahore,31.5497,74.3436,2026-04-20 16:00:00+00:00,30.7,25,981.2,1.97
Lahore,31.5497,74.3436,2026-04-20 17:00:00+00:00,29.6,29,981.3,2.02
Lahore,31.5497,74.3436,2026-04-20 18:00:00+00:00,28.6,36,981.6,1.52
Lahore,31.5497,74.3436,2026-04-20 19:00:00+00:00,28.3,38,981.3,1.57
Lahore,31.5497,74.3436,2026-04-20 20:00:00+00:00,27.7,39,980.8,1.91
Lahore,31.5497,74.3436,2026-04-20 21:00:00+00:00,26.7,42,980.3,2.22
Lahore,31.5497,74.3436,2026-04-20 22:00:00+00:00,25.9,42,979.9,1.83
Lahore,31.5497,74.3436,2026-04-20 23:00:00+00:00,25.1,42,979.4,1.68
Lahore,31.5497,74.3436,2026-04-21 00:00:00+00:00,25.1,49,979.3,1.9
Lahore,31.5497,74.3436,2026-04-21 01:00:00+00:00,25.2,47,979.6,1.92
Lahore,31.5497,74.3436,2026-04-21 02:00:00+00:00,26.7,43,980.3,2.06
Lahore,31.5497,74.3436,2026-04-21 03:00:00+00:00,29.4,36,981.0,0.85
Lahore,31.5497,74.3436,2026-04-21 04:00:00+00:00,31.9,30,981.4,1.05
Lahore,31.5497,74.3436,2026-04-21 05:00:00+00:00,34.4,25,981.6,1.24
Lahore,31.5497,74.3436,2026-04-21 06:00:00+00:00,36.1,18,981.4,2.35
Lahore,31.5497,74.3436,2026-04-21 07:00:00+00:00,37.4,15,981.1,2.82
Lahore,31.5497,74.3436,2026-04-21 08:00:00+00:00,38.1,14,980.6,3.27
Lahore,31.5497,74.3436,2026-04-21 09:00:00+00:00,38.4,14,979.8,3.58
Lahore,31.5497,74.3436,2026-04-21 10:00:00+00:00,38.3,14,979.1,3.93
Lahore,31.5497,74.3436,2026-04-21 11:00:00+00:00,37.6,15,979.1,4.21
Lahore,31.5497,74.3436,2026-04-21 12:00:00+00:00,36.3,16,978.9,3.5
Lahore,31.5497,74.3436,2026-04-21 13:00:00+00:00,35.3,17,979.1,2.83
Lahore,31.5497,74.3436,2026-04-21 14:00:00+00:00,33.9,19,979.4,1.8
Lahore,31.5497,74.3436,2026-04-21 15:00:00+00:00,32.6,22,979.5,1.39
Lahore,31.5497,74.3436,2026-04-21 16:00:00+00:00,32.0,23,979.5,1.49
Lahore,31.5497,74.3436,2026-04-21 17:00:00+00:00,31.1,25,979.7,1.45
Lahore,31.5497,74.3436,2026-04-21 18:00:00+00:00,29.8,30,979.9,1.37
Lahore,31.5497,74.3436,2026-04-21 19:00:00+00:00,29.3,31,979.9,1.36
Lahore,31.5497,74.3436,2026-04-21 20:00:00+00:00,28.6,32,979.7,1.39
Lahore,31.5497,74.3436,2026-04-21 21:00:00+00:00,27.7,34,979.5,1.71
Lahore,31.5497,74.3436,2026-04-21 22:00:00+00:00,26.4,39,979.3,1.6
Lahore,31.5497,74.3436,2026-04-21 23:00:00+00:00,25.8,41,978.9,1.63
Lahore,31.5497,74.3436,2026-04-22 00:00:00+00:00,26.0,42,978.5,1.69
Lahore,31.5497,74.3436,2026-04-22 01:00:00+00:00,25.8,42,978.9,1.5
Lahore,31.5497,74.3436,2026-04-22 02:00:00+00:00,27.0,40,979.6,1.72
Lahore,31.5497,74.3436,2026-04-22 03:00:00+00:00,29.2,37,980.3,1.03
Lahore,31.5497,74.3436,2026-04-22 04:00:00+00:00,32.4,29,980.8,0.45
Lahore,31.5497,74.3436,2026-04-22 05:00:00+00:00,35.4,23,980.8,0.5
Lahore,31.5497,74.3436,2026-04-22 06:00:00+00:00,37.3,18,980.8,1.43
Lahore,31.5497,74.3436,2026-04-22 07:00:00+00:00,39.1,15,980.3,1.77
Lahore,31.5497,74.3436,2026-04-22 08:00:00+00:00,39.9,14,979.8,2.4
Lahore,31.5497,74.3436,2026-04-22 09:00:00+00:00,40.2,14,979.0,2.76
Lahore,31.5497,74.3436,2026-04-22 10:00:00+00:00,40.2,14,978.4,2.93
Lahore,31.5497,74.3436,2026-04-22 11:00:00+00:00,39.6,14,978.0,3.3
Lahore,31.5497,74.3436,2026-04-22 12:00:00+00:00,38.6,14,978.0,3.45
Lahore,31.5497,74.3436,2026-04-22 13:00:00+00:00,37.8,14,977.9,2.55
Lahore,31.5497,74.3436,2026-04-22 14:00:00+00:00,36.3,16,978.1,1.72
Lahore,31.5497,74.3436,2026-04-22 15:00:00+00:00,35.1,18,978.7,1.57
Lahore,31.5497,74.3436,2026-04-22 16:00:00+00:00,33.2,22,979.0,1.15
Lahore,31.5497,74.3436,2026-04-22 17:00:00+00:00,31.7,26,979.3,0.42
Lahore,31.5497,74.3436,2026-04-22 18:00:00+00:00,31.3,28,979.6,0.32
Lahore,31.5497,74.3436,2026-04-22 19:00:00+00:00,30.4,29,979.4,0.32
Lahore,31.5497,74.3436,2026-04-22 20:00:00+00:00,28.3,33,978.9,1.47
Lahore,31.5497,74.3436,2026-04-22 21:00:00+00:00,27.1,38,978.5,1.4
Lahore,31.5497,74.3436,2026-04-22 22:00:00+00:00,26.3,42,978.5,1.24
Lahore,31.5497,74.3436,2026-04-22 23:00:00+00:00,25.9,42,978.4,1.73
Lahore,31.5497,74.3436,2026-04-23 00:00:00+00:00,25.1,54,978.7,0.28
Lahore,31.5497,74.3436,2026-04-23 01:00:00+00:00,25.4,53,979.4,0.47
Lahore,31.5497,74.3436,2026-04-23 02:00:00+00:00,27.2,47,980.0,0.99
Lahore,31.5497,74.3436,2026-04-23 03:00:00+00:00,31.2,37,981.0,0.72
Lahore,31.5497,74.3436,2026-04-23 04:00:00+00:00,34.9,28,981.7,1.13
Lahore,31.5497,74.3436,2026-04-23 05:00:00+00:00,37.6,21,981.9,1.6
Lahore,31.5497,74.3436,2026-04-23 06:00:00+00:00,38.9,16,981.9,1.88
Lahore,31.5497,74.3436,2026-04-23 07:00:00+00:00,40.5,12,981.4,1.55
Lahore,31.5497,74.3436,2026-04-23 08:00:00+00:00,41.1,12,980.5,0.81
Lahore,31.5497,74.3436,2026-04-23 09:00:00+00:00,41.4,11,979.5,0.76
Lahore,31.5497,74.3436,2026-04-23 10:00:00+00:00,41.5,12,978.6,2.07
Lahore,31.5497,74.3436,2026-04-23 11:00:00+00:00,40.2,13,978.5,3.87
Lahore,31.5497,74.3436,2026-04-23 12:00:00+00:00,38.5,15,978.5,2.67
Lahore,31.5497,74.3436,2026-04-23 13:00:00+00:00,34.4,28,978.6,5.24
Lahore,31.5497,74.3436,2026-04-23 14:00:00+00:00,33.0,29,979.3,3.26
Lahore,31.5497,74.3436,2026-04-23 15:00:00+00:00,32.6,28,979.8,2.24
Lahore,31.5497,74.3436,2026-04-23 16:00:00+00:00,32.2,29,980.1,1.58
Lahore,31.5497,74.3436,2026-04-23 17:00:00+00:00,31.0,31,979.9,1.35
Lahore,31.5497,74.3436,2026-04-23 18:00:00+00:00,30.7,35,979.6,1.4
Lahore,31.5497,74.3436,2026-04-23 19:00:00+00:00,30.8,35,979.5,1.2
Lahore,31.5497,74.3436,2026-04-23 20:00:00+00:00,30.3,36,979.6,1.74
Lahore,31.5497,74.3436,2026-04-23 21:00:00+00:00,29.0,40,979.4,2.25
Lahore,31.5497,74.3436,2026-04-23 22:00:00+00:00,27.9,44,979.5,1.47
Lahore,31.5497,74.3436,2026-04-23 23:00:00+00:00,27.1,49,979.3,0.76
Lahore,31.5497,74.3436,2026-04-24 00:00:00+00:00,27.8,52,979.7,2.02
Lahore,31.5497,74.3436,2026-04-24 01:00:00+00:00,27.8,52,980.1,1.82
Lahore,31.5497,74.3436,2026-04-24 02:00:00+00:00,28.8,49,981.1,1.36
Lahore,31.5497,74.3436,2026-04-24 03:00:00+00:00,31.1,43,981.6,0.54
Lahore,31.5497,74.3436,2026-04-24 04:00:00+00:00,34.0,36,981.9,0.79
Lahore,31.5497,74.3436,2026-04-24 05:00:00+00:00,36.8,26,981.9,1.48
Lahore,31.5497,74.3436,2026-04-24 06:00:00+00:00,38.4,19,981.9,2.44
Lahore,31.5497,74.3436,2026-04-24 07:00:00+00:00,39.9,17,981.4,2.41
Lahore,31.5497,74.3436,2026-04-24 08:00:00+00:00,40.7,15,980.4,2.62
Lahore,31.5497,74.3436,2026-04-24 09:00:00+00:00,41.0,14,979.4,3.38
Lahore,31.5497,74.3436,2026-04-24 10:00:00+00:00,40.3,13,978.9,3.7
Lahore,31.5497,74.3436,2026-04-24 11:00:00+00:00,39.7,14,979.0,4.99
Lahore,31.5497,74.3436,2026-04-24 12:00:00+00:00,40.2,12,978.1,3.73
Lahore,31.5497,74.3436,2026-04-24 13:00:00+00:00,37.7,16,978.6,3.94
Lahore,31.5497,74.3436,2026-04-24 14:00:00+00:00,36.2,17,979.5,3.33
Lahore,31.5497,74.3436,2026-04-24 15:00:00+00:00,35.1,18,980.1,1.84
Lahore,31.5497,74.3436,2026-04-24 16:00:00+00:00,34.1,20,980.8,1.78
Lahore,31.5497,74.3436,2026-04-24 17:00:00+00:00,32.8,22,981.2,2.71
Lahore,31.5497,74.3436,2026-04-24 18:00:00+00:00,32.3,26,981.5,1.97
Lahore,31.5497,74.3436,2026-04-24 19:00:00+00:00,31.4,32,981.7,2.12
Lahore,31.5497,74.3436,2026-04-24 20:00:00+00:00,30.4,35,981.6,1.3
Lahore,31.5497,74.3436,2026-04-24 21:00:00+00:00,29.3,38,981.1,2.12
Lahore,31.5497,74.3436,2026-04-24 22:00:00+00:00,28.5,41,981.3,1.55
Lahore,31.5497,74.3436,2026-04-24 23:00:00+00:00,27.6,44,981.1,1.15
Lahore,31.5497,74.3436,2026-04-25 00:00:00+00:00,27.2,51,981.1,2.27
Lahore,31.5497,74.3436,2026-04-25 01:00:00+00:00,26.8,53,981.8,2.54
Lahore,31.5497,74.3436,2026-04-25 02:00:00+00:00,28.1,49,982.9,2.16
Lahore,31.5497,74.3436,2026-04-25 03:00:00+00:00,30.3,43,983.6,1.8
Lahore,31.5497,74.3436,2026-04-25 04:00:00+00:00,33.5,34,984.1,1.81
Lahore,31.5497,74.3436,2026-04-25 05:00:00+00:00,35.8,28,984.3,1.26
Lahore,31.5497,74.3436,2026-04-25 06:00:00+00:00,38.2,20,983.4,1.86
Lahore,31.5497,74.3436,2026-04-25 07:00:00+00:00,38.7,18,983.4,1.22
Lahore,31.5497,74.3436,2026-04-25 08:00:00+00:00,39.2,16,983.3,3.5
Lahore,31.5497,74.3436,2026-04-25 09:00:00+00:00,39.7,16,982.3,1.74
Lahore,31.5497,74.3436,2026-04-25 10:00:00+00:00,38.9,16,982.1,2.45
Lahore,31.5497,74.3436,2026-04-25 11:00:00+00:00,35.4,27,982.5,4.32
Lahore,31.5497,74.3436,2026-04-25 12:00:00+00:00,38.2,16,980.6,4.26
Lahore,31.5497,74.3436,2026-04-25 13:00:00+00:00,37.1,18,980.4,3.06
Lahore,31.5497,74.3436,2026-04-25 14:00:00+00:00,35.1,22,980.8,1.35
Lahore,31.5497,74.3436,2026-04-25 15:00:00+00:00,34.2,24,981.2,1.98
Lahore,31.5497,74.3436,2026-04-25 16:00:00+00:00,33.8,25,981.9,2.33
Lahore,31.5497,74.3436,2026-04-25 17:00:00+00:00,32.9,26,981.9,2.14
Lahore,31.5497,74.3436,2026-04-25 18:00:00+00:00,32.3,29,982.1,3.02
Lahore,31.5497,74.3436,2026-04-25 19:00:00+00:00,31.4,31,981.7,2.77
Lahore,31.5497,74.3436,2026-04-25 20:00:00+00:00,30.6,33,981.2,2.44
Lahore,31.5497,74.3436,2026-04-25 21:00:00+00:00,29.8,34,980.5,2.44
Lahore,31.5497,74.3436,2026-04-25 22:00:00+00:00,29.1,35,980.2,2.6
Lahore,31.5497,74.3436,2026-04-25 23:00:00+00:00,28.5,36,980.0,2.17
Lahore,31.5497,74.3436,2026-04-26 00:00:00+00:00,27.3,45,980.4,2.96
Lahore,31.5497,74.3436,2026-04-26 01:00:00+00:00,27.0,45,980.6,2.17
Lahore,31.5497,74.3436,2026-04-26 02:00:00+00:00,28.1,43,981.3,1.42
Lahore,31.5497,74.3436,2026-04-26 03:00:00+00:00,30.7,37,981.7,0.94
Lahore,31.5497,74.3436,2026-04-26 04:00:00+00:00,33.9,29,982.1,1.13
Lahore,31.5497,74.3436,2026-04-26 05:00:00+00:00,36.5,20,981.8,1.95
Lahore,31.5497,74.3436,2026-04-26 06:00:00+00:00,37.4,18,981.7,3.3
Lahore,31.5497,74.3436,2026-04-26 07:00:00+00:00,38.7,16,981.1,3.42
Lahore,31.5497,74.3436,2026-04-26 08:00:00+00:00,39.5,14,980.5,3.64
Lahore,31.5497,74.3436,2026-04-26 09:00:00+00:00,39.9,13,979.4,3.93
Lahore,31.5497,74.3436,2026-04-26 10:00:00+00:00,39.9,13,978.5,4.06
Lahore,31.5497,74.3436,2026-04-26 11:00:00+00:00,39.2,14,977.6,3.81
Lahore,31.5497,74.3436,2026-04-26 12:00:00+00:00,38.6,14,977.2,3.39
Lahore,31.5497,74.3436,2026-04-26 13:00:00+00:00,37.6,15,977.3,2.97
Lahore,31.5497,74.3436,2026-04-26 14:00:00+00:00,36.4,16,977.6,2.55
Lahore,31.5497,74.3436,2026-04-26 15:00:00+00:00,35.5,18,977.8,2.49
Lahore,31.5497,74.3436,2026-04-26 16:00:00+00:00,34.7,20,978.1,1.98
Lahore,31.5497,74.3436,2026-04-26 17:00:00+00:00,33.2,23,977.8,1.52
Lahore,31.5497,74.3436,2026-04-26 18:00:00+00:00,32.0,26,977.8,1.9
Lahore,31.5497,74.3436,2026-04-26 19:00:00+00:00,30.8,29,977.4,1.53
Lahore,31.5497,74.3436,2026-04-26 20:00:00+00:00,29.8,32,977.2,1.55
Lahore,31.5497,74.3436,2026-04-26 21:00:00+00:00,28.9,34,976.7,1.7
Lahore,31.5497,74.3436,2026-04-26 22:00:00+00:00,27.6,37,976.5,1.3
Lahore,31.5497,74.3436,2026-04-26 23:00:00+00:00,27.0,38,976.2,1.3
Lahore,31.5497,74.3436,2026-04-27 00:00:00+00:00,27.5,37,976.0,0.55
Lahore,31.5497,74.3436,2026-04-27 01:00:00+00:00,27.4,40,976.3,0.25
Lahore,31.5497,74.3436,2026-04-27 02:00:00+00:00,28.6,34,977.4,1.45
Lahore,31.5497,74.3436,2026-04-27 03:00:00+00:00,30.9,30,978.0,0.96
Lahore,31.5497,74.3436,2026-04-27 04:00:00+00:00,33.9,24,978.6,0.7
Lahore,31.5497,74.3436,2026-04-27 05:00:00+00:00,36.5,19,978.7,0.35
Lahore,31.5497,74.3436,2026-04-27 06:00:00+00:00,37.6,18,978.5,0.6
Lahore,31.5497,74.3436,2026-04-27 07:00:00+00:00,39.7,16,978.1,0.96
Lahore,31.5497,74.3436,2026-04-27 08:00:00+00:00,40.6,15,977.0,1.42
Lahore,31.5497,74.3436,2026-04-27 09:00:00+00:00,40.4,14,976.3,2.67
Lahore,31.5497,74.3436,2026-04-27 10:00:00+00:00,39.9,16,975.6,3.23
Lahore,31.5497,74.3436,2026-04-27 11:00:00+00:00,36.8,22,976.1,5.34
Lahore,31.5497,74.3436,2026-04-27 12:00:00+00:00,36.3,23,974.5,4.28
Lahore,31.5497,74.3436,2026-04-27 13:00:00+00:00,37.2,20,974.2,1.68
Lahore,31.5497,74.3436,2026-04-27 14:00:00+00:00,35.4,23,974.6,0.96
Lahore,31.5497,74.3436,2026-04-27 15:00:00+00:00,34.5,24,975.2,2.25
Lahore,31.5497,74.3436,2026-04-27 16:00:00+00:00,33.2,27,975.7,1.51
Lahore,31.5497,74.3436,2026-04-27 17:00:00+00:00,32.2,30,975.9,1.1
Lahore,31.5497,74.3436,2026-04-27 18:00:00+00:00,33.1,31,976.1,2.0
Lahore,31.5497,74.3436,2026-04-27 19:00:00+00:00,32.8,30,975.9,2.93
Lahore,31.5497,74.3436,2026-04-27 20:00:00+00:00,32.5,28,976.0,2.39
Lahore,31.5497,74.3436,2026-04-27 21:00:00+00:00,32.2,26,975.9,1.66
Lahore,31.5497,74.3436,2026-04-27 22:00:00+00:00,31.1,29,976.1,2.03
Lahore,31.5497,74.3436,2026-04-27 23:00:00+00:00,30.0,34,976.4,1.74
Lahore,31.5497,74.3436,2026-04-28 00:00:00+00:00,28.7,41,976.7,2.6
Lahore,31.5497,74.3436,2026-04-28 01:00:00+00:00,28.4,43,976.6,1.15
Lahore,31.5497,74.3436,2026-04-28 02:00:00+00:00,28.8,42,977.8,1.52
Lahore,31.5497,74.3436,2026-04-28 03:00:00+00:00,30.2,39,978.3,1.42
Lahore,31.5497,74.3436,2026-04-28 04:00:00+00:00,31.1,37,978.5,2.73
Lahore,31.5497,74.3436,2026-04-28 05:00:00+00:00,32.4,35,979.4,3.63
Lahore,31.5497,74.3436,2026-04-28 06:00:00+00:00,31.9,36,979.7,1.58
Lahore,31.5497,74.3436,2026-04-28 07:00:00+00:00,32.3,36,978.9,4.34
Lahore,31.5497,74.3436,2026-04-28 08:00:00+00:00,33.9,28,978.5,5.8
Lahore,31.5497,74.3436,2026-04-28 09:00:00+00:00,34.4,26,977.8,3.53
Lahore,31.5497,74.3436,2026-04-28 10:00:00+00:00,34.9,25,977.2,2.61
Lahore,31.5497,74.3436,2026-04-28 11:00:00+00:00,35.0,24,976.2,3.06
Lahore,31.5497,74.3436,2026-04-28 12:00:00+00:00,33.3,27,976.3,3.62
Lahore,31.5497,74.3436,2026-04-28 13:00:00+00:00,33.2,27,976.0,3.33
Lahore,31.5497,74.3436,2026-04-28 14:00:00+00:00,32.1,30,976.4,3.16
Lahore,31.5497,74.3436,2026-04-28 15:00:00+00:00,30.8,36,977.2,3.6
Lahore,31.5497,74.3436,2026-04-28 16:00:00+00:00,29.9,39,977.4,3.26
Lahore,31.5497,74.3436,2026-04-28 17:00:00+00:00,29.2,42,977.5,2.72
Lahore,31.5497,74.3436,2026-04-28 18:00:00+00:00,26.9,52,979.2,5.05
Lahore,31.5497,74.3436,2026-04-28 19:00:00+00:00,25.8,56,978.6,4.5
Lahore,31.5497,74.3436,2026-04-28 20:00:00+00:00,25.2,55,977.7,3.3
Lahore,31.5497,74.3436,2026-04-28 21:00:00+00:00,24.8,56,977.3,2.05
Lahore,31.5497,74.3436,2026-04-28 22:00:00+00:00,24.6,57,977.2,2.26
Lahore,31.5497,74.3436,2026-04-28 23:00:00+00:00,24.2,58,977.2,1.87
Lahore,31.5497,74.3436,2026-04-29 00:00:00+00:00,22.9,76,976.6,1.57
Lahore,31.5497,74.3436,2026-04-29 01:00:00+00:00,22.8,78,977.6,0.83
Lahore,31.5497,74.3436,2026-04-29 02:00:00+00:00,24.0,73,978.3,1.2
Lahore,31.5497,74.3436,2026-04-29 03:00:00+00:00,25.7,65,979.0,0.45
Lahore,31.5497,74.3436,2026-04-29 04:00:00+00:00,28.0,57,979.6,0.4
Lahore,31.5497,74.3436,2026-04-29 05:00:00+00:00,30.0,48,979.8,0.75
Lahore,31.5497,74.3436,2026-04-29 06:00:00+00:00,29.5,48,980.1,0.27
Lahore,31.5497,74.3436,2026-04-29 07:00:00+00:00,30.9,43,979.6,0.71
Lahore,31.5497,74.3436,2026-04-29 08:00:00+00:00,31.9,40,978.7,1.08
Lahore,31.5497,74.3436,2026-04-29 09:00:00+00:00,32.8,37,977.9,0.98
Lahore,31.5497,74.3436,2026-04-29 10:00:00+00:00,32.7,35,977.3,2.12
Lahore,31.5497,74.3436,2026-04-29 11:00:00+00:00,30.5,39,977.3,1.43
Lahore,31.5497,74.3436,2026-04-29 12:00:00+00:00,32.7,27,976.4,2.25
Lahore,31.5497,74.3436,2026-04-29 13:00:00+00:00,30.9,35,976.5,2.67
Lahore,31.5497,74.3436,2026-04-29 14:00:00+00:00,28.7,47,977.2,3.41
Lahore,31.5497,74.3436,2026-04-29 15:00:00+00:00,26.7,57,977.8,3.02
Lahore,31.5497,74.3436,2026-04-29 16:00:00+00:00,25.5,62,977.9,2.58
Lahore,31.5497,74.3436,2026-04-29 17:00:00+00:00,24.9,64,977.8,2.25
Lahore,31.5497,74.3436,2026-04-29 18:00:00+00:00,25.5,65,977.4,2.24
Lahore,31.5497,74.3436,2026-04-29 19:00:00+00:00,25.3,65,977.2,1.72
Lahore,31.5497,74.3436,2026-04-29 20:00:00+00:00,24.7,67,977.1,1.32
Lahore,31.5497,74.3436,2026-04-29 21:00:00+00:00,24.2,69,976.7,1.13
Lahore,31.5497,74.3436,2026-04-29 22:00:00+00:00,23.6,72,976.8,0.89
Lahore,31.5497,74.3436,2026-04-29 23:00:00+00:00,23.0,76,976.9,0.87
Lahore,31.5497,74.3436,2026-04-30 00:00:00+00:00,22.8,70,976.7,1.45
Lahore,31.5497,74.3436,2026-04-30 01:00:00+00:00,23.0,70,977.3,1.05
Lahore,31.5497,74.3436,2026-04-30 02:00:00+00:00,24.3,65,978.3,0.81
Lahore,31.5497,74.3436,2026-04-30 03:00:00+00:00,27.1,54,978.5,1.59
Lahore,31.5497,74.3436,2026-04-30 04:00:00+00:00,30.2,41,979.2,1.83
Lahore,31.5497,74.3436,2026-04-30 05:00:00+00:00,32.2,34,979.4,1.53
Lahore,31.5497,74.3436,2026-04-30 06:00:00+00:00,32.9,31,979.3,0.49
Lahore,31.5497,74.3436,2026-04-30 07:00:00+00:00,34.2,28,978.7,0.87
Lahore,31.5497,74.3436,2026-04-30 08:00:00+00:00,34.7,25,978.2,0.83
Lahore,31.5497,74.3436,2026-04-30 09:00:00+00:00,29.7,40,978.6,4.86
Lahore,31.5497,74.3436,2026-04-30 10:00:00+00:00,26.1,54,979.9,0.45
Lahore,31.5497,74.3436,2026-04-30 11:00:00+00:00,28.0,47,978.3,0.57
Lahore,31.5497,74.3436,2026-04-30 12:00:00+00:00,33.7,25,976.1,2.91
Lahore,31.5497,74.3436,2026-04-30 13:00:00+00:00,31.9,29,976.4,2.65
Lahore,31.5497,74.3436,2026-04-30 14:00:00+00:00,30.1,37,976.7,2.24
Lahore,31.5497,74.3436,2026-04-30 15:00:00+00:00,28.6,41,977.0,1.3
Lahore,31.5497,74.3436,2026-04-30 16:00:00+00:00,27.5,43,977.4,1.74
Lahore,31.5497,74.3436,2026-04-30 17:00:00+00:00,26.5,46,977.7,1.13
Lahore,31.5497,74.3436,2026-04-30 18:00:00+00:00,28.0,43,977.7,2.41
Lahore,31.5497,74.3436,2026-04-30 19:00:00+00:00,27.6,43,978.2,2.45
Lahore,31.5497,74.3436,2026-04-30 20:00:00+00:00,26.5,46,977.8,2.07
Lahore,31.5497,74.3436,2026-04-30 21:00:00+00:00,25.3,49,977.5,1.59
Lahore,31.5497,74.3436,2026-04-30 22:00:00+00:00,24.1,55,977.6,1.99
Lahore,31.5497,74.3436,2026-04-30 23:00:00+00:00,23.5,58,977.5,0.75
Lahore,31.5497,74.3436,2026-05-01 00:00:00+00:00,23.0,62,977.6,2.3
Lahore,31.5497,74.3436,2026-05-01 01:00:00+00:00,23.7,58,978.4,2.15
Lahore,31.5497,74.3436,2026-05-01 02:00:00+00:00,25.3,55,979.5,2.42
Lahore,31.5497,74.3436,2026-05-01 03:00:00+00:00,27.4,52,979.9,2.48
Lahore,31.5497,74.3436,2026-05-01 04:00:00+00:00,29.8,45,980.2,2.13
Lahore,31.5497,74.3436,2026-05-01 05:00:00+00:00,32.0,39,980.3,1.79
Lahore,31.5497,74.3436,2026-05-01 06:00:00+00:00,32.8,34,980.3,0.92
Lahore,31.5497,74.3436,2026-05-01 07:00:00+00:00,35.0,28,979.8,0.16
Lahore,31.5497,74.3436,2026-05-01 08:00:00+00:00,35.8,25,978.9,0.67
Lahore,31.5497,74.3436,2026-05-01 09:00:00+00:00,36.3,23,977.8,1.3
Lahore,31.5497,74.3436,2026-05-01 10:00:00+00:00,36.5,23,976.8,1.58
Lahore,31.5497,74.3436,2026-05-01 11:00:00+00:00,36.3,21,976.0,1.84
Lahore,31.5497,74.3436,2026-05-01 12:00:00+00:00,36.2,19,975.8,1.71
Lahore,31.5497,74.3436,2026-05-01 13:00:00+00:00,34.7,23,975.8,2.97
Lahore,31.5497,74.3436,2026-05-01 14:00:00+00:00,32.8,26,976.3,2.12
Lahore,31.5497,74.3436,2026-05-01 15:00:00+00:00,31.9,25,976.6,1.17
Lahore,31.5497,74.3436,2026-05-01 16:00:00+00:00,31.0,27,976.9,1.01
Lahore,31.5497,74.3436,2026-05-01 17:00:00+00:00,29.7,29,977.1,1.16
Lahore,31.5497,74.3436,2026-05-01 18:00:00+00:00,28.6,37,977.1,1.55
Lahore,31.5497,74.3436,2026-05-01 19:00:00+00:00,28.2,42,977.0,1.98
Lahore,31.5497,74.3436,2026-05-01 20:00:00+00:00,27.5,45,976.5,1.79
Lahore,31.5497,74.3436,2026-05-01 21:00:00+00:00,26.4,49,976.2,1.21
Lahore,31.5497,74.3436,2026-05-01 22:00:00+00:00,25.4,53,976.0,1.05
Lahore,31.5497,74.3436,2026-05-01 23:00:00+00:00,24.7,56,975.8,1.17
Lahore,31.5497,74.3436,2026-05-02 00:00:00+00:00,25.0,49,975.9,0.76
Lahore,31.5497,74.3436,2026-05-02 01:00:00+00:00,25.4,49,976.3,1.82
Lahore,31.5497,74.3436,2026-05-02 02:00:00+00:00,27.1,46,977.2,1.06
Lahore,31.5497,74.3436,2026-05-02 03:00:00+00:00,30.3,39,977.9,0.67
Lahore,31.5497,74.3436,2026-05-02 04:00:00+00:00,33.5,31,978.5,0.67
Lahore,31.5497,74.3436,2026-05-02 05:00:00+00:00,35.6,23,978.4,0.5
Lahore,31.5497,74.3436,2026-05-02 06:00:00+00:00,35.4,23,978.4,0.55
Lahore,31.5497,74.3436,2026-05-02 07:00:00+00:00,37.1,20,978.0,0.85
Lahore,31.5497,74.3436,2026-05-02 08:00:00+00:00,37.9,19,976.9,1.39
Lahore,31.5497,74.3436,2026-05-02 09:00:00+00:00,38.2,19,975.9,1.8
Lahore,31.5497,74.3436,2026-05-02 10:00:00+00:00,38.4,18,974.9,1.4
Lahore,31.5497,74.3436,2026-05-02 11:00:00+00:00,38.2,18,974.1,1.06
Lahore,31.5497,74.3436,2026-05-02 12:00:00+00:00,37.9,13,973.2,0.76
Lahore,31.5497,74.3436,2026-05-02 13:00:00+00:00,36.4,18,973.3,1.92
Lahore,31.5497,74.3436,2026-05-02 14:00:00+00:00,34.1,23,974.0,1.63
Lahore,31.5497,74.3436,2026-05-02 15:00:00+00:00,33.2,23,974.1,1.34
Lahore,31.5497,74.3436,2026-05-02 16:00:00+00:00,32.3,24,974.7,2.06
Lahore,31.5497,74.3436,2026-05-02 17:00:00+00:00,30.7,27,974.9,3.01
Lahore,31.5497,74.3436,2026-05-02 18:00:00+00:00,29.6,33,974.8,2.69
Lahore,31.5497,74.3436,2026-05-02 19:00:00+00:00,29.0,37,974.7,2.98
Lahore,31.5497,74.3436,2026-05-02 20:00:00+00:00,28.6,38,974.3,2.91
Lahore,31.5497,74.3436,2026-05-02 21:00:00+00:00,27.3,42,975.2,0.68
Lahore,31.5497,74.3436,2026-05-02 22:00:00+00:00,26.7,43,975.0,1.74
Lahore,31.5497,74.3436,2026-05-02 23:00:00+00:00,26.0,46,974.9,1.7
Lahore,31.5497,74.3436,2026-05-03 00:00:00+00:00,23.8,57,977.8,5.84
Lahore,31.5497,74.3436,2026-05-03 01:00:00+00:00,23.5,59,977.6,4.42
Lahore,31.5497,74.3436,2026-05-03 02:00:00+00:00,24.8,55,977.6,3.74
Lahore,31.5497,74.3436,2026-05-03 03:00:00+00:00,27.0,48,977.9,4.57
Lahore,31.5497,74.3436,2026-05-03 04:00:00+00:00,29.3,41,978.4,4.9
Lahore,31.5497,74.3436,2026-05-03 05:00:00+00:00,31.9,34,978.4,5.43
Lahore,31.5497,74.3436,2026-05-03 06:00:00+00:00,31.4,33,979.2,5.15
Lahore,31.5497,74.3436,2026-05-03 07:00:00+00:00,32.7,32,979.4,4.83
Lahore,31.5497,74.3436,2026-05-03 08:00:00+00:00,34.0,30,979.2,3.86
Lahore,31.5497,74.3436,2026-05-03 09:00:00+00:00,33.4,28,979.3,1.57
Lahore,31.5497,74.3436,2026-05-03 10:00:00+00:00,33.5,28,978.3,1.95
Lahore,31.5497,74.3436,2026-05-03 11:00:00+00:00,33.3,28,977.7,2.83
Lahore,31.5497,74.3436,2026-05-03 12:00:00+00:00,31.4,34,977.6,1.15
Lahore,31.5497,74.3436,2026-05-03 13:00:00+00:00,31.0,34,977.0,4.26
Lahore,31.5497,74.3436,2026-05-03 14:00:00+00:00,29.2,39,976.8,2.46
Lahore,31.5497,74.3436,2026-05-03 15:00:00+00:00,28.5,42,978.2,2.16
Lahore,31.5497,74.3436,2026-05-03 16:00:00+00:00,28.3,42,978.8,2.48
Lahore,31.5497,74.3436,2026-05-03 17:00:00+00:00,28.0,42,978.8,2.45
Lahore,31.5497,74.3436,2026-05-03 18:00:00+00:00,26.7,47,977.8,3.34
Lahore,31.5497,74.3436,2026-05-03 19:00:00+00:00,27.0,43,977.6,2.06
Lahore,31.5497,74.3436,2026-05-03 20:00:00+00:00,23.3,62,978.5,3.98
Lahore,31.5497,74.3436,2026-05-03 21:00:00+00:00,23.3,63,977.7,3.74
Lahore,31.5497,74.3436,2026-05-03 22:00:00+00:00,23.8,62,978.0,1.84
Lahore,31.5497,74.3436,2026-05-03 23:00:00+00:00,23.3,64,978.4,1.42
Lahore,31.5497,74.3436,2026-05-04 00:00:00+00:00,24.5,65,977.8,0.81
Lahore,31.5497,74.3436,2026-05-04 01:00:00+00:00,25.6,53,979.3,3.51
Lahore,31.5497,74.3436,2026-05-04 02:00:00+00:00,25.9,59,980.5,3.67
Lahore,31.5497,74.3436,2026-05-04 03:00:00+00:00,27.1,53,981.4,2.75
Lahore,31.5497,74.3436,2026-05-04 04:00:00+00:00,29.1,45,981.9,2.96
Lahore,31.5497,74.3436,2026-05-04 05:00:00+00:00,30.8,39,982.1,4.16
Lahore,31.5497,74.3436,2026-05-04 06:00:00+00:00,31.7,34,981.6,4.06
Lahore,31.5497,74.3436,2026-05-04 07:00:00+00:00,32.7,30,980.7,4.11
Lahore,31.5497,74.3436,2026-05-04 08:00:00+00:00,33.8,26,980.3,3.91
Lahore,31.5497,74.3436,2026-05-04 09:00:00+00:00,30.1,32,981.4,5.69
Lahore,31.5497,74.3436,2026-05-04 10:00:00+00:00,25.2,58,982.8,2.89
Lahore,31.5497,74.3436,2026-05-04 11:00:00+00:00,24.6,67,981.4,4.06
Lahore,31.5497,74.3436,2026-05-04 12:00:00+00:00,28.6,43,979.4,2.62
Lahore,31.5497,74.3436,2026-05-04 13:00:00+00:00,25.0,53,980.3,7.16
Lahore,31.5497,74.3436,2026-05-04 14:00:00+00:00,23.1,62,980.3,4.05
Lahore,31.5497,74.3436,2026-05-04 15:00:00+00:00,22.9,61,981.4,2.69
Lahore,31.5497,74.3436,2026-05-04 16:00:00+00:00,23.0,60,982.1,2.64
Lahore,31.5497,74.3436,2026-05-04 17:00:00+00:00,22.8,59,982.6,2.72
Lahore,31.5497,74.3436,2026-05-04 18:00:00+00:00,20.0,89,983.0,0.87
Lahore,31.5497,74.3436,2026-05-04 19:00:00+00:00,19.9,85,982.5,1.53
Lahore,31.5497,74.3436,2026-05-04 20:00:00+00:00,19.9,83,982.4,1.42
Lahore,31.5497,74.3436,2026-05-04 21:00:00+00:00,19.9,82,982.6,1.5
Lahore,31.5497,74.3436,2026-05-04 22:00:00+00:00,19.9,81,983.1,2.3
Lahore,31.5497,74.3436,2026-05-04 23:00:00+00:00,19.9,79,983.8,1.55
Lahore,31.5497,74.3436,2026-05-05 00:00:00+00:00,20.6,77,983.8,2.21
Lahore,31.5497,74.3436,2026-05-05 01:00:00+00:00,20.7,76,985.0,3.01
Lahore,31.5497,74.3436,2026-05-05 02:00:00+00:00,21.4,71,986.3,3.38
Lahore,31.5497,74.3436,2026-05-05 03:00:00+00:00,22.7,69,986.8,2.06
Lahore,31.5497,74.3436,2026-05-05 04:00:00+00:00,24.7,67,986.8,1.87
Lahore,31.5497,74.3436,2026-05-05 05:00:00+00:00,26.8,62,986.9,1.75
Lahore,31.5497,74.3436,2026-05-05 06:00:00+00:00,28.3,51,987.2,0.9
Lahore,31.5497,74.3436,2026-05-05 07:00:00+00:00,29.7,44,986.8,0.3
Lahore,31.5497,74.3436,2026-05-05 08:00:00+00:00,30.7,38,986.2,0.05
Lahore,31.5497,74.3436,2026-05-05 09:00:00+00:00,31.1,36,985.2,0.28
Lahore,31.5497,74.3436,2026-05-05 10:00:00+00:00,31.2,35,984.5,0.7
Lahore,31.5497,74.3436,2026-05-05 11:00:00+00:00,30.9,36,983.9,1.11
Lahore,31.5497,74.3436,2026-05-05 12:00:00+00:00,29.9,38,983.6,2.63
Lahore,31.5497,74.3436,2026-05-05 13:00:00+00:00,28.0,46,983.4,2.62
Lahore,31.5497,74.3436,2026-05-05 14:00:00+00:00,26.3,54,983.5,1.61
Lahore,31.5497,74.3436,2026-05-05 15:00:00+00:00,26.2,57,983.6,0.92
Lahore,31.5497,74.3436,2026-05-05 16:00:00+00:00,25.6,57,983.9,0.55
Lahore,31.5497,74.3436,2026-05-05 17:00:00+00:00,24.9,58,983.8,0.62
Lahore,31.5497,74.3436,2026-05-05 18:00:00+00:00,24.4,61,983.6,1.71
Lahore,31.5497,74.3436,2026-05-05 19:00:00+00:00,24.5,62,983.2,1.59
Lahore,31.5497,74.3436,2026-05-05 20:00:00+00:00,23.7,64,982.9,1.53
Lahore,31.5497,74.3436,2026-05-05 21:00:00+00:00,23.2,65,982.4,1.23
Lahore,31.5497,74.3436,2026-05-05 22:00:00+00:00,22.5,66,982.3,0.67
Lahore,31.5497,74.3436,2026-05-05 23:00:00+00:00,21.7,70,982.3,0.22
Lahore,31.5497,74.3436,2026-05-06 00:00:00+00:00,20.9,80,982.2,1.0
Lahore,31.5497,74.3436,2026-05-06 01:00:00+00:00,21.9,76,982.7,0.96
Lahore,31.5497,74.3436,2026-05-06 02:00:00+00:00,23.5,71,983.2,0.9
Lahore,31.5497,74.3436,2026-05-06 03:00:00+00:00,26.3,59,983.8,0.54
Lahore,31.5497,74.3436,2026-05-06 04:00:00+00:00,28.5,49,984.0,0.07
Lahore,31.5497,74.3436,2026-05-06 05:00:00+00:00,30.1,39,983.9,0.7
Lahore,31.5497,74.3436,2026-05-06 06:00:00+00:00,31.0,34,983.6,0.92
Lahore,31.5497,74.3436,2026-05-06 07:00:00+00:00,31.9,33,982.9,1.09
Lahore,31.5497,74.3436,2026-05-06 08:00:00+00:00,32.3,31,982.4,1.26
Lahore,31.5497,74.3436,2026-05-06 09:00:00+00:00,32.6,31,981.5,0.91
Lahore,31.5497,74.3436,2026-05-06 10:00:00+00:00,33.0,30,980.5,0.76
Lahore,31.5497,74.3436,2026-05-06 11:00:00+00:00,32.6,30,979.8,1.79
Lahore,31.5497,74.3436,2026-05-06 12:00:00+00:00,31.9,32,978.9,3.05
Lahore,31.5497,74.3436,2026-05-06 13:00:00+00:00,29.6,37,978.8,2.47
Lahore,31.5497,74.3436,2026-05-06 14:00:00+00:00,27.1,46,979.0,1.83
Lahore,31.5497,74.3436,2026-05-06 15:00:00+00:00,26.6,50,979.3,1.62
Lahore,31.5497,74.3436,2026-05-06 16:00:00+00:00,26.0,53,979.3,1.5
Lahore,31.5497,74.3436,2026-05-06 17:00:00+00:00,25.8,56,979.5,0.38
Lahore,31.5497,74.3436,2026-05-06 18:00:00+00:00,26.9,50,979.4,0.21
Lahore,31.5497,74.3436,2026-05-06 19:00:00+00:00,24.5,57,979.0,1.49
Lahore,31.5497,74.3436,2026-05-06 20:00:00+00:00,23.3,61,978.7,2.31
Lahore,31.5497,74.3436,2026-05-06 21:00:00+00:00,22.8,66,978.8,2.25
Lahore,31.5497,74.3436,2026-05-06 22:00:00+00:00,22.4,70,979.3,2.02
Lahore,31.5497,74.3436,2026-05-06 23:00:00+00:00,21.9,72,979.6,1.91
Lahore,31.5497,74.3436,2026-05-07 00:00:00+00:00,20.9,75,979.8,1.7
Lahore,31.5497,74.3436,2026-05-07 01:00:00+00:00,21.5,73,980.2,1.9
Lahore,31.5497,74.3436,2026-05-07 02:00:00+00:00,23.3,68,981.0,2.06
Lahore,31.5497,74.3436,2026-05-07 03:00:00+00:00,26.0,59,981.8,1.68
Lahore,31.5497,74.3436,2026-05-07 04:00:00+00:00,29.0,48,982.2,1.88
Lahore,31.5497,74.3436,2026-05-07 05:00:00+00:00,31.2,38,982.6,2.7
Lahore,31.5497,74.3436,2026-05-07 06:00:00+00:00,32.1,35,982.5,2.7
Lahore,31.5497,74.3436,2026-05-07 07:00:00+00:00,32.9,32,982.1,2.52
Lahore,31.5497,74.3436,2026-05-07 08:00:00+00:00,33.7,30,981.7,2.16
Lahore,31.5497,74.3436,2026-05-07 09:00:00+00:00,34.2,27,981.2,1.84
Lahore,31.5497,74.3436,2026-05-07 10:00:00+00:00,34.0,27,980.9,2.33
Lahore,31.5497,74.3436,2026-05-07 11:00:00+00:00,33.7,27,981.0,2.29
Lahore,31.5497,74.3436,2026-05-07 12:00:00+00:00,34.4,18,980.2,0.18
Lahore,31.5497,74.3436,2026-05-07 13:00:00+00:00,31.6,32,980.4,1.36
Lahore,31.5497,74.3436,2026-05-07 14:00:00+00:00,28.9,36,980.6,3.1
Lahore,31.5497,74.3436,2026-05-07 15:00:00+00:00,27.7,39,981.1,3.06
Lahore,31.5497,74.3436,2026-05-07 16:00:00+00:00,26.6,42,981.9,2.89
Lahore,31.5497,74.3436,2026-05-07 17:00:00+00:00,25.6,48,982.2,2.94
Lahore,31.5497,74.3436,2026-05-07 18:00:00+00:00,25.5,54,982.2,2.86
Lahore,31.5497,74.3436,2026-05-07 19:00:00+00:00,25.6,56,982.2,2.76
Lahore,31.5497,74.3436,2026-05-07 20:00:00+00:00,25.1,60,982.0,2.9
Lahore,31.5497,74.3436,2026-05-07 21:00:00+00:00,24.6,64,981.7,2.69
Lahore,31.5497,74.3436,2026-05-07 22:00:00+00:00,24.0,67,981.8,2.42
Lahore,31.5497,74.3436,2026-05-07 23:00:00+00:00,23.5,69,981.9,2.23
Lahore,31.5497,74.3436,2026-05-08 00:00:00+00:00,22.7,73,982.3,1.9
Lahore,31.5497,74.3436,2026-05-08 01:00:00+00:00,22.9,73,983.0,2.36
Lahore,31.5497,74.3436,2026-05-08 02:00:00+00:00,24.1,68,983.6,2.3
Lahore,31.5497,74.3436,2026-05-08 03:00:00+00:00,26.0,62,984.1,2.55
Lahore,31.5497,74.3436,2026-05-08 04:00:00+00:00,28.3,54,984.5,2.64
Lahore,31.5497,74.3436,2026-05-08 05:00:00+00:00,30.6,44,984.6,2.72
Lahore,31.5497,74.3436,2026-05-08 06:00:00+00:00,31.6,41,984.5,2.21
Lahore,31.5497,74.3436,2026-05-08 07:00:00+00:00,32.9,37,984.1,1.84
Lahore,31.5497,74.3436,2026-05-08 08:00:00+00:00,33.8,34,983.6,1.39
Lahore,31.5497,74.3436,2026-05-08 09:00:00+00:00,34.3,32,982.9,0.73
Lahore,31.5497,74.3436,2026-05-08 10:00:00+00:00,34.0,32,982.5,1.03
Lahore,31.5497,74.3436,2026-05-08 11:00:00+00:00,33.1,34,982.2,1.15
Lahore,31.5497,74.3436,2026-05-08 12:00:00+00:00,34.0,28,981.6,1.32
Lahore,31.5497,74.3436,2026-05-08 13:00:00+00:00,33.3,30,982.0,1.44
Lahore,31.5497,74.3436,2026-05-08 14:00:00+00:00,31.2,36,982.0,2.25
Lahore,31.5497,74.3436,2026-05-08 15:00:00+00:00,29.9,40,982.3,3.15
Lahore,31.5497,74.3436,2026-05-08 16:00:00+00:00,28.7,43,982.9,2.6
Lahore,31.5497,74.3436,2026-05-08 17:00:00+00:00,27.8,46,982.7,2.0
Lahore,31.5497,74.3436,2026-05-08 18:00:00+00:00,27.7,50,982.8,1.76
Lahore,31.5497,74.3436,2026-05-08 19:00:00+00:00,26.9,52,982.4,1.61
Lahore,31.5497,74.3436,2026-05-08 20:00:00+00:00,25.9,60,982.3,1.01
Lahore,31.5497,74.3436,2026-05-08 21:00:00+00:00,25.5,58,982.0,0.97
Lahore,31.5497,74.3436,2026-05-08 22:00:00+00:00,24.8,61,982.0,1.13
Lahore,31.5497,74.3436,2026-05-08 23:00:00+00:00,24.3,63,982.2,1.28
Lahore,31.5497,74.3436,2026-05-09 00:00:00+00:00,24.5,65,982.2,1.77
Lahore,31.5497,74.3436,2026-05-09 01:00:00+00:00,24.8,64,982.9,1.84
Lahore,31.5497,74.3436,2026-05-09 02:00:00+00:00,26.3,60,983.6,1.52
Lahore,31.5497,74.3436,2026-05-09 03:00:00+00:00,28.9,53,984.3,1.32
Lahore,31.5497,74.3436,2026-05-09 04:00:00+00:00,31.6,45,984.7,1.42
Lahore,31.5497,74.3436,2026-05-09 05:00:00+00:00,33.8,36,984.5,1.46
Lahore,31.5497,74.3436,2026-05-09 06:00:00+00:00,34.0,36,984.4,1.34
Lahore,31.5497,74.3436,2026-05-09 07:00:00+00:00,35.7,32,983.9,0.85
Lahore,31.5497,74.3436,2026-05-09 08:00:00+00:00,36.4,30,983.2,0.92
Lahore,31.5497,74.3436,2026-05-09 09:00:00+00:00,36.9,28,982.2,1.0
Lahore,31.5497,74.3436,2026-05-09 10:00:00+00:00,37.1,27,981.5,1.42
Lahore,31.5497,74.3436,2026-05-09 11:00:00+00:00,37.1,28,981.0,1.99
Lahore,31.5497,74.3436,2026-05-09 12:00:00+00:00,36.7,27,980.7,1.86
Lahore,31.5497,74.3436,2026-05-09 13:00:00+00:00,35.7,29,980.7,1.84
Lahore,31.5497,74.3436,2026-05-09 14:00:00+00:00,33.9,33,980.7,1.43
Lahore,31.5497,74.3436,2026-05-09 15:00:00+00:00,33.0,36,981.0,2.04
Lahore,31.5497,74.3436,2026-05-09 16:00:00+00:00,32.1,38,981.5,1.86
Lahore,31.5497,74.3436,2026-05-09 17:00:00+00:00,30.3,43,981.9,2.09
Lahore,31.5497,74.3436,2026-05-09 18:00:00+00:00,29.7,48,982.2,1.29
Lahore,31.5497,74.3436,2026-05-09 19:00:00+00:00,29.3,49,981.6,1.78
Lahore,31.5497,74.3436,2026-05-09 20:00:00+00:00,28.6,51,981.4,1.62
Lahore,31.5497,74.3436,2026-05-09 21:00:00+00:00,28.0,53,980.9,1.14
Lahore,31.5497,74.3436,2026-05-09 22:00:00+00:00,27.6,54,981.0,1.64
Lahore,31.5497,74.3436,2026-05-09 23:00:00+00:00,27.3,55,981.2,1.64
Lahore,31.5497,74.3436,2026-05-10 00:00:00+00:00,27.1,59,981.3,1.03
Lahore,31.5497,74.3436,2026-05-10 01:00:00+00:00,27.4,57,981.9,1.91
Lahore,31.5497,74.3436,2026-05-10 02:00:00+00:00,28.7,53,982.5,2.01
Lahore,31.5497,74.3436,2026-05-10 03:00:00+00:00,30.9,47,983.1,2.09
Lahore,31.5497,74.3436,2026-05-10 04:00:00+00:00,33.4,41,983.7,1.91
Lahore,31.5497,74.3436,2026-05-10 05:00:00+00:00,35.7,33,983.6,1.92
Lahore,31.5497,74.3436,2026-05-10 06:00:00+00:00,36.3,32,983.4,1.5
Lahore,31.5497,74.3436,2026-05-10 07:00:00+00:00,37.9,29,982.8,1.22
Lahore,31.5497,74.3436,2026-05-10 08:00:00+00:00,38.6,27,982.2,1.35
Lahore,31.5497,74.3436,2026-05-10 09:00:00+00:00,38.9,26,981.4,2.03
Lahore,31.5497,74.3436,2026-05-10 10:00:00+00:00,38.5,26,980.7,3.06
Lahore,31.5497,74.3436,2026-05-10 11:00:00+00:00,37.4,27,979.3,3.01
Lahore,31.5497,74.3436,2026-05-10 12:00:00+00:00,38.4,23,978.5,2.7
Lahore,31.5497,74.3436,2026-05-10 13:00:00+00:00,37.2,25,978.7,2.95
Lahore,31.5497,74.3436,2026-05-10 14:00:00+00:00,35.5,28,978.9,2.17
Lahore,31.5497,74.3436,2026-05-10 15:00:00+00:00,33.9,36,979.3,2.3
Lahore,31.5497,74.3436,2026-05-10 16:00:00+00:00,32.4,43,980.2,2.15
Lahore,31.5497,74.3436,2026-05-10 17:00:00+00:00,31.5,46,980.6,2.42
Lahore,31.5497,74.3436,2026-05-10 18:00:00+00:00,31.0,47,981.9,2.77
Lahore,31.5497,74.3436,2026-05-10 19:00:00+00:00,30.3,53,983.2,1.25
Lahore,31.5497,74.3436,2026-05-10 20:00:00+00:00,27.5,66,982.6,3.51
Lahore,31.5497,74.3436,2026-05-10 21:00:00+00:00,25.6,79,981.8,2.4
Lahore,31.5497,74.3436,2026-05-10 22:00:00+00:00,25.8,77,980.5,2.55
Lahore,31.5497,74.3436,2026-05-10 23:00:00+00:00,25.8,76,981.4,2.57
Lahore,31.5497,74.3436,2026-05-11 00:00:00+00:00,24.1,73,982.7,4.62
Lahore,31.5497,74.3436,2026-05-11 01:00:00+00:00,24.5,70,983.0,3.33
Lahore,31.5497,74.3436,2026-05-11 02:00:00+00:00,25.6,66,983.3,3.16
Lahore,31.5497,74.3436,2026-05-11 03:00:00+00:00,27.5,59,984.1,2.95
Lahore,31.5497,74.3436,2026-05-11 04:00:00+00:00,30.5,49,984.4,2.98
Lahore,31.5497,74.3436,2026-05-11 05:00:00+00:00,32.9,42,984.4,2.53
Lahore,31.5497,74.3436,2026-05-11 06:00:00+00:00,32.8,45,984.2,0.87
Lahore,31.5497,74.3436,2026-05-11 07:00:00+00:00,30.9,51,985.5,3.81
Lahore,31.5497,74.3436,2026-05-11 08:00:00+00:00,29.2,59,984.5,4.07
Lahore,31.5497,74.3436,2026-05-11 09:00:00+00:00,30.7,54,983.1,2.75
Lahore,31.5497,74.3436,2026-05-11 10:00:00+00:00,32.1,49,982.3,2.75
Lahore,31.5497,74.3436,2026-05-11 11:00:00+00:00,32.2,48,981.8,1.88
Lahore,31.5497,74.3436,2026-05-11 12:00:00+00:00,33.7,41,980.6,1.31
Lahore,31.5497,74.3436,2026-05-11 13:00:00+00:00,32.6,47,980.6,1.8
Lahore,31.5497,74.3436,2026-05-11 14:00:00+00:00,31.4,54,980.6,1.76
Lahore,31.5497,74.3436,2026-05-11 15:00:00+00:00,30.5,55,980.0,2.3
Lahore,31.5497,74.3436,2026-05-11 16:00:00+00:00,29.5,58,980.3,2.2
Lahore,31.5497,74.3436,2026-05-11 17:00:00+00:00,28.6,62,980.5,1.81
Lahore,31.5497,74.3436,2026-05-11 18:00:00+00:00,28.3,68,979.9,2.3
Lahore,31.5497,74.3436,2026-05-11 19:00:00+00:00,27.2,72,979.9,2.67
Lahore,31.5497,74.3436,2026-05-11 20:00:00+00:00,26.8,69,979.7,2.56
Lahore,31.5497,74.3436,2026-05-11 21:00:00+00:00,26.3,69,979.7,2.45
Lahore,31.5497,74.3436,2026-05-11 22:00:00+00:00,25.6,72,979.3,1.44
Lahore,31.5497,74.3436,2026-05-11 23:00:00+00:00,24.9,78,979.4,0.85
Lahore,31.5497,74.3436,2026-05-12 00:00:00+00:00,24.9,71,979.8,2.04
Lahore,31.5497,74.3436,2026-05-12 01:00:00+00:00,25.5,68,980.0,2.0
Lahore,31.5497,74.3436,2026-05-12 02:00:00+00:00,27.1,65,980.4,1.55
Lahore,31.5497,74.3436,2026-05-12 03:00:00+00:00,29.9,54,981.1,1.42
Lahore,31.5497,74.3436,2026-05-12 04:00:00+00:00,32.3,43,981.5,1.87
Lahore,31.5497,74.3436,2026-05-12 05:00:00+00:00,34.3,36,981.4,1.97
Lahore,31.5497,74.3436,2026-05-12 06:00:00+00:00,35.6,33,981.3,1.55
Lahore,31.5497,74.3436,2026-05-12 07:00:00+00:00,36.3,31,980.4,1.08
Lahore,31.5497,74.3436,2026-05-12 08:00:00+00:00,36.9,29,979.7,1.28
Lahore,31.5497,74.3436,2026-05-12 09:00:00+00:00,36.7,28,978.9,1.82
Lahore,31.5497,74.3436,2026-05-12 10:00:00+00:00,36.7,27,978.1,2.14
Lahore,31.5497,74.3436,2026-05-12 11:00:00+00:00,36.8,26,977.4,2.04
Lahore,31.5497,74.3436,2026-05-12 12:00:00+00:00,37.5,23,976.5,3.01
Lahore,31.5497,74.3436,2026-05-12 13:00:00+00:00,36.3,26,976.5,3.21
Lahore,31.5497,74.3436,2026-05-12 14:00:00+00:00,34.3,30,976.9,3.5
Lahore,31.5497,74.3436,2026-05-12 15:00:00+00:00,33.1,31,977.3,2.03
Lahore,31.5497,74.3436,2026-05-12 16:00:00+00:00,31.7,35,978.0,1.99
Lahore,31.5497,74.3436,2026-05-12 17:00:00+00:00,30.5,39,978.2,1.75
Lahore,31.5497,74.3436,2026-05-12 18:00:00+00:00,31.0,44,978.0,1.83
Lahore,31.5497,74.3436,2026-05-12 19:00:00+00:00,30.1,48,977.7,1.99
Lahore,31.5497,74.3436,2026-05-12 20:00:00+00:00,29.4,52,977.5,1.65
Lahore,31.5497,74.3436,2026-05-12 21:00:00+00:00,28.8,54,977.2,1.52
Lahore,31.5497,74.3436,2026-05-12 22:00:00+00:00,28.0,58,977.1,1.19
Lahore,31.5497,74.3436,2026-05-12 23:00:00+00:00,27.4,60,977.6,0.76
Lahore,31.5497,74.3436,2026-05-13 00:00:00+00:00,28.0,58,978.0,1.61
Lahore,31.5497,74.3436,2026-05-13 01:00:00+00:00,27.7,60,978.3,2.37
Lahore,31.5497,74.3436,2026-05-13 02:00:00+00:00,29.1,58,979.1,1.75
Lahore,31.5497,74.3436,2026-05-13 03:00:00+00:00,31.2,54,979.5,2.11
Lahore,31.5497,74.3436,2026-05-13 04:00:00+00:00,33.7,47,979.6,2.38
Lahore,31.5497,74.3436,2026-05-13 05:00:00+00:00,36.0,34,979.6,2.28
Lahore,31.5497,74.3436,2026-05-13 06:00:00+00:00,37.3,24,979.6,1.57
Lahore,31.5497,74.3436,2026-05-13 07:00:00+00:00,37.7,22,978.7,0.94
Lahore,31.5497,74.3436,2026-05-13 08:00:00+00:00,38.3,19,977.8,1.65
Lahore,31.5497,74.3436,2026-05-13 09:00:00+00:00,38.2,20,976.9,1.99
Lahore,31.5497,74.3436,2026-05-13 10:00:00+00:00,38.0,19,976.6,2.69
Lahore,31.5497,74.3436,2026-05-13 11:00:00+00:00,37.8,19,976.2,2.63
Lahore,31.5497,74.3436,2026-05-13 12:00:00+00:00,38.0,18,974.7,2.38
Lahore,31.5497,74.3436,2026-05-13 13:00:00+00:00,36.3,21,974.9,3.2
Lahore,31.5497,74.3436,2026-05-13 14:00:00+00:00,34.5,25,975.5,2.71
Lahore,31.5497,74.3436,2026-05-13 15:00:00+00:00,32.1,34,976.0,2.75
Lahore,31.5497,74.3436,2026-05-13 16:00:00+00:00,31.0,38,976.6,3.22
Lahore,31.5497,74.3436,2026-05-13 17:00:00+00:00,29.5,41,977.2,2.93
Lahore,31.5497,74.3436,2026-05-13 18:00:00+00:00,27.3,52,977.4,2.8
Lahore,31.5497,74.3436,2026-05-13 19:00:00+00:00,26.6,54,977.0,1.97
Lahore,31.5497,74.3436,2026-05-13 20:00:00+00:00,26.3,53,976.3,2.2
Lahore,31.5497,74.3436,2026-05-13 21:00:00+00:00,25.8,54,975.8,1.82
Lahore,31.5497,74.3436,2026-05-13 22:00:00+00:00,25.1,56,975.6,1.72
Lahore,31.5497,74.3436,2026-05-13 23:00:00+00:00,24.5,58,975.7,1.52
Lahore,31.5497,74.3436,2026-05-14 00:00:00+00:00,23.7,62,976.2,2.33
Lahore,31.5497,74.3436,2026-05-14 01:00:00+00:00,23.5,66,977.1,2.04
Lahore,31.5497,74.3436,2026-05-14 02:00:00+00:00,25.1,62,977.4,1.52
Lahore,31.5497,74.3436,2026-05-14 03:00:00+00:00,27.9,52,977.8,1.17
Lahore,31.5497,74.3436,2026-05-14 04:00:00+00:00,30.7,42,978.4,0.65
Lahore,31.5497,74.3436,2026-05-14 05:00:00+00:00,33.3,33,978.8,0.4
Lahore,31.5497,74.3436,2026-05-14 06:00:00+00:00,35.1,28,979.0,0.32
Lahore,31.5497,74.3436,2026-05-14 07:00:00+00:00,37.1,25,978.7,0.95
Lahore,31.5497,74.3436,2026-05-14 08:00:00+00:00,37.6,24,978.1,2.13
Lahore,31.5497,74.3436,2026-05-14 09:00:00+00:00,38.1,23,976.8,2.05
Lahore,31.5497,74.3436,2026-05-14 10:00:00+00:00,38.2,21,976.1,1.96
Lahore,31.5497,74.3436,2026-05-14 11:00:00+00:00,36.9,21,976.0,2.91
Lahore,31.5497,74.3436,2026-05-14 12:00:00+00:00,37.4,18,974.9,0.85
Lahore,31.5497,74.3436,2026-05-14 13:00:00+00:00,36.4,21,974.9,2.52
Lahore,31.5497,74.3436,2026-05-14 14:00:00+00:00,34.7,25,975.6,2.63
Lahore,31.5497,74.3436,2026-05-14 15:00:00+00:00,32.6,30,976.9,4.2
Lahore,31.5497,74.3436,2026-05-14 16:00:00+00:00,30.9,36,979.1,5.31
Lahore,31.5497,74.3436,2026-05-14 17:00:00+00:00,26.9,59,978.3,2.37
Lahore,31.5497,74.3436,2026-05-14 18:00:00+00:00,26.3,59,977.1,2.24
Lahore,31.5497,74.3436,2026-05-14 19:00:00+00:00,26.6,53,976.6,3.24
Lahore,31.5497,74.3436,2026-05-14 20:00:00+00:00,25.6,54,976.2,3.04
Lahore,31.5497,74.3436,2026-05-14 21:00:00+00:00,25.3,57,976.6,0.25
Lahore,31.5497,74.3436,2026-05-14 22:00:00+00:00,24.8,61,976.1,0.14
Lahore,31.5497,74.3436,2026-05-14 23:00:00+00:00,24.5,61,976.8,0.89
Lahore,31.5497,74.3436,2026-05-15 00:00:00+00:00,25.4,58,977.4,0.69
Lahore,31.5497,74.3436,2026-05-15 01:00:00+00:00,25.6,58,978.2,0.82
Lahore,31.5497,74.3436,2026-05-15 02:00:00+00:00,26.8,54,979.0,1.01
Lahore,31.5497,74.3436,2026-05-15 03:00:00+00:00,28.7,50,979.6,1.5
Lahore,31.5497,74.3436,2026-05-15 04:00:00+00:00,30.9,44,979.9,1.57
Lahore,31.5497,74.3436,2026-05-15 05:00:00+00:00,32.8,38,980.2,1.19
Lahore,31.5497,74.3436,2026-05-15 06:00:00+00:00,33.4,35,981.2,2.39
Lahore,31.5497,74.3436,2026-05-15 07:00:00+00:00,33.8,33,980.5,3.18
Lahore,31.5497,74.3436,2026-05-15 08:00:00+00:00,35.0,29,979.7,2.94
Lahore,31.5497,74.3436,2026-05-15 09:00:00+00:00,35.4,27,978.6,2.68
Lahore,31.5497,74.3436,2026-05-15 10:00:00+00:00,35.6,27,978.0,2.69
Lahore,31.5497,74.3436,2026-05-15 11:00:00+00:00,35.5,26,977.4,2.57
Lahore,31.5497,74.3436,2026-05-15 12:00:00+00:00,35.5,25,976.7,1.82
Lahore,31.5497,74.3436,2026-05-15 13:00:00+00:00,34.7,27,976.8,1.42
Lahore,31.5497,74.3436,2026-05-15 14:00:00+00:00,33.4,30,977.1,0.92
Lahore,31.5497,74.3436,2026-05-15 15:00:00+00:00,32.7,32,977.5,1.36
Lahore,31.5497,74.3436,2026-05-15 16:00:00+00:00,32.4,33,978.5,2.52
Lahore,31.5497,74.3436,2026-05-15 17:00:00+00:00,31.5,36,978.7,2.36
Lahore,31.5497,74.3436,2026-05-15 18:00:00+00:00,30.6,42,978.8,2.42
Lahore,31.5497,74.3436,2026-05-15 19:00:00+00:00,29.5,45,978.2,2.15
Lahore,31.5497,74.3436,2026-05-15 20:00:00+00:00,28.5,49,977.7,2.19
Lahore,31.5497,74.3436,2026-05-15 21:00:00+00:00,27.7,51,977.1,1.74
Lahore,31.5497,74.3436,2026-05-15 22:00:00+00:00,27.1,52,977.1,1.72
Lahore,31.5497,74.3436,2026-05-15 23:00:00+00:00,26.4,55,977.2,1.36
Lahore,31.5497,74.3436,2026-05-16 00:00:00+00:00,26.7,54,977.4,1.86
Lahore,31.5497,74.3436,2026-05-16 01:00:00+00:00,26.3,58,977.9,1.88
Lahore,31.5497,74.3436,2026-05-16 02:00:00+00:00,27.4,55,978.7,1.51
Lahore,31.5497,74.3436,2026-05-16 03:00:00+00:00,29.4,49,979.5,1.57
Lahore,31.5497,74.3436,2026-05-16 04:00:00+00:00,31.9,40,980.2,2.01
Lahore,31.5497,74.3436,2026-05-16 05:00:00+00:00,34.0,33,980.1,1.1
Lahore,31.5497,74.3436,2026-05-16 06:00:00+00:00,35.8,27,980.2,0.71
Lahore,31.5497,74.3436,2026-05-16 07:00:00+00:00,36.8,25,980.1,1.48
Lahore,31.5497,74.3436,2026-05-16 08:00:00+00:00,37.5,24,979.5,2.06
Lahore,31.5497,74.3436,2026-05-16 09:00:00+00:00,37.9,22,978.9,2.71
Lahore,31.5497,74.3436,2026-05-16 10:00:00+00:00,37.9,21,978.2,2.94
Lahore,31.5497,74.3436,2026-05-16 11:00:00+00:00,37.5,21,977.6,2.91
Lahore,31.5497,74.3436,2026-05-16 12:00:00+00:00,37.5,20,977.3,3.2
Lahore,31.5497,74.3436,2026-05-16 13:00:00+00:00,36.8,21,977.3,2.56
Lahore,31.5497,74.3436,2026-05-16 14:00:00+00:00,35.3,23,977.7,1.95
Lahore,31.5497,74.3436,2026-05-16 15:00:00+00:00,34.5,25,978.0,1.58
Lahore,31.5497,74.3436,2026-05-16 16:00:00+00:00,33.5,29,978.6,1.27
Lahore,31.5497,74.3436,2026-05-16 17:00:00+00:00,32.4,33,978.7,1.24
Lahore,31.5497,74.3436,2026-05-16 18:00:00+00:00,32.1,41,978.5,1.12
Lahore,31.5497,74.3436,2026-05-16 19:00:00+00:00,30.4,46,978.3,1.45
Lahore,31.5497,74.3436,2026-05-16 20:00:00+00:00,29.4,50,978.2,1.72
Lahore,31.5497,74.3436,2026-05-16 21:00:00+00:00,28.8,50,978.1,2.14
Lahore,31.5497,74.3436,2026-05-16 22:00:00+00:00,28.3,49,977.8,2.2
Lahore,31.5497,74.3436,2026-05-16 23:00:00+00:00,27.4,50,977.6,1.8
Lahore,31.5497,74.3436,2026-05-17 00:00:00+00:00,28.3,52,978.0,2.06
Lahore,31.5497,74.3436,2026-05-17 01:00:00+00:00,27.6,60,977.9,0.97
Lahore,31.5497,74.3436,2026-05-17 02:00:00+00:00,28.8,57,978.5,0.5
Lahore,31.5497,74.3436,2026-05-17 03:00:00+00:00,30.9,49,978.8,0.36
Lahore,31.5497,74.3436,2026-05-17 04:00:00+00:00,33.3,41,979.3,0.72
Lahore,31.5497,74.3436,2026-05-17 05:00:00+00:00,35.4,34,979.3,0.92
Lahore,31.5497,74.3436,2026-05-17 06:00:00+00:00,37.6,24,979.5,2.21
Lahore,31.5497,74.3436,2026-05-17 07:00:00+00:00,38.4,22,978.9,2.81
Lahore,31.5497,74.3436,2026-05-17 08:00:00+00:00,39.1,20,978.4,3.59
Lahore,31.5497,74.3436,2026-05-17 09:00:00+00:00,39.5,20,977.6,3.65
Lahore,31.5497,74.3436,2026-05-17 10:00:00+00:00,39.5,20,976.9,3.83
Lahore,31.5497,74.3436,2026-05-17 11:00:00+00:00,39.1,20,976.4,3.82
Lahore,31.5497,74.3436,2026-05-17 12:00:00+00:00,38.7,20,976.3,3.64
Lahore,31.5497,74.3436,2026-05-17 13:00:00+00:00,37.6,22,975.9,3.4
Lahore,31.5497,74.3436,2026-05-17 14:00:00+00:00,36.0,27,976.0,2.51
Lahore,31.5497,74.3436,2026-05-17 15:00:00+00:00,34.8,31,975.9,2.45
Lahore,31.5497,74.3436,2026-05-17 16:00:00+00:00,33.7,35,976.2,2.07
Lahore,31.5497,74.3436,2026-05-17 17:00:00+00:00,32.9,37,976.5,1.77
Lahore,31.5497,74.3436,2026-05-17 18:00:00+00:00,32.8,39,976.2,1.9
Lahore,31.5497,74.3436,2026-05-17 19:00:00+00:00,31.8,42,975.4,2.21
Lahore,31.5497,74.3436,2026-05-17 20:00:00+00:00,31.2,43,975.0,2.33
Lahore,31.5497,74.3436,2026-05-17 21:00:00+00:00,30.5,44,974.4,2.36
Lahore,31.5497,74.3436,2026-05-17 22:00:00+00:00,30.0,45,974.3,2.45
Lahore,31.5497,74.3436,2026-05-17 23:00:00+00:00,29.5,46,974.3,2.37
Lahore,31.5497,74.3436,2026-05-18 00:00:00+00:00,29.3,49,974.4,1.97
Lahore,31.5497,74.3436,2026-05-18 01:00:00+00:00,29.1,51,974.5,1.97
Lahore,31.5497,74.3436,2026-05-18 02:00:00+00:00,30.7,47,975.1,1.56
Lahore,31.5497,74.3436,2026-05-18 03:00:00+00:00,33.2,41,975.9,0.6
Lahore,31.5497,74.3436,2026-05-18 04:00:00+00:00,35.9,34,976.3,0.86
Lahore,31.5497,74.3436,2026-05-18 05:00:00+00:00,38.4,26,976.6,1.02
Lahore,31.5497,74.3436,2026-05-18 06:00:00+00:00,40.0,23,976.5,1.99
Lahore,31.5497,74.3436,2026-05-18 07:00:00+00:00,40.9,23,976.2,2.17
Lahore,31.5497,74.3436,2026-05-18 08:00:00+00:00,41.7,23,975.8,1.86
Lahore,31.5497,74.3436,2026-05-18 09:00:00+00:00,42.3,22,975.0,1.55
Lahore,31.5497,74.3436,2026-05-18 10:00:00+00:00,42.6,21,974.6,1.73
Lahore,31.5497,74.3436,2026-05-18 11:00:00+00:00,42.5,20,974.4,2.18
Lahore,31.5497,74.3436,2026-05-18 12:00:00+00:00,41.8,22,974.1,3.36
Lahore,31.5497,74.3436,2026-05-18 13:00:00+00:00,40.8,24,974.2,3.16
Lahore,31.5497,74.3436,2026-05-18 14:00:00+00:00,39.6,25,974.0,2.08
Lahore,31.5497,74.3436,2026-05-18 15:00:00+00:00,38.4,29,974.2,2.3
Lahore,31.5497,74.3436,2026-05-18 16:00:00+00:00,36.8,32,974.5,1.64
Lahore,31.5497,74.3436,2026-05-18 17:00:00+00:00,36.0,34,974.6,1.5
Lahore,31.5497,74.3436,2026-05-18 18:00:00+00:00,35.6,36,974.3,0.97
Lahore,31.5497,74.3436,2026-05-18 19:00:00+00:00,34.9,35,973.9,0.67
Lahore,31.5497,74.3436,2026-05-18 20:00:00+00:00,33.9,38,973.6,0.34
Lahore,31.5497,74.3436,2026-05-18 21:00:00+00:00,32.8,40,973.5,0.35
Lahore,31.5497,74.3436,2026-05-18 22:00:00+00:00,31.4,43,973.6,0.28
Lahore,31.5497,74.3436,2026-05-18 23:00:00+00:00,30.0,50,974.0,0.67
Lahore,31.5497,74.3436,2026-05-19 00:00:00+00:00,30.1,50,975.0,0.43
Lahore,31.5497,74.3436,2026-05-19 01:00:00+00:00,29.6,50,975.7,1.34
Lahore,31.5497,74.3436,2026-05-19 02:00:00+00:00,31.7,43,976.5,1.35
Lahore,31.5497,74.3436,2026-05-19 03:00:00+00:00,34.6,33,977.5,1.39
Lahore,31.5497,74.3436,2026-05-19 04:00:00+00:00,36.8,25,977.8,1.42
Lahore,31.5497,74.3436,2026-05-19 05:00:00+00:00,38.8,21,978.0,1.5
Lahore,31.5497,74.3436,2026-05-19 06:00:00+00:00,40.9,15,978.3,2.53
Lahore,31.5497,74.3436,2026-05-19 07:00:00+00:00,41.8,13,977.8,2.8
Lahore,31.5497,74.3436,2026-05-19 08:00:00+00:00,42.5,11,977.1,2.77
Lahore,31.5497,74.3436,2026-05-19 09:00:00+00:00,42.8,9,976.3,3.06
Lahore,31.5497,74.3436,2026-05-19 10:00:00+00:00,42.4,10,975.7,3.15
Lahore,31.5497,74.3436,2026-05-19 11:00:00+00:00,41.8,10,975.1,3.11
Lahore,31.5497,74.3436,2026-05-19 12:00:00+00:00,41.8,10,974.7,3.38
Lahore,31.5497,74.3436,2026-05-19 13:00:00+00:00,40.6,11,974.6,3.29
Lahore,31.5497,74.3436,2026-05-19 14:00:00+00:00,38.6,17,974.7,2.52
Lahore,31.5497,74.3436,2026-05-19 15:00:00+00:00,36.6,21,975.0,1.38
Lahore,31.5497,74.3436,2026-05-19 16:00:00+00:00,34.6,24,975.5,1.35
Lahore,31.5497,74.3436,2026-05-19 17:00:00+00:00,33.9,27,976.0,1.26
Lahore,31.5497,74.3436,2026-05-19 18:00:00+00:00,34.0,34,975.8,0.25
Lahore,31.5497,74.3436,2026-05-19 19:00:00+00:00,33.1,31,975.4,0.21
Lahore,31.5497,74.3436,2026-05-19 20:00:00+00:00,30.9,33,974.9,1.2
Lahore,31.5497,74.3436,2026-05-19 21:00:00+00:00,29.3,37,974.5,1.26
Lahore,31.5497,74.3436,2026-05-19 22:00:00+00:00,28.2,40,974.5,1.32
Lahore,31.5497,74.3436,2026-05-19 23:00:00+00:00,27.4,43,974.7,1.21
Lahore,31.5497,74.3436,2026-05-20 00:00:00+00:00,28.5,43,974.6,1.41
Lahore,31.5497,74.3436,2026-05-20 01:00:00+00:00,28.1,45,975.0,1.81
Lahore,31.5497,74.3436,2026-05-20 02:00:00+00:00,30.0,42,975.6,1.39
Lahore,31.5497,74.3436,2026-05-20 03:00:00+00:00,33.0,36,976.3,0.81
Lahore,31.5497,74.3436,2026-05-20 04:00:00+00:00,36.9,28,976.7,0.5
Lahore,31.5497,74.3436,2026-05-20 05:00:00+00:00,40.2,17,976.6,1.01
Lahore,31.5497,74.3436,2026-05-20 06:00:00+00:00,41.8,13,976.7,2.12
Lahore,31.5497,74.3436,2026-05-20 07:00:00+00:00,42.6,12,976.3,2.42
Lahore,31.5497,74.3436,2026-05-20 08:00:00+00:00,43.0,12,975.4,2.65
Lahore,31.5497,74.3436,2026-05-20 09:00:00+00:00,43.1,12,974.5,2.91
Lahore,31.5497,74.3436,2026-05-20 10:00:00+00:00,42.8,13,973.9,2.73
Lahore,31.5497,74.3436,2026-05-20 11:00:00+00:00,42.2,14,973.6,2.99
Lahore,31.5497,74.3436,2026-05-20 12:00:00+00:00,42.4,13,972.8,2.78
Lahore,31.5497,74.3436,2026-05-20 13:00:00+00:00,41.2,15,972.9,2.76
Lahore,31.5497,74.3436,2026-05-20 14:00:00+00:00,40.1,18,973.3,2.3
Lahore,31.5497,74.3436,2026-05-20 15:00:00+00:00,39.1,20,974.2,1.98
Lahore,31.5497,74.3436,2026-05-20 16:00:00+00:00,37.9,22,974.8,1.46
Lahore,31.5497,74.3436,2026-05-20 17:00:00+00:00,36.7,26,975.0,1.05
Lahore,31.5497,74.3436,2026-05-20 18:00:00+00:00,36.5,29,974.4,1.35
Lahore,31.5497,74.3436,2026-05-20 19:00:00+00:00,35.2,32,974.4,2.23
Lahore,31.5497,74.3436,2026-05-20 20:00:00+00:00,33.6,34,974.4,2.88
Lahore,31.5497,74.3436,2026-05-20 21:00:00+00:00,32.7,30,974.1,2.39
Lahore,31.5497,74.3436,2026-05-20 22:00:00+00:00,31.6,30,974.5,3.32
Lahore,31.5497,74.3436,2026-05-20 23:00:00+00:00,29.7,33,975.4,4.44
Lahore,31.5497,74.3436,2026-05-21 00:00:00+00:00,31.6,31,975.8,4.37
Lahore,31.5497,74.3436,2026-05-21 01:00:00+00:00,31.2,30,976.2,4.1
Lahore,31.5497,74.3436,2026-05-21 02:00:00+00:00,32.0,31,976.6,3.0
Lahore,31.5497,74.3436,2026-05-21 03:00:00+00:00,33.8,25,977.9,3.75
Lahore,31.5497,74.3436,2026-05-21 04:00:00+00:00,35.8,23,977.9,3.15
Lahore,31.5497,74.3436,2026-05-21 05:00:00+00:00,38.4,20,978.0,3.18
Lahore,31.5497,74.3436,2026-05-21 06:00:00+00:00,39.0,18,978.6,4.95
Lahore,31.5497,74.3436,2026-05-21 07:00:00+00:00,39.7,18,978.0,4.27
Lahore,31.5497,74.3436,2026-05-21 08:00:00+00:00,40.5,17,977.5,3.64
Lahore,31.5497,74.3436,2026-05-21 09:00:00+00:00,41.3,15,976.7,3.86
Lahore,31.5497,74.3436,2026-05-21 10:00:00+00:00,40.4,16,975.9,3.82
Lahore,31.5497,74.3436,2026-05-21 11:00:00+00:00,40.7,15,975.8,3.07
Lahore,31.5497,74.3436,2026-05-21 12:00:00+00:00,41.6,12,974.9,2.1
Lahore,31.5497,74.3436,2026-05-21 13:00:00+00:00,40.5,13,975.0,2.56
Lahore,31.5497,74.3436,2026-05-21 14:00:00+00:00,38.8,15,975.4,2.31
Lahore,31.5497,74.3436,2026-05-21 15:00:00+00:00,37.8,16,976.0,1.95
Lahore,31.5497,74.3436,2026-05-21 16:00:00+00:00,36.7,20,976.9,3.47
Lahore,31.5497,74.3436,2026-05-21 17:00:00+00:00,35.5,22,977.3,3.45
Lahore,31.5497,74.3436,2026-05-21 18:00:00+00:00,34.0,30,977.7,4.78
Lahore,31.5497,74.3436,2026-05-21 19:00:00+00:00,32.0,38,978.2,5.89
Lahore,31.5497,74.3436,2026-05-21 20:00:00+00:00,29.6,41,979.0,5.25
Lahore,31.5497,74.3436,2026-05-21 21:00:00+00:00,28.2,46,978.5,3.49
Lahore,31.5497,74.3436,2026-05-21 22:00:00+00:00,28.0,48,978.9,3.89
Lahore,31.5497,74.3436,2026-05-21 23:00:00+00:00,27.9,47,978.8,3.55
Lahore,31.5497,74.3436,2026-05-22 00:00:00+00:00,27.8,51,979.7,2.55
Lahore,31.5497,74.3436,2026-05-22 01:00:00+00:00,28.0,50,979.3,2.48
Lahore,31.5497,74.3436,2026-05-22 02:00:00+00:00,29.0,47,979.9,2.86
Lahore,31.5497,74.3436,2026-05-22 03:00:00+00:00,31.0,43,980.9,2.15
Lahore,31.5497,74.3436,2026-05-22 04:00:00+00:00,34.2,32,981.1,2.34
Lahore,31.5497,74.3436,2026-05-22 05:00:00+00:00,36.6,25,981.6,2.26
Lahore,31.5497,74.3436,2026-05-22 06:00:00+00:00,37.8,20,981.7,2.45
Lahore,31.5497,74.3436,2026-05-22 07:00:00+00:00,38.9,19,981.3,1.32
Lahore,31.5497,74.3436,2026-05-22 08:00:00+00:00,39.4,18,980.9,1.01
Lahore,31.5497,74.3436,2026-05-22 09:00:00+00:00,39.4,19,979.7,1.1
Lahore,31.5497,74.3436,2026-05-22 10:00:00+00:00,39.3,19,979.3,1.45
Lahore,31.5497,74.3436,2026-05-22 11:00:00+00:00,38.8,19,979.3,1.75
Lahore,31.5497,74.3436,2026-05-22 12:00:00+00:00,38.6,18,978.7,2.04
Lahore,31.5497,74.3436,2026-05-22 13:00:00+00:00,38.0,19,978.5,1.6
Lahore,31.5497,74.3436,2026-05-22 14:00:00+00:00,36.3,27,978.9,0.53
Lahore,31.5497,74.3436,2026-05-22 15:00:00+00:00,35.5,31,979.2,0.16
Lahore,31.5497,74.3436,2026-05-22 16:00:00+00:00,35.0,32,979.6,0.05
Lahore,31.5497,74.3436,2026-05-22 17:00:00+00:00,34.2,30,979.6,0.54
Lahore,31.5497,74.3436,2026-05-22 18:00:00+00:00,33.9,30,979.1,1.87
Lahore,31.5497,74.3436,2026-05-22 19:00:00+00:00,32.4,32,978.8,1.91
Lahore,31.5497,74.3436,2026-05-22 20:00:00+00:00,31.4,35,978.8,2.01
Lahore,31.5497,74.3436,2026-05-22 21:00:00+00:00,30.7,36,978.5,1.9
Lahore,31.5497,74.3436,2026-05-22 22:00:00+00:00,30.2,38,978.4,1.45
Lahore,31.5497,74.3436,2026-05-22 23:00:00+00:00,30.1,38,979.6,2.89
Lahore,31.5497,74.3436,2026-05-23 00:00:00+00:00,29.6,46,979.1,1.15
Lahore,31.5497,74.3436,2026-05-23 01:00:00+00:00,29.4,47,979.4,1.82
Lahore,31.5497,74.3436,2026-05-23 02:00:00+00:00,30.7,45,979.7,1.26
Lahore,31.5497,74.3436,2026-05-23 03:00:00+00:00,33.8,35,980.1,0.6
Lahore,31.5497,74.3436,2026-05-23 04:00:00+00:00,36.0,28,981.0,1.1
Lahore,31.5497,74.3436,2026-05-23 05:00:00+00:00,36.6,29,981.0,1.64
Lahore,31.5497,74.3436,2026-05-23 06:00:00+00:00,38.6,19,981.0,0.61
Lahore,31.5497,74.3436,2026-05-23 07:00:00+00:00,39.9,15,980.4,0.81
Lahore,31.5497,74.3436,2026-05-23 08:00:00+00:00,40.4,15,979.8,1.05
Lahore,31.5497,74.3436,2026-05-23 09:00:00+00:00,40.6,15,978.9,2.18
Lahore,31.5497,74.3436,2026-05-23 10:00:00+00:00,40.3,16,978.4,3.75
Lahore,31.5497,74.3436,2026-05-23 11:00:00+00:00,39.5,17,978.2,4.16
Lahore,31.5497,74.3436,2026-05-23 12:00:00+00:00,40.0,12,977.7,2.79
Lahore,31.5497,74.3436,2026-05-23 13:00:00+00:00,39.0,14,978.0,2.18
Lahore,31.5497,74.3436,2026-05-23 14:00:00+00:00,37.4,17,978.2,2.23
Lahore,31.5497,74.3436,2026-05-23 15:00:00+00:00,35.7,22,978.0,1.4
Lahore,31.5497,74.3436,2026-05-23 16:00:00+00:00,34.1,25,978.3,1.01
Lahore,31.5497,74.3436,2026-05-23 17:00:00+00:00,33.2,27,978.4,1.03
Lahore,31.5497,74.3436,2026-05-23 18:00:00+00:00,34.1,27,978.5,1.57
Lahore,31.5497,74.3436,2026-05-23 19:00:00+00:00,32.9,30,977.9,1.87
Lahore,31.5497,74.3436,2026-05-23 20:00:00+00:00,31.7,33,977.6,1.19
Lahore,31.5497,74.3436,2026-05-23 21:00:00+00:00,30.6,35,977.5,2.26
Lahore,31.5497,74.3436,2026-05-23 22:00:00+00:00,30.3,34,977.1,2.09
Lahore,31.5497,74.3436,2026-05-23 23:00:00+00:00,29.7,34,977.3,2.1
Lahore,31.5497,74.3436,2026-05-24 00:00:00+00:00,29.9,40,977.7,1.53
Lahore,31.5497,74.3436,2026-05-24 01:00:00+00:00,29.3,41,978.0,2.22
Lahore,31.5497,74.3436,2026-05-24 02:00:00+00:00,30.8,38,978.6,2.19
Lahore,31.5497,74.3436,2026-05-24 03:00:00+00:00,31.9,34,980.0,3.69
Lahore,31.5497,74.3436,2026-05-24 04:00:00+00:00,35.3,26,979.6,1.12
Lahore,31.5497,74.3436,2026-05-24 05:00:00+00:00,37.5,20,979.6,2.59
Lahore,31.5497,74.3436,2026-05-24 06:00:00+00:00,38.3,19,980.2,2.49
Lahore,31.5497,74.3436,2026-05-24 07:00:00+00:00,39.5,16,979.9,2.32
Lahore,31.5497,74.3436,2026-05-24 08:00:00+00:00,39.2,19,979.2,4.34
Lahore,31.5497,74.3436,2026-05-24 09:00:00+00:00,38.6,20,978.2,4.22
Lahore,31.5497,74.3436,2026-05-24 10:00:00+00:00,38.9,19,977.8,3.16
Lahore,31.5497,74.3436,2026-05-24 11:00:00+00:00,38.9,19,977.0,2.71
Lahore,31.5497,74.3436,2026-05-24 12:00:00+00:00,37.7,19,977.0,2.91
Lahore,31.5497,74.3436,2026-05-24 13:00:00+00:00,36.8,20,977.1,2.83
Lahore,31.5497,74.3436,2026-05-24 14:00:00+00:00,35.6,22,977.1,2.68
Lahore,31.5497,74.3436,2026-05-24 15:00:00+00:00,34.3,25,977.3,3.1
Lahore,31.5497,74.3436,2026-05-24 16:00:00+00:00,33.1,27,977.5,2.61
Lahore,31.5497,74.3436,2026-05-24 17:00:00+00:00,32.3,29,977.9,2.0
Lahore,31.5497,74.3436,2026-05-24 18:00:00+00:00,32.5,31,977.6,1.03
Lahore,31.5497,74.3436,2026-05-24 19:00:00+00:00,31.5,33,977.2,1.02
Lahore,31.5497,74.3436,2026-05-24 20:00:00+00:00,31.0,33,976.4,1.35
Lahore,31.5497,74.3436,2026-05-24 21:00:00+00:00,30.7,33,975.7,2.5
Lahore,31.5497,74.3436,2026-05-24 22:00:00+00:00,30.2,34,975.9,2.09
Lahore,31.5497,74.3436,2026-05-24 23:00:00+00:00,29.5,42,976.2,0.21
Lahore,31.5497,74.3436,2026-05-25 00:00:00+00:00,30.0,39,976.8,1.14
Lahore,31.5497,74.3436,2026-05-25 01:00:00+00:00,30.0,38,977.5,2.25
Lahore,31.5497,74.3436,2026-05-25 02:00:00+00:00,31.6,35,977.9,2.67
Lahore,31.5497,74.3436,2026-05-25 03:00:00+00:00,33.6,31,978.2,2.21
Lahore,31.5497,74.3436,2026-05-25 04:00:00+00:00,35.3,26,978.4,1.68
Lahore,31.5497,74.3436,2026-05-25 05:00:00+00:00,37.3,22,978.4,1.53
Lahore,31.5497,74.3436,2026-05-25 06:00:00+00:00,39.4,15,978.7,2.71
Lahore,31.5497,74.3436,2026-05-25 07:00:00+00:00,39.9,14,978.2,2.57
Lahore,31.5497,74.3436,2026-05-25 08:00:00+00:00,40.6,13,977.4,2.31
Lahore,31.5497,74.3436,2026-05-25 09:00:00+00:00,40.8,14,976.6,2.31
Lahore,31.5497,74.3436,2026-05-25 10:00:00+00:00,40.8,14,976.2,3.05
Lahore,31.5497,74.3436,2026-05-25 11:00:00+00:00,40.1,14,975.8,4.17
Lahore,31.5497,74.3436,2026-05-25 12:00:00+00:00,40.8,10,975.3,4.01
Lahore,31.5497,74.3436,2026-05-25 13:00:00+00:00,39.3,13,975.6,4.03
Lahore,31.5497,74.3436,2026-05-25 14:00:00+00:00,37.5,17,976.3,3.26
Lahore,31.5497,74.3436,2026-05-25 15:00:00+00:00,36.0,19,977.0,2.77
Lahore,31.5497,74.3436,2026-05-25 16:00:00+00:00,34.5,22,977.2,2.71
Lahore,31.5497,74.3436,2026-05-25 17:00:00+00:00,33.4,22,977.5,2.43
Lahore,31.5497,74.3436,2026-05-25 18:00:00+00:00,33.2,25,977.0,1.42
Lahore,31.5497,74.3436,2026-05-25 19:00:00+00:00,31.5,28,976.7,1.2
Lahore,31.5497,74.3436,2026-05-25 20:00:00+00:00,30.9,29,976.5,1.2
Lahore,31.5497,74.3436,2026-05-25 21:00:00+00:00,30.2,28,976.7,1.65
Lahore,31.5497,74.3436,2026-05-25 22:00:00+00:00,29.1,29,976.7,1.46
Lahore,31.5497,74.3436,2026-05-25 23:00:00+00:00,27.8,33,976.7,1.15
Lahore,31.5497,74.3436,2026-05-26 00:00:00+00:00,27.9,36,977.1,1.0
Lahore,31.5497,74.3436,2026-05-26 01:00:00+00:00,27.7,38,977.5,1.85
Lahore,31.5497,74.3436,2026-05-26 02:00:00+00:00,29.4,36,978.1,1.78
Lahore,31.5497,74.3436,2026-05-26 03:00:00+00:00,32.2,31,978.6,1.57
Lahore,31.5497,74.3436,2026-05-26 04:00:00+00:00,35.6,23,979.2,1.79
Lahore,31.5497,74.3436,2026-05-26 05:00:00+00:00,38.3,17,979.3,2.06
Lahore,31.5497,74.3436,2026-05-26 06:00:00+00:00,40.2,12,979.6,2.72
Lahore,31.5497,74.3436,2026-05-26 07:00:00+00:00,41.0,11,979.4,3.23
Lahore,31.5497,74.3436,2026-05-26 08:00:00+00:00,41.4,10,978.7,3.61
Lahore,31.5497,74.3436,2026-05-26 09:00:00+00:00,41.6,10,978.0,3.64
Lahore,31.5497,74.3436,2026-05-26 10:00:00+00:00,41.3,11,977.3,3.83
Lahore,31.5497,74.3436,2026-05-26 11:00:00+00:00,40.8,12,977.0,3.42
Lahore,31.5497,74.3436,2026-05-26 12:00:00+00:00,41.2,11,976.7,3.08
Lahore,31.5497,74.3436,2026-05-26 13:00:00+00:00,39.9,13,977.0,2.41
Lahore,31.5497,74.3436,2026-05-26 14:00:00+00:00,37.8,17,977.3,1.63
Lahore,31.5497,74.3436,2026-05-26 15:00:00+00:00,36.3,20,977.5,0.97
Lahore,31.5497,74.3436,2026-05-26 16:00:00+00:00,35.1,22,977.6,0.96
Lahore,31.5497,74.3436,2026-05-26 17:00:00+00:00,33.8,23,977.7,1.33
Lahore,31.5497,74.3436,2026-05-26 18:00:00+00:00,33.7,25,977.9,1.23
Lahore,31.5497,74.3436,2026-05-26 19:00:00+00:00,32.8,25,977.8,1.62
Lahore,31.5497,74.3436,2026-05-26 20:00:00+00:00,32.5,26,977.6,1.98
Lahore,31.5497,74.3436,2026-05-26 21:00:00+00:00,31.4,28,976.9,1.49
Lahore,31.5497,74.3436,2026-05-26 22:00:00+00:00,30.7,30,976.7,1.7
Lahore,31.5497,74.3436,2026-05-26 23:00:00+00:00,30.1,31,976.7,1.59
Lahore,31.5497,74.3436,2026-05-27 00:00:00+00:00,29.8,36,976.7,1.38
Lahore,31.5497,74.3436,2026-05-27 01:00:00+00:00,30.2,35,977.3,1.8
Lahore,31.5497,74.3436,2026-05-27 02:00:00+00:00,32.0,32,977.7,1.23
Lahore,31.5497,74.3436,2026-05-27 03:00:00+00:00,34.7,28,978.4,1.36
Lahore,31.5497,74.3436,2026-05-27 04:00:00+00:00,37.8,21,978.8,1.7
Lahore,31.5497,74.3436,2026-05-27 05:00:00+00:00,40.3,16,978.4,2.46
Lahore,31.5497,74.3436,2026-05-27 06:00:00+00:00,41.9,13,978.8,2.87
Lahore,31.5497,74.3436,2026-05-27 07:00:00+00:00,42.9,12,978.3,3.15
Lahore,31.5497,74.3436,2026-05-27 08:00:00+00:00,43.2,12,977.4,3.02
Lahore,31.5497,74.3436,2026-05-27 09:00:00+00:00,43.5,12,976.7,3.29
Lahore,31.5497,74.3436,2026-05-27 10:00:00+00:00,43.2,12,976.1,3.55
Lahore,31.5497,74.3436,2026-05-27 11:00:00+00:00,42.5,12,975.7,3.63
Lahore,31.5497,74.3436,2026-05-27 12:00:00+00:00,42.3,12,975.5,4.01
Lahore,31.5497,74.3436,2026-05-27 13:00:00+00:00,41.3,13,975.9,4.05
Lahore,31.5497,74.3436,2026-05-27 14:00:00+00:00,40.2,14,975.9,2.45
Lahore,31.5497,74.3436,2026-05-27 15:00:00+00:00,39.0,16,976.2,1.43
Lahore,31.5497,74.3436,2026-05-27 16:00:00+00:00,37.9,18,976.4,0.82
Lahore,31.5497,74.3436,2026-05-27 17:00:00+00:00,36.3,20,976.3,0.45
Lahore,31.5497,74.3436,2026-05-27 18:00:00+00:00,36.3,23,976.2,0.25
Lahore,31.5497,74.3436,2026-05-27 19:00:00+00:00,34.8,23,975.9,1.16
Lahore,31.5497,74.3436,2026-05-27 20:00:00+00:00,34.1,26,975.7,1.26
Lahore,31.5497,74.3436,2026-05-27 21:00:00+00:00,33.4,28,975.4,1.3
Lahore,31.5497,74.3436,2026-05-27 22:00:00+00:00,32.9,30,975.0,0.76
Lahore,31.5497,74.3436,2026-05-27 23:00:00+00:00,31.9,32,975.2,0.64
Lahore,31.5497,74.3436,2026-05-28 00:00:00+00:00,30.1,36,975.2,1.71
Lahore,31.5497,74.3436,2026-05-28 01:00:00+00:00,29.2,40,976.5,2.06
Lahore,31.5497,74.3436,2026-05-28 02:00:00+00:00,30.3,41,977.3,0.78
Lahore,31.5497,74.3436,2026-05-28 03:00:00+00:00,33.3,33,977.8,0.74
Lahore,31.5497,74.3436,2026-05-28 04:00:00+00:00,36.8,26,978.0,1.61
Lahore,31.5497,74.3436,2026-05-28 05:00:00+00:00,39.1,23,978.0,2.2
Lahore,31.5497,74.3436,2026-05-28 06:00:00+00:00,40.1,18,978.0,3.97
Lahore,31.5497,74.3436,2026-05-28 07:00:00+00:00,41.7,14,977.7,3.63
Lahore,31.5497,74.3436,2026-05-28 08:00:00+00:00,40.3,15,977.6,3.75
Lahore,31.5497,74.3436,2026-05-28 09:00:00+00:00,40.3,15,976.7,4.08
Lahore,31.5497,74.3436,2026-05-28 10:00:00+00:00,39.1,19,976.9,3.79
Lahore,31.5497,74.3436,2026-05-28 11:00:00+00:00,39.3,16,976.8,3.85
Lahore,31.5497,74.3436,2026-05-28 12:00:00+00:00,41.0,10,975.7,3.25
Lahore,31.5497,74.3436,2026-05-28 13:00:00+00:00,38.7,13,975.6,3.71
Lahore,31.5497,74.3436,2026-05-28 14:00:00+00:00,36.5,16,975.6,3.74
Lahore,31.5497,74.3436,2026-05-28 15:00:00+00:00,35.4,17,976.1,2.56
Lahore,31.5497,74.3436,2026-05-28 16:00:00+00:00,34.0,21,976.6,0.92
Lahore,31.5497,74.3436,2026-05-28 17:00:00+00:00,33.1,25,976.8,0.21
Lahore,31.5497,74.3436,2026-05-28 18:00:00+00:00,34.4,21,976.4,1.03
Lahore,31.5497,74.3436,2026-05-28 19:00:00+00:00,32.9,27,975.7,0.36
Lahore,31.5497,74.3436,2026-05-28 20:00:00+00:00,32.5,31,975.1,0.18
Lahore,31.5497,74.3436,2026-05-28 21:00:00+00:00,30.8,27,974.9,1.38
Lahore,31.5497,74.3436,2026-05-28 22:00:00+00:00,30.0,29,974.9,2.25
Lahore,31.5497,74.3436,2026-05-28 23:00:00+00:00,29.3,33,975.2,1.46
Lahore,31.5497,74.3436,2026-05-29 00:00:00+00:00,29.0,34,975.8,2.19
Lahore,31.5497,74.3436,2026-05-29 01:00:00+00:00,28.2,40,976.7,3.32
Lahore,31.5497,74.3436,2026-05-29 02:00:00+00:00,29.3,45,977.3,3.58
Lahore,31.5497,74.3436,2026-05-29 03:00:00+00:00,30.8,46,978.2,3.29
Lahore,31.5497,74.3436,2026-05-29 04:00:00+00:00,32.5,44,978.7,3.31
Lahore,31.5497,74.3436,2026-05-29 05:00:00+00:00,34.5,40,978.8,3.92
Lahore,31.5497,74.3436,2026-05-29 06:00:00+00:00,35.9,33,979.1,4.19
Lahore,31.5497,74.3436,2026-05-29 07:00:00+00:00,37.4,29,978.6,3.87
Lahore,31.5497,74.3436,2026-05-29 08:00:00+00:00,38.8,24,977.8,3.36
Lahore,31.5497,74.3436,2026-05-29 09:00:00+00:00,39.5,21,976.8,2.69
Lahore,31.5497,74.3436,2026-05-29 10:00:00+00:00,39.7,20,976.2,2.2
Lahore,31.5497,74.3436,2026-05-29 11:00:00+00:00,35.3,27,977.2,6.35
Lahore,31.5497,74.3436,2026-05-29 12:00:00+00:00,39.5,15,975.7,1.72
Lahore,31.5497,74.3436,2026-05-29 13:00:00+00:00,36.9,22,976.5,3.02
Lahore,31.5497,74.3436,2026-05-29 14:00:00+00:00,34.5,29,977.2,2.97
Lahore,31.5497,74.3436,2026-05-29 15:00:00+00:00,33.3,31,977.7,3.64
Lahore,31.5497,74.3436,2026-05-29 16:00:00+00:00,32.7,31,978.3,4.4
Lahore,31.5497,74.3436,2026-05-29 17:00:00+00:00,31.5,35,978.6,3.44
Lahore,31.5497,74.3436,2026-05-29 18:00:00+00:00,28.2,50,977.5,3.79
Lahore,31.5497,74.3436,2026-05-29 19:00:00+00:00,27.3,53,977.3,3.57
Lahore,31.5497,74.3436,2026-05-29 20:00:00+00:00,27.6,55,977.4,3.32
Lahore,31.5497,74.3436,2026-05-29 21:00:00+00:00,28.5,57,977.7,3.17
Lahore,31.5497,74.3436,2026-05-29 22:00:00+00:00,28.5,58,978.1,2.67
Lahore,31.5497,74.3436,2026-05-29 23:00:00+00:00,28.0,59,978.6,2.86
Lahore,31.5497,74.3436,2026-05-30 00:00:00+00:00,22.8,80,980.0,6.26
Lahore,31.5497,74.3436,2026-05-30 01:00:00+00:00,22.9,89,982.1,2.65
Lahore,31.5497,74.3436,2026-05-30 02:00:00+00:00,23.2,89,983.6,2.08
Lahore,31.5497,74.3436,2026-05-30 03:00:00+00:00,23.6,91,982.8,3.29
Lahore,31.5497,74.3436,2026-05-30 04:00:00+00:00,24.6,87,981.8,4.63
Lahore,31.5497,74.3436,2026-05-30 05:00:00+00:00,27.8,67,982.5,4.16
Lahore,31.5497,74.3436,2026-05-30 06:00:00+00:00,24.0,75,984.9,6.67
Lahore,31.5497,74.3436,2026-05-30 07:00:00+00:00,25.4,66,983.5,4.52
Lahore,31.5497,74.3436,2026-05-30 08:00:00+00:00,27.6,54,982.3,3.66
Lahore,31.5497,74.3436,2026-05-30 09:00:00+00:00,27.5,52,981.9,4.84
Lahore,31.5497,74.3436,2026-05-30 10:00:00+00:00,27.8,47,981.6,3.76
Lahore,31.5497,74.3436,2026-05-30 11:00:00+00:00,27.8,46,980.9,3.67
Lahore,31.5497,74.3436,2026-05-30 12:00:00+00:00,28.5,60,980.2,3.11
Lahore,31.5497,74.3436,2026-05-30 13:00:00+00:00,27.3,64,979.6,2.86
Lahore,31.5497,74.3436,2026-05-30 14:00:00+00:00,26.7,64,979.7,2.39
Lahore,31.5497,74.3436,2026-05-30 15:00:00+00:00,26.0,67,980.1,1.94
Lahore,31.5497,74.3436,2026-05-30 16:00:00+00:00,25.6,68,981.1,1.45
Lahore,31.5497,74.3436,2026-05-30 17:00:00+00:00,25.2,71,981.8,1.25
Lahore,31.5497,74.3436,2026-05-30 18:00:00+00:00,24.2,73,981.0,2.48
Lahore,31.5497,74.3436,2026-05-30 19:00:00+00:00,23.4,77,980.7,1.89
Lahore,31.5497,74.3436,2026-05-30 20:00:00+00:00,23.0,80,980.9,1.25
Lahore,31.5497,74.3436,2026-05-30 21:00:00+00:00,22.7,83,981.5,1.35
Lahore,31.5497,74.3436,2026-05-30 22:00:00+00:00,22.4,84,981.4,1.99
Lahore,31.5497,74.3436,2026-05-30 23:00:00+00:00,22.2,85,981.5,2.1
Lahore,31.5497,74.3436,2026-05-31 00:00:00+00:00,22.8,85,982.1,2.29
Lahore,31.5497,74.3436,2026-05-31 01:00:00+00:00,22.9,81,982.4,2.38
Lahore,31.5497,74.3436,2026-05-31 02:00:00+00:00,24.1,76,983.0,2.51
Lahore,31.5497,74.3436,2026-05-31 03:00:00+00:00,26.2,66,983.8,3.1
Lahore,31.5497,74.3436,2026-05-31 04:00:00+00:00,28.1,57,984.0,3.42
Lahore,31.5497,74.3436,2026-05-31 05:00:00+00:00,29.9,51,984.1,3.39
Lahore,31.5497,74.3436,2026-05-31 06:00:00+00:00,31.4,43,984.2,4.35
Lahore,31.5497,74.3436,2026-05-31 07:00:00+00:00,32.3,39,983.7,3.96
Lahore,31.5497,74.3436,2026-05-31 08:00:00+00:00,33.1,37,983.3,3.33
Lahore,31.5497,74.3436,2026-05-31 09:00:00+00:00,33.6,34,982.8,2.97
Lahore,31.5497,74.3436,2026-05-31 10:00:00+00:00,33.6,35,982.0,2.98
Lahore,31.5497,74.3436,2026-05-31 11:00:00+00:00,33.3,35,981.6,3.1
Lahore,31.5497,74.3436,2026-05-31 12:00:00+00:00,32.6,35,981.5,2.07
Lahore,31.5497,74.3436,2026-05-31 13:00:00+00:00,31.5,40,981.3,2.1
Lahore,31.5497,74.3436,2026-05-31 14:00:00+00:00,30.0,44,981.7,2.22
Lahore,31.5497,74.3436,2026-05-31 15:00:00+00:00,29.3,47,982.1,2.69
Lahore,31.5497,74.3436,2026-05-31 16:00:00+00:00,28.5,51,982.2,2.12
Lahore,31.5497,74.3436,2026-05-31 17:00:00+00:00,27.8,54,982.6,1.93
Lahore,31.5497,74.3436,2026-05-31 18:00:00+00:00,27.9,58,982.9,1.9
Lahore,31.5497,74.3436,2026-05-31 19:00:00+00:00,27.0,63,982.3,1.22
Lahore,31.5497,74.3436,2026-05-31 20:00:00+00:00,26.5,66,982.0,1.13
Lahore,31.5497,74.3436,2026-05-31 21:00:00+00:00,25.9,67,981.6,1.46
Lahore,31.5497,74.3436,2026-05-31 22:00:00+00:00,25.5,68,981.4,1.81
Lahore,31.5497,74.3436,2026-05-31 23:00:00+00:00,25.2,68,981.4,1.77
Lahore,31.5497,74.3436,2026-06-01 00:00:00+00:00,25.5,63,981.8,1.86
Lahore,31.5497,74.3436,2026-06-01 01:00:00+00:00,25.6,63,982.1,1.89
Lahore,31.5497,74.3436,2026-06-01 02:00:00+00:00,27.2,60,982.9,1.66
Lahore,31.5497,74.3436,2026-06-01 03:00:00+00:00,29.2,54,983.3,1.73
Lahore,31.5497,74.3436,2026-06-01 04:00:00+00:00,31.3,46,983.6,2.65
Lahore,31.5497,74.3436,2026-06-01 05:00:00+00:00,32.9,41,983.9,2.42
Lahore,31.5497,74.3436,2026-06-01 06:00:00+00:00,34.1,34,983.8,1.47
Lahore,31.5497,74.3436,2026-06-01 07:00:00+00:00,34.7,33,983.4,1.1
Lahore,31.5497,74.3436,2026-06-01 08:00:00+00:00,35.6,31,982.8,1.5
Lahore,31.5497,74.3436,2026-06-01 09:00:00+00:00,34.6,34,982.0,2.04
Lahore,31.5497,74.3436,2026-06-01 10:00:00+00:00,35.1,31,981.4,2.06
Lahore,31.5497,74.3436,2026-06-01 11:00:00+00:00,35.0,31,981.0,2.32
Lahore,31.5497,74.3436,2026-06-01 12:00:00+00:00,35.2,29,980.2,2.53
Lahore,31.5497,74.3436,2026-06-01 13:00:00+00:00,34.2,33,980.1,1.99
Lahore,31.5497,74.3436,2026-06-01 14:00:00+00:00,32.7,41,980.2,1.1
Lahore,31.5497,74.3436,2026-06-01 15:00:00+00:00,32.3,42,980.3,1.17
Lahore,31.5497,74.3436,2026-06-01 16:00:00+00:00,31.8,46,981.1,1.1
Lahore,31.5497,74.3436,2026-06-01 17:00:00+00:00,30.9,51,981.6,0.85
Lahore,31.5497,74.3436,2026-06-01 18:00:00+00:00,30.8,56,981.9,0.36
Lahore,31.5497,74.3436,2026-06-01 19:00:00+00:00,29.3,55,981.5,1.27
Lahore,31.5497,74.3436,2026-06-01 20:00:00+00:00,28.9,53,981.4,1.63
Lahore,31.5497,74.3436,2026-06-01 21:00:00+00:00,28.5,51,981.3,2.17
Lahore,31.5497,74.3436,2026-06-01 22:00:00+00:00,28.0,51,981.4,2.21
Lahore,31.5497,74.3436,2026-06-01 23:00:00+00:00,27.5,52,981.4,1.42
Lahore,31.5497,74.3436,2026-06-02 00:00:00+00:00,27.3,60,981.6,1.33
Lahore,31.5497,74.3436,2026-06-02 01:00:00+00:00,27.3,61,982.0,1.23
Lahore,31.5497,74.3436,2026-06-02 02:00:00+00:00,28.9,55,982.9,1.38
Lahore,31.5497,74.3436,2026-06-02 03:00:00+00:00,31.0,49,983.5,1.64
Lahore,31.5497,74.3436,2026-06-02 04:00:00+00:00,33.1,42,983.4,2.11
Lahore,31.5497,74.3436,2026-06-02 05:00:00+00:00,34.8,35,983.3,1.45
Lahore,31.5497,74.3436,2026-06-02 06:00:00+00:00,36.0,31,983.3,1.7
Lahore,31.5497,74.3436,2026-06-02 07:00:00+00:00,36.8,29,982.2,1.36
Lahore,31.5497,74.3436,2026-06-02 08:00:00+00:00,37.3,28,981.6,0.97
Lahore,31.5497,74.3436,2026-06-02 09:00:00+00:00,37.5,28,980.6,1.15
Lahore,31.5497,74.3436,2026-06-02 10:00:00+00:00,37.5,27,979.8,1.59
Lahore,31.5497,74.3436,2026-06-02 11:00:00+00:00,37.1,28,979.4,2.13
Lahore,31.5497,74.3436,2026-06-02 12:00:00+00:00,38.3,24,978.0,1.11
Lahore,31.5497,74.3436,2026-06-02 13:00:00+00:00,37.3,25,978.3,1.3
Lahore,31.5497,74.3436,2026-06-02 14:00:00+00:00,35.8,28,978.8,1.92
Lahore,31.5497,74.3436,2026-06-02 15:00:00+00:00,34.6,31,978.9,2.03
Lahore,31.5497,74.3436,2026-06-02 16:00:00+00:00,34.0,34,978.9,0.7
Lahore,31.5497,74.3436,2026-06-02 17:00:00+00:00,33.0,34,979.1,1.2
Lahore,31.5497,74.3436,2026-06-02 18:00:00+00:00,31.7,39,979.8,2.2
Lahore,31.5497,74.3436,2026-06-02 19:00:00+00:00,30.5,43,979.8,2.05
Lahore,31.5497,74.3436,2026-06-02 20:00:00+00:00,29.7,46,979.3,2.18
Lahore,31.5497,74.3436,2026-06-02 21:00:00+00:00,28.8,50,978.9,2.31
Lahore,31.5497,74.3436,2026-06-02 22:00:00+00:00,28.3,53,978.6,2.17
Lahore,31.5497,74.3436,2026-06-02 23:00:00+00:00,28.1,54,978.8,2.25
Lahore,31.5497,74.3436,2026-06-03 00:00:00+00:00,27.5,61,979.0,1.36
Lahore,31.5497,74.3436,2026-06-03 01:00:00+00:00,27.2,64,979.8,1.91
Lahore,31.5497,74.3436,2026-06-03 02:00:00+00:00,27.5,63,980.8,3.39
Lahore,31.5497,74.3436,2026-06-03 03:00:00+00:00,28.3,62,980.3,2.09
Lahore,31.5497,74.3436,2026-06-03 04:00:00+00:00,30.9,52,980.4,2.19
Lahore,31.5497,74.3436,2026-06-03 05:00:00+00:00,33.2,42,980.4,2.19
Lahore,31.5497,74.3436,2026-06-03 06:00:00+00:00,32.5,43,980.5,1.47
Lahore,31.5497,74.3436,2026-06-03 07:00:00+00:00,34.5,37,979.8,0.79
Lahore,31.5497,74.3436,2026-06-03 08:00:00+00:00,35.7,34,978.7,0.74
Lahore,31.5497,74.3436,2026-06-03 09:00:00+00:00,36.5,31,977.5,1.94
Lahore,31.5497,74.3436,2026-06-03 10:00:00+00:00,37.0,31,976.6,2.5
Lahore,31.5497,74.3436,2026-06-03 11:00:00+00:00,36.9,31,975.8,2.75
Lahore,31.5497,74.3436,2026-06-03 12:00:00+00:00,37.8,27,975.1,2.35
Lahore,31.5497,74.3436,2026-06-03 13:00:00+00:00,36.9,29,974.9,2.57
Lahore,31.5497,74.3436,2026-06-03 14:00:00+00:00,36.1,31,975.2,2.31
Lahore,31.5497,74.3436,2026-06-03 15:00:00+00:00,35.2,38,975.3,0.53
Lahore,31.5497,74.3436,2026-06-03 16:00:00+00:00,34.4,36,975.5,0.85
Lahore,31.5497,74.3436,2026-06-03 17:00:00+00:00,33.5,40,975.6,0.96
Lahore,31.5497,74.3436,2026-06-03 18:00:00+00:00,33.8,41,975.8,0.94
Lahore,31.5497,74.3436,2026-06-03 19:00:00+00:00,33.0,43,975.2,0.41
Lahore,31.5497,74.3436,2026-06-03 20:00:00+00:00,32.4,46,975.0,0.07
Lahore,31.5497,74.3436,2026-06-03 21:00:00+00:00,30.7,50,974.7,0.57
Lahore,31.5497,74.3436,2026-06-03 22:00:00+00:00,29.5,55,974.5,0.88
Lahore,31.5497,74.3436,2026-06-03 23:00:00+00:00,28.9,58,974.5,0.75
Lahore,31.5497,74.3436,2026-06-04 00:00:00+00:00,30.1,52,975.1,1.41
Lahore,31.5497,74.3436,2026-06-04 01:00:00+00:00,29.9,52,975.4,2.07
Lahore,31.5497,74.3436,2026-06-04 02:00:00+00:00,31.4,49,975.8,1.49
Lahore,31.5497,74.3436,2026-06-04 03:00:00+00:00,33.7,42,975.7,2.16
Lahore,31.5497,74.3436,2026-06-04 04:00:00+00:00,36.0,34,976.3,1.59
Lahore,31.5497,74.3436,2026-06-04 05:00:00+00:00,26.5,75,979.0,5.19
Lahore,31.5497,74.3436,2026-06-04 06:00:00+00:00,31.1,48,976.5,1.57
Lahore,31.5497,74.3436,2026-06-04 07:00:00+00:00,35.7,36,975.9,1.31
Lahore,31.5497,74.3436,2026-06-04 08:00:00+00:00,35.3,34,976.2,2.34
Lahore,31.5497,74.3436,2026-06-04 09:00:00+00:00,34.9,36,975.5,1.38
Lahore,31.5497,74.3436,2026-06-04 10:00:00+00:00,35.9,32,975.0,1.94
Lahore,31.5497,74.3436,2026-06-04 11:00:00+00:00,36.1,31,974.8,1.38
Lahore,31.5497,74.3436,2026-06-04 12:00:00+00:00,31.1,46,975.0,5.78
Lahore,31.5497,74.3436,2026-06-04 13:00:00+00:00,28.8,53,975.1,3.77
Lahore,31.5497,74.3436,2026-06-04 14:00:00+00:00,27.8,57,975.5,2.33
Lahore,31.5497,74.3436,2026-06-04 15:00:00+00:00,27.2,59,975.9,2.12
Lahore,31.5497,74.3436,2026-06-04 16:00:00+00:00,26.5,62,976.1,1.61
Lahore,31.5497,74.3436,2026-06-04 17:00:00+00:00,26.2,66,976.4,0.99
Lahore,31.5497,74.3436,2026-06-04 18:00:00+00:00,25.7,58,975.5,1.63
Lahore,31.5497,74.3436,2026-06-04 19:00:00+00:00,24.9,60,975.8,1.77
Lahore,31.5497,74.3436,2026-06-04 20:00:00+00:00,25.2,57,975.3,2.45
Lahore,31.5497,74.3436,2026-06-04 21:00:00+00:00,24.6,62,975.3,1.35
Lahore,31.5497,74.3436,2026-06-04 22:00:00+00:00,24.1,66,975.6,1.19
Lahore,31.5497,74.3436,2026-06-04 23:00:00+00:00,23.7,68,976.0,1.25
Lahore,31.5497,74.3436,2026-06-05 00:00:00+00:00,24.2,71,976.9,1.76
Lahore,31.5497,74.3436,2026-06-05 01:00:00+00:00,24.0,73,977.5,1.8
Lahore,31.5497,74.3436,2026-06-05 02:00:00+00:00,25.3,68,978.4,1.75
Lahore,31.5497,74.3436,2026-06-05 03:00:00+00:00,27.5,58,978.9,1.87
Lahore,31.5497,74.3436,2026-06-05 04:00:00+00:00,29.4,52,979.1,2.13
Lahore,31.5497,74.3436,2026-06-05 05:00:00+00:00,31.0,49,979.0,2.02
Lahore,31.5497,74.3436,2026-06-05 06:00:00+00:00,32.6,44,979.4,1.39
Lahore,31.5497,74.3436,2026-06-05 07:00:00+00:00,34.0,41,978.9,1.19
Lahore,31.5497,74.3436,2026-06-05 08:00:00+00:00,34.9,38,977.9,0.97
Lahore,31.5497,74.3436,2026-06-05 09:00:00+00:00,35.5,35,977.2,0.79
Lahore,31.5497,74.3436,2026-06-05 10:00:00+00:00,35.9,33,976.6,1.23
Lahore,31.5497,74.3436,2026-06-05 11:00:00+00:00,35.9,31,976.0,1.67
Lahore,31.5497,74.3436,2026-06-05 12:00:00+00:00,35.9,29,975.5,0.72
Lahore,31.5497,74.3436,2026-06-05 13:00:00+00:00,35.2,32,975.6,0.8
Lahore,31.5497,74.3436,2026-06-05 14:00:00+00:00,33.3,44,975.6,0.84
Lahore,31.5497,74.3436,2026-06-05 15:00:00+00:00,32.2,46,975.9,1.1
Lahore,31.5497,74.3436,2026-06-05 16:00:00+00:00,31.4,47,976.2,1.22
Lahore,31.5497,74.3436,2026-06-05 17:00:00+00:00,31.3,49,976.6,0.18
Lahore,31.5497,74.3436,2026-06-05 18:00:00+00:00,30.4,49,976.7,0.8
Lahore,31.5497,74.3436,2026-06-05 19:00:00+00:00,29.9,47,976.6,1.1
Lahore,31.5497,74.3436,2026-06-05 20:00:00+00:00,29.3,46,976.4,1.25
Lahore,31.5497,74.3436,2026-06-05 21:00:00+00:00,28.9,44,975.9,1.53
Lahore,31.5497,74.3436,2026-06-05 22:00:00+00:00,28.3,45,975.9,1.48
Lahore,31.5497,74.3436,2026-06-05 23:00:00+00:00,27.7,47,975.9,1.26
Lahore,31.5497,74.3436,2026-06-06 00:00:00+00:00,27.4,62,976.4,1.1
Lahore,31.5497,74.3436,2026-06-06 01:00:00+00:00,27.5,58,976.9,1.41
Lahore,31.5497,74.3436,2026-06-06 02:00:00+00:00,29.4,54,977.6,0.78
Lahore,31.5497,74.3436,2026-06-06 03:00:00+00:00,32.2,44,978.4,0.89
Lahore,31.5497,74.3436,2026-06-06 04:00:00+00:00,34.9,34,978.5,1.32
Lahore,31.5497,74.3436,2026-06-06 05:00:00+00:00,36.6,29,978.5,1.39
Lahore,31.5497,74.3436,2026-06-06 06:00:00+00:00,37.8,23,978.7,0.85
Lahore,31.5497,74.3436,2026-06-06 07:00:00+00:00,38.6,21,978.4,1.12
Lahore,31.5497,74.3436,2026-06-06 08:00:00+00:00,39.3,20,977.6,1.3
Lahore,31.5497,74.3436,2026-06-06 09:00:00+00:00,39.8,19,976.8,1.23
Lahore,31.5497,74.3436,2026-06-06 10:00:00+00:00,40.0,19,976.0,0.67
Lahore,31.5497,74.3436,2026-06-06 11:00:00+00:00,39.8,19,975.7,1.19
Lahore,31.5497,74.3436,2026-06-06 12:00:00+00:00,39.4,17,975.0,2.14
Lahore,31.5497,74.3436,2026-06-06 13:00:00+00:00,38.3,18,975.1,1.03
Lahore,31.5497,74.3436,2026-06-06 14:00:00+00:00,37.1,28,975.7,0.22
Lahore,31.5497,74.3436,2026-06-06 15:00:00+00:00,35.7,26,976.3,0.82
Lahore,31.5497,74.3436,2026-06-06 16:00:00+00:00,34.6,26,976.6,1.29
Lahore,31.5497,74.3436,2026-06-06 17:00:00+00:00,34.1,27,976.5,1.09
Lahore,31.5497,74.3436,2026-06-06 18:00:00+00:00,34.0,29,976.4,1.06
Lahore,31.5497,74.3436,2026-06-06 19:00:00+00:00,32.9,30,976.5,1.12
Lahore,31.5497,74.3436,2026-06-06 20:00:00+00:00,31.9,32,976.5,0.65
Lahore,31.5497,74.3436,2026-06-06 21:00:00+00:00,30.9,34,976.5,0.96
Lahore,31.5497,74.3436,2026-06-06 22:00:00+00:00,30.0,36,976.5,1.8
Lahore,31.5497,74.3436,2026-06-06 23:00:00+00:00,28.7,41,976.7,1.14
Lahore,31.5497,74.3436,2026-06-07 00:00:00+00:00,29.0,42,977.2,0.65
Lahore,31.5497,74.3436,2026-06-07 01:00:00+00:00,29.0,42,977.6,0.87
Lahore,31.5497,74.3436,2026-06-07 02:00:00+00:00,30.9,36,978.3,0.49
Lahore,31.5497,74.3436,2026-06-07 03:00:00+00:00,33.7,30,978.7,0.62
Lahore,31.5497,74.3436,2026-06-07 04:00:00+00:00,36.2,25,978.9,0.79
Lahore,31.5497,74.3436,2026-06-07 05:00:00+00:00,38.3,20,978.8,0.36
Lahore,31.5497,74.3436,2026-06-07 06:00:00+00:00,38.9,19,978.8,0.36
Lahore,31.5497,74.3436,2026-06-07 07:00:00+00:00,40.3,17,978.3,0.73
Lahore,31.5497,74.3436,2026-06-07 08:00:00+00:00,41.0,16,977.6,1.46
Lahore,31.5497,74.3436,2026-06-07 09:00:00+00:00,41.3,16,976.5,2.05
Lahore,31.5497,74.3436,2026-06-07 10:00:00+00:00,41.2,16,975.9,2.26
Lahore,31.5497,74.3436,2026-06-07 11:00:00+00:00,40.9,16,975.7,3.04
Lahore,31.5497,74.3436,2026-06-07 12:00:00+00:00,40.6,16,975.1,2.55
Lahore,31.5497,74.3436,2026-06-07 13:00:00+00:00,39.5,17,974.9,2.91
Lahore,31.5497,74.3436,2026-06-07 14:00:00+00:00,38.1,20,975.4,1.95
Lahore,31.5497,74.3436,2026-06-07 15:00:00+00:00,36.7,24,976.0,2.21
Lahore,31.5497,74.3436,2026-06-07 16:00:00+00:00,35.7,24,976.2,1.84
Lahore,31.5497,74.3436,2026-06-07 17:00:00+00:00,34.8,25,976.1,1.46
Lahore,31.5497,74.3436,2026-06-07 18:00:00+00:00,34.5,29,975.7,0.99
Lahore,31.5497,74.3436,2026-06-07 19:00:00+00:00,33.4,32,974.9,1.03
Lahore,31.5497,74.3436,2026-06-07 20:00:00+00:00,32.8,32,974.7,1.2
Lahore,31.5497,74.3436,2026-06-07 21:00:00+00:00,32.1,33,974.3,1.27
Lahore,31.5497,74.3436,2026-06-07 22:00:00+00:00,31.2,36,974.5,1.18
Lahore,31.5497,74.3436,2026-06-07 23:00:00+00:00,30.5,37,974.7,1.15
Lahore,31.5497,74.3436,2026-06-08 00:00:00+00:00,31.2,38,975.1,1.01
Lahore,31.5497,74.3436,2026-06-08 01:00:00+00:00,31.4,39,975.5,0.97
Lahore,31.5497,74.3436,2026-06-08 02:00:00+00:00,33.0,35,976.1,0.57
Lahore,31.5497,74.3436,2026-06-08 03:00:00+00:00,35.5,29,976.7,0.45
Lahore,31.5497,74.3436,2026-06-08 04:00:00+00:00,37.7,26,976.8,0.62
Lahore,31.5497,74.3436,2026-06-08 05:00:00+00:00,39.3,23,976.7,0.76
Lahore,31.5497,74.3436,2026-06-08 06:00:00+00:00,40.5,19,976.5,1.66
Lahore,31.5497,74.3436,2026-06-08 07:00:00+00:00,41.5,16,976.1,2.02
Lahore,31.5497,74.3436,2026-06-08 08:00:00+00:00,41.8,15,975.3,2.35
Lahore,31.5497,74.3436,2026-06-08 09:00:00+00:00,42.0,15,974.4,2.76
Lahore,31.5497,74.3436,2026-06-08 10:00:00+00:00,41.9,15,974.1,2.93
Lahore,31.5497,74.3436,2026-06-08 11:00:00+00:00,41.5,16,973.7,3.09
Lahore,31.5497,74.3436,2026-06-08 12:00:00+00:00,41.5,15,973.3,3.56
Lahore,31.5497,74.3436,2026-06-08 13:00:00+00:00,40.7,16,973.1,3.17
Lahore,31.5497,74.3436,2026-06-08 14:00:00+00:00,39.5,18,973.4,2.26
Lahore,31.5497,74.3436,2026-06-08 15:00:00+00:00,38.1,21,973.5,1.8
Lahore,31.5497,74.3436,2026-06-08 16:00:00+00:00,37.2,23,973.6,1.54
Lahore,31.5497,74.3436,2026-06-08 17:00:00+00:00,36.2,25,973.7,1.17
Lahore,31.5497,74.3436,2026-06-08 18:00:00+00:00,36.2,29,973.4,1.03
Lahore,31.5497,74.3436,2026-06-08 19:00:00+00:00,34.8,32,973.1,1.0
Lahore,31.5497,74.3436,2026-06-08 20:00:00+00:00,34.0,34,972.7,1.25
Lahore,31.5497,74.3436,2026-06-08 21:00:00+00:00,33.6,35,972.6,1.71
Lahore,31.5497,74.3436,2026-06-08 22:00:00+00:00,33.1,36,972.7,1.7
Lahore,31.5497,74.3436,2026-06-08 23:00:00+00:00,32.5,38,972.6,1.4
Lahore,31.5497,74.3436,2026-06-09 00:00:00+00:00,32.5,39,972.5,1.05
Lahore,31.5497,74.3436,2026-06-09 01:00:00+00:00,32.4,40,973.0,0.43
Lahore,31.5497,74.3436,2026-06-09 02:00:00+00:00,33.7,36,973.5,1.41
Lahore,31.5497,74.3436,2026-06-09 03:00:00+00:00,36.2,31,973.8,1.05
Lahore,31.5497,74.3436,2026-06-09 04:00:00+00:00,38.7,27,974.1,0.85
Lahore,31.5497,74.3436,2026-06-09 05:00:00+00:00,40.6,22,974.3,2.08
Lahore,31.5497,74.3436,2026-06-09 06:00:00+00:00,41.4,15,974.3,2.39
Lahore,31.5497,74.3436,2026-06-09 07:00:00+00:00,42.4,15,974.1,1.87
Lahore,31.5497,74.3436,2026-06-09 08:00:00+00:00,43.1,15,973.1,2.04
Lahore,31.5497,74.3436,2026-06-09 09:00:00+00:00,43.4,14,972.3,2.72
Lahore,31.5497,74.3436,2026-06-09 10:00:00+00:00,43.1,15,972.0,3.68
Lahore,31.5497,74.3436,2026-06-09 11:00:00+00:00,42.5,15,971.9,3.72
Lahore,31.5497,74.3436,2026-06-09 12:00:00+00:00,43.0,13,970.8,2.69
Lahore,31.5497,74.3436,2026-06-09 13:00:00+00:00,41.8,14,970.9,2.65
Lahore,31.5497,74.3436,2026-06-09 14:00:00+00:00,40.1,17,971.2,1.35
Lahore,31.5497,74.3436,2026-06-09 15:00:00+00:00,39.0,20,971.5,1.25
Lahore,31.5497,74.3436,2026-06-09 16:00:00+00:00,37.9,24,971.7,0.86
Lahore,31.5497,74.3436,2026-06-09 17:00:00+00:00,36.7,27,972.1,1.0
Lahore,31.5497,74.3436,2026-06-09 18:00:00+00:00,36.8,31,972.1,1.15
Lahore,31.5497,74.3436,2026-06-09 19:00:00+00:00,35.6,36,971.8,1.17
Lahore,31.5497,74.3436,2026-06-09 20:00:00+00:00,34.5,40,971.6,0.11
Lahore,31.5497,74.3436,2026-06-09 21:00:00+00:00,33.2,40,971.3,0.9
Lahore,31.5497,74.3436,2026-06-09 22:00:00+00:00,32.3,44,971.2,0.36
Lahore,31.5497,74.3436,2026-06-09 23:00:00+00:00,31.1,46,971.7,0.8
Lahore,31.5497,74.3436,2026-06-10 00:00:00+00:00,32.0,50,972.4,1.05
Lahore,31.5497,74.3436,2026-06-10 01:00:00+00:00,31.5,53,972.6,1.7
Lahore,31.5497,74.3436,2026-06-10 02:00:00+00:00,33.3,48,973.0,1.49
Lahore,31.5497,74.3436,2026-06-10 03:00:00+00:00,35.9,41,973.6,1.84
Lahore,31.5497,74.3436,2026-06-10 04:00:00+00:00,38.0,35,973.9,2.2
Lahore,31.5497,74.3436,2026-06-10 05:00:00+00:00,40.0,30,973.9,2.11
Lahore,31.5497,74.3436,2026-06-10 06:00:00+00:00,41.3,25,973.8,1.34
Lahore,31.5497,74.3436,2026-06-10 07:00:00+00:00,42.7,21,973.5,1.33
Lahore,31.5497,74.3436,2026-06-10 08:00:00+00:00,43.3,18,972.5,1.26
Lahore,31.5497,74.3436,2026-06-10 09:00:00+00:00,43.6,18,971.7,1.74
Lahore,31.5497,74.3436,2026-06-10 10:00:00+00:00,43.4,17,971.3,2.3
Lahore,31.5497,74.3436,2026-06-10 11:00:00+00:00,42.8,18,971.1,3.52
Lahore,31.5497,74.3436,2026-06-10 12:00:00+00:00,42.4,18,970.7,3.96
Lahore,31.5497,74.3436,2026-06-10 13:00:00+00:00,41.4,16,970.7,3.58
Lahore,31.5497,74.3436,2026-06-10 14:00:00+00:00,40.3,15,970.9,2.16
Lahore,31.5497,74.3436,2026-06-10 15:00:00+00:00,39.1,18,971.0,1.35
Lahore,31.5497,74.3436,2026-06-10 16:00:00+00:00,37.7,21,971.4,1.25
Lahore,31.5497,74.3436,2026-06-10 17:00:00+00:00,37.1,30,971.6,0.11
Lahore,31.5497,74.3436,2026-06-10 18:00:00+00:00,35.7,26,971.6,0.6
Lahore,31.5497,74.3436,2026-06-10 19:00:00+00:00,35.2,29,971.1,0.14
Lahore,31.5497,74.3436,2026-06-10 20:00:00+00:00,33.2,29,970.8,1.36
Lahore,31.5497,74.3436,2026-06-10 21:00:00+00:00,32.3,33,970.8,0.9
Lahore,31.5497,74.3436,2026-06-10 22:00:00+00:00,31.2,35,970.6,0.98
Lahore,31.5497,74.3436,2026-06-10 23:00:00+00:00,30.6,36,971.0,3.02
Lahore,31.5497,74.3436,2026-06-11 00:00:00+00:00,32.0,42,970.8,2.89
Lahore,31.5497,74.3436,2026-06-11 01:00:00+00:00,31.7,44,971.2,2.7
Lahore,31.5497,74.3436,2026-06-11 02:00:00+00:00,32.8,46,971.6,2.3
Lahore,31.5497,74.3436,2026-06-11 03:00:00+00:00,35.1,43,972.0,2.61
Lahore,31.5497,74.3436,2026-06-11 04:00:00+00:00,37.4,37,972.8,2.31
Lahore,31.5497,74.3436,2026-06-11 05:00:00+00:00,39.4,32,972.8,2.82
Lahore,31.5497,74.3436,2026-06-11 06:00:00+00:00,41.4,22,972.7,2.71
Lahore,31.5497,74.3436,2026-06-11 07:00:00+00:00,42.7,19,972.4,2.45
Lahore,31.5497,74.3436,2026-06-11 08:00:00+00:00,42.2,18,972.0,3.28
Lahore,31.5497,74.3436,2026-06-11 09:00:00+00:00,42.1,17,971.6,3.94
Lahore,31.5497,74.3436,2026-06-11 10:00:00+00:00,42.1,15,971.7,3.29
Lahore,31.5497,74.3436,2026-06-11 11:00:00+00:00,41.7,17,971.7,2.37
Lahore,31.5497,74.3436,2026-06-11 12:00:00+00:00,40.7,18,970.7,3.59
Lahore,31.5497,74.3436,2026-06-11 13:00:00+00:00,38.7,23,971.3,4.5
Lahore,31.5497,74.3436,2026-06-11 14:00:00+00:00,35.9,35,972.5,6.3
Lahore,31.5497,74.3436,2026-06-11 15:00:00+00:00,33.1,45,973.7,5.99
Lahore,31.5497,74.3436,2026-06-11 16:00:00+00:00,30.4,56,974.9,4.2
Lahore,31.5497,74.3436,2026-06-11 17:00:00+00:00,30.5,59,975.0,3.75
Lahore,31.5497,74.3436,2026-06-11 18:00:00+00:00,27.0,69,974.0,3.01
Lahore,31.5497,74.3436,2026-06-11 19:00:00+00:00,26.7,69,974.3,4.09
Lahore,31.5497,74.3436,2026-06-11 20:00:00+00:00,26.3,70,974.9,3.46
Lahore,31.5497,74.3436,2026-06-11 21:00:00+00:00,25.7,72,974.9,3.62
Lahore,31.5497,74.3436,2026-06-11 22:00:00+00:00,25.7,72,975.4,3.27
Lahore,31.5497,74.3436,2026-06-11 23:00:00+00:00,25.7,71,976.0,3.1
Lahore,31.5497,74.3436,2026-06-12 00:00:00+00:00,25.8,70,976.8,4.01
Lahore,31.5497,74.3436,2026-06-12 01:00:00+00:00,25.5,74,977.8,3.05
Lahore,31.5497,74.3436,2026-06-12 02:00:00+00:00,26.5,71,978.5,3.53
Lahore,31.5497,74.3436,2026-06-12 03:00:00+00:00,27.9,68,979.2,3.87
Lahore,31.5497,74.3436,2026-06-12 04:00:00+00:00,29.7,61,979.8,4.48
Lahore,31.5497,74.3436,2026-06-12 05:00:00+00:00,31.8,53,979.3,5.34
Lahore,31.5497,74.3436,2026-06-12 06:00:00+00:00,33.1,47,980.5,4.72
Lahore,31.5497,74.3436,2026-06-12 07:00:00+00:00,33.7,45,981.2,3.72
Lahore,31.5497,74.3436,2026-06-12 08:00:00+00:00,32.3,47,980.4,6.35
Lahore,31.5497,74.3436,2026-06-12 09:00:00+00:00,31.3,50,979.4,3.96
Lahore,31.5497,74.3436,2026-06-12 10:00:00+00:00,32.6,46,979.7,3.83
Lahore,31.5497,74.3436,2026-06-12 11:00:00+00:00,32.3,47,979.3,4.27
Lahore,31.5497,74.3436,2026-06-12 12:00:00+00:00,33.3,46,977.8,4.31
Lahore,31.5497,74.3436,2026-06-12 13:00:00+00:00,32.3,51,977.5,2.93
Lahore,31.5497,74.3436,2026-06-12 14:00:00+00:00,31.0,57,978.2,2.46
Lahore,31.5497,74.3436,2026-06-12 15:00:00+00:00,30.4,58,978.5,2.53
Lahore,31.5497,74.3436,2026-06-12 16:00:00+00:00,29.9,60,979.2,2.56
Lahore,31.5497,74.3436,2026-06-12 17:00:00+00:00,29.4,61,979.8,2.72
Lahore,31.5497,74.3436,2026-06-12 18:00:00+00:00,23.9,83,981.7,3.39
Lahore,31.5497,74.3436,2026-06-12 19:00:00+00:00,24.2,84,978.8,3.7
Lahore,31.5497,74.3436,2026-06-12 20:00:00+00:00,24.5,83,977.4,2.26
Lahore,31.5497,74.3436,2026-06-12 21:00:00+00:00,24.8,81,979.7,1.65
Lahore,31.5497,74.3436,2026-06-12 22:00:00+00:00,21.4,94,980.4,2.7
Lahore,31.5497,74.3436,2026-06-12 23:00:00+00:00,22.0,97,980.8,1.06
Lahore,31.5497,74.3436,2026-06-13 00:00:00+00:00,21.9,86,979.7,5.24
Lahore,31.5497,74.3436,2026-06-13 01:00:00+00:00,22.1,89,979.8,3.1
Lahore,31.5497,74.3436,2026-06-13 02:00:00+00:00,22.8,91,980.4,2.95
Lahore,31.5497,74.3436,2026-06-13 03:00:00+00:00,23.3,92,980.9,3.73
Lahore,31.5497,74.3436,2026-06-13 04:00:00+00:00,25.2,83,981.1,4.06
Lahore,31.5497,74.3436,2026-06-13 05:00:00+00:00,27.2,75,981.4,2.15
Lahore,31.5497,74.3436,2026-06-13 06:00:00+00:00,28.6,64,982.6,3.07
Lahore,31.5497,74.3436,2026-06-13 07:00:00+00:00,29.0,61,982.5,3.41
Lahore,31.5497,74.3436,2026-06-13 08:00:00+00:00,29.9,59,981.9,2.9
Lahore,31.5497,74.3436,2026-06-13 09:00:00+00:00,30.2,58,981.3,3.41
Lahore,31.5497,74.3436,2026-06-13 10:00:00+00:00,30.2,58,980.6,3.3
Lahore,31.5497,74.3436,2026-06-13 11:00:00+00:00,30.4,56,979.9,3.13
Lahore,31.5497,74.3436,2026-06-13 12:00:00+00:00,30.1,56,980.0,3.98
Lahore,31.5497,74.3436,2026-06-13 13:00:00+00:00,28.4,64,979.5,2.88
Lahore,31.5497,74.3436,2026-06-13 14:00:00+00:00,27.0,71,979.7,1.53
Lahore,31.5497,74.3436,2026-06-13 15:00:00+00:00,26.2,76,979.5,1.41
Lahore,31.5497,74.3436,2026-06-13 16:00:00+00:00,25.6,79,979.4,1.15
Lahore,31.5497,74.3436,2026-06-13 17:00:00+00:00,25.5,80,979.2,0.39
Lahore,31.5497,74.3436,2026-06-13 18:00:00+00:00,25.6,75,979.1,2.04
Lahore,31.5497,74.3436,2026-06-13 19:00:00+00:00,24.9,77,978.9,1.0
Lahore,31.5497,74.3436,2026-06-13 20:00:00+00:00,24.7,78,978.9,0.57
Lahore,31.5497,74.3436,2026-06-13 21:00:00+00:00,24.3,80,978.4,0.87
Lahore,31.5497,74.3436,2026-06-13 22:00:00+00:00,23.9,82,978.2,0.96
Lahore,31.5497,74.3436,2026-06-13 23:00:00+00:00,23.6,82,978.0,1.21
Lahore,31.5497,74.3436,2026-06-14 00:00:00+00:00,24.5,85,978.4,0.71
Lahore,31.5497,74.3436,2026-06-14 01:00:00+00:00,25.0,81,978.7,1.07
Lahore,31.5497,74.3436,2026-06-14 02:00:00+00:00,26.7,75,978.9,0.43
Lahore,31.5497,74.3436,2026-06-14 03:00:00+00:00,28.7,60,979.2,1.03
Lahore,31.5497,74.3436,2026-06-14 04:00:00+00:00,30.2,51,979.3,1.63
Lahore,31.5497,74.3436,2026-06-14 05:00:00+00:00,31.2,48,979.3,1.22
Lahore,31.5497,74.3436,2026-06-14 06:00:00+00:00,32.4,44,979.1,0.78
Lahore,31.5497,74.3436,2026-06-14 07:00:00+00:00,33.1,44,978.8,0.27
Lahore,31.5497,74.3436,2026-06-14 08:00:00+00:00,33.7,43,978.0,0.22
Lahore,31.5497,74.3436,2026-06-14 09:00:00+00:00,34.0,42,977.2,0.52
Lahore,31.5497,74.3436,2026-06-14 10:00:00+00:00,34.3,40,976.7,0.61
Lahore,31.5497,74.3436,2026-06-14 11:00:00+00:00,34.3,38,976.1,0.59
Lahore,31.5497,74.3436,2026-06-14 12:00:00+00:00,33.9,35,975.5,0.98
Lahore,31.5497,74.3436,2026-06-14 13:00:00+00:00,31.8,52,975.3,0.78
Lahore,31.5497,74.3436,2026-06-14 14:00:00+00:00,30.4,56,975.0,0.05
Lahore,31.5497,74.3436,2026-06-14 15:00:00+00:00,29.7,57,975.0,0.95
Lahore,31.5497,74.3436,2026-06-14 16:00:00+00:00,29.4,56,975.6,0.74
Lahore,31.5497,74.3436,2026-06-14 17:00:00+00:00,28.9,57,975.9,0.75
Lahore,31.5497,74.3436,2026-06-14 18:00:00+00:00,29.2,60,975.8,1.3
Lahore,31.5497,74.3436,2026-06-14 19:00:00+00:00,28.7,61,975.4,1.31
Lahore,31.5497,74.3436,2026-06-14 20:00:00+00:00,28.5,61,975.2,0.85
Lahore,31.5497,74.3436,2026-06-14 21:00:00+00:00,28.2,63,975.4,0.25
Lahore,31.5497,74.3436,2026-06-14 22:00:00+00:00,28.0,63,975.5,0.0
Lahore,31.5497,74.3436,2026-06-14 23:00:00+00:00,27.2,64,975.6,0.58
Lahore,31.5497,74.3436,2026-06-15 00:00:00+00:00,27.3,67,976.0,1.68
Lahore,31.5497,74.3436,2026-06-15 01:00:00+00:00,27.3,68,976.4,1.75
Lahore,31.5497,74.3436,2026-06-15 02:00:00+00:00,29.0,65,977.2,1.36
Lahore,31.5497,74.3436,2026-06-15 03:00:00+00:00,28.3,64,978.5,4.62
Lahore,31.5497,74.3436,2026-06-15 04:00:00+00:00,29.2,60,979.6,2.2
Lahore,31.5497,74.3436,2026-06-15 05:00:00+00:00,30.9,55,980.0,2.53
Lahore,31.5497,74.3436,2026-06-15 06:00:00+00:00,32.8,50,979.0,1.22
Lahore,31.5497,74.3436,2026-06-15 07:00:00+00:00,33.1,47,978.7,1.25
Lahore,31.5497,74.3436,2026-06-15 08:00:00+00:00,33.3,46,978.0,1.16
Lahore,31.5497,74.3436,2026-06-15 09:00:00+00:00,34.4,44,977.6,1.33
Lahore,31.5497,74.3436,2026-06-15 10:00:00+00:00,34.4,42,977.3,1.1
Lahore,31.5497,74.3436,2026-06-15 11:00:00+00:00,34.6,40,976.8,0.72
Lahore,31.5497,74.3436,2026-06-15 12:00:00+00:00,34.8,38,976.2,0.46
Lahore,31.5497,74.3436,2026-06-15 13:00:00+00:00,33.6,54,976.4,0.25
Lahore,31.5497,74.3436,2026-06-15 14:00:00+00:00,31.5,61,976.6,1.23
Lahore,31.5497,74.3436,2026-06-15 15:00:00+00:00,30.2,63,976.6,1.66
Lahore,31.5497,74.3436,2026-06-15 16:00:00+00:00,29.3,63,977.2,1.74
Lahore,31.5497,74.3436,2026-06-15 17:00:00+00:00,28.5,64,977.6,1.61
Lahore,31.5497,74.3436,2026-06-15 18:00:00+00:00,29.0,65,978.0,1.45
Lahore,31.5497,74.3436,2026-06-15 19:00:00+00:00,28.0,68,977.3,1.26
Lahore,31.5497,74.3436,2026-06-15 20:00:00+00:00,27.4,70,977.1,1.25
Lahore,31.5497,74.3436,2026-06-15 21:00:00+00:00,27.1,71,977.0,1.31
Lahore,31.5497,74.3436,2026-06-15 22:00:00+00:00,26.7,73,977.3,1.31
Lahore,31.5497,74.3436,2026-06-15 23:00:00+00:00,26.3,75,977.9,1.23
Lahore,31.5497,74.3436,2026-06-16 00:00:00+00:00,26.8,79,978.3,1.78
Lahore,31.5497,74.3436,2026-06-16 01:00:00+00:00,26.0,71,979.6,3.4
Lahore,31.5497,74.3436,2026-06-16 02:00:00+00:00,24.9,80,980.3,1.25
Lahore,31.5497,74.3436,2026-06-16 03:00:00+00:00,24.9,90,979.9,2.28
Lahore,31.5497,74.3436,2026-06-16 04:00:00+00:00,25.6,85,980.1,3.15
Lahore,31.5497,74.3436,2026-06-16 05:00:00+00:00,28.1,71,980.5,2.7
Lahore,31.5497,74.3436,2026-06-16 06:00:00+00:00,29.8,56,981.2,3.3
Lahore,31.5497,74.3436,2026-06-16 07:00:00+00:00,30.6,53,981.3,1.59
Lahore,31.5497,74.3436,2026-06-16 08:00:00+00:00,31.8,52,980.4,1.67
Lahore,31.5497,74.3436,2026-06-16 09:00:00+00:00,32.4,52,979.2,1.27
Lahore,31.5497,74.3436,2026-06-16 10:00:00+00:00,33.1,51,978.9,0.34
Lahore,31.5497,74.3436,2026-06-16 11:00:00+00:00,33.1,50,978.7,1.03
Lahore,31.5497,74.3436,2026-06-16 12:00:00+00:00,32.9,43,977.7,1.03
Lahore,31.5497,74.3436,2026-06-16 13:00:00+00:00,32.5,46,977.9,0.3
Lahore,31.5497,74.3436,2026-06-16 14:00:00+00:00,31.2,62,978.2,0.11
Lahore,31.5497,74.3436,2026-06-16 15:00:00+00:00,30.7,63,978.3,0.71
Lahore,31.5497,74.3436,2026-06-16 16:00:00+00:00,29.8,64,978.9,1.37
Lahore,31.5497,74.3436,2026-06-16 17:00:00+00:00,29.1,67,979.1,1.35
Lahore,31.5497,74.3436,2026-06-16 18:00:00+00:00,29.4,69,979.2,1.3
Lahore,31.5497,74.3436,2026-06-16 19:00:00+00:00,29.0,72,978.7,0.83
Lahore,31.5497,74.3436,2026-06-16 20:00:00+00:00,28.5,73,978.6,0.2
Lahore,31.5497,74.3436,2026-06-16 21:00:00+00:00,27.3,80,978.7,0.96
Lahore,31.5497,74.3436,2026-06-16 22:00:00+00:00,26.8,82,979.0,1.11
Lahore,31.5497,74.3436,2026-06-16 23:00:00+00:00,26.4,84,979.2,0.96
Lahore,31.5497,74.3436,2026-06-17 00:00:00+00:00,26.8,86,979.2,0.93
Lahore,31.5497,74.3436,2026-06-17 01:00:00+00:00,27.0,85,979.6,0.93
Lahore,31.5497,74.3436,2026-06-17 02:00:00+00:00,28.2,81,980.1,0.9
Lahore,31.5497,74.3436,2026-06-17 03:00:00+00:00,30.0,72,980.6,0.86
Lahore,31.5497,74.3436,2026-06-17 04:00:00+00:00,31.5,64,980.8,1.37
Lahore,31.5497,74.3436,2026-06-17 05:00:00+00:00,32.8,57,980.6,1.41
Lahore,31.5497,74.3436,2026-06-17 06:00:00+00:00,34.0,44,980.8,0.92
Lahore,31.5497,74.3436,2026-06-17 07:00:00+00:00,34.6,40,980.4,1.03
Lahore,31.5497,74.3436,2026-06-17 08:00:00+00:00,34.8,39,979.7,0.81
Lahore,31.5497,74.3436,2026-06-17 09:00:00+00:00,35.0,38,978.9,0.45
Lahore,31.5497,74.3436,2026-06-17 10:00:00+00:00,35.0,38,978.5,0.74
Lahore,31.5497,74.3436,2026-06-17 11:00:00+00:00,34.9,39,977.8,0.65
Lahore,31.5497,74.3436,2026-06-17 12:00:00+00:00,35.8,37,976.6,0.61
Lahore,31.5497,74.3436,2026-06-17 13:00:00+00:00,35.0,42,976.6,1.19
Lahore,31.5497,74.3436,2026-06-17 14:00:00+00:00,33.0,56,977.0,0.78
Lahore,31.5497,74.3436,2026-06-17 15:00:00+00:00,32.2,64,977.3,0.18
Lahore,31.5497,74.3436,2026-06-17 16:00:00+00:00,31.4,68,977.6,0.65
Lahore,31.5497,74.3436,2026-06-17 17:00:00+00:00,30.7,70,977.7,0.8
Lahore,31.5497,74.3436,2026-06-17 18:00:00+00:00,30.5,64,978.8,1.35
Lahore,31.5497,74.3436,2026-06-17 19:00:00+00:00,29.6,67,978.1,1.24
Lahore,31.5497,74.3436,2026-06-17 20:00:00+00:00,29.1,68,977.7,1.17
Lahore,31.5497,74.3436,2026-06-17 21:00:00+00:00,28.6,68,977.3,1.14
Lahore,31.5497,74.3436,2026-06-17 22:00:00+00:00,28.0,69,977.4,1.21
Lahore,31.5497,74.3436,2026-06-17 23:00:00+00:00,27.5,71,977.7,1.25
Lahore,31.5497,74.3436,2026-06-18 00:00:00+00:00,27.3,73,978.1,1.34
Lahore,31.5497,74.3436,2026-06-18 01:00:00+00:00,27.5,72,978.5,1.24
Lahore,31.5497,74.3436,2026-06-18 02:00:00+00:00,28.8,69,978.9,0.87
Lahore,31.5497,74.3436,2026-06-18 03:00:00+00:00,30.6,61,979.4,1.05
Lahore,31.5497,74.3436,2026-06-18 04:00:00+00:00,32.2,56,979.5,0.91
Lahore,31.5497,74.3436,2026-06-18 05:00:00+00:00,33.8,50,979.6,0.81
Lahore,31.5497,74.3436,2026-06-18 06:00:00+00:00,35.0,42,979.7,0.56
Lahore,31.5497,74.3436,2026-06-18 07:00:00+00:00,35.8,41,979.3,0.32
Lahore,31.5497,74.3436,2026-06-18 08:00:00+00:00,36.5,37,978.4,0.2
Lahore,31.5497,74.3436,2026-06-18 09:00:00+00:00,36.8,35,977.8,0.27
Lahore,31.5497,74.3436,2026-06-18 10:00:00+00:00,36.6,35,977.2,0.55
Lahore,31.5497,74.3436,2026-06-18 11:00:00+00:00,36.5,33,977.0,2.13
Lahore,31.5497,74.3436,2026-06-18 12:00:00+00:00,37.0,33,975.6,1.31
Lahore,31.5497,74.3436,2026-06-18 13:00:00+00:00,35.7,41,975.4,1.41
Lahore,31.5497,74.3436,2026-06-18 14:00:00+00:00,34.0,45,976.0,1.35
Lahore,31.5497,74.3436,2026-06-18 15:00:00+00:00,33.0,44,976.5,1.59
Lahore,31.5497,74.3436,2026-06-18 16:00:00+00:00,31.8,52,977.0,1.24
Lahore,31.5497,74.3436,2026-06-18 17:00:00+00:00,31.2,58,977.2,1.03
Lahore,31.5497,74.3436,2026-06-18 18:00:00+00:00,30.2,55,978.1,3.58
Lahore,31.5497,74.3436,2026-06-18 19:00:00+00:00,28.9,59,977.2,1.46
Lahore,31.5497,74.3436,2026-06-18 20:00:00+00:00,28.2,65,976.9,0.99
Lahore,31.5497,74.3436,2026-06-18 21:00:00+00:00,28.2,62,976.6,1.4
Lahore,31.5497,74.3436,2026-06-18 22:00:00+00:00,27.8,65,977.0,1.2
Lahore,31.5497,74.3436,2026-06-18 23:00:00+00:00,27.1,70,977.7,0.96
Lahore,31.5497,74.3436,2026-06-19 00:00:00+00:00,26.9,70,977.4,2.77
Lahore,31.5497,74.3436,2026-06-19 01:00:00+00:00,26.9,71,977.7,1.69
Lahore,31.5497,74.3436,2026-06-19 02:00:00+00:00,27.0,70,978.7,4.12
Lahore,31.5497,74.3436,2026-06-19 03:00:00+00:00,25.8,77,979.4,1.61
Lahore,31.5497,74.3436,2026-06-19 04:00:00+00:00,27.7,72,979.4,1.32
Lahore,31.5497,74.3436,2026-06-19 05:00:00+00:00,31.4,52,980.0,1.6
Lahore,31.5497,74.3436,2026-06-19 06:00:00+00:00,32.4,47,979.9,1.21
Lahore,31.5497,74.3436,2026-06-19 07:00:00+00:00,33.5,44,979.6,1.27
Lahore,31.5497,74.3436,2026-06-19 08:00:00+00:00,34.4,42,979.4,0.87
Lahore,31.5497,74.3436,2026-06-19 09:00:00+00:00,35.1,40,978.8,0.59
Lahore,31.5497,74.3436,2026-06-19 10:00:00+00:00,34.7,39,978.6,1.08
Lahore,31.5497,74.3436,2026-06-19 11:00:00+00:00,33.8,42,978.0,1.62
Lahore,31.5497,74.3436,2026-06-19 12:00:00+00:00,31.6,51,978.3,1.38
Lahore,31.5497,74.3436,2026-06-19 13:00:00+00:00,32.6,48,978.4,1.31
Lahore,31.5497,74.3436,2026-06-19 14:00:00+00:00,31.8,51,978.4,1.03
Lahore,31.5497,74.3436,2026-06-19 15:00:00+00:00,30.9,57,978.5,0.96
Lahore,31.5497,74.3436,2026-06-19 16:00:00+00:00,30.4,63,979.0,0.45
Lahore,31.5497,74.3436,2026-06-19 17:00:00+00:00,29.9,65,979.0,0.36
Lahore,31.5497,74.3436,2026-06-19 18:00:00+00:00,31.1,56,979.2,1.2
Lahore,31.5497,74.3436,2026-06-19 19:00:00+00:00,30.0,59,978.8,1.48
Lahore,31.5497,74.3436,2026-06-19 20:00:00+00:00,29.1,62,978.5,1.68
Lahore,31.5497,74.3436,2026-06-19 21:00:00+00:00,28.5,64,978.5,1.72
Lahore,31.5497,74.3436,2026-06-19 22:00:00+00:00,27.9,67,978.1,1.36
Lahore,31.5497,74.3436,2026-06-19 23:00:00+00:00,27.5,70,978.3,0.87
Lahore,31.5497,74.3436,2026-06-20 00:00:00+00:00,27.2,79,978.1,0.36
Lahore,31.5497,74.3436,2026-06-20 01:00:00+00:00,27.4,80,978.5,0.36
Lahore,31.5497,74.3436,2026-06-20 02:00:00+00:00,29.5,65,979.1,0.6
Lahore,31.5497,74.3436,2026-06-20 03:00:00+00:00,31.7,52,979.8,0.73
Lahore,31.5497,74.3436,2026-06-20 04:00:00+00:00,33.6,44,980.0,0.81
Lahore,31.5497,74.3436,2026-06-20 05:00:00+00:00,35.1,39,979.9,1.19
Lahore,31.5497,74.3436,2026-06-20 06:00:00+00:00,36.1,34,980.2,1.55
Lahore,31.5497,74.3436,2026-06-20 07:00:00+00:00,36.7,33,979.7,1.57
Lahore,31.5497,74.3436,2026-06-20 08:00:00+00:00,37.4,30,979.0,1.55
Lahore,31.5497,74.3436,2026-06-20 09:00:00+00:00,37.8,29,978.5,1.77
Lahore,31.5497,74.3436,2026-06-20 10:00:00+00:00,37.1,29,977.8,2.22
Lahore,31.5497,74.3436,2026-06-20 11:00:00+00:00,37.4,28,977.4,1.91
Lahore,31.5497,74.3436,2026-06-20 12:00:00+00:00,38.0,26,976.8,2.28
Lahore,31.5497,74.3436,2026-06-20 13:00:00+00:00,37.0,27,976.7,2.06
Lahore,31.5497,74.3436,2026-06-20 14:00:00+00:00,35.8,31,977.1,1.57
Lahore,31.5497,74.3436,2026-06-20 15:00:00+00:00,34.7,33,977.3,2.13
Lahore,31.5497,74.3436,2026-06-20 16:00:00+00:00,33.7,36,977.8,2.14
Lahore,31.5497,74.3436,2026-06-20 17:00:00+00:00,33.1,38,977.6,1.91
Lahore,31.5497,74.3436,2026-06-20 18:00:00+00:00,33.2,40,977.8,1.97
Lahore,31.5497,74.3436,2026-06-20 19:00:00+00:00,32.4,43,977.3,1.96
Lahore,31.5497,74.3436,2026-06-20 20:00:00+00:00,31.4,49,977.1,2.2
Lahore,31.5497,74.3436,2026-06-20 21:00:00+00:00,30.8,54,976.7,2.01
Lahore,31.5497,74.3436,2026-06-20 22:00:00+00:00,30.2,57,976.5,1.62
Lahore,31.5497,74.3436,2026-06-20 23:00:00+00:00,29.7,59,976.7,1.25
Lahore,31.5497,74.3436,2026-06-21 00:00:00+00:00,30.0,65,976.8,0.9
Lahore,31.5497,74.3436,2026-06-21 01:00:00+00:00,30.2,62,977.1,0.98
Lahore,31.5497,74.3436,2026-06-21 02:00:00+00:00,31.3,58,977.6,0.1
Lahore,31.5497,74.3436,2026-06-21 03:00:00+00:00,33.3,51,978.0,0.5
Lahore,31.5497,74.3436,2026-06-21 04:00:00+00:00,34.9,42,977.9,1.12
Lahore,31.5497,74.3436,2026-06-21 05:00:00+00:00,35.5,38,978.2,2.93
Lahore,31.5497,74.3436,2026-06-21 06:00:00+00:00,37.0,29,977.5,2.67
Lahore,31.5497,74.3436,2026-06-21 07:00:00+00:00,37.4,29,977.2,2.36
Lahore,31.5497,74.3436,2026-06-21 08:00:00+00:00,37.6,28,976.8,2.97
Lahore,31.5497,74.3436,2026-06-21 09:00:00+00:00,37.1,29,976.1,2.15
Lahore,31.5497,74.3436,2026-06-21 10:00:00+00:00,37.6,28,975.8,1.95
Lahore,31.5497,74.3436,2026-06-21 11:00:00+00:00,37.7,27,975.8,2.3
Lahore,31.5497,74.3436,2026-06-21 12:00:00+00:00,35.1,33,975.1,4.94
Lahore,31.5497,74.3436,2026-06-21 13:00:00+00:00,32.6,44,975.4,2.02
Lahore,31.5497,74.3436,2026-06-21 14:00:00+00:00,32.1,47,975.8,2.0
Lahore,31.5497,74.3436,2026-06-21 15:00:00+00:00,31.5,52,976.0,0.53
Lahore,31.5497,74.3436,2026-06-21 16:00:00+00:00,30.9,56,976.3,1.07
Lahore,31.5497,74.3436,2026-06-21 17:00:00+00:00,30.2,59,976.5,1.33
Lahore,31.5497,74.3436,2026-06-21 18:00:00+00:00,27.1,62,977.2,2.8
Lahore,31.5497,74.3436,2026-06-21 19:00:00+00:00,27.0,64,976.7,2.3
Lahore,31.5497,74.3436,2026-06-21 20:00:00+00:00,27.0,63,976.3,2.2
Lahore,31.5497,74.3436,2026-06-21 21:00:00+00:00,27.2,68,976.1,0.86
Lahore,31.5497,74.3436,2026-06-21 22:00:00+00:00,26.8,65,976.6,2.82
Lahore,31.5497,74.3436,2026-06-21 23:00:00+00:00,26.3,64,976.8,2.48
Lahore,31.5497,74.3436,2026-06-22 00:00:00+00:00,26.6,69,977.6,1.21
Lahore,31.5497,74.3436,2026-06-22 01:00:00+00:00,26.2,70,978.0,1.0
Lahore,31.5497,74.3436,2026-06-22 02:00:00+00:00,26.9,67,979.1,1.14
Lahore,31.5497,74.3436,2026-06-22 03:00:00+00:00,28.6,60,979.4,1.47
Lahore,31.5497,74.3436,2026-06-22 04:00:00+00:00,30.2,54,979.8,1.68
Lahore,31.5497,74.3436,2026-06-22 05:00:00+00:00,31.6,49,979.9,1.15
Lahore,31.5497,74.3436,2026-06-22 06:00:00+00:00,33.6,43,979.7,0.99
Lahore,31.5497,74.3436,2026-06-22 07:00:00+00:00,34.8,40,979.4,0.57
Lahore,31.5497,74.3436,2026-06-22 08:00:00+00:00,34.5,40,979.0,2.13
Lahore,31.5497,74.3436,2026-06-22 09:00:00+00:00,32.8,45,978.1,2.48
Lahore,31.5497,74.3436,2026-06-22 10:00:00+00:00,32.7,46,977.9,2.23
Lahore,31.5497,74.3436,2026-06-22 11:00:00+00:00,32.9,47,977.2,1.17
Lahore,31.5497,74.3436,2026-06-22 12:00:00+00:00,35.3,35,976.1,2.56
Lahore,31.5497,74.3436,2026-06-22 13:00:00+00:00,34.6,37,976.1,1.95
Lahore,31.5497,74.3436,2026-06-22 14:00:00+00:00,34.1,38,976.5,1.25
Lahore,31.5497,74.3436,2026-06-22 15:00:00+00:00,33.4,40,976.6,1.66
Lahore,31.5497,74.3436,2026-06-22 16:00:00+00:00,32.8,44,976.9,0.76
Lahore,31.5497,74.3436,2026-06-22 17:00:00+00:00,32.1,47,977.0,0.68
Lahore,31.5497,74.3436,2026-06-22 18:00:00+00:00,32.2,47,976.7,0.96
Lahore,31.5497,74.3436,2026-06-22 19:00:00+00:00,31.3,54,976.3,0.36
Lahore,31.5497,74.3436,2026-06-22 20:00:00+00:00,30.8,55,976.2,0.38
Lahore,31.5497,74.3436,2026-06-22 21:00:00+00:00,30.2,57,976.1,0.32
Lahore,31.5497,74.3436,2026-06-22 22:00:00+00:00,29.5,61,976.0,0.22
Lahore,31.5497,74.3436,2026-06-22 23:00:00+00:00,29.2,66,975.9,0.0
Lahore,31.5497,74.3436,2026-06-23 00:00:00+00:00,29.7,60,975.8,0.36
Lahore,31.5497,74.3436,2026-06-23 01:00:00+00:00,29.6,60,975.9,1.17
Lahore,31.5497,74.3436,2026-06-23 02:00:00+00:00,31.0,55,976.3,0.79
Lahore,31.5497,74.3436,2026-06-23 03:00:00+00:00,33.1,45,976.7,1.26
Lahore,31.5497,74.3436,2026-06-23 04:00:00+00:00,34.6,39,976.7,1.74
Lahore,31.5497,74.3436,2026-06-23 05:00:00+00:00,34.8,39,976.7,2.36
Lahore,31.5497,74.3436,2026-06-23 06:00:00+00:00,33.2,45,977.0,1.35
Lahore,31.5497,74.3436,2026-06-23 07:00:00+00:00,35.9,35,976.3,1.79
Lahore,31.5497,74.3436,2026-06-23 08:00:00+00:00,37.2,30,975.4,1.42
Lahore,31.5497,74.3436,2026-06-23 09:00:00+00:00,37.8,29,974.5,1.93
Lahore,31.5497,74.3436,2026-06-23 10:00:00+00:00,38.0,28,973.8,2.18
Lahore,31.5497,74.3436,2026-06-23 11:00:00+00:00,37.8,28,973.3,2.76
Lahore,31.5497,74.3436,2026-06-23 12:00:00+00:00,37.2,30,972.6,2.49
Lahore,31.5497,74.3436,2026-06-23 13:00:00+00:00,36.5,32,972.7,2.5
Lahore,31.5497,74.3436,2026-06-23 14:00:00+00:00,35.6,34,973.0,2.61
Lahore,31.5497,74.3436,2026-06-23 15:00:00+00:00,35.1,35,973.3,2.38
Lahore,31.5497,74.3436,2026-06-23 16:00:00+00:00,34.5,36,973.7,1.5
Lahore,31.5497,74.3436,2026-06-23 17:00:00+00:00,33.6,40,974.1,0.87
Lahore,31.5497,74.3436,2026-06-23 18:00:00+00:00,34.2,40,974.0,1.1
Lahore,31.5497,74.3436,2026-06-23 19:00:00+00:00,32.5,49,974.3,2.16
Lahore,31.5497,74.3436,2026-06-23 20:00:00+00:00,31.7,52,974.3,1.6
Lahore,31.5497,74.3436,2026-06-23 21:00:00+00:00,31.1,55,974.3,1.32
Lahore,31.5497,74.3436,2026-06-23 22:00:00+00:00,29.4,56,975.2,3.22
Lahore,31.5497,74.3436,2026-06-23 23:00:00+00:00,28.2,63,975.3,2.29
Lahore,31.5497,74.3436,2026-06-24 00:00:00+00:00,30.7,62,974.7,0.32
Lahore,31.5497,74.3436,2026-06-24 01:00:00+00:00,29.2,59,975.7,3.44
Lahore,31.5497,74.3436,2026-06-24 02:00:00+00:00,30.2,56,975.6,0.71
Lahore,31.5497,74.3436,2026-06-24 03:00:00+00:00,32.3,50,976.2,2.06
Lahore,31.5497,74.3436,2026-06-24 04:00:00+00:00,34.5,42,976.6,2.15
Lahore,31.5497,74.3436,2026-06-24 05:00:00+00:00,36.3,35,976.7,1.87
Lahore,31.5497,74.3436,2026-06-24 06:00:00+00:00,37.8,27,976.2,1.7
Lahore,31.5497,74.3436,2026-06-24 07:00:00+00:00,38.8,26,975.7,1.35
Lahore,31.5497,74.3436,2026-06-24 08:00:00+00:00,39.2,25,975.0,1.23
Lahore,31.5497,74.3436,2026-06-24 09:00:00+00:00,39.4,26,974.3,1.56
Lahore,31.5497,74.3436,2026-06-24 10:00:00+00:00,39.5,26,973.9,1.85
Lahore,31.5497,74.3436,2026-06-24 11:00:00+00:00,38.8,28,973.5,1.82
Lahore,31.5497,74.3436,2026-06-24 12:00:00+00:00,37.2,33,973.0,2.35
Lahore,31.5497,74.3436,2026-06-24 13:00:00+00:00,36.7,33,973.3,2.76
Lahore,31.5497,74.3436,2026-06-24 14:00:00+00:00,35.4,37,973.3,3.51
Lahore,31.5497,74.3436,2026-06-24 15:00:00+00:00,33.8,44,973.7,2.89
Lahore,31.5497,74.3436,2026-06-24 16:00:00+00:00,32.9,47,974.6,2.86
Lahore,31.5497,74.3436,2026-06-24 17:00:00+00:00,32.4,48,975.3,2.93
Lahore,31.5497,74.3436,2026-06-24 18:00:00+00:00,32.1,51,975.5,2.8
Lahore,31.5497,74.3436,2026-06-24 19:00:00+00:00,31.2,55,975.5,2.76
Lahore,31.5497,74.3436,2026-06-24 20:00:00+00:00,30.8,57,975.5,2.97
Lahore,31.5497,74.3436,2026-06-24 21:00:00+00:00,30.3,58,975.4,2.83
Lahore,31.5497,74.3436,2026-06-24 22:00:00+00:00,29.8,60,975.1,2.69
Lahore,31.5497,74.3436,2026-06-24 23:00:00+00:00,29.4,63,975.7,2.15
Lahore,31.5497,74.3436,2026-06-25 00:00:00+00:00,24.5,94,978.3,5.15
Lahore,31.5497,74.3436,2026-06-25 01:00:00+00:00,24.3,94,978.5,4.6
Lahore,31.5497,74.3436,2026-06-25 02:00:00+00:00,24.7,92,978.9,4.18
Lahore,31.5497,74.3436,2026-06-25 03:00:00+00:00,25.6,84,979.5,3.78
Lahore,31.5497,74.3436,2026-06-25 04:00:00+00:00,26.4,78,980.1,3.36
Lahore,31.5497,74.3436,2026-06-25 05:00:00+00:00,26.9,76,979.9,3.17
Lahore,31.5497,74.3436,2026-06-25 06:00:00+00:00,28.4,66,979.9,3.4
Lahore,31.5497,74.3436,2026-06-25 07:00:00+00:00,27.4,72,979.3,2.97
Lahore,31.5497,74.3436,2026-06-25 08:00:00+00:00,28.4,69,978.8,2.62
Lahore,31.5497,74.3436,2026-06-25 09:00:00+00:00,29.5,67,978.1,1.88
Lahore,31.5497,74.3436,2026-06-25 10:00:00+00:00,30.1,66,977.4,1.36
Lahore,31.5497,74.3436,2026-06-25 11:00:00+00:00,30.4,65,976.6,1.62
Lahore,31.5497,74.3436,2026-06-25 12:00:00+00:00,32.2,54,976.3,0.9
Lahore,31.5497,74.3436,2026-06-25 13:00:00+00:00,32.0,56,976.5,0.89
Lahore,31.5497,74.3436,2026-06-25 14:00:00+00:00,30.9,65,976.7,0.9
Lahore,31.5497,74.3436,2026-06-25 15:00:00+00:00,30.2,68,976.7,1.12
Lahore,31.5497,74.3436,2026-06-25 16:00:00+00:00,29.8,71,977.1,0.74
Lahore,31.5497,74.3436,2026-06-25 17:00:00+00:00,28.9,74,977.3,1.19
Lahore,31.5497,74.3436,2026-06-25 18:00:00+00:00,29.5,72,977.2,1.72
Lahore,31.5497,74.3436,2026-06-25 19:00:00+00:00,28.9,74,977.0,1.16
Lahore,31.5497,74.3436,2026-06-25 20:00:00+00:00,28.6,75,977.1,1.08
Lahore,31.5497,74.3436,2026-06-25 21:00:00+00:00,28.3,76,977.0,1.28
Lahore,31.5497,74.3436,2026-06-25 22:00:00+00:00,28.0,79,977.0,0.96
Lahore,31.5497,74.3436,2026-06-25 23:00:00+00:00,27.7,81,977.6,0.85
Lahore,31.5497,74.3436,2026-06-26 00:00:00+00:00,28.1,78,977.8,1.22
Lahore,31.5497,74.3436,2026-06-26 01:00:00+00:00,28.3,77,978.2,0.36
Lahore,31.5497,74.3436,2026-06-26 02:00:00+00:00,29.1,75,979.0,0.82
Lahore,31.5497,74.3436,2026-06-26 03:00:00+00:00,30.4,68,979.6,1.26
Lahore,31.5497,74.3436,2026-06-26 04:00:00+00:00,31.8,64,979.6,1.26
Lahore,31.5497,74.3436,2026-06-26 05:00:00+00:00,32.8,60,979.6,0.97
Lahore,31.5497,74.3436,2026-06-26 06:00:00+00:00,33.6,55,979.8,0.62
Lahore,31.5497,74.3436,2026-06-26 07:00:00+00:00,34.7,52,979.3,1.29
Lahore,31.5497,74.3436,2026-06-26 08:00:00+00:00,35.3,49,978.6,2.44
Lahore,31.5497,74.3436,2026-06-26 09:00:00+00:00,35.2,48,977.9,2.7
Lahore,31.5497,74.3436,2026-06-26 10:00:00+00:00,35.0,49,977.2,2.15
Lahore,31.5497,74.3436,2026-06-26 11:00:00+00:00,35.0,49,976.7,1.88
Lahore,31.5497,74.3436,2026-06-26 12:00:00+00:00,35.8,41,975.9,0.58
Lahore,31.5497,74.3436,2026-06-26 13:00:00+00:00,34.5,56,976.1,0.36
Lahore,31.5497,74.3436,2026-06-26 14:00:00+00:00,32.9,61,976.4,0.11
Lahore,31.5497,74.3436,2026-06-26 15:00:00+00:00,31.7,69,976.8,0.34
Lahore,31.5497,74.3436,2026-06-26 16:00:00+00:00,31.3,73,977.1,0.32
Lahore,31.5497,74.3436,2026-06-26 17:00:00+00:00,30.9,74,977.5,0.53
Lahore,31.5497,74.3436,2026-06-26 18:00:00+00:00,31.7,72,977.5,0.29
Lahore,31.5497,74.3436,2026-06-26 19:00:00+00:00,30.8,73,977.3,0.34
Lahore,31.5497,74.3436,2026-06-26 20:00:00+00:00,29.8,79,977.1,1.0
Lahore,31.5497,74.3436,2026-06-26 21:00:00+00:00,29.7,80,976.9,0.79
Lahore,31.5497,74.3436,2026-06-26 22:00:00+00:00,29.5,80,977.1,0.6
Lahore,31.5497,74.3436,2026-06-26 23:00:00+00:00,29.0,82,977.2,0.7
Lahore,31.5497,74.3436,2026-06-27 00:00:00+00:00,29.2,86,977.0,0.14
Lahore,31.5497,74.3436,2026-06-27 01:00:00+00:00,29.1,86,977.5,1.17
Lahore,31.5497,74.3436,2026-06-27 02:00:00+00:00,30.6,78,977.9,1.27
Lahore,31.5497,74.3436,2026-06-27 03:00:00+00:00,32.4,67,978.4,1.48
Lahore,31.5497,74.3436,2026-06-27 04:00:00+00:00,34.1,57,978.4,1.64
Lahore,31.5497,74.3436,2026-06-27 05:00:00+00:00,35.4,50,978.4,1.5
Lahore,31.5497,74.3436,2026-06-27 06:00:00+00:00,36.3,47,978.4,1.46
Lahore,31.5497,74.3436,2026-06-27 07:00:00+00:00,36.8,45,977.9,1.3
Lahore,31.5497,74.3436,2026-06-27 08:00:00+00:00,37.3,43,977.2,1.27
Lahore,31.5497,74.3436,2026-06-27 09:00:00+00:00,37.6,42,976.4,1.15
Lahore,31.5497,74.3436,2026-06-27 10:00:00+00:00,37.7,41,975.7,1.29
Lahore,31.5497,74.3436,2026-06-27 11:00:00+00:00,37.5,41,974.7,1.1
Lahore,31.5497,74.3436,2026-06-27 12:00:00+00:00,37.4,41,973.9,2.05
Lahore,31.5497,74.3436,2026-06-27 13:00:00+00:00,36.1,51,973.8,1.9
Lahore,31.5497,74.3436,2026-06-27 14:00:00+00:00,34.5,58,973.8,1.22
Lahore,31.5497,74.3436,2026-06-27 15:00:00+00:00,33.5,62,973.7,1.03
Lahore,31.5497,74.3436,2026-06-27 16:00:00+00:00,33.3,59,974.1,1.17
Lahore,31.5497,74.3436,2026-06-27 17:00:00+00:00,32.5,61,974.4,1.29
Lahore,31.5497,74.3436,2026-06-27 18:00:00+00:00,33.0,61,974.2,1.68
Lahore,31.5497,74.3436,2026-06-27 19:00:00+00:00,32.3,63,974.2,1.46
Lahore,31.5497,74.3436,2026-06-27 20:00:00+00:00,31.9,63,974.2,1.43
Lahore,31.5497,74.3436,2026-06-27 21:00:00+00:00,31.5,64,974.1,1.48
Lahore,31.5497,74.3436,2026-06-27 22:00:00+00:00,31.1,64,974.0,1.6
Lahore,31.5497,74.3436,2026-06-27 23:00:00+00:00,27.5,79,975.3,5.06
Lahore,31.5497,74.3436,2026-06-28 00:00:00+00:00,31.5,66,973.3,1.88
Lahore,31.5497,74.3436,2026-06-28 01:00:00+00:00,26.8,80,975.2,6.79
Lahore,31.5497,74.3436,2026-06-28 02:00:00+00:00,26.8,88,974.8,2.21
Lahore,31.5497,74.3436,2026-06-28 03:00:00+00:00,29.9,77,975.6,2.04
Lahore,31.5497,74.3436,2026-06-28 04:00:00+00:00,32.3,67,975.6,2.52
Lahore,31.5497,74.3436,2026-06-28 05:00:00+00:00,34.3,59,975.8,2.64
Lahore,31.5497,74.3436,2026-06-28 06:00:00+00:00,35.9,53,975.7,2.44
Lahore,31.5497,74.3436,2026-06-28 07:00:00+00:00,37.4,45,975.1,2.16
Lahore,31.5497,74.3436,2026-06-28 08:00:00+00:00,38.4,42,974.5,1.82
Lahore,31.5497,74.3436,2026-06-28 09:00:00+00:00,38.9,39,973.5,1.75
Lahore,31.5497,74.3436,2026-06-28 10:00:00+00:00,39.2,37,972.7,1.89
Lahore,31.5497,74.3436,2026-06-28 11:00:00+00:00,39.1,37,972.2,2.03
Lahore,31.5497,74.3436,2026-06-28 12:00:00+00:00,38.3,41,971.8,2.14
Lahore,31.5497,74.3436,2026-06-28 13:00:00+00:00,37.2,48,971.5,1.36
Lahore,31.5497,74.3436,2026-06-28 14:00:00+00:00,35.9,56,971.5,0.85
Lahore,31.5497,74.3436,2026-06-28 15:00:00+00:00,34.9,58,971.6,1.24
Lahore,31.5497,74.3436,2026-06-28 16:00:00+00:00,34.2,59,972.1,1.4
Lahore,31.5497,74.3436,2026-06-28 17:00:00+00:00,33.5,62,972.2,1.4
Lahore,31.5497,74.3436,2026-06-28 18:00:00+00:00,35.0,50,972.5,2.28
Lahore,31.5497,74.3436,2026-06-28 19:00:00+00:00,34.2,52,972.3,1.95
Lahore,31.5497,74.3436,2026-06-28 20:00:00+00:00,33.5,53,971.9,2.05
Lahore,31.5497,74.3436,2026-06-28 21:00:00+00:00,32.7,56,971.7,1.84
Lahore,31.5497,74.3436,2026-06-28 22:00:00+00:00,31.7,62,971.8,1.42
Lahore,31.5497,74.3436,2026-06-28 23:00:00+00:00,31.8,64,972.2,0.21
Lahore,31.5497,74.3436,2026-06-29 00:00:00+00:00,31.9,69,971.8,0.75
Lahore,31.5497,74.3436,2026-06-29 01:00:00+00:00,32.0,65,972.0,1.19
Lahore,31.5497,74.3436,2026-06-29 02:00:00+00:00,33.1,61,972.2,0.5
Lahore,31.5497,74.3436,2026-06-29 03:00:00+00:00,34.8,53,972.6,0.78
Lahore,31.5497,74.3436,2026-06-29 04:00:00+00:00,36.2,49,973.1,1.76
Lahore,31.5497,74.3436,2026-06-29 05:00:00+00:00,37.5,44,973.3,2.01
Lahore,31.5497,74.3436,2026-06-29 06:00:00+00:00,38.1,40,973.6,1.95
Lahore,31.5497,74.3436,2026-06-29 07:00:00+00:00,38.7,39,973.5,2.0
Lahore,31.5497,74.3436,2026-06-29 08:00:00+00:00,39.5,37,973.0,2.26
Lahore,31.5497,74.3436,2026-06-29 09:00:00+00:00,39.9,36,972.3,2.31
Lahore,31.5497,74.3436,2026-06-29 10:00:00+00:00,40.1,36,971.7,2.16
Lahore,31.5497,74.3436,2026-06-29 11:00:00+00:00,39.9,36,970.9,1.78
Lahore,31.5497,74.3436,2026-06-29 12:00:00+00:00,40.0,34,970.7,2.49
Lahore,31.5497,74.3436,2026-06-29 13:00:00+00:00,39.4,36,970.4,2.12
Lahore,31.5497,74.3436,2026-06-29 14:00:00+00:00,38.7,38,970.3,2.16
Lahore,31.5497,74.3436,2026-06-29 15:00:00+00:00,37.8,42,970.6,1.89
Lahore,31.5497,74.3436,2026-06-29 16:00:00+00:00,36.6,47,971.2,1.21
Lahore,31.5497,74.3436,2026-06-29 17:00:00+00:00,35.9,55,971.6,0.71
Lahore,31.5497,74.3436,2026-06-29 18:00:00+00:00,36.5,46,971.5,2.06
Lahore,31.5497,74.3436,2026-06-29 19:00:00+00:00,35.3,50,971.4,1.66
Lahore,31.5497,74.3436,2026-06-29 20:00:00+00:00,34.4,56,971.3,1.02
Lahore,31.5497,74.3436,2026-06-29 21:00:00+00:00,33.8,56,971.0,0.97
Lahore,31.5497,74.3436,2026-06-29 22:00:00+00:00,33.0,59,971.2,0.55
Lahore,31.5497,74.3436,2026-06-29 23:00:00+00:00,32.0,66,971.3,1.83
Lahore,31.5497,74.3436,2026-06-30 00:00:00+00:00,33.8,56,971.2,1.45
Lahore,31.5497,74.3436,2026-06-30 01:00:00+00:00,33.5,59,971.8,0.47
Lahore,31.5497,74.3436,2026-06-30 02:00:00+00:00,32.6,65,972.3,2.42
Lahore,31.5497,74.3436,2026-06-30 03:00:00+00:00,33.7,62,972.8,1.76
Lahore,31.5497,74.3436,2026-06-30 04:00:00+00:00,35.6,55,973.3,1.19
Lahore,31.5497,74.3436,2026-06-30 05:00:00+00:00,37.7,45,973.4,1.05
Lahore,31.5497,74.3436,2026-06-30 06:00:00+00:00,38.4,41,974.0,1.75
Lahore,31.5497,74.3436,2026-06-30 07:00:00+00:00,38.6,40,973.8,2.5
Lahore,31.5497,74.3436,2026-06-30 08:00:00+00:00,39.0,39,973.5,2.73
Lahore,31.5497,74.3436,2026-06-30 09:00:00+00:00,39.0,37,972.9,2.4
Lahore,31.5497,74.3436,2026-06-30 10:00:00+00:00,38.6,40,972.2,2.5
Lahore,31.5497,74.3436,2026-06-30 11:00:00+00:00,38.8,40,971.5,2.21
Lahore,31.5497,74.3436,2026-06-30 12:00:00+00:00,39.3,36,971.3,3.0
Lahore,31.5497,74.3436,2026-06-30 13:00:00+00:00,38.3,36,971.5,3.5
Lahore,31.5497,74.3436,2026-06-30 14:00:00+00:00,37.7,36,971.5,3.1
Lahore,31.5497,74.3436,2026-06-30 15:00:00+00:00,37.1,39,972.0,2.02
Lahore,31.5497,74.3436,2026-06-30 16:00:00+00:00,36.4,42,971.9,1.88
Lahore,31.5497,74.3436,2026-06-30 17:00:00+00:00,34.1,54,972.7,3.1
Lahore,31.5497,74.3436,2026-06-30 18:00:00+00:00,35.6,46,972.9,1.64
Lahore,31.5497,74.3436,2026-06-30 19:00:00+00:00,34.2,53,972.6,2.01
Lahore,31.5497,74.3436,2026-06-30 20:00:00+00:00,33.3,58,972.4,2.1
Lahore,31.5497,74.3436,2026-06-30 21:00:00+00:00,32.7,60,972.4,2.95
Lahore,31.5497,74.3436,2026-06-30 22:00:00+00:00,32.3,66,972.4,2.66
Lahore,31.5497,74.3436,2026-06-30 23:00:00+00:00,31.9,73,973.1,2.18
Lahore,31.5497,74.3436,2026-07-01 00:00:00+00:00,31.4,76,972.6,2.38
Lahore,31.5497,74.3436,2026-07-01 01:00:00+00:00,31.2,77,972.8,2.8
Lahore,31.5497,74.3436,2026-07-01 02:00:00+00:00,30.6,80,973.4,3.21
Lahore,31.5497,74.3436,2026-07-01 03:00:00+00:00,31.6,74,974.3,4.51
Lahore,31.5497,74.3436,2026-07-01 04:00:00+00:00,33.6,67,974.7,4.16
Lahore,31.5497,74.3436,2026-07-01 05:00:00+00:00,34.8,62,974.9,4.38
Lahore,31.5497,74.3436,2026-07-01 06:00:00+00:00,34.6,60,975.2,3.39
Lahore,31.5497,74.3436,2026-07-01 07:00:00+00:00,35.8,56,974.8,2.51
Lahore,31.5497,74.3436,2026-07-01 08:00:00+00:00,36.8,51,973.9,2.05
Lahore,31.5497,74.3436,2026-07-01 09:00:00+00:00,37.1,48,973.4,2.15
Lahore,31.5497,74.3436,2026-07-01 10:00:00+00:00,34.4,58,973.4,3.16
Lahore,31.5497,74.3436,2026-07-01 11:00:00+00:00,34.3,59,972.7,2.91
Lahore,31.5497,74.3436,2026-07-01 12:00:00+00:00,36.0,51,971.8,2.86
Lahore,31.5497,74.3436,2026-07-01 13:00:00+00:00,35.8,50,971.9,3.36
Lahore,31.5497,74.3436,2026-07-01 14:00:00+00:00,34.2,59,972.5,3.71
Lahore,31.5497,74.3436,2026-07-01 15:00:00+00:00,32.6,66,973.4,3.75
Lahore,31.5497,74.3436,2026-07-01 16:00:00+00:00,31.8,70,975.2,2.49
Lahore,31.5497,74.3436,2026-07-01 17:00:00+00:00,29.3,80,974.8,3.5
Lahore,31.5497,74.3436,2026-07-01 18:00:00+00:00,28.4,77,976.4,4.3
Lahore,31.5497,74.3436,2026-07-01 19:00:00+00:00,27.5,81,975.2,2.9
Lahore,31.5497,74.3436,2026-07-01 20:00:00+00:00,27.2,84,974.5,3.78
Lahore,31.5497,74.3436,2026-07-01 21:00:00+00:00,27.0,86,974.5,2.93
Lahore,31.5497,74.3436,2026-07-01 22:00:00+00:00,26.9,86,975.0,2.65
Lahore,31.5497,74.3436,2026-07-01 23:00:00+00:00,26.7,87,975.6,2.23
Lahore,31.5497,74.3436,2026-07-02 00:00:00+00:00,25.7,91,974.8,3.4
Lahore,31.5497,74.3436,2026-07-02 01:00:00+00:00,25.7,89,976.5,2.98
Lahore,31.5497,74.3436,2026-07-02 02:00:00+00:00,25.2,95,976.0,3.57
Lahore,31.5497,74.3436,2026-07-02 03:00:00+00:00,25.9,93,976.0,2.71
Lahore,31.5497,74.3436,2026-07-02 04:00:00+00:00,28.0,83,976.4,1.79
Lahore,31.5497,74.3436,2026-07-02 05:00:00+00:00,29.9,75,976.2,1.96
Lahore,31.5497,74.3436,2026-07-02 06:00:00+00:00,30.7,70,977.5,1.52
Lahore,31.5497,74.3436,2026-07-02 07:00:00+00:00,32.0,65,977.1,1.0
Lahore,31.5497,74.3436,2026-07-02 08:00:00+00:00,33.0,62,976.4,1.04
Lahore,31.5497,74.3436,2026-07-02 09:00:00+00:00,33.7,60,975.6,1.23
Lahore,31.5497,74.3436,2026-07-02 10:00:00+00:00,33.9,59,974.9,1.25
Lahore,31.5497,74.3436,2026-07-02 11:00:00+00:00,33.7,60,974.2,1.55
Lahore,31.5497,74.3436,2026-07-02 12:00:00+00:00,33.6,59,974.5,2.35
Lahore,31.5497,74.3436,2026-07-02 13:00:00+00:00,33.1,60,974.2,2.02
Lahore,31.5497,74.3436,2026-07-02 14:00:00+00:00,32.5,63,974.2,1.7
Lahore,31.5497,74.3436,2026-07-02 15:00:00+00:00,31.9,67,974.6,1.51
Lahore,31.5497,74.3436,2026-07-02 16:00:00+00:00,31.4,70,975.7,1.66
Lahore,31.5497,74.3436,2026-07-02 17:00:00+00:00,31.0,70,976.4,1.9
Lahore,31.5497,74.3436,2026-07-02 18:00:00+00:00,31.3,68,976.7,2.65
Lahore,31.5497,74.3436,2026-07-02 19:00:00+00:00,30.5,74,976.7,2.56
Lahore,31.5497,74.3436,2026-07-02 20:00:00+00:00,30.1,76,976.3,2.2
Lahore,31.5497,74.3436,2026-07-02 21:00:00+00:00,29.8,78,976.3,2.1
Lahore,31.5497,74.3436,2026-07-02 22:00:00+00:00,29.5,80,976.6,2.3
Lahore,31.5497,74.3436,2026-07-02 23:00:00+00:00,29.3,81,976.7,2.3
Lahore,31.5497,74.3436,2026-07-03 00:00:00+00:00,29.5,82,977.2,1.39
Lahore,31.5497,74.3436,2026-07-03 01:00:00+00:00,29.5,82,977.6,1.32
Lahore,31.5497,74.3436,2026-07-03 02:00:00+00:00,30.8,75,977.6,1.3
Lahore,31.5497,74.3436,2026-07-03 03:00:00+00:00,32.2,69,977.3,2.86
Lahore,31.5497,74.3436,2026-07-03 04:00:00+00:00,33.6,60,976.9,3.76
Lahore,31.5497,74.3436,2026-07-03 05:00:00+00:00,34.7,56,976.7,3.63
Lahore,31.5497,74.3436,2026-07-03 06:00:00+00:00,35.9,50,977.8,1.48
Lahore,31.5497,74.3436,2026-07-03 07:00:00+00:00,35.2,52,977.6,1.66
Lahore,31.5497,74.3436,2026-07-03 08:00:00+00:00,35.6,49,977.0,0.97
Lahore,31.5497,74.3436,2026-07-03 09:00:00+00:00,36.2,47,975.7,0.71
Lahore,31.5497,74.3436,2026-07-03 10:00:00+00:00,36.8,45,974.9,0.05
Lahore,31.5497,74.3436,2026-07-03 11:00:00+00:00,36.8,45,974.1,0.49
Lahore,31.5497,74.3436,2026-07-03 12:00:00+00:00,37.1,43,973.3,1.95
Lahore,31.5497,74.3436,2026-07-03 13:00:00+00:00,36.1,46,973.8,2.33
Lahore,31.5497,74.3436,2026-07-03 14:00:00+00:00,35.4,47,973.9,2.27
Lahore,31.5497,74.3436,2026-07-03 15:00:00+00:00,35.0,48,974.3,1.99
Lahore,31.5497,74.3436,2026-07-03 16:00:00+00:00,34.4,51,975.1,2.14
Lahore,31.5497,74.3436,2026-07-03 17:00:00+00:00,33.3,58,975.3,2.2
Lahore,31.5497,74.3436,2026-07-03 18:00:00+00:00,33.2,60,974.8,2.09
Lahore,31.5497,74.3436,2026-07-03 19:00:00+00:00,32.4,64,974.8,1.7
Lahore,31.5497,74.3436,2026-07-03 20:00:00+00:00,32.1,66,974.9,1.43
Lahore,31.5497,74.3436,2026-07-03 21:00:00+00:00,31.7,67,975.2,1.47
Lahore,31.5497,74.3436,2026-07-03 22:00:00+00:00,31.4,68,975.1,1.27
Lahore,31.5497,74.3436,2026-07-03 23:00:00+00:00,31.1,68,975.0,1.56
Lahore,31.5497,74.3436,2026-07-04 00:00:00+00:00,29.1,77,975.7,3.19
Lahore,31.5497,74.3436,2026-07-04 01:00:00+00:00,28.5,82,975.3,1.39
Lahore,31.5497,74.3436,2026-07-04 02:00:00+00:00,30.8,71,975.9,1.06
Lahore,31.5497,74.3436,2026-07-04 03:00:00+00:00,33.2,59,976.0,1.34
Lahore,31.5497,74.3436,2026-07-04 04:00:00+00:00,34.2,57,975.8,2.25
Lahore,31.5497,74.3436,2026-07-04 05:00:00+00:00,35.2,54,975.8,2.21
Lahore,31.5497,74.3436,2026-07-04 06:00:00+00:00,35.7,49,976.2,2.37
Lahore,31.5497,74.3436,2026-07-04 07:00:00+00:00,36.8,46,975.3,1.9
Lahore,31.5497,74.3436,2026-07-04 08:00:00+00:00,37.0,44,974.3,1.58
Lahore,31.5497,74.3436,2026-07-04 09:00:00+00:00,37.7,42,973.6,1.43
Lahore,31.5497,74.3436,2026-07-04 10:00:00+00:00,37.8,41,972.8,1.35
Lahore,31.5497,74.3436,2026-07-04 11:00:00+00:00,37.7,41,972.0,1.07
Lahore,31.5497,74.3436,2026-07-04 12:00:00+00:00,37.6,46,971.7,1.35
Lahore,31.5497,74.3436,2026-07-04 13:00:00+00:00,36.9,47,971.2,1.76
Lahore,31.5497,74.3436,2026-07-04 14:00:00+00:00,36.2,48,971.3,1.53
Lahore,31.5497,74.3436,2026-07-04 15:00:00+00:00,35.2,53,971.8,2.07
Lahore,31.5497,74.3436,2026-07-04 16:00:00+00:00,34.1,59,972.2,2.53
Lahore,31.5497,74.3436,2026-07-04 17:00:00+00:00,33.2,65,972.6,2.54
Lahore,31.5497,74.3436,2026-07-04 18:00:00+00:00,33.7,65,972.5,2.47
Lahore,31.5497,74.3436,2026-07-04 19:00:00+00:00,33.2,64,972.9,2.33
Lahore,31.5497,74.3436,2026-07-04 20:00:00+00:00,32.8,67,972.7,2.2
Lahore,31.5497,74.3436,2026-07-04 21:00:00+00:00,32.4,68,972.4,2.28
Lahore,31.5497,74.3436,2026-07-04 22:00:00+00:00,32.0,70,972.5,1.91
Lahore,31.5497,74.3436,2026-07-04 23:00:00+00:00,30.0,76,973.4,4.12
Lahore,31.5497,74.3436,2026-07-05 00:00:00+00:00,30.0,69,973.7,3.55
Lahore,31.5497,74.3436,2026-07-05 01:00:00+00:00,28.6,86,973.7,1.25
Lahore,31.5497,74.3436,2026-07-05 02:00:00+00:00,30.3,77,974.2,2.3
Lahore,31.5497,74.3436,2026-07-05 03:00:00+00:00,31.8,73,974.5,1.29
Lahore,31.5497,74.3436,2026-07-05 04:00:00+00:00,33.9,64,974.6,1.19
Lahore,31.5497,74.3436,2026-07-05 05:00:00+00:00,35.6,56,974.3,1.42
Lahore,31.5497,74.3436,2026-07-05 06:00:00+00:00,35.5,54,975.0,1.6
Lahore,31.5497,74.3436,2026-07-05 07:00:00+00:00,36.2,51,974.4,1.63
Lahore,31.5497,74.3436,2026-07-05 08:00:00+00:00,37.1,48,973.7,1.36
Lahore,31.5497,74.3436,2026-07-05 09:00:00+00:00,37.3,47,973.0,1.11
Lahore,31.5497,74.3436,2026-07-05 10:00:00+00:00,37.8,46,972.2,0.4
Lahore,31.5497,74.3436,2026-07-05 11:00:00+00:00,37.9,42,971.4,0.25
Lahore,31.5497,74.3436,2026-07-05 12:00:00+00:00,37.4,46,970.9,0.41
Lahore,31.5497,74.3436,2026-07-05 13:00:00+00:00,37.1,45,970.4,0.85
Lahore,31.5497,74.3436,2026-07-05 14:00:00+00:00,36.6,46,970.8,0.92
Lahore,31.5497,74.3436,2026-07-05 15:00:00+00:00,35.6,52,971.3,1.75
Lahore,31.5497,74.3436,2026-07-05 16:00:00+00:00,34.5,58,972.3,2.1
Lahore,31.5497,74.3436,2026-07-05 17:00:00+00:00,33.7,62,972.8,2.22
Lahore,31.5497,74.3436,2026-07-05 18:00:00+00:00,34.1,64,972.7,2.22
Lahore,31.5497,74.3436,2026-07-05 19:00:00+00:00,33.7,64,972.4,2.16
Lahore,31.5497,74.3436,2026-07-05 20:00:00+00:00,33.2,63,972.5,2.3
Lahore,31.5497,74.3436,2026-07-05 21:00:00+00:00,32.6,67,972.4,1.98
Lahore,31.5497,74.3436,2026-07-05 22:00:00+00:00,32.2,71,972.2,1.79
Lahore,31.5497,74.3436,2026-07-05 23:00:00+00:00,31.7,74,972.6,2.1
Lahore,31.5497,74.3436,2026-07-06 00:00:00+00:00,30.7,75,973.2,2.95
Lahore,31.5497,74.3436,2026-07-06 01:00:00+00:00,29.7,80,974.1,3.34
Lahore,31.5497,74.3436,2026-07-06 02:00:00+00:00,30.0,78,974.7,2.67
Lahore,31.5497,74.3436,2026-07-06 03:00:00+00:00,31.4,71,975.1,2.68
Lahore,31.5497,74.3436,2026-07-06 04:00:00+00:00,33.0,63,975.1,3.02
Lahore,31.5497,74.3436,2026-07-06 05:00:00+00:00,34.4,57,975.0,2.94
Lahore,31.5497,74.3436,2026-07-06 06:00:00+00:00,33.0,60,975.5,2.67
Lahore,31.5497,74.3436,2026-07-06 07:00:00+00:00,33.3,60,974.8,2.11
Lahore,31.5497,74.3436,2026-07-06 08:00:00+00:00,34.6,56,974.1,2.11
Lahore,31.5497,74.3436,2026-07-06 09:00:00+00:00,35.3,53,973.2,1.85
Lahore,31.5497,74.3436,2026-07-06 10:00:00+00:00,35.8,52,972.6,1.45
Lahore,31.5497,74.3436,2026-07-06 11:00:00+00:00,35.9,53,971.9,1.4
Lahore,31.5497,74.3436,2026-07-06 12:00:00+00:00,36.1,50,971.6,1.15
Lahore,31.5497,74.3436,2026-07-06 13:00:00+00:00,35.2,53,971.7,1.71
Lahore,31.5497,74.3436,2026-07-06 14:00:00+00:00,34.2,58,972.0,2.29
Lahore,31.5497,74.3436,2026-07-06 15:00:00+00:00,33.2,63,972.6,2.23
Lahore,31.5497,74.3436,2026-07-06 16:00:00+00:00,32.5,67,973.4,1.95
Lahore,31.5497,74.3436,2026-07-06 17:00:00+00:00,32.0,71,973.9,2.06
Lahore,31.5497,74.3436,2026-07-06 18:00:00+00:00,32.6,67,974.4,0.49
Lahore,31.5497,74.3436,2026-07-06 19:00:00+00:00,31.4,76,973.6,1.33
Lahore,31.5497,74.3436,2026-07-06 20:00:00+00:00,31.0,76,973.2,1.45
Lahore,31.5497,74.3436,2026-07-06 21:00:00+00:00,30.6,78,973.2,2.23
Lahore,31.5497,74.3436,2026-07-06 22:00:00+00:00,30.1,82,973.0,1.84
Lahore,31.5497,74.3436,2026-07-06 23:00:00+00:00,29.9,83,973.6,1.88
Lahore,31.5497,74.3436,2026-07-07 00:00:00+00:00,31.1,81,973.3,1.83
Lahore,31.5497,74.3436,2026-07-07 01:00:00+00:00,29.1,86,973.9,0.82
Lahore,31.5497,74.3436,2026-07-07 02:00:00+00:00,26.2,91,974.7,0.75
Lahore,31.5497,74.3436,2026-07-07 03:00:00+00:00,26.6,93,974.9,2.43
Lahore,31.5497,74.3436,2026-07-07 04:00:00+00:00,27.9,87,975.1,1.93
Lahore,31.5497,74.3436,2026-07-07 05:00:00+00:00,30.0,79,974.5,0.4
Lahore,31.5497,74.3436,2026-07-07 06:00:00+00:00,33.4,69,973.5,1.3
Lahore,31.5497,74.3436,2026-07-07 07:00:00+00:00,35.5,58,973.1,1.55
Lahore,31.5497,74.3436,2026-07-07 08:00:00+00:00,36.2,53,972.1,1.66
Lahore,31.5497,74.3436,2026-07-07 09:00:00+00:00,36.9,48,971.7,1.78
Lahore,31.5497,74.3436,2026-07-07 10:00:00+00:00,36.6,50,970.8,1.79
Lahore,31.5497,74.3436,2026-07-07 11:00:00+00:00,36.6,50,970.4,1.9
Lahore,31.5497,74.3436,2026-07-07 12:00:00+00:00,37.6,45,970.2,2.02
Lahore,31.5497,74.3436,2026-07-07 13:00:00+00:00,36.9,46,970.2,1.31
Lahore,31.5497,74.3436,2026-07-07 14:00:00+00:00,36.1,48,970.6,2.12
Lahore,31.5497,74.3436,2026-07-07 15:00:00+00:00,34.6,54,971.3,3.02
Lahore,31.5497,74.3436,2026-07-07 16:00:00+00:00,33.7,57,972.1,2.93
Lahore,31.5497,74.3436,2026-07-07 17:00:00+00:00,33.5,61,972.3,2.62
Lahore,31.5497,74.3436,2026-07-07 18:00:00+00:00,33.1,65,972.2,2.47
Lahore,31.5497,74.3436,2026-07-07 19:00:00+00:00,32.5,68,971.8,2.08
Lahore,31.5497,74.3436,2026-07-07 20:00:00+00:00,32.2,71,971.9,1.88
Lahore,31.5497,74.3436,2026-07-07 21:00:00+00:00,31.7,73,972.3,2.36
Lahore,31.5497,74.3436,2026-07-07 22:00:00+00:00,30.2,81,972.7,1.65
Lahore,31.5497,74.3436,2026-07-07 23:00:00+00:00,29.5,87,972.6,2.72
Lahore,31.5497,74.3436,2026-07-08 00:00:00+00:00,27.4,82,972.4,1.08
Lahore,31.5497,74.3436,2026-07-08 01:00:00+00:00,28.4,83,972.6,2.47
Lahore,31.5497,74.3436,2026-07-08 02:00:00+00:00,29.3,81,972.7,2.47
Lahore,31.5497,74.3436,2026-07-08 03:00:00+00:00,31.1,74,973.0,2.33
Lahore,31.5497,74.3436,2026-07-08 04:00:00+00:00,32.8,68,973.2,2.62
Lahore,31.5497,74.3436,2026-07-08 05:00:00+00:00,34.2,61,973.7,2.46
Lahore,31.5497,74.3436,2026-07-08 06:00:00+00:00,35.5,54,973.7,3.02
Lahore,31.5497,74.3436,2026-07-08 07:00:00+00:00,35.9,48,973.3,3.11
Lahore,31.5497,74.3436,2026-07-08 08:00:00+00:00,36.1,49,972.7,3.19
Lahore,31.5497,74.3436,2026-07-08 09:00:00+00:00,36.1,48,972.3,3.4
Lahore,31.5497,74.3436,2026-07-08 10:00:00+00:00,35.4,51,972.4,1.78
Lahore,31.5497,74.3436,2026-07-08 11:00:00+00:00,35.4,52,971.7,2.06
Lahore,31.5497,74.3436,2026-07-08 12:00:00+00:00,35.5,45,971.5,0.85
Lahore,31.5497,74.3436,2026-07-08 13:00:00+00:00,34.9,47,971.7,1.5
Lahore,31.5497,74.3436,2026-07-08 14:00:00+00:00,33.7,53,971.9,2.93
Lahore,31.5497,74.3436,2026-07-08 15:00:00+00:00,32.9,59,972.7,2.64
Lahore,31.5497,74.3436,2026-07-08 16:00:00+00:00,31.8,66,973.2,2.5
Lahore,31.5497,74.3436,2026-07-08 17:00:00+00:00,31.1,70,973.4,2.12
Lahore,31.5497,74.3436,2026-07-08 18:00:00+00:00,30.1,73,973.6,2.08
Lahore,31.5497,74.3436,2026-07-08 19:00:00+00:00,29.3,79,973.2,1.92
Lahore,31.5497,74.3436,2026-07-08 20:00:00+00:00,28.8,81,973.0,1.42
Lahore,31.5497,74.3436,2026-07-08 21:00:00+00:00,28.6,81,973.0,0.96
Lahore,31.5497,74.3436,2026-07-08 22:00:00+00:00,28.5,80,972.5,0.87
Lahore,31.5497,74.3436,2026-07-08 23:00:00+00:00,28.3,80,972.9,1.07
Lahore,31.5497,74.3436,2026-07-09 00:00:00+00:00,28.6,83,973.1,0.56
Lahore,31.5497,74.3436,2026-07-09 01:00:00+00:00,28.7,84,973.1,0.57
Lahore,31.5497,74.3436,2026-07-09 02:00:00+00:00,29.7,79,973.6,0.64
Lahore,31.5497,74.3436,2026-07-09 03:00:00+00:00,30.9,72,973.8,0.68
Lahore,31.5497,74.3436,2026-07-09 04:00:00+00:00,32.3,64,973.6,0.93
Lahore,31.5497,74.3436,2026-07-09 05:00:00+00:00,34.4,55,973.5,0.87
Lahore,31.5497,74.3436,2026-07-09 06:00:00+00:00,34.6,51,974.1,0.51
Lahore,31.5497,74.3436,2026-07-09 07:00:00+00:00,36.8,44,974.0,0.32
Lahore,31.5497,74.3436,2026-07-09 08:00:00+00:00,37.9,41,973.4,0.11
Lahore,31.5497,74.3436,2026-07-09 09:00:00+00:00,38.5,39,972.9,0.25
Lahore,31.5497,74.3436,2026-07-09 10:00:00+00:00,38.6,38,972.6,0.51
Lahore,31.5497,74.3436,2026-07-09 11:00:00+00:00,37.5,42,972.0,2.0
Lahore,31.5497,74.3436,2026-07-09 12:00:00+00:00,35.3,52,972.3,3.9
Lahore,31.5497,74.3436,2026-07-09 13:00:00+00:00,35.1,51,972.5,2.92
Lahore,31.5497,74.3436,2026-07-09 14:00:00+00:00,34.9,50,972.7,2.79
Lahore,31.5497,74.3436,2026-07-09 15:00:00+00:00,32.8,62,973.4,4.28
Lahore,31.5497,74.3436,2026-07-09 16:00:00+00:00,31.1,70,974.4,4.35
Lahore,31.5497,74.3436,2026-07-09 17:00:00+00:00,29.9,74,974.9,3.69
Lahore,31.5497,74.3436,2026-07-09 18:00:00+00:00,30.1,73,974.9,3.5
Lahore,31.5497,74.3436,2026-07-09 19:00:00+00:00,29.7,67,974.8,3.2
Lahore,31.5497,74.3436,2026-07-09 20:00:00+00:00,29.1,67,974.3,2.62
Lahore,31.5497,74.3436,2026-07-09 21:00:00+00:00,28.6,69,974.1,2.22
Lahore,31.5497,74.3436,2026-07-09 22:00:00+00:00,28.3,71,973.9,2.11
Lahore,31.5497,74.3436,2026-07-09 23:00:00+00:00,28.0,72,974.1,1.38
Lahore,31.5497,74.3436,2026-07-10 00:00:00+00:00,28.4,72,974.1,1.76
Lahore,31.5497,74.3436,2026-07-10 01:00:00+00:00,27.9,75,974.5,2.4
Lahore,31.5497,74.3436,2026-07-10 02:00:00+00:00,28.3,75,974.4,2.8
Lahore,31.5497,74.3436,2026-07-10 03:00:00+00:00,30.0,70,974.9,2.34
Lahore,31.5497,74.3436,2026-07-10 04:00:00+00:00,32.1,64,974.8,2.27
Lahore,31.5497,74.3436,2026-07-10 05:00:00+00:00,34.4,56,974.7,1.77
Lahore,31.5497,74.3436,2026-07-10 06:00:00+00:00,35.7,47,974.8,1.72
Lahore,31.5497,74.3436,2026-07-10 07:00:00+00:00,36.4,46,974.5,1.88
Lahore,31.5497,74.3436,2026-07-10 08:00:00+00:00,36.6,46,973.7,2.39
Lahore,31.5497,74.3436,2026-07-10 09:00:00+00:00,36.7,44,973.3,2.51
Lahore,31.5497,74.3436,2026-07-10 10:00:00+00:00,36.5,46,973.0,2.67
Lahore,31.5497,74.3436,2026-07-10 11:00:00+00:00,36.7,47,972.4,2.43
Lahore,31.5497,74.3436,2026-07-10 12:00:00+00:00,36.7,48,971.7,2.44
Lahore,31.5497,74.3436,2026-07-10 13:00:00+00:00,33.1,62,972.8,3.2
Lahore,31.5497,74.3436,2026-07-10 14:00:00+00:00,29.9,76,972.5,1.33
Lahore,31.5497,74.3436,2026-07-10 15:00:00+00:00,29.3,79,972.8,1.91
Lahore,31.5497,74.3436,2026-07-10 16:00:00+00:00,29.2,81,973.1,1.86
Lahore,31.5497,74.3436,2026-07-10 17:00:00+00:00,29.4,81,973.4,1.59
Lahore,31.5497,74.3436,2026-07-10 18:00:00+00:00,29.1,78,974.1,2.37
Lahore,31.5497,74.3436,2026-07-10 19:00:00+00:00,27.8,87,973.0,2.87
Lahore,31.5497,74.3436,2026-07-10 20:00:00+00:00,28.1,85,972.3,3.32
Lahore,31.5497,74.3436,2026-07-10 21:00:00+00:00,27.2,88,971.7,2.39
Lahore,31.5497,74.3436,2026-07-10 22:00:00+00:00,26.8,89,971.5,1.99
Lahore,31.5497,74.3436,2026-07-10 23:00:00+00:00,26.5,90,971.7,2.54
Lahore,31.5497,74.3436,2026-07-11 00:00:00+00:00,26.9,89,971.9,2.61
Lahore,31.5497,74.3436,2026-07-11 01:00:00+00:00,26.9,86,972.0,2.03
Lahore,31.5497,74.3436,2026-07-11 02:00:00+00:00,27.5,82,972.5,2.43
Lahore,31.5497,74.3436,2026-07-11 03:00:00+00:00,28.7,80,973.0,2.12
Lahore,31.5497,74.3436,2026-07-11 04:00:00+00:00,30.5,73,973.2,3.29
Lahore,31.5497,74.3436,2026-07-11 05:00:00+00:00,31.2,70,973.3,3.83
Lahore,31.5497,74.3436,2026-07-11 06:00:00+00:00,32.6,62,973.4,2.73
Lahore,31.5497,74.3436,2026-07-11 07:00:00+00:00,32.6,63,973.1,1.88
Lahore,31.5497,74.3436,2026-07-11 08:00:00+00:00,33.5,60,972.3,1.05
Lahore,31.5497,74.3436,2026-07-11 09:00:00+00:00,34.2,58,971.6,1.01
Lahore,31.5497,74.3436,2026-07-11 10:00:00+00:00,34.9,56,971.0,1.41
Lahore,31.5497,74.3436,2026-07-11 11:00:00+00:00,34.8,56,970.6,1.82
Lahore,31.5497,74.3436,2026-07-11 12:00:00+00:00,32.1,69,970.6,0.96
Lahore,31.5497,74.3436,2026-07-11 13:00:00+00:00,32.4,68,970.7,0.81
Lahore,31.5497,74.3436,2026-07-11 14:00:00+00:00,31.9,73,971.2,1.83
Lahore,31.5497,74.3436,2026-07-11 15:00:00+00:00,31.3,77,971.7,2.62
Lahore,31.5497,74.3436,2026-07-11 16:00:00+00:00,30.6,78,971.8,2.7
Lahore,31.5497,74.3436,2026-07-11 17:00:00+00:00,30.1,76,972.1,1.95
Lahore,31.5497,74.3436,2026-07-11 18:00:00+00:00,30.3,80,972.2,2.72
Lahore,31.5497,74.3436,2026-07-11 19:00:00+00:00,30.1,80,971.4,2.34
Lahore,31.5497,74.3436,2026-07-11 20:00:00+00:00,27.0,85,971.0,4.39
Lahore,31.5497,74.3436,2026-07-11 21:00:00+00:00,24.2,98,969.7,4.51
Lahore,31.5497,74.3436,2026-07-11 22:00:00+00:00,25.0,96,969.5,3.47
Lahore,31.5497,74.3436,2026-07-11 23:00:00+00:00,25.1,96,969.3,3.56
Lahore,31.5497,74.3436,2026-07-12 00:00:00+00:00,25.0,93,969.7,3.31
Lahore,31.5497,74.3436,2026-07-12 01:00:00+00:00,25.7,91,969.3,1.45
Lahore,31.5497,74.3436,2026-07-12 02:00:00+00:00,26.2,92,970.5,1.73
Lahore,31.5497,74.3436,2026-07-12 03:00:00+00:00,26.3,93,971.2,1.05
Lahore,31.5497,74.3436,2026-07-12 04:00:00+00:00,26.9,90,971.0,2.1
Lahore,31.5497,74.3436,2026-07-12 05:00:00+00:00,28.8,80,971.4,1.88
Lahore,31.5497,74.3436,2026-07-12 06:00:00+00:00,25.8,85,972.6,1.97
Lahore,31.5497,74.3436,2026-07-12 07:00:00+00:00,27.7,79,972.4,2.13
Lahore,31.5497,74.3436,2026-07-12 08:00:00+00:00,29.6,71,972.0,2.09
Lahore,31.5497,74.3436,2026-07-12 09:00:00+00:00,31.8,62,971.8,1.65
Lahore,31.5497,74.3436,2026-07-12 10:00:00+00:00,32.0,61,971.7,1.42
Lahore,31.5497,74.3436,2026-07-12 11:00:00+00:00,32.2,61,971.1,1.53
Lahore,31.5497,74.3436,2026-07-12 12:00:00+00:00,29.5,72,971.7,0.96
Lahore,31.5497,74.3436,2026-07-12 13:00:00+00:00,28.8,75,972.1,1.08
Lahore,31.5497,74.3436,2026-07-12 14:00:00+00:00,28.1,81,971.5,1.41
Lahore,31.5497,74.3436,2026-07-12 15:00:00+00:00,27.7,85,972.3,0.93
Lahore,31.5497,74.3436,2026-07-12 16:00:00+00:00,27.7,85,972.5,0.7
Lahore,31.5497,74.3436,2026-07-12 17:00:00+00:00,27.4,87,972.5,1.21
Lahore,31.5497,74.3436,2026-07-12 18:00:00+00:00,27.9,86,972.7,1.39
Lahore,31.5497,74.3436,2026-07-12 19:00:00+00:00,27.5,88,972.4,1.53
Lahore,31.5497,74.3436,2026-07-12 20:00:00+00:00,27.1,88,972.0,1.56
Lahore,31.5497,74.3436,2026-07-12 21:00:00+00:00,26.9,90,971.9,0.6
Lahore,31.5497,74.3436,2026-07-12 22:00:00+00:00,25.4,93,972.1,2.77
Lahore,31.5497,74.3436,2026-07-12 23:00:00+00:00,25.3,93,971.6,1.15
Lahore,31.5497,74.3436,2026-07-13 00:00:00+00:00,27.2,88,972.0,1.39
Lahore,31.5497,74.3436,2026-07-13 01:00:00+00:00,27.3,88,971.7,0.69
Lahore,31.5497,74.3436,2026-07-13 02:00:00+00:00,27.8,86,972.1,0.61
Lahore,31.5497,74.3436,2026-07-13 03:00:00+00:00,28.1,86,972.9,0.36
Lahore,31.5497,74.3436,2026-07-13 04:00:00+00:00,28.9,83,973.1,0.65
Lahore,31.5497,74.3436,2026-07-13 05:00:00+00:00,31.1,71,973.2,1.4
Lahore,31.5497,74.3436,2026-07-13 06:00:00+00:00,31.5,67,973.5,0.5
Lahore,31.5497,74.3436,2026-07-13 07:00:00+00:00,31.4,67,973.4,0.55
Lahore,31.5497,74.3436,2026-07-13 08:00:00+00:00,32.4,64,973.1,0.43
Lahore,31.5497,74.3436,2026-07-13 09:00:00+00:00,32.7,62,972.7,0.7
Lahore,31.5497,74.3436,2026-07-13 10:00:00+00:00,33.4,60,972.3,0.52
Lahore,31.5497,74.3436,2026-07-13 11:00:00+00:00,34.1,58,972.1,0.11
Lahore,31.5497,74.3436,2026-07-13 12:00:00+00:00,33.7,56,971.5,0.51
Lahore,31.5497,74.3436,2026-07-13 13:00:00+00:00,33.0,67,971.9,0.25
Lahore,31.5497,74.3436,2026-07-13 14:00:00+00:00,31.3,74,972.3,0.86
Lahore,31.5497,74.3436,2026-07-13 15:00:00+00:00,30.4,76,972.6,1.33
Lahore,31.5497,74.3436,2026-07-13 16:00:00+00:00,29.6,78,973.0,1.4
Lahore,31.5497,74.3436,2026-07-13 17:00:00+00:00,29.0,80,973.1,1.72
Lahore,31.5497,74.3436,2026-07-13 18:00:00+00:00,29.5,81,973.8,1.34
Lahore,31.5497,74.3436,2026-07-13 19:00:00+00:00,28.9,83,973.8,1.17
Lahore,31.5497,74.3436,2026-07-13 20:00:00+00:00,28.5,85,973.5,1.03
Lahore,31.5497,74.3436,2026-07-13 21:00:00+00:00,28.3,88,973.2,0.74
Lahore,31.5497,74.3436,2026-07-13 22:00:00+00:00,27.9,89,972.7,0.96
Lahore,31.5497,74.3436,2026-07-13 23:00:00+00:00,27.8,90,972.8,1.13
Lahore,31.5497,74.3436,2026-07-14 00:00:00+00:00,28.1,92,973.0,0.52
Lahore,31.5497,74.3436,2026-07-14 01:00:00+00:00,27.9,92,973.3,0.98
Lahore,31.5497,74.3436,2026-07-14 02:00:00+00:00,28.9,89,974.0,1.07
Lahore,31.5497,74.3436,2026-07-14 03:00:00+00:00,30.3,80,974.3,1.3
Lahore,31.5497,74.3436,2026-07-14 04:00:00+00:00,31.5,71,974.8,1.19
Lahore,31.5497,74.3436,2026-07-14 05:00:00+00:00,33.0,64,975.0,0.65
Lahore,31.5497,74.3436,2026-07-14 06:00:00+00:00,34.2,56,975.4,0.27
Lahore,31.5497,74.3436,2026-07-14 07:00:00+00:00,34.5,55,975.1,0.36
Lahore,31.5497,74.3436,2026-07-14 08:00:00+00:00,35.0,52,974.8,0.22
Lahore,31.5497,74.3436,2026-07-14 09:00:00+00:00,35.6,49,974.5,0.35
Lahore,31.5497,74.3436,2026-07-14 10:00:00+00:00,35.7,47,974.1,0.74
Lahore,31.5497,74.3436,2026-07-14 11:00:00+00:00,35.7,46,974.0,1.35
Lahore,31.5497,74.3436,2026-07-14 12:00:00+00:00,35.3,50,973.8,0.7
Lahore,31.5497,74.3436,2026-07-14 13:00:00+00:00,34.4,56,973.9,0.99
Lahore,31.5497,74.3436,2026-07-14 14:00:00+00:00,33.1,63,974.3,1.03
Lahore,31.5497,74.3436,2026-07-14 15:00:00+00:00,32.1,70,974.6,0.78
Lahore,31.5497,74.3436,2026-07-14 16:00:00+00:00,31.1,73,975.1,1.03
Lahore,31.5497,74.3436,2026-07-14 17:00:00+00:00,30.4,75,975.3,1.05
Lahore,31.5497,74.3436,2026-07-14 18:00:00+00:00,29.8,70,975.3,1.98
Lahore,31.5497,74.3436,2026-07-14 19:00:00+00:00,28.9,74,975.5,1.5
Lahore,31.5497,74.3436,2026-07-14 20:00:00+00:00,28.5,75,975.6,1.41
Lahore,31.5497,74.3436,2026-07-14 21:00:00+00:00,28.1,77,975.5,1.4
Lahore,31.5497,74.3436,2026-07-14 22:00:00+00:00,27.6,78,975.0,1.48
Lahore,31.5497,74.3436,2026-07-14 23:00:00+00:00,27.2,80,974.8,1.32
Lahore,31.5497,74.3436,2026-07-15 00:00:00+00:00,28.2,71,975.9,2.07
Lahore,31.5497,74.3436,2026-07-15 01:00:00+00:00,27.9,71,976.0,1.61
Lahore,31.5497,74.3436,2026-07-15 02:00:00+00:00,28.0,72,976.4,0.54
Lahore,31.5497,74.3436,2026-07-15 03:00:00+00:00,29.0,69,976.8,0.78
Lahore,31.5497,74.3436,2026-07-15 04:00:00+00:00,29.9,67,976.8,0.51
Lahore,31.5497,74.3436,2026-07-15 05:00:00+00:00,32.9,54,977.0,0.6
Lahore,31.5497,74.3436,2026-07-15 06:00:00+00:00,33.0,54,977.8,0.96
Lahore,31.5497,74.3436,2026-07-15 07:00:00+00:00,33.3,55,977.7,1.19
Lahore,31.5497,74.3436,2026-07-15 08:00:00+00:00,34.0,53,976.9,1.51
Lahore,31.5497,74.3436,2026-07-15 09:00:00+00:00,34.8,52,976.7,1.41
Lahore,31.5497,74.3436,2026-07-15 10:00:00+00:00,34.8,52,976.1,1.52
Lahore,31.5497,74.3436,2026-07-15 11:00:00+00:00,34.6,52,975.9,1.68
Lahore,31.5497,74.3436,2026-07-15 12:00:00+00:00,34.8,45,975.7,1.81
Lahore,31.5497,74.3436,2026-07-15 13:00:00+00:00,33.9,51,975.7,1.82
Lahore,31.5497,74.3436,2026-07-15 14:00:00+00:00,32.7,59,975.9,1.25
Lahore,31.5497,74.3436,2026-07-15 15:00:00+00:00,32.0,64,976.5,1.25
Lahore,31.5497,74.3436,2026-07-15 16:00:00+00:00,31.3,67,977.0,1.12
Lahore,31.5497,74.3436,2026-07-15 17:00:00+00:00,30.9,71,977.3,0.79
Lahore,31.5497,74.3436,2026-07-15 18:00:00+00:00,30.5,73,977.1,1.08
Lahore,31.5497,74.3436,2026-07-15 19:00:00+00:00,29.8,78,977.1,0.91
Lahore,31.5497,74.3436,2026-07-15 20:00:00+00:00,29.5,80,977.1,0.7
Lahore,31.5497,74.3436,2026-07-15 21:00:00+00:00,29.2,81,977.1,0.74
Lahore,31.5497,74.3436,2026-07-15 22:00:00+00:00,28.8,82,976.8,0.5
Lahore,31.5497,74.3436,2026-07-15 23:00:00+00:00,28.5,86,976.5,0.07
Lahore,31.5497,74.3436,2026-07-16 00:00:00+00:00,28.6,86,976.7,0.72
Lahore,31.5497,74.3436,2026-07-16 01:00:00+00:00,28.4,90,977.3,0.56
Lahore,31.5497,74.3436,2026-07-16 02:00:00+00:00,30.2,78,977.5,0.18
Lahore,31.5497,74.3436,2026-07-16 03:00:00+00:00,31.8,67,977.6,0.25
Lahore,31.5497,74.3436,2026-07-16 04:00:00+00:00,33.1,59,977.6,0.43
Lahore,31.5497,74.3436,2026-07-16 05:00:00+00:00,34.2,55,977.8,0.6
Lahore,31.5497,74.3436,2026-07-16 06:00:00+00:00,35.4,49,978.1,0.87
Lahore,31.5497,74.3436,2026-07-16 07:00:00+00:00,35.9,47,977.9,1.26
Lahore,31.5497,74.3436,2026-07-16 08:00:00+00:00,36.0,46,977.2,1.65
Lahore,31.5497,74.3436,2026-07-16 09:00:00+00:00,36.1,45,976.7,1.97
Lahore,31.5497,74.3436,2026-07-16 10:00:00+00:00,36.0,46,976.0,1.92
Lahore,31.5497,74.3436,2026-07-16 11:00:00+00:00,35.8,46,975.4,2.04
Lahore,31.5497,74.3436,2026-07-16 12:00:00+00:00,36.0,45,975.2,2.04
Lahore,31.5497,74.3436,2026-07-16 13:00:00+00:00,35.4,49,975.0,1.54
Lahore,31.5497,74.3436,2026-07-16 14:00:00+00:00,34.2,57,975.0,1.06
Lahore,31.5497,74.3436,2026-07-16 15:00:00+00:00,33.6,61,975.2,1.08
Lahore,31.5497,74.3436,2026-07-16 16:00:00+00:00,33.3,64,975.6,0.74
Lahore,31.5497,74.3436,2026-07-16 17:00:00+00:00,32.3,68,975.7,1.15
Lahore,31.5497,74.3436,2026-07-16 18:00:00+00:00,33.1,66,975.2,0.79
Lahore,31.5497,74.3436,2026-07-16 19:00:00+00:00,32.6,65,975.0,1.1
Lahore,31.5497,74.3436,2026-07-16 20:00:00+00:00,31.5,70,974.9,1.43
Lahore,31.5497,74.3436,2026-07-16 21:00:00+00:00,30.9,74,974.7,1.08
Lahore,31.5497,74.3436,2026-07-16 22:00:00+00:00,30.6,76,974.6,0.96
Lahore,31.5497,74.3436,2026-07-16 23:00:00+00:00,30.2,78,974.7,1.06
Lahore,31.5497,74.3436,2026-07-17 00:00:00+00:00,30.4,75,975.0,1.61
Lahore,31.5497,74.3436,2026-07-17 01:00:00+00:00,30.2,76,975.6,1.45
Lahore,31.5497,74.3436,2026-07-17 02:00:00+00:00,31.2,74,975.9,0.94
Lahore,31.5497,74.3436,2026-07-17 03:00:00+00:00,33.0,65,976.5,0.36
Lahore,31.5497,74.3436,2026-07-17 04:00:00+00:00,34.7,56,976.7,0.83
Lahore,31.5497,74.3436,2026-07-17 05:00:00+00:00,36.3,44,976.8,2.58
Lahore,31.5497,74.3436,2026-07-17 06:00:00+00:00,36.9,42,977.1,2.75
Lahore,31.5497,74.3436,2026-07-17 07:00:00+00:00,37.3,41,976.8,2.47
Lahore,31.5497,74.3436,2026-07-17 08:00:00+00:00,37.7,40,976.1,2.29
Lahore,31.5497,74.3436,2026-07-17 09:00:00+00:00,38.0,39,975.3,2.59
Lahore,31.5497,74.3436,2026-07-17 10:00:00+00:00,38.0,39,974.7,3.06
Lahore,31.5497,74.3436,2026-07-17 11:00:00+00:00,37.6,39,974.3,3.15
Lahore,31.5497,74.3436,2026-07-17 12:00:00+00:00,37.3,40,974.0,3.26
Lahore,31.5497,74.3436,2026-07-17 13:00:00+00:00,36.5,43,974.0,2.82
Lahore,31.5497,74.3436,2026-07-17 14:00:00+00:00,35.3,48,974.1,1.93
Lahore,31.5497,74.3436,2026-07-17 15:00:00+00:00,34.3,53,974.5,1.64
Lahore,31.5497,74.3436,2026-07-17 16:00:00+00:00,33.3,57,975.2,1.42
Lahore,31.5497,74.3436,2026-07-17 17:00:00+00:00,32.7,60,975.4,1.48
Lahore,31.5497,74.3436,2026-07-17 18:00:00+00:00,33.3,56,975.1,1.73
Lahore,31.5497,74.3436,2026-07-17 19:00:00+00:00,32.7,58,974.9,1.28
Lahore,31.5497,74.3436,2026-07-17 20:00:00+00:00,32.2,61,974.7,1.14
Lahore,31.5497,74.3436,2026-07-17 21:00:00+00:00,32.0,64,974.6,0.87
Lahore,31.5497,74.3436,2026-07-17 22:00:00+00:00,31.5,66,974.6,0.91
Lahore,31.5497,74.3436,2026-07-17 23:00:00+00:00,31.0,68,974.7,1.0
Lahore,31.5497,74.3436,2026-07-18 00:00:00+00:00,31.6,67,974.6,1.5
Lahore,31.5497,74.3436,2026-07-18 01:00:00+00:00,31.5,68,974.9,1.52
Lahore,31.5497,74.3436,2026-07-18 02:00:00+00:00,32.7,63,975.3,1.57
Lahore,31.5497,74.3436,2026-07-18 03:00:00+00:00,34.4,54,975.5,1.6
Lahore,31.5497,74.3436,2026-07-18 04:00:00+00:00,36.4,43,975.4,2.02
Lahore,31.5497,74.3436,2026-07-18 05:00:00+00:00,37.6,39,975.2,2.36
Lahore,31.5497,74.3436,2026-07-18 06:00:00+00:00,38.0,39,975.5,2.32
Lahore,31.5497,74.3436,2026-07-18 07:00:00+00:00,38.3,39,975.3,2.33
Lahore,31.5497,74.3436,2026-07-18 08:00:00+00:00,38.8,39,974.7,2.59
Lahore,31.5497,74.3436,2026-07-18 09:00:00+00:00,38.8,39,974.1,2.9
Lahore,31.5497,74.3436,2026-07-18 10:00:00+00:00,38.6,39,973.7,3.01
Lahore,31.5497,74.3436,2026-07-18 11:00:00+00:00,38.2,40,973.4,2.76
Lahore,31.5497,74.3436,2026-07-18 12:00:00+00:00,38.3,39,973.2,2.7
Lahore,31.5497,74.3436,2026-07-18 13:00:00+00:00,37.3,42,973.3,2.65
Lahore,31.5497,74.3436,2026-07-18 14:00:00+00:00,36.5,45,973.5,1.75
Lahore,31.5497,74.3436,2026-07-18 15:00:00+00:00,35.8,49,974.0,1.38
Lahore,31.5497,74.3436,2026-07-18 16:00:00+00:00,35.1,54,974.7,1.13
Lahore,31.5497,74.3436,2026-07-18 17:00:00+00:00,34.6,56,975.3,1.16
Lahore,31.5497,74.3436,2026-07-18 18:00:00+00:00,34.9,55,975.2,1.18
Lahore,31.5497,74.3436,2026-07-18 19:00:00+00:00,33.8,61,974.7,1.05
Lahore,31.5497,74.3436,2026-07-18 20:00:00+00:00,33.2,65,974.3,0.83
Lahore,31.5497,74.3436,2026-07-18 21:00:00+00:00,32.9,66,974.6,0.43
Lahore,31.5497,74.3436,2026-07-18 22:00:00+00:00,32.4,65,974.2,0.92
Lahore,31.5497,74.3436,2026-07-18 23:00:00+00:00,31.8,66,973.9,0.92
Lahore,31.5497,74.3436,2026-07-19 00:00:00+00:00,32.0,65,974.6,1.68
Lahore,31.5497,74.3436,2026-07-19 01:00:00+00:00,31.9,67,974.7,1.64
Lahore,31.5497,74.3436,2026-07-19 02:00:00+00:00,32.9,64,975.5,1.44
Lahore,31.5497,74.3436,2026-07-19 03:00:00+00:00,34.1,60,975.6,1.88
Lahore,31.5497,74.3436,2026-07-19 04:00:00+00:00,35.3,54,976.1,0.97
Lahore,31.5497,74.3436,2026-07-19 05:00:00+00:00,36.1,53,976.6,1.55
Lahore,31.5497,74.3436,2026-07-19 06:00:00+00:00,36.9,42,976.6,0.3
Lahore,31.5497,74.3436,2026-07-19 07:00:00+00:00,37.5,40,976.1,0.22
Lahore,31.5497,74.3436,2026-07-19 08:00:00+00:00,38.1,39,975.4,0.64
Lahore,31.5497,74.3436,2026-07-19 09:00:00+00:00,38.0,39,974.8,0.95
Lahore,31.5497,74.3436,2026-07-19 10:00:00+00:00,38.5,38,974.1,1.24
Lahore,31.5497,74.3436,2026-07-19 11:00:00+00:00,38.1,38,973.7,1.1
Lahore,31.5497,74.3436,2026-07-19 12:00:00+00:00,37.7,39,974.1,0.74
Lahore,31.5497,74.3436,2026-07-19 13:00:00+00:00,36.8,42,974.2,0.56
Lahore,31.5497,74.3436,2026-07-19 14:00:00+00:00,35.1,55,974.5,2.06
Lahore,31.5497,74.3436,2026-07-19 15:00:00+00:00,33.3,67,974.8,2.48
Lahore,31.5497,74.3436,2026-07-19 16:00:00+00:00,32.7,68,975.3,2.29
Lahore,31.5497,74.3436,2026-07-19 17:00:00+00:00,32.2,71,975.5,2.27
Lahore,31.5497,74.3436,2026-07-19 18:00:00+00:00,32.3,72,975.6,2.67
Lahore,31.5497,74.3436,2026-07-19 19:00:00+00:00,31.6,74,975.2,2.28
Lahore,31.5497,74.3436,2026-07-19 20:00:00+00:00,31.4,73,974.8,2.28
Lahore,31.5497,74.3436,2026-07-19 21:00:00+00:00,31.4,72,974.6,2.56
Lahore,31.5497,74.3436,2026-07-19 22:00:00+00:00,30.9,73,974.4,2.44
Lahore,31.5497,74.3436,2026-07-19 23:00:00+00:00,30.5,74,975.1,1.84
Lahore,31.5497,74.3436,2026-07-20 00:00:00+00:00,31.0,77,974.6,2.42
Lahore,31.5497,74.3436,2026-07-20 01:00:00+00:00,31.1,76,974.6,1.3
Lahore,31.5497,74.3436,2026-07-20 02:00:00+00:00,31.7,74,975.6,2.41
Lahore,31.5497,74.3436,2026-07-20 03:00:00+00:00,31.3,78,975.6,2.54
Lahore,31.5497,74.3436,2026-07-20 04:00:00+00:00,33.2,69,975.6,2.98
Lahore,31.5497,74.3436,2026-07-20 05:00:00+00:00,34.3,63,975.8,2.56
Lahore,31.5497,74.3436,2026-07-20 06:00:00+00:00,34.9,56,976.2,2.18
Lahore,31.5497,74.3436,2026-07-20 07:00:00+00:00,30.1,83,976.3,3.45
Lahore,31.5497,74.3436,2026-07-20 08:00:00+00:00,31.6,78,975.9,2.58
Lahore,31.5497,74.3436,2026-07-20 09:00:00+00:00,32.2,76,975.2,2.9
Lahore,31.5497,74.3436,2026-07-20 10:00:00+00:00,32.4,75,974.6,2.15
Lahore,31.5497,74.3436,2026-07-20 11:00:00+00:00,32.8,74,974.3,1.88
Lahore,31.5497,74.3436,2026-07-20 12:00:00+00:00,31.9,75,974.7,3.48
Lahore,31.5497,74.3436,2026-07-20 13:00:00+00:00,31.7,73,975.1,2.56
Lahore,31.5497,74.3436,2026-07-20 14:00:00+00:00,29.2,83,975.6,3.15
Lahore,31.5497,74.3436,2026-07-20 15:00:00+00:00,29.3,84,976.0,2.4
Lahore,31.5497,74.3436,2026-07-20 16:00:00+00:00,29.2,87,976.6,3.13
Lahore,31.5497,74.3436,2026-07-20 17:00:00+00:00,29.1,87,976.8,2.91
Lahore,31.5497,74.3436,2026-07-20 18:00:00+00:00,29.7,85,976.5,3.09
Lahore,31.5497,74.3436,2026-07-20 19:00:00+00:00,29.5,85,976.2,3.08
Lahore,31.5497,74.3436,2026-07-20 20:00:00+00:00,29.3,88,976.0,1.7
Lahore,31.5497,74.3436,2026-07-20 21:00:00+00:00,26.9,95,976.2,1.5
Lahore,31.5497,74.3436,2026-07-20 22:00:00+00:00,27.6,95,975.5,2.27
Lahore,31.5497,74.3436,2026-07-20 23:00:00+00:00,27.5,97,975.4,3.47
Lahore,31.5497,74.3436,2026-07-21 00:00:00+00:00,26.9,92,975.6,3.18
Lahore,31.5497,74.3436,2026-07-21 01:00:00+00:00,27.0,90,975.9,1.57
Lahore,31.5497,74.3436,2026-07-21 02:00:00+00:00,27.1,91,976.6,2.94
Lahore,31.5497,74.3436,2026-07-21 03:00:00+00:00,26.7,92,977.4,2.9
Lahore,31.5497,74.3436,2026-07-21 04:00:00+00:00,27.7,94,977.9,2.33
Lahore,31.5497,74.3436,2026-07-21 05:00:00+00:00,28.2,93,977.3,3.03
Lahore,31.5497,74.3436,2026-07-21 06:00:00+00:00,29.6,79,977.9,3.96
Lahore,31.5497,74.3436,2026-07-21 07:00:00+00:00,30.0,76,977.7,3.52
Lahore,31.5497,74.3436,2026-07-21 08:00:00+00:00,29.8,77,977.6,3.66
Lahore,31.5497,74.3436,2026-07-21 09:00:00+00:00,29.0,84,977.3,4.0
Lahore,31.5497,74.3436,2026-07-21 10:00:00+00:00,28.5,86,976.7,3.96
Lahore,31.5497,74.3436,2026-07-21 11:00:00+00:00,29.1,82,976.4,3.94
Lahore,31.5497,74.3436,2026-07-21 12:00:00+00:00,29.5,75,976.4,3.15
Lahore,31.5497,74.3436,2026-07-21 13:00:00+00:00,28.9,79,976.2,2.91
Lahore,31.5497,74.3436,2026-07-21 14:00:00+00:00,28.0,84,976.3,2.88
Lahore,31.5497,74.3436,2026-07-21 15:00:00+00:00,27.4,87,976.7,2.31
Lahore,31.5497,74.3436,2026-07-21 16:00:00+00:00,27.2,87,977.2,1.95
Lahore,31.5497,74.3436,2026-07-21 17:00:00+00:00,27.0,87,977.6,1.98
Lahore,31.5497,74.3436,2026-07-21 18:00:00+00:00,27.4,87,977.7,1.84
Lahore,31.5497,74.3436,2026-07-21 19:00:00+00:00,27.2,86,976.9,1.97
Lahore,31.5497,74.3436,2026-07-21 20:00:00+00:00,27.0,86,976.6,2.53
Lahore,31.5497,74.3436,2026-07-21 21:00:00+00:00,26.6,86,976.3,3.45
Lahore,31.5497,74.3436,2026-07-21 22:00:00+00:00,25.4,90,976.2,3.13
Lahore,31.5497,74.3436,2026-07-21 23:00:00+00:00,25.2,90,977.0,2.72
Lahore,31.5497,74.3436,2026-07-22 00:00:00+00:00,24.3,97,977.1,3.52
Lahore,31.5497,74.3436,2026-07-22 01:00:00+00:00,24.4,98,977.0,2.14
Lahore,31.5497,74.3436,2026-07-22 02:00:00+00:00,24.9,96,977.2,2.72
Lahore,31.5497,74.3436,2026-07-22 03:00:00+00:00,25.9,96,976.7,3.38
Lahore,31.5497,74.3436,2026-07-22 04:00:00+00:00,27.1,91,977.3,3.42
Lahore,31.5497,74.3436,2026-07-22 05:00:00+00:00,28.8,82,977.3,4.33
Lahore,31.5497,74.3436,2026-07-22 06:00:00+00:00,29.6,78,977.8,3.72
Lahore,31.5497,74.3436,2026-07-22 07:00:00+00:00,30.5,73,977.2,4.12
Lahore,31.5497,74.3436,2026-07-22 08:00:00+00:00,29.3,79,976.7,4.18
Lahore,31.5497,74.3436,2026-07-22 09:00:00+00:00,28.8,82,976.4,2.42
Lahore,31.5497,74.3436,2026-07-22 10:00:00+00:00,29.0,81,975.9,2.4
Lahore,31.5497,74.3436,2026-07-22 11:00:00+00:00,29.9,79,975.2,2.7
Lahore,31.5497,74.3436,2026-07-22 12:00:00+00:00,29.5,79,975.3,2.46
Lahore,31.5497,74.3436,2026-07-22 13:00:00+00:00,28.8,80,975.6,2.61
Lahore,31.5497,74.3436,2026-07-22 14:00:00+00:00,27.6,87,975.9,2.33
Lahore,31.5497,74.3436,2026-07-22 15:00:00+00:00,27.5,89,976.7,2.46
Lahore,31.5497,74.3436,2026-07-22 16:00:00+00:00,27.2,89,976.8,3.06
Lahore,31.5497,74.3436,2026-07-22 17:00:00+00:00,27.0,88,976.8,2.83
Lahore,31.5497,74.3436,2026-07-22 18:00:00+00:00,27.2,86,976.9,2.15
Lahore,31.5497,74.3436,2026-07-22 19:00:00+00:00,26.9,86,976.8,1.77
Lahore,31.5497,74.3436,2026-07-22 20:00:00+00:00,26.8,86,976.1,1.66
Lahore,31.5497,74.3436,2026-07-22 21:00:00+00:00,26.6,88,975.8,1.96
Lahore,31.5497,74.3436,2026-07-22 22:00:00+00:00,26.3,91,975.2,2.06
Lahore,31.5497,74.3436,2026-07-22 23:00:00+00:00,25.4,95,975.8,2.6
Lahore,31.5497,74.3436,2026-07-23 00:00:00+00:00,26.2,91,975.6,3.3
Lahore,31.5497,74.3436,2026-07-23 01:00:00+00:00,25.8,95,976.1,3.45
Lahore,31.5497,74.3436,2026-07-23 02:00:00+00:00,25.8,96,976.2,1.9
Lahore,31.5497,74.3436,2026-07-23 03:00:00+00:00,25.7,94,976.8,3.58
Lahore,31.5497,74.3436,2026-07-23 04:00:00+00:00,25.1,98,977.0,3.69
Lahore,31.5497,74.3436,2026-07-23 05:00:00+00:00,25.3,97,976.9,1.93
Lahore,31.5497,74.3436,2026-07-23 06:00:00+00:00,26.0,95,977.3,2.65
Lahore,31.5497,74.3436,2026-07-23 07:00:00+00:00,26.1,94,976.7,2.82
Lahore,31.5497,74.3436,2026-07-23 08:00:00+00:00,26.8,89,976.5,3.31
Lahore,31.5497,74.3436,2026-07-23 09:00:00+00:00,27.0,88,975.9,3.22
Lahore,31.5497,74.3436,2026-07-23 10:00:00+00:00,28.1,81,975.5,3.29
Lahore,31.5497,74.3436,2026-07-23 11:00:00+00:00,28.2,82,974.5,2.55
Lahore,31.5497,74.3436,2026-07-23 12:00:00+00:00,28.1,85,974.6,2.54
Lahore,31.5497,74.3436,2026-07-23 13:00:00+00:00,27.8,86,974.2,2.19
Lahore,31.5497,74.3436,2026-07-23 14:00:00+00:00,27.4,87,974.5,1.77
Lahore,31.5497,74.3436,2026-07-23 15:00:00+00:00,27.3,86,975.2,1.71
Lahore,31.5497,74.3436,2026-07-23 16:00:00+00:00,27.0,86,975.7,1.9
Lahore,31.5497,74.3436,2026-07-23 17:00:00+00:00,26.9,85,975.9,1.86
Lahore,31.5497,74.3436,2026-07-23 18:00:00+00:00,27.5,83,975.8,2.14
Lahore,31.5497,74.3436,2026-07-23 19:00:00+00:00,27.2,83,976.0,2.26
Lahore,31.5497,74.3436,2026-07-23 20:00:00+00:00,27.3,82,975.7,2.3
Lahore,31.5497,74.3436,2026-07-23 21:00:00+00:00,26.9,84,975.5,2.2
Lahore,31.5497,74.3436,2026-07-23 22:00:00+00:00,26.0,91,975.2,2.2
Lahore,31.5497,74.3436,2026-07-23 23:00:00+00:00,25.8,91,975.5,2.34
Lahore,31.5497,74.3436,2026-07-24 00:00:00+00:00,25.8,97,975.5,1.91
Lahore,31.5497,74.3436,2026-07-24 01:00:00+00:00,25.3,98,975.8,2.48
Lahore,31.5497,74.3436,2026-07-24 02:00:00+00:00,25.8,97,976.0,2.27
Lahore,31.5497,74.3436,2026-07-24 03:00:00+00:00,26.9,91,976.7,2.18
Lahore,31.5497,74.3436,2026-07-24 04:00:00+00:00,28.1,88,977.1,1.59
Lahore,31.5497,74.3436,2026-07-24 05:00:00+00:00,29.7,81,976.9,1.71
Lahore,31.5497,74.3436,2026-07-24 06:00:00+00:00,30.8,75,977.2,2.27
Lahore,31.5497,74.3436,2026-07-24 07:00:00+00:00,31.5,72,976.6,2.24
Lahore,31.5497,74.3436,2026-07-24 08:00:00+00:00,32.1,67,975.6,1.63
Lahore,31.5497,74.3436,2026-07-24 09:00:00+00:00,31.3,71,974.9,1.41
Lahore,31.5497,74.3436,2026-07-24 10:00:00+00:00,29.7,82,974.0,1.29
Lahore,31.5497,74.3436,2026-07-24 11:00:00+00:00,30.7,78,973.4,0.74
Lahore,31.5497,74.3436,2026-07-24 12:00:00+00:00,32.3,64,973.1,1.56
Lahore,31.5497,74.3436,2026-07-24 13:00:00+00:00,31.4,73,973.0,1.36
Lahore,31.5497,74.3436,2026-07-24 14:00:00+00:00,30.3,79,973.2,0.99
Lahore,31.5497,74.3436,2026-07-24 15:00:00+00:00,29.6,82,974.2,1.13
Lahore,31.5497,74.3436,2026-07-24 16:00:00+00:00,29.2,83,975.5,1.25
Lahore,31.5497,74.3436,2026-07-24 17:00:00+00:00,29.1,83,975.7,1.18
Lahore,31.5497,74.3436,2026-07-24 18:00:00+00:00,28.8,84,975.7,2.36
Lahore,31.5497,74.3436,2026-07-24 19:00:00+00:00,28.5,84,975.6,2.06
Lahore,31.5497,74.3436,2026-07-24 20:00:00+00:00,28.3,84,975.7,1.93
Lahore,31.5497,74.3436,2026-07-24 21:00:00+00:00,28.1,85,975.3,1.88
Lahore,31.5497,74.3436,2026-07-24 22:00:00+00:00,27.4,88,975.3,2.15
Lahore,31.5497,74.3436,2026-07-24 23:00:00+00:00,25.9,95,975.5,2.68
Lahore,31.5497,74.3436,2026-07-25 00:00:00+00:00,25.3,97,976.2,2.89
Lahore,31.5497,74.3436,2026-07-25 01:00:00+00:00,25.3,96,976.7,2.73
Lahore,31.5497,74.3436,2026-07-25 02:00:00+00:00,24.9,95,976.9,4.0
Lahore,31.5497,74.3436,2026-07-25 03:00:00+00:00,25.4,95,977.7,3.88
Lahore,31.5497,74.3436,2026-07-25 04:00:00+00:00,26.4,90,977.9,3.56
Lahore,31.5497,74.3436,2026-07-25 05:00:00+00:00,28.2,84,977.8,3.46
Lahore,31.5497,74.3436,2026-07-25 06:00:00+00:00,27.2,90,977.5,3.59
Lahore,31.5497,74.3436,2026-07-25 07:00:00+00:00,28.4,89,977.4,1.23
Lahore,31.5497,74.3436,2026-07-25 08:00:00+00:00,29.9,81,976.9,2.5
Lahore,31.5497,74.3436,2026-07-25 09:00:00+00:00,31.5,75,976.1,2.46
Lahore,31.5497,74.3436,2026-07-25 10:00:00+00:00,32.1,72,975.8,2.64
Lahore,31.5497,74.3436,2026-07-25 11:00:00+00:00,28.6,86,975.8,2.65
Lahore,31.5497,74.3436,2026-07-25 12:00:00+00:00,29.7,82,975.7,2.75
Lahore,31.5497,74.3436,2026-07-25 13:00:00+00:00,28.9,87,976.0,2.6
Lahore,31.5497,74.3436,2026-07-25 14:00:00+00:00,28.5,89,976.3,2.19
Lahore,31.5497,74.3436,2026-07-25 15:00:00+00:00,28.2,90,976.8,2.35
Lahore,31.5497,74.3436,2026-07-25 16:00:00+00:00,28.1,90,977.4,2.23
Lahore,31.5497,74.3436,2026-07-25 17:00:00+00:00,27.9,91,978.0,2.06
Lahore,31.5497,74.3436,2026-07-25 18:00:00+00:00,27.8,91,977.7,1.83
Lahore,31.5497,74.3436,2026-07-25 19:00:00+00:00,27.3,93,977.7,1.79
Lahore,31.5497,74.3436,2026-07-25 20:00:00+00:00,27.0,94,977.6,1.57
Lahore,31.5497,74.3436,2026-07-25 21:00:00+00:00,26.9,94,977.4,1.78
Lahore,31.5497,74.3436,2026-07-25 22:00:00+00:00,26.8,93,977.5,1.81
Lahore,31.5497,74.3436,2026-07-25 23:00:00+00:00,26.7,93,977.6,1.77
Lahore,31.5497,74.3436,2026-07-26 00:00:00+00:00,27.6,93,977.1,2.14
Lahore,31.5497,74.3436,2026-07-26 01:00:00+00:00,27.3,92,977.6,2.01
Lahore,31.5497,74.3436,2026-07-26 02:00:00+00:00,27.5,94,977.7,1.77
Lahore,31.5497,74.3436,2026-07-26 03:00:00+00:00,28.8,90,978.1,0.89
Lahore,31.5497,74.3436,2026-07-26 04:00:00+00:00,30.1,86,978.1,0.76
Lahore,31.5497,74.3436,2026-07-26 05:00:00+00:00,31.1,81,978.3,0.94
Lahore,31.5497,74.3436,2026-07-26 06:00:00+00:00,31.9,75,978.3,0.52
Lahore,31.5497,74.3436,2026-07-26 07:00:00+00:00,32.6,72,978.0,0.7
Lahore,31.5497,74.3436,2026-07-26 08:00:00+00:00,32.9,70,977.4,0.68
Lahore,31.5497,74.3436,2026-07-26 09:00:00+00:00,33.4,67,976.7,0.49
Lahore,31.5497,74.3436,2026-07-26 10:00:00+00:00,33.7,64,975.9,0.36
Lahore,31.5497,74.3436,2026-07-26 11:00:00+00:00,33.6,63,975.1,0.39
Lahore,31.5497,74.3436,2026-07-26 12:00:00+00:00,33.5,63,975.0,1.28
Lahore,31.5497,74.3436,2026-07-26 13:00:00+00:00,32.0,73,974.8,1.62
Lahore,31.5497,74.3436,2026-07-26 14:00:00+00:00,30.8,83,974.8,0.81
Lahore,31.5497,74.3436,2026-07-26 15:00:00+00:00,30.3,87,975.3,0.74
Lahore,31.5497,74.3436,2026-07-26 16:00:00+00:00,30.0,89,975.8,0.78
Lahore,31.5497,74.3436,2026-07-26 17:00:00+00:00,29.7,90,975.9,1.14
Lahore,31.5497,74.3436,2026-07-26 18:00:00+00:00,30.2,89,975.2,1.07
Lahore,31.5497,74.3436,2026-07-26 19:00:00+00:00,29.7,91,974.9,0.9
Lahore,31.5497,74.3436,2026-07-26 20:00:00+00:00,29.5,92,974.6,0.81
Lahore,31.5497,74.3436,2026-07-26 21:00:00+00:00,29.3,92,974.4,0.81
Lahore,31.5497,74.3436,2026-07-26 22:00:00+00:00,29.1,92,974.3,0.89
Lahore,31.5497,74.3436,2026-07-26 23:00:00+00:00,28.2,92,974.7,2.23
Lahore,31.5497,74.3436,2026-07-27 00:00:00+00:00,29.2,93,974.1,0.5
Lahore,31.5497,74.3436,2026-07-27 01:00:00+00:00,29.3,92,974.5,0.67
Lahore,31.5497,74.3436,2026-07-27 02:00:00+00:00,30.4,85,974.6,0.21
Lahore,31.5497,74.3436,2026-07-27 03:00:00+00:00,31.4,76,974.7,0.11
Lahore,31.5497,74.3436,2026-07-27 04:00:00+00:00,32.0,73,974.4,0.55
Lahore,31.5497,74.3436,2026-07-27 05:00:00+00:00,32.9,68,974.6,0.65
Lahore,31.5497,74.3436,2026-07-27 06:00:00+00:00,33.4,64,974.3,1.05
Lahore,31.5497,74.3436,2026-07-27 07:00:00+00:00,34.1,63,974.3,1.05
Lahore,31.5497,74.3436,2026-07-27 08:00:00+00:00,34.7,61,973.6,1.27
Lahore,31.5497,74.3436,2026-07-27 09:00:00+00:00,35.0,60,972.8,1.66
Lahore,31.5497,74.3436,2026-07-27 10:00:00+00:00,35.0,59,971.8,1.81
Lahore,31.5497,74.3436,2026-07-27 11:00:00+00:00,34.8,59,971.1,1.71
Lahore,31.5497,74.3436,2026-07-27 12:00:00+00:00,34.7,59,970.9,1.8
Lahore,31.5497,74.3436,2026-07-27 13:00:00+00:00,33.9,67,971.0,1.24
Lahore,31.5497,74.3436,2026-07-27 14:00:00+00:00,33.0,72,971.2,1.0
Lahore,31.5497,74.3436,2026-07-27 15:00:00+00:00,32.5,75,971.5,0.91
Lahore,31.5497,74.3436,2026-07-27 16:00:00+00:00,32.1,78,972.0,0.57
Lahore,31.5497,74.3436,2026-07-27 17:00:00+00:00,31.8,78,972.4,0.05
Lahore,31.5497,74.3436,2026-07-27 18:00:00+00:00,32.6,77,972.0,0.27
Lahore,31.5497,74.3436,2026-07-27 19:00:00+00:00,31.7,81,972.1,0.47
Lahore,31.5497,74.3436,2026-07-27 20:00:00+00:00,30.9,85,972.0,0.91
Lahore,31.5497,74.3436,2026-07-27 21:00:00+00:00,29.6,85,971.9,2.38
Lahore,31.5497,74.3436,2026-07-27 22:00:00+00:00,29.0,83,971.7,1.31
Lahore,31.5497,74.3436,2026-07-27 23:00:00+00:00,27.2,93,972.5,0.96
Lahore,31.5497,74.3436,2026-07-28 00:00:00+00:00,29.7,86,971.9,0.43
Lahore,31.5497,74.3436,2026-07-28 01:00:00+00:00,29.5,87,972.0,0.85
Lahore,31.5497,74.3436,2026-07-28 02:00:00+00:00,29.7,87,972.6,1.97
Lahore,31.5497,74.3436,2026-07-28 03:00:00+00:00,30.5,83,973.0,1.37
Lahore,31.5497,74.3436,2026-07-28 04:00:00+00:00,31.8,76,973.1,1.47
Lahore,31.5497,74.3436,2026-07-28 05:00:00+00:00,33.0,71,973.1,1.59
Lahore,31.5497,74.3436,2026-07-28 06:00:00+00:00,34.3,58,973.5,1.32
Lahore,31.5497,74.3436,2026-07-28 07:00:00+00:00,32.7,68,973.6,1.07
Lahore,31.5497,74.3436,2026-07-28 08:00:00+00:00,33.1,70,973.2,1.85
Lahore,31.5497,74.3436,2026-07-28 09:00:00+00:00,32.7,72,972.8,2.67
Lahore,31.5497,74.3436,2026-07-28 10:00:00+00:00,33.7,68,972.0,2.05
Lahore,31.5497,74.3436,2026-07-28 11:00:00+00:00,33.9,66,971.4,1.79
Lahore,31.5497,74.3436,2026-07-28 12:00:00+00:00,33.7,65,971.0,1.1
Lahore,31.5497,74.3436,2026-07-28 13:00:00+00:00,32.8,72,970.9,1.46
Lahore,31.5497,74.3436,2026-07-28 14:00:00+00:00,31.5,79,971.4,1.84
Lahore,31.5497,74.3436,2026-07-28 15:00:00+00:00,30.8,81,972.5,2.54
Lahore,31.5497,74.3436,2026-07-28 16:00:00+00:00,30.4,83,973.2,2.51
Lahore,31.5497,74.3436,2026-07-28 17:00:00+00:00,29.9,85,973.7,2.67
Lahore,31.5497,74.3436,2026-07-28 18:00:00+00:00,29.9,87,973.7,3.16
Lahore,31.5497,74.3436,2026-07-28 19:00:00+00:00,29.3,90,973.8,3.18
Lahore,31.5497,74.3436,2026-07-28 20:00:00+00:00,28.9,91,973.7,2.72
Lahore,31.5497,74.3436,2026-07-28 21:00:00+00:00,28.2,92,973.9,2.66
Lahore,31.5497,74.3436,2026-07-28 22:00:00+00:00,27.9,93,973.7,3.04
Lahore,31.5497,74.3436,2026-07-28 23:00:00+00:00,27.7,94,973.5,2.77
Lahore,31.5497,74.3436,2026-07-29 00:00:00+00:00,26.8,95,974.4,2.39
Lahore,31.5497,74.3436,2026-07-29 01:00:00+00:00,26.8,96,974.6,2.04
Lahore,31.5497,74.3436,2026-07-29 02:00:00+00:00,27.5,92,975.0,2.18
Lahore,31.5497,74.3436,2026-07-29 03:00:00+00:00,28.7,87,975.4,2.6
Lahore,31.5497,74.3436,2026-07-29 04:00:00+00:00,30.2,79,975.7,2.66
Lahore,31.5497,74.3436,2026-07-29 05:00:00+00:00,31.0,76,975.5,3.13
Lahore,31.5497,74.3436,2026-07-29 06:00:00+00:00,29.5,73,976.7,1.16
Lahore,31.5497,74.3436,2026-07-29 07:00:00+00:00,30.3,73,976.4,1.03
Lahore,31.5497,74.3436,2026-07-29 08:00:00+00:00,31.0,72,975.7,1.32
Lahore,31.5497,74.3436,2026-07-29 09:00:00+00:00,31.8,70,974.9,0.96
Lahore,31.5497,74.3436,2026-07-29 10:00:00+00:00,32.4,67,974.0,1.14
Lahore,31.5497,74.3436,2026-07-29 11:00:00+00:00,32.1,69,973.4,1.54
Lahore,31.5497,74.3436,2026-07-29 12:00:00+00:00,32.3,66,973.1,1.08
Lahore,31.5497,74.3436,2026-07-29 13:00:00+00:00,31.6,70,972.9,0.89
Lahore,31.5497,74.3436,2026-07-29 14:00:00+00:00,30.5,79,973.1,0.85
Lahore,31.5497,74.3436,2026-07-29 15:00:00+00:00,29.7,83,973.6,1.0
Lahore,31.5497,74.3436,2026-07-29 16:00:00+00:00,29.3,83,974.1,1.32
Lahore,31.5497,74.3436,2026-07-29 17:00:00+00:00,28.9,83,974.4,1.66
Lahore,31.5497,74.3436,2026-07-29 18:00:00+00:00,29.3,84,974.2,1.51
Lahore,31.5497,74.3436,2026-07-29 19:00:00+00:00,28.6,86,974.1,1.56
Lahore,31.5497,74.3436,2026-07-29 20:00:00+00:00,28.3,86,974.1,1.21
Lahore,31.5497,74.3436,2026-07-29 21:00:00+00:00,28.1,87,973.7,1.12
Lahore,31.5497,74.3436,2026-07-29 22:00:00+00:00,27.9,88,973.1,1.8
Lahore,31.5497,74.3436,2026-07-29 23:00:00+00:00,27.7,89,973.1,1.5
Lahore,31.5497,74.3436,2026-07-30 00:00:00+00:00,27.1,95,973.1,1.99
Lahore,31.5497,74.3436,2026-07-30 01:00:00+00:00,26.8,94,973.7,1.44
Lahore,31.5497,74.3436,2026-07-30 02:00:00+00:00,27.2,91,974.1,1.79
Lahore,31.5497,74.3436,2026-07-30 03:00:00+00:00,28.3,84,974.4,1.59
Lahore,31.5497,74.3436,2026-07-30 04:00:00+00:00,29.9,77,974.3,2.47
Lahore,31.5497,74.3436,2026-07-30 05:00:00+00:00,31.3,72,974.5,1.48
Lahore,31.5497,74.3436,2026-07-30 06:00:00+00:00,33.2,66,974.6,0.89
Lahore,31.5497,74.3436,2026-07-30 07:00:00+00:00,33.8,65,974.6,0.85
Lahore,31.5497,74.3436,2026-07-30 08:00:00+00:00,34.2,65,974.2,1.01
Lahore,31.5497,74.3436,2026-07-30 09:00:00+00:00,32.6,72,973.7,2.34
Lahore,31.5497,74.3436,2026-07-30 10:00:00+00:00,32.3,75,972.8,2.14
Lahore,31.5497,74.3436,2026-07-30 11:00:00+00:00,32.8,73,972.5,0.45
Lahore,31.5497,74.3436,2026-07-30 12:00:00+00:00,32.2,73,972.4,2.02
Lahore,31.5497,74.3436,2026-07-30 13:00:00+00:00,31.3,77,972.4,1.41
Lahore,31.5497,74.3436,2026-07-30 14:00:00+00:00,29.0,86,973.3,2.06
Lahore,31.5497,74.3436,2026-07-30 15:00:00+00:00,27.6,95,973.5,0.96
Lahore,31.5497,74.3436,2026-07-30 16:00:00+00:00,27.9,94,974.0,0.92
Lahore,31.5497,74.3436,2026-07-30 17:00:00+00:00,28.4,92,974.4,2.01
Lahore,31.5497,74.3436,2026-07-30 18:00:00+00:00,28.8,90,974.5,2.54
Lahore,31.5497,74.3436,2026-07-30 19:00:00+00:00,28.3,92,974.3,2.53
Lahore,31.5497,74.3436,2026-07-30 20:00:00+00:00,28.2,94,974.2,2.53
Lahore,31.5497,74.3436,2026-07-30 21:00:00+00:00,28.0,94,974.2,2.21
Lahore,31.5497,74.3436,2026-07-30 22:00:00+00:00,27.9,93,974.1,2.06
Lahore,31.5497,74.3436,2026-07-30 23:00:00+00:00,27.1,95,974.5,2.46
Lahore,31.5497,74.3436,2026-07-31 00:00:00+00:00,26.3,91,974.9,4.27
Lahore,31.5497,74.3436,2026-07-31 01:00:00+00:00,25.8,93,974.7,1.43
Lahore,31.5497,74.3436,2026-07-31 02:00:00+00:00,26.2,91,975.6,2.89
Lahore,31.5497,74.3436,2026-07-31 03:00:00+00:00,25.4,94,976.5,2.82
Lahore,31.5497,74.3436,2026-07-31 04:00:00+00:00,25.8,95,976.7,2.7
Lahore,31.5497,74.3436,2026-07-31 05:00:00+00:00,28.3,85,977.1,2.33
Lahore,31.5497,74.3436,2026-07-31 06:00:00+00:00,31.0,80,976.4,3.09
Lahore,31.5497,74.3436,2026-07-31 07:00:00+00:00,29.3,83,976.9,2.41
Lahore,31.5497,74.3436,2026-07-31 08:00:00+00:00,30.7,80,976.4,0.92
Lahore,31.5497,74.3436,2026-07-31 09:00:00+00:00,31.7,77,975.4,1.77
Lahore,31.5497,74.3436,2026-07-31 10:00:00+00:00,31.7,77,974.5,1.66
Lahore,31.5497,74.3436,2026-07-31 11:00:00+00:00,31.1,77,974.1,1.87
Lahore,31.5497,74.3436,2026-07-31 12:00:00+00:00,30.4,80,974.2,1.98
Lahore,31.5497,74.3436,2026-07-31 13:00:00+00:00,29.7,84,974.2,2.53
Lahore,31.5497,74.3436,2026-07-31 14:00:00+00:00,29.4,85,974.2,2.58
Lahore,31.5497,74.3436,2026-07-31 15:00:00+00:00,29.2,86,974.8,2.55
Lahore,31.5497,74.3436,2026-07-31 16:00:00+00:00,28.9,87,975.4,2.5
Lahore,31.5497,74.3436,2026-07-31 17:00:00+00:00,28.4,87,975.8,2.2
Lahore,31.5497,74.3436,2026-07-31 18:00:00+00:00,28.0,88,975.9,2.43
Lahore,31.5497,74.3436,2026-07-31 19:00:00+00:00,27.7,88,975.8,2.19
Lahore,31.5497,74.3436,2026-07-31 20:00:00+00:00,27.7,88,975.9,1.82
Lahore,31.5497,74.3436,2026-07-31 21:00:00+00:00,27.6,89,975.6,1.84
Lahore,31.5497,74.3436,2026-07-31 22:00:00+00:00,27.6,89,975.6,1.87
Lahore,31.5497,74.3436,2026-07-31 23:00:00+00:00,27.5,88,975.5,1.99
Lahore,31.5497,74.3436,2026-08-01 00:00:00+00:00,27.9,88,975.5,2.05
Lahore,31.5497,74.3436,2026-08-01 01:00:00+00:00,27.8,88,975.8,2.04
Lahore,31.5497,74.3436,2026-08-01 02:00:00+00:00,28.4,85,976.4,2.45
Lahore,31.5497,74.3436,2026-08-01 03:00:00+00:00,28.6,82,977.0,4.28
Lahore,31.5497,74.3436,2026-08-01 04:00:00+00:00,28.1,84,976.7,3.29
Lahore,31.5497,74.3436,2026-08-01 05:00:00+00:00,29.5,82,976.5,2.18
Lahore,31.5497,74.3436,2026-08-01 06:00:00+00:00,31.1,74,976.7,1.75
Lahore,31.5497,74.3436,2026-08-01 07:00:00+00:00,32.2,68,975.8,1.77
Lahore,31.5497,74.3436,2026-08-01 08:00:00+00:00,33.0,62,975.2,2.15
Lahore,31.5497,74.3436,2026-08-01 09:00:00+00:00,33.4,61,974.4,1.66
Lahore,31.5497,74.3436,2026-08-01 10:00:00+00:00,33.4,62,973.6,1.32
Lahore,31.5497,74.3436,2026-08-01 11:00:00+00:00,33.2,63,973.1,1.07
Lahore,31.5497,74.3436,2026-08-01 12:00:00+00:00,32.5,66,973.3,0.61
Lahore,31.5497,74.3436,2026-08-01 13:00:00+00:00,32.1,68,973.3,0.52
Lahore,31.5497,74.3436,2026-08-01 14:00:00+00:00,31.1,81,973.5,0.07
Lahore,31.5497,74.3436,2026-08-01 15:00:00+00:00,30.4,85,974.0,0.78
Lahore,31.5497,74.3436,2026-08-01 16:00:00+00:00,29.8,86,974.7,1.21
Lahore,31.5497,74.3436,2026-08-01 17:00:00+00:00,29.4,88,975.1,1.35
Lahore,31.5497,74.3436,2026-08-01 18:00:00+00:00,29.6,86,974.8,1.61
Lahore,31.5497,74.3436,2026-08-01 19:00:00+00:00,29.3,86,974.9,1.5
Lahore,31.5497,74.3436,2026-08-01 20:00:00+00:00,29.1,85,975.1,1.85
Lahore,31.5497,74.3436,2026-08-01 21:00:00+00:00,29.0,85,975.3,2.15
Lahore,31.5497,74.3436,2026-08-01 22:00:00+00:00,28.7,87,975.3,1.88
Lahore,31.5497,74.3436,2026-08-01 23:00:00+00:00,28.4,89,975.1,1.66
Lahore,31.5497,74.3436,2026-08-02 00:00:00+00:00,28.5,84,975.6,1.98
Lahore,31.5497,74.3436,2026-08-02 01:00:00+00:00,28.1,85,975.9,1.9
Lahore,31.5497,74.3436,2026-08-02 02:00:00+00:00,28.4,88,976.6,1.1
Lahore,31.5497,74.3436,2026-08-02 03:00:00+00:00,29.4,85,977.0,0.76
Lahore,31.5497,74.3436,2026-08-02 04:00:00+00:00,30.5,79,976.8,1.03
Lahore,31.5497,74.3436,2026-08-02 05:00:00+00:00,31.4,75,976.6,1.76
Lahore,31.5497,74.3436,2026-08-02 06:00:00+00:00,31.6,72,976.5,1.16
Lahore,31.5497,74.3436,2026-08-02 07:00:00+00:00,32.8,67,976.3,1.71
Lahore,31.5497,74.3436,2026-08-02 08:00:00+00:00,33.5,65,975.7,0.91
Lahore,31.5497,74.3436,2026-08-02 09:00:00+00:00,33.9,64,975.1,1.28
Lahore,31.5497,74.3436,2026-08-02 10:00:00+00:00,34.0,63,974.2,1.15
Lahore,31.5497,74.3436,2026-08-02 11:00:00+00:00,33.9,64,973.7,1.11
Lahore,31.5497,74.3436,2026-08-02 12:00:00+00:00,34.3,62,973.6,1.48
Lahore,31.5497,74.3436,2026-08-02 13:00:00+00:00,33.4,68,974.0,0.99
Lahore,31.5497,74.3436,2026-08-02 14:00:00+00:00,32.1,74,974.5,1.39
Lahore,31.5497,74.3436,2026-08-02 15:00:00+00:00,31.4,76,975.2,1.41
Lahore,31.5497,74.3436,2026-08-02 16:00:00+00:00,30.8,79,976.0,2.27
Lahore,31.5497,74.3436,2026-08-02 17:00:00+00:00,29.9,83,976.1,2.33
Lahore,31.5497,74.3436,2026-08-02 18:00:00+00:00,29.9,82,976.0,1.87
Lahore,31.5497,74.3436,2026-08-02 19:00:00+00:00,29.3,82,975.7,1.25
Lahore,31.5497,74.3436,2026-08-02 20:00:00+00:00,29.0,84,975.2,1.55
Lahore,31.5497,74.3436,2026-08-02 21:00:00+00:00,28.8,87,975.0,1.6
Lahore,31.5497,74.3436,2026-08-02 22:00:00+00:00,28.7,88,975.0,1.66
Lahore,31.5497,74.3436,2026-08-02 23:00:00+00:00,28.3,90,975.1,0.86
Lahore,31.5497,74.3436,2026-08-03 00:00:00+00:00,29.3,86,974.8,1.54
Lahore,31.5497,74.3436,2026-08-03 01:00:00+00:00,29.1,87,975.1,1.29
Lahore,31.5497,74.3436,2026-08-03 02:00:00+00:00,29.0,87,975.6,2.62
Lahore,31.5497,74.3436,2026-08-03 03:00:00+00:00,30.3,80,975.6,1.46
Lahore,31.5497,74.3436,2026-08-03 04:00:00+00:00,32.1,72,976.1,1.75
Lahore,31.5497,74.3436,2026-08-03 05:00:00+00:00,33.3,68,976.7,1.55
Lahore,31.5497,74.3436,2026-08-03 06:00:00+00:00,35.2,55,976.6,1.3
Lahore,31.5497,74.3436,2026-08-03 07:00:00+00:00,35.2,57,976.1,1.37
Lahore,31.5497,74.3436,2026-08-03 08:00:00+00:00,33.0,69,976.1,2.21
Lahore,31.5497,74.3436,2026-08-03 09:00:00+00:00,34.5,63,975.9,2.11
Lahore,31.5497,74.3436,2026-08-03 10:00:00+00:00,33.9,64,975.1,1.94
Lahore,31.5497,74.3436,2026-08-03 11:00:00+00:00,31.3,76,974.9,1.55
Lahore,31.5497,74.3436,2026-08-03 12:00:00+00:00,29.2,80,975.4,1.1
Lahore,31.5497,74.3436,2026-08-03 13:00:00+00:00,28.9,81,975.4,1.23
Lahore,31.5497,74.3436,2026-08-03 14:00:00+00:00,28.4,83,975.7,1.5
Lahore,31.5497,74.3436,2026-08-03 15:00:00+00:00,28.1,85,976.2,1.15
Lahore,31.5497,74.3436,2026-08-03 16:00:00+00:00,27.9,87,976.8,0.87
Lahore,31.5497,74.3436,2026-08-03 17:00:00+00:00,27.7,89,976.8,0.9
Lahore,31.5497,74.3436,2026-08-03 18:00:00+00:00,27.9,91,976.9,1.48
Lahore,31.5497,74.3436,2026-08-03 19:00:00+00:00,27.6,91,976.6,1.63
Lahore,31.5497,74.3436,2026-08-03 20:00:00+00:00,27.5,91,976.6,1.62
Lahore,31.5497,74.3436,2026-08-03 21:00:00+00:00,27.4,92,976.7,1.07
Lahore,31.5497,74.3436,2026-08-03 22:00:00+00:00,27.2,93,976.7,0.81
Lahore,31.5497,74.3436,2026-08-03 23:00:00+00:00,26.9,95,976.9,0.95
Lahore,31.5497,74.3436,2026-08-04 00:00:00+00:00,27.6,95,976.8,0.71
Lahore,31.5497,74.3436,2026-08-04 01:00:00+00:00,27.4,95,976.7,0.76
Lahore,31.5497,74.3436,2026-08-04 02:00:00+00:00,28.0,92,977.3,0.47
Lahore,31.5497,74.3436,2026-08-04 03:00:00+00:00,29.2,86,977.7,0.63
Lahore,31.5497,74.3436,2026-08-04 04:00:00+00:00,30.1,82,978.4,1.64
Lahore,31.5497,74.3436,2026-08-04 05:00:00+00:00,31.0,77,978.5,1.14
Lahore,31.5497,74.3436,2026-08-04 06:00:00+00:00,32.0,70,978.7,0.25
Lahore,31.5497,74.3436,2026-08-04 07:00:00+00:00,32.5,71,978.5,0.38
Lahore,31.5497,74.3436,2026-08-04 08:00:00+00:00,33.0,69,977.8,0.25
Lahore,31.5497,74.3436,2026-08-04 09:00:00+00:00,33.0,69,977.0,0.18
Lahore,31.5497,74.3436,2026-08-04 10:00:00+00:00,33.3,68,976.1,0.3
Lahore,31.5497,74.3436,2026-08-04 11:00:00+00:00,32.8,71,975.1,1.03
Lahore,31.5497,74.3436,2026-08-04 12:00:00+00:00,30.4,81,975.2,0.41
Lahore,31.5497,74.3436,2026-08-04 13:00:00+00:00,30.7,80,975.1,0.76
Lahore,31.5497,74.3436,2026-08-04 14:00:00+00:00,30.2,85,975.4,0.6
Lahore,31.5497,74.3436,2026-08-04 15:00:00+00:00,29.8,88,975.9,0.87
Lahore,31.5497,74.3436,2026-08-04 16:00:00+00:00,29.4,89,976.4,1.03
Lahore,31.5497,74.3436,2026-08-04 17:00:00+00:00,28.9,91,976.4,1.15
Lahore,31.5497,74.3436,2026-08-04 18:00:00+00:00,30.5,83,975.8,1.8
Lahore,31.5497,74.3436,2026-08-04 19:00:00+00:00,30.0,82,975.4,0.11
Lahore,31.5497,74.3436,2026-08-04 20:00:00+00:00,27.1,92,975.2,2.46
Lahore,31.5497,74.3436,2026-08-04 21:00:00+00:00,26.9,93,975.3,1.44
Lahore,31.5497,74.3436,2026-08-04 22:00:00+00:00,26.5,96,975.1,1.59
Lahore,31.5497,74.3436,2026-08-04 23:00:00+00:00,26.3,97,975.1,2.01
Lahore,31.5497,74.3436,2026-08-05 00:00:00+00:00,28.3,89,974.4,1.18
Lahore,31.5497,74.3436,2026-08-05 01:00:00+00:00,27.8,92,974.6,0.88
Lahore,31.5497,74.3436,2026-08-05 02:00:00+00:00,28.6,88,974.9,1.21
Lahore,31.5497,74.3436,2026-08-05 03:00:00+00:00,29.6,83,974.9,1.33
Lahore,31.5497,74.3436,2026-08-05 04:00:00+00:00,30.9,77,975.2,0.95
Lahore,31.5497,74.3436,2026-08-05 05:00:00+00:00,32.0,71,975.0,1.1
Lahore,31.5497,74.3436,2026-08-05 06:00:00+00:00,33.5,59,975.0,0.87
Lahore,31.5497,74.3436,2026-08-05 07:00:00+00:00,34.0,59,974.2,0.76
Lahore,31.5497,74.3436,2026-08-05 08:00:00+00:00,34.4,56,973.7,0.67
Lahore,31.5497,74.3436,2026-08-05 09:00:00+00:00,34.6,56,973.2,0.78
Lahore,31.5497,74.3436,2026-08-05 10:00:00+00:00,34.6,58,972.4,0.95
Lahore,31.5497,74.3436,2026-08-05 11:00:00+00:00,34.3,59,971.8,1.08
Lahore,31.5497,74.3436,2026-08-05 12:00:00+00:00,33.2,69,971.6,1.45
Lahore,31.5497,74.3436,2026-08-05 13:00:00+00:00,32.4,76,971.9,1.56
Lahore,31.5497,74.3436,2026-08-05 14:00:00+00:00,31.2,81,972.4,1.6
Lahore,31.5497,74.3436,2026-08-05 15:00:00+00:00,30.5,82,972.9,1.52
Lahore,31.5497,74.3436,2026-08-05 16:00:00+00:00,30.2,79,973.6,2.1
Lahore,31.5497,74.3436,2026-08-05 17:00:00+00:00,29.7,80,973.8,1.73
Lahore,31.5497,74.3436,2026-08-05 18:00:00+00:00,30.4,83,973.2,1.98
Lahore,31.5497,74.3436,2026-08-05 19:00:00+00:00,29.8,85,972.9,2.18
Lahore,31.5497,74.3436,2026-08-05 20:00:00+00:00,24.3,96,973.8,4.04
Lahore,31.5497,74.3436,2026-08-05 21:00:00+00:00,24.7,97,973.2,1.71
Lahore,31.5497,74.3436,2026-08-05 22:00:00+00:00,24.5,95,973.0,2.56
Lahore,31.5497,74.3436,2026-08-05 23:00:00+00:00,24.9,96,973.5,2.14
Lahore,31.5497,74.3436,2026-08-06 00:00:00+00:00,26.2,90,973.1,2.31
Lahore,31.5497,74.3436,2026-08-06 01:00:00+00:00,26.6,90,974.0,1.35
Lahore,31.5497,74.3436,2026-08-06 02:00:00+00:00,27.4,89,973.9,1.27
Lahore,31.5497,74.3436,2026-08-06 03:00:00+00:00,29.1,82,974.1,1.96
Lahore,31.5497,74.3436,2026-08-06 04:00:00+00:00,30.6,75,974.4,2.3
Lahore,31.5497,74.3436,2026-08-06 05:00:00+00:00,32.0,72,974.6,2.79
Lahore,31.5497,74.3436,2026-08-06 06:00:00+00:00,32.1,68,975.3,2.84
Lahore,31.5497,74.3436,2026-08-06 07:00:00+00:00,33.1,64,975.3,1.82
Lahore,31.5497,74.3436,2026-08-06 08:00:00+00:00,33.8,61,974.9,1.3
Lahore,31.5497,74.3436,2026-08-06 09:00:00+00:00,34.3,60,974.3,1.17
Lahore,31.5497,74.3436,2026-08-06 10:00:00+00:00,34.3,60,973.8,1.0
Lahore,31.5497,74.3436,2026-08-06 11:00:00+00:00,34.1,60,973.1,1.63
Lahore,31.5497,74.3436,2026-08-06 12:00:00+00:00,33.5,58,973.4,1.53
Lahore,31.5497,74.3436,2026-08-06 13:00:00+00:00,32.3,68,973.7,1.68
Lahore,31.5497,74.3436,2026-08-06 14:00:00+00:00,30.9,73,974.3,1.99
Lahore,31.5497,74.3436,2026-08-06 15:00:00+00:00,30.2,75,975.1,2.15
Lahore,31.5497,74.3436,2026-08-06 16:00:00+00:00,29.7,78,975.5,2.91
Lahore,31.5497,74.3436,2026-08-06 17:00:00+00:00,29.1,81,975.9,3.18
Lahore,31.5497,74.3436,2026-08-06 18:00:00+00:00,29.0,85,975.9,2.76
Lahore,31.5497,74.3436,2026-08-06 19:00:00+00:00,28.3,89,975.1,2.62
Lahore,31.5497,74.3436,2026-08-06 20:00:00+00:00,28.0,91,975.2,2.46
Lahore,31.5497,74.3436,2026-08-06 21:00:00+00:00,27.7,92,975.6,1.91
Lahore,31.5497,74.3436,2026-08-06 22:00:00+00:00,27.3,94,975.7,1.69
Lahore,31.5497,74.3436,2026-08-06 23:00:00+00:00,26.7,95,976.1,1.53
Lahore,31.5497,74.3436,2026-08-07 00:00:00+00:00,23.9,96,976.3,3.08
Lahore,31.5497,74.3436,2026-08-07 01:00:00+00:00,24.8,94,976.0,2.54
Lahore,31.5497,74.3436,2026-08-07 02:00:00+00:00,25.6,91,975.9,1.53
Lahore,31.5497,74.3436,2026-08-07 03:00:00+00:00,27.1,85,976.2,2.48
Lahore,31.5497,74.3436,2026-08-07 04:00:00+00:00,28.9,76,976.6,2.83
Lahore,31.5497,74.3436,2026-08-07 05:00:00+00:00,30.2,73,976.8,2.68
Lahore,31.5497,74.3436,2026-08-07 06:00:00+00:00,31.4,67,977.1,2.11
Lahore,31.5497,74.3436,2026-08-07 07:00:00+00:00,32.4,64,976.7,1.96
Lahore,31.5497,74.3436,2026-08-07 08:00:00+00:00,32.7,62,976.2,1.35
Lahore,31.5497,74.3436,2026-08-07 09:00:00+00:00,33.4,59,975.7,1.06
Lahore,31.5497,74.3436,2026-08-07 10:00:00+00:00,33.6,57,975.1,1.0
Lahore,31.5497,74.3436,2026-08-07 11:00:00+00:00,33.6,57,974.4,1.45
Lahore,31.5497,74.3436,2026-08-07 12:00:00+00:00,32.0,60,974.3,2.6
Lahore,31.5497,74.3436,2026-08-07 13:00:00+00:00,31.0,65,974.5,2.47
Lahore,31.5497,74.3436,2026-08-07 14:00:00+00:00,30.0,73,974.9,1.06
Lahore,31.5497,74.3436,2026-08-07 15:00:00+00:00,29.8,75,975.3,0.71
Lahore,31.5497,74.3436,2026-08-07 16:00:00+00:00,29.0,81,975.9,0.86
Lahore,31.5497,74.3436,2026-08-07 17:00:00+00:00,28.6,83,976.4,0.87
Lahore,31.5497,74.3436,2026-08-07 18:00:00+00:00,29.3,83,976.0,0.85
Lahore,31.5497,74.3436,2026-08-07 19:00:00+00:00,28.5,85,976.1,1.07
Lahore,31.5497,74.3436,2026-08-07 20:00:00+00:00,28.1,86,976.2,1.03
Lahore,31.5497,74.3436,2026-08-07 21:00:00+00:00,27.9,87,975.9,0.57
Lahore,31.5497,74.3436,2026-08-07 22:00:00+00:00,27.5,89,975.9,0.47
Lahore,31.5497,74.3436,2026-08-07 23:00:00+00:00,27.2,91,975.8,0.4
Lahore,31.5497,74.3436,2026-08-08 00:00:00+00:00,28.0,84,975.7,1.51
Lahore,31.5497,74.3436,2026-08-08 01:00:00+00:00,27.7,87,976.3,2.0
Lahore,31.5497,74.3436,2026-08-08 02:00:00+00:00,27.8,90,976.9,2.0
Lahore,31.5497,74.3436,2026-08-08 03:00:00+00:00,25.6,94,978.0,3.27
Lahore,31.5497,74.3436,2026-08-08 04:00:00+00:00,27.8,89,977.9,1.1
Lahore,31.5497,74.3436,2026-08-08 05:00:00+00:00,30.3,78,978.1,2.36
Lahore,31.5497,74.3436,2026-08-08 06:00:00+00:00,29.9,71,979.1,3.13
Lahore,31.5497,74.3436,2026-08-08 07:00:00+00:00,29.8,72,978.8,2.91
Lahore,31.5497,74.3436,2026-08-08 08:00:00+00:00,29.5,72,978.3,2.88
Lahore,31.5497,74.3436,2026-08-08 09:00:00+00:00,28.6,73,977.8,2.09
Lahore,31.5497,74.3436,2026-08-08 10:00:00+00:00,28.0,78,977.4,1.93
Lahore,31.5497,74.3436,2026-08-08 11:00:00+00:00,27.0,86,976.6,1.63
Lahore,31.5497,74.3436,2026-08-08 12:00:00+00:00,30.0,70,976.9,1.14
Lahore,31.5497,74.3436,2026-08-08 13:00:00+00:00,29.3,75,976.7,1.54
Lahore,31.5497,74.3436,2026-08-08 14:00:00+00:00,28.4,80,976.9,1.46
Lahore,31.5497,74.3436,2026-08-08 15:00:00+00:00,27.9,84,977.1,1.35
Lahore,31.5497,74.3436,2026-08-08 16:00:00+00:00,27.5,87,978.0,1.43
Lahore,31.5497,74.3436,2026-08-08 17:00:00+00:00,27.3,89,978.4,1.02
Lahore,31.5497,74.3436,2026-08-08 18:00:00+00:00,27.9,87,978.2,1.32
Lahore,31.5497,74.3436,2026-08-08 19:00:00+00:00,27.5,89,978.2,0.62
Lahore,31.5497,74.3436,2026-08-08 20:00:00+00:00,27.5,89,978.0,0.71
Lahore,31.5497,74.3436,2026-08-08 21:00:00+00:00,27.4,90,978.0,0.39
Lahore,31.5497,74.3436,2026-08-08 22:00:00+00:00,27.3,91,978.0,0.35
Lahore,31.5497,74.3436,2026-08-08 23:00:00+00:00,27.1,92,977.9,0.83
Lahore,31.5497,74.3436,2026-08-09 00:00:00+00:00,27.5,92,977.9,1.05
Lahore,31.5497,74.3436,2026-08-09 01:00:00+00:00,27.3,93,978.1,1.11
Lahore,31.5497,74.3436,2026-08-09 02:00:00+00:00,28.4,86,978.4,1.13
Lahore,31.5497,74.3436,2026-08-09 03:00:00+00:00,29.5,78,979.0,1.24
Lahore,31.5497,74.3436,2026-08-09 04:00:00+00:00,30.1,76,979.4,1.11
Lahore,31.5497,74.3436,2026-08-09 05:00:00+00:00,30.8,74,979.2,0.72
Lahore,31.5497,74.3436,2026-08-09 06:00:00+00:00,30.9,67,979.4,0.15
Lahore,31.5497,74.3436,2026-08-09 07:00:00+00:00,30.2,72,979.1,0.82
Lahore,31.5497,74.3436,2026-08-09 08:00:00+00:00,30.3,73,978.5,1.54
Lahore,31.5497,74.3436,2026-08-09 09:00:00+00:00,30.1,74,977.9,1.5
Lahore,31.5497,74.3436,2026-08-09 10:00:00+00:00,31.0,72,977.2,1.57
Lahore,31.5497,74.3436,2026-08-09 11:00:00+00:00,31.4,71,976.4,1.38
Lahore,31.5497,74.3436,2026-08-09 12:00:00+00:00,31.4,70,975.9,1.71
Lahore,31.5497,74.3436,2026-08-09 13:00:00+00:00,31.0,72,975.6,0.85
Lahore,31.5497,74.3436,2026-08-09 14:00:00+00:00,30.4,77,975.8,0.39
Lahore,31.5497,74.3436,2026-08-09 15:00:00+00:00,29.8,81,976.3,0.63
Lahore,31.5497,74.3436,2026-08-09 16:00:00+00:00,29.4,85,977.0,0.47
Lahore,31.5497,74.3436,2026-08-09 17:00:00+00:00,29.0,88,977.2,0.5
Lahore,31.5497,74.3436,2026-08-09 18:00:00+00:00,29.3,85,976.9,0.76
Lahore,31.5497,74.3436,2026-08-09 19:00:00+00:00,28.5,88,976.9,0.93
Lahore,31.5497,74.3436,2026-08-09 20:00:00+00:00,28.2,88,976.7,0.97
Lahore,31.5497,74.3436,2026-08-09 21:00:00+00:00,28.0,88,976.5,0.9
Lahore,31.5497,74.3436,2026-08-09 22:00:00+00:00,27.8,89,976.1,1.01
Lahore,31.5497,74.3436,2026-08-09 23:00:00+00:00,27.6,90,976.1,0.85
Lahore,31.5497,74.3436,2026-08-10 00:00:00+00:00,28.4,88,976.0,0.85
Lahore,31.5497,74.3436,2026-08-10 01:00:00+00:00,28.3,89,976.5,0.87
Lahore,31.5497,74.3436,2026-08-10 02:00:00+00:00,28.8,86,976.4,0.21
Lahore,31.5497,74.3436,2026-08-10 03:00:00+00:00,30.0,81,976.8,0.4
Lahore,31.5497,74.3436,2026-08-10 04:00:00+00:00,31.1,74,976.7,1.08
Lahore,31.5497,74.3436,2026-08-10 05:00:00+00:00,32.0,70,976.7,1.46
Lahore,31.5497,74.3436,2026-08-10 06:00:00+00:00,33.1,66,976.9,1.25
Lahore,31.5497,74.3436,2026-08-10 07:00:00+00:00,33.8,63,976.8,1.25
Lahore,31.5497,74.3436,2026-08-10 08:00:00+00:00,34.3,62,976.0,1.23
Lahore,31.5497,74.3436,2026-08-10 09:00:00+00:00,34.4,62,975.0,1.3
Lahore,31.5497,74.3436,2026-08-10 10:00:00+00:00,34.5,63,974.4,1.11
Lahore,31.5497,74.3436,2026-08-10 11:00:00+00:00,34.3,64,973.7,0.72
Lahore,31.5497,74.3436,2026-08-10 12:00:00+00:00,33.8,61,974.2,1.53
Lahore,31.5497,74.3436,2026-08-10 13:00:00+00:00,32.8,70,973.9,1.81
Lahore,31.5497,74.3436,2026-08-10 14:00:00+00:00,31.6,76,974.2,1.97
Lahore,31.5497,74.3436,2026-08-10 15:00:00+00:00,31.1,77,975.0,1.73
Lahore,31.5497,74.3436,2026-08-10 16:00:00+00:00,30.7,78,975.7,1.63
Lahore,31.5497,74.3436,2026-08-10 17:00:00+00:00,30.1,81,976.0,1.17
Lahore,31.5497,74.3436,2026-08-10 18:00:00+00:00,30.2,82,975.4,2.23
Lahore,31.5497,74.3436,2026-08-10 19:00:00+00:00,29.5,86,975.3,2.3
Lahore,31.5497,74.3436,2026-08-10 20:00:00+00:00,29.0,90,975.1,1.67
Lahore,31.5497,74.3436,2026-08-10 21:00:00+00:00,28.7,92,975.0,2.16
Lahore,31.5497,74.3436,2026-08-10 22:00:00+00:00,28.4,94,975.1,2.02
Lahore,31.5497,74.3436,2026-08-10 23:00:00+00:00,28.3,94,975.1,1.78
Lahore,31.5497,74.3436,2026-08-11 00:00:00+00:00,27.4,91,975.4,2.15
Lahore,31.5497,74.3436,2026-08-11 01:00:00+00:00,27.3,92,976.2,2.65
Lahore,31.5497,74.3436,2026-08-11 02:00:00+00:00,27.8,90,976.1,1.9
Lahore,31.5497,74.3436,2026-08-11 03:00:00+00:00,28.8,87,976.6,2.14
Lahore,31.5497,74.3436,2026-08-11 04:00:00+00:00,30.5,80,977.1,2.23
Lahore,31.5497,74.3436,2026-08-11 05:00:00+00:00,32.1,75,977.2,2.14
Lahore,31.5497,74.3436,2026-08-11 06:00:00+00:00,33.0,71,977.4,1.49
Lahore,31.5497,74.3436,2026-08-11 07:00:00+00:00,32.5,71,977.1,2.02
Lahore,31.5497,74.3436,2026-08-11 08:00:00+00:00,33.3,66,976.3,1.42
Lahore,31.5497,74.3436,2026-08-11 09:00:00+00:00,33.2,64,975.9,2.29
Lahore,31.5497,74.3436,2026-08-11 10:00:00+00:00,32.6,71,975.2,2.45
Lahore,31.5497,74.3436,2026-08-11 11:00:00+00:00,32.3,75,974.3,2.36
Lahore,31.5497,74.3436,2026-08-11 12:00:00+00:00,32.4,72,974.7,1.91
Lahore,31.5497,74.3436,2026-08-11 13:00:00+00:00,29.9,84,974.9,2.66
Lahore,31.5497,74.3436,2026-08-11 14:00:00+00:00,29.1,87,975.0,2.46
Lahore,31.5497,74.3436,2026-08-11 15:00:00+00:00,29.0,87,976.0,2.39
Lahore,31.5497,74.3436,2026-08-11 16:00:00+00:00,28.8,88,976.9,1.72
Lahore,31.5497,74.3436,2026-08-11 17:00:00+00:00,28.6,90,977.2,1.66
Lahore,31.5497,74.3436,2026-08-11 18:00:00+00:00,28.8,91,976.9,2.15
Lahore,31.5497,74.3436,2026-08-11 19:00:00+00:00,28.2,93,977.1,2.07
Lahore,31.5497,74.3436,2026-08-11 20:00:00+00:00,28.0,94,977.0,2.01
Lahore,31.5497,74.3436,2026-08-11 21:00:00+00:00,27.8,94,977.1,1.81
Lahore,31.5497,74.3436,2026-08-11 22:00:00+00:00,27.5,95,977.3,2.15
Lahore,31.5497,74.3436,2026-08-11 23:00:00+00:00,27.3,95,977.5,2.13
Lahore,31.5497,74.3436,2026-08-12 00:00:00+00:00,27.9,94,977.6,1.54
Lahore,31.5497,74.3436,2026-08-12 01:00:00+00:00,27.7,95,978.2,1.39
Lahore,31.5497,74.3436,2026-08-12 02:00:00+00:00,28.5,91,978.6,1.65
Lahore,31.5497,74.3436,2026-08-12 03:00:00+00:00,29.7,84,978.7,1.52
Lahore,31.5497,74.3436,2026-08-12 04:00:00+00:00,31.0,77,978.8,1.35
Lahore,31.5497,74.3436,2026-08-12 05:00:00+00:00,32.1,71,978.6,1.39
Lahore,31.5497,74.3436,2026-08-12 06:00:00+00:00,33.1,68,978.6,1.32
Lahore,31.5497,74.3436,2026-08-12 07:00:00+00:00,33.9,63,977.7,1.34
Lahore,31.5497,74.3436,2026-08-12 08:00:00+00:00,34.5,61,976.8,1.14
Lahore,31.5497,74.3436,2026-08-12 09:00:00+00:00,34.8,59,976.1,1.28
Lahore,31.5497,74.3436,2026-08-12 10:00:00+00:00,35.2,57,975.6,0.93
Lahore,31.5497,74.3436,2026-08-12 11:00:00+00:00,35.3,56,975.0,0.75
Lahore,31.5497,74.3436,2026-08-12 12:00:00+00:00,35.0,57,975.0,1.13
Lahore,31.5497,74.3436,2026-08-12 13:00:00+00:00,34.0,66,975.1,0.92
Lahore,31.5497,74.3436,2026-08-12 14:00:00+00:00,32.5,74,975.7,1.01
Lahore,31.5497,74.3436,2026-08-12 15:00:00+00:00,31.6,78,976.6,1.2
Lahore,31.5497,74.3436,2026-08-12 16:00:00+00:00,31.1,80,977.7,1.06
Lahore,31.5497,74.3436,2026-08-12 17:00:00+00:00,30.8,80,978.1,1.05
Lahore,31.5497,74.3436,2026-08-12 18:00:00+00:00,31.1,78,978.3,1.21
Lahore,31.5497,74.3436,2026-08-12 19:00:00+00:00,30.6,80,978.4,1.08
Lahore,31.5497,74.3436,2026-08-12 20:00:00+00:00,30.3,82,978.2,1.03
Lahore,31.5497,74.3436,2026-08-12 21:00:00+00:00,29.8,84,977.8,0.94
Lahore,31.5497,74.3436,2026-08-12 22:00:00+00:00,29.5,86,977.7,1.03
Lahore,31.5497,74.3436,2026-08-12 23:00:00+00:00,29.2,87,977.2,0.83
Lahore,31.5497,74.3436,2026-08-13 00:00:00+00:00,29.9,88,977.5,0.57
Lahore,31.5497,74.3436,2026-08-13 01:00:00+00:00,29.7,87,977.8,0.46
Lahore,31.5497,74.3436,2026-08-13 02:00:00+00:00,30.4,85,977.6,0.58
Lahore,31.5497,74.3436,2026-08-13 03:00:00+00:00,31.8,78,977.5,0.45
Lahore,31.5497,74.3436,2026-08-13 04:00:00+00:00,32.6,72,977.5,0.41
Lahore,31.5497,74.3436,2026-08-13 05:00:00+00:00,33.5,67,977.5,0.29
Lahore,31.5497,74.3436,2026-08-13 06:00:00+00:00,34.3,63,977.8,0.25
Lahore,31.5497,74.3436,2026-08-13 07:00:00+00:00,33.9,67,977.5,0.47
Lahore,31.5497,74.3436,2026-08-13 08:00:00+00:00,34.8,63,976.8,0.92
Lahore,31.5497,74.3436,2026-08-13 09:00:00+00:00,35.5,59,976.1,0.78
Lahore,31.5497,74.3436,2026-08-13 10:00:00+00:00,35.7,59,975.2,0.54
Lahore,31.5497,74.3436,2026-08-13 11:00:00+00:00,35.3,59,974.8,0.56
Lahore,31.5497,74.3436,2026-08-13 12:00:00+00:00,34.1,64,974.8,0.4
Lahore,31.5497,74.3436,2026-08-13 13:00:00+00:00,33.8,67,975.0,0.34
Lahore,31.5497,74.3436,2026-08-13 14:00:00+00:00,32.7,77,974.8,0.96
Lahore,31.5497,74.3436,2026-08-13 15:00:00+00:00,32.1,79,975.4,1.13
Lahore,31.5497,74.3436,2026-08-13 16:00:00+00:00,31.6,80,976.2,1.11
Lahore,31.5497,74.3436,2026-08-13 17:00:00+00:00,31.3,81,976.2,0.9
Lahore,31.5497,74.3436,2026-08-13 18:00:00+00:00,31.5,78,975.9,1.38
Lahore,31.5497,74.3436,2026-08-13 19:00:00+00:00,30.9,81,975.7,0.81
Lahore,31.5497,74.3436,2026-08-13 20:00:00+00:00,30.6,82,975.5,0.75
Lahore,31.5497,74.3436,2026-08-13 21:00:00+00:00,30.1,83,975.4,1.03
Lahore,31.5497,74.3436,2026-08-13 22:00:00+00:00,29.7,84,975.1,1.15
Lahore,31.5497,74.3436,2026-08-13 23:00:00+00:00,27.8,88,975.3,1.64
Lahore,31.5497,74.3436,2026-08-14 00:00:00+00:00,30.3,79,975.0,2.77
Lahore,31.5497,74.3436,2026-08-14 01:00:00+00:00,28.9,86,975.8,1.97
Lahore,31.5497,74.3436,2026-08-14 02:00:00+00:00,29.6,86,975.9,0.54
Lahore,31.5497,74.3436,2026-08-14 03:00:00+00:00,31.0,79,976.1,0.21
Lahore,31.5497,74.3436,2026-08-14 04:00:00+00:00,32.3,73,976.7,0.74
Lahore,31.5497,74.3436,2026-08-14 05:00:00+00:00,33.3,69,977.1,1.1
Lahore,31.5497,74.3436,2026-08-14 06:00:00+00:00,32.1,75,977.7,1.78
Lahore,31.5497,74.3436,2026-08-14 07:00:00+00:00,28.2,90,978.3,0.98
Lahore,31.5497,74.3436,2026-08-14 08:00:00+00:00,29.5,87,977.5,1.09
Lahore,31.5497,74.3436,2026-08-14 09:00:00+00:00,31.3,80,977.0,0.35
Lahore,31.5497,74.3436,2026-08-14 10:00:00+00:00,32.1,77,976.4,0.45
Lahore,31.5497,74.3436,2026-08-14 11:00:00+00:00,32.7,73,976.0,0.98
Lahore,31.5497,74.3436,2026-08-14 12:00:00+00:00,32.0,74,976.0,0.32
Lahore,31.5497,74.3436,2026-08-14 13:00:00+00:00,31.7,75,976.2,0.32
Lahore,31.5497,74.3436,2026-08-14 14:00:00+00:00,30.7,83,976.1,0.9
Lahore,31.5497,74.3436,2026-08-14 15:00:00+00:00,30.2,86,976.6,1.59
Lahore,31.5497,74.3436,2026-08-14 16:00:00+00:00,29.2,91,976.9,2.36
Lahore,31.5497,74.3436,2026-08-14 17:00:00+00:00,28.4,93,977.2,2.38
Lahore,31.5497,74.3436,2026-08-14 18:00:00+00:00,29.3,92,977.2,1.74
Lahore,31.5497,74.3436,2026-08-14 19:00:00+00:00,28.9,93,976.8,1.5
Lahore,31.5497,74.3436,2026-08-14 20:00:00+00:00,28.7,92,976.5,1.17
Lahore,31.5497,74.3436,2026-08-14 21:00:00+00:00,28.4,93,976.2,1.63
Lahore,31.5497,74.3436,2026-08-14 22:00:00+00:00,28.0,94,976.6,1.88
Lahore,31.5497,74.3436,2026-08-14 23:00:00+00:00,25.5,99,977.3,4.9
Lahore,31.5497,74.3436,2026-08-15 00:00:00+00:00,26.9,93,976.9,0.9
Lahore,31.5497,74.3436,2026-08-15 01:00:00+00:00,26.4,95,977.5,1.7
Lahore,31.5497,74.3436,2026-08-15 02:00:00+00:00,27.2,93,977.7,1.0
Lahore,31.5497,74.3436,2026-08-15 03:00:00+00:00,28.8,87,978.3,1.1
Lahore,31.5497,74.3436,2026-08-15 04:00:00+00:00,30.3,81,978.5,1.55
Lahore,31.5497,74.3436,2026-08-15 05:00:00+00:00,31.5,77,978.8,1.7
Lahore,31.5497,74.3436,2026-08-15 06:00:00+00:00,32.6,72,978.6,0.97
Lahore,31.5497,74.3436,2026-08-15 07:00:00+00:00,33.6,69,978.1,0.46
Lahore,31.5497,74.3436,2026-08-15 08:00:00+00:00,34.2,66,977.1,0.52
Lahore,31.5497,74.3436,2026-08-15 09:00:00+00:00,34.6,63,976.1,1.0
Lahore,31.5497,74.3436,2026-08-15 10:00:00+00:00,34.8,61,974.9,1.4
Lahore,31.5497,74.3436,2026-08-15 11:00:00+00:00,34.6,61,974.3,1.7
Lahore,31.5497,74.3436,2026-08-15 12:00:00+00:00,34.1,63,973.8,1.75
Lahore,31.5497,74.3436,2026-08-15 13:00:00+00:00,33.2,70,973.6,1.27
Lahore,31.5497,74.3436,2026-08-15 14:00:00+00:00,32.0,77,973.9,1.05
Lahore,31.5497,74.3436,2026-08-15 15:00:00+00:00,31.8,79,974.4,0.61
Lahore,31.5497,74.3436,2026-08-15 16:00:00+00:00,31.5,80,974.7,0.3
Lahore,31.5497,74.3436,2026-08-15 17:00:00+00:00,30.7,84,974.7,0.86
Lahore,31.5497,74.3436,2026-08-15 18:00:00+00:00,30.2,86,974.9,0.96
Lahore,31.5497,74.3436,2026-08-15 19:00:00+00:00,30.0,86,974.8,0.7
Lahore,31.5497,74.3436,2026-08-15 20:00:00+00:00,29.9,84,974.2,1.37
Lahore,31.5497,74.3436,2026-08-15 21:00:00+00:00,24.9,97,975.2,0.94
Lahore,31.5497,74.3436,2026-08-15 22:00:00+00:00,25.8,95,974.7,0.15
Lahore,31.5497,74.3436,2026-08-15 23:00:00+00:00,25.7,97,975.0,1.55
