city,latitude,longitude,timestamp,temperature,humidity,pressure,wind_speed
Lahore,31.5497,74.3436,2026-07-15T00:00,28.2,71,975.9,2.07
Lahore,31.5497,74.3436,2026-07-15T01:00,27.9,71,976.0,1.61
Lahore,31.5497,74.3436,2026-07-15T02:00,28.0,72,976.4,0.54
Lahore,31.5497,74.3436,2026-07-15T03:00,29.0,69,976.8,0.78
Lahore,31.5497,74.3436,2026-07-15T04:00,29.9,67,976.8,0.51
Lahore,31.5497,74.3436,2026-07-15T05:00,32.9,54,977.0,0.6
Lahore,31.5497,74.3436,2026-07-15T06:00,33.0,54,977.8,0.96
Lahore,31.5497,74.3436,2026-07-15T07:00,33.3,55,977.7,1.19
Lahore,31.5497,74.3436,2026-07-15T08:00,34.0,53,976.9,1.51
Lahore,31.5497,74.3436,2026-07-15T09:00,34.8,52,976.7,1.41
Lahore,31.5497,74.3436,2026-07-15T10:00,34.8,52,976.1,1.52
Lahore,31.5497,74.3436,2026-07-15T11:00,34.6,52,975.9,1.68
Lahore,31.5497,74.3436,2026-07-15T12:00,34.8,45,975.7,1.81
Lahore,31.5497,74.3436,2026-07-15T13:00,33.9,51,975.7,1.82
Lahore,31.5497,74.3436,2026-07-15T14:00,32.7,59,975.9,1.25
Lahore,31.5497,74.3436,2026-07-15T15:00,32.0,64,976.5,1.25
Lahore,31.5497,74.3436,2026-07-15T16:00,31.3,67,977.0,1.12
Lahore,31.5497,74.3436,2026-07-15T17:00,30.9,71,977.3,0.79
Lahore,31.5497,74.3436,2026-07-15T18:00,30.5,73,977.1,1.08
Lahore,31.5497,74.3436,2026-07-15T19:00,29.8,78,977.1,0.91
Lahore,31.5497,74.3436,2026-07-15T20:00,29.5,80,977.1,0.7
Lahore,31.5497,74.3436,2026-07-15T21:00,29.2,81,977.1,0.74
Lahore,31.5497,74.3436,2026-07-15T22:00,28.8,82,976.8,0.5
Lahore,31.5497,74.3436,2026-07-15T23:00,28.5,86,976.5,0.07
Lahore,31.5497,74.3436,2026-07-16T00:00,28.6,86,976.7,0.72
Lahore,31.5497,74.3436,2026-07-16T01:00,28.4,90,977.3,0.56
Lahore,31.5497,74.3436,2026-07-16T02:00,30.2,78,977.5,0.18
Lahore,31.5497,74.3436,2026-07-16T03:00,31.8,67,977.6,0.25
Lahore,31.5497,74.3436,2026-07-16T04:00,33.1,59,977.6,0.43
Lahore,31.5497,74.3436,2026-07-16T05:00,34.2,55,977.8,0.6
Lahore,31.5497,74.3436,2026-07-16T06:00,35.4,49,978.1,0.87
Lahore,31.5497,74.3436,2026-07-16T07:00,35.9,47,977.9,1.26
Lahore,31.5497,74.3436,2026-07-16T08:00,36.0,46,977.2,1.65
Lahore,31.5497,74.3436,2026-07-16T09:00,36.1,45,976.7,1.97
Lahore,31.5497,74.3436,2026-07-16T10:00,36.0,46,976.0,1.92
Lahore,31.5497,74.3436,2026-07-16T11:00,35.8,46,975.4,2.04
Lahore,31.5497,74.3436,2026-07-16T12:00,36.0,45,975.2,2.04
Lahore,31.5497,74.3436,2026-07-16T13:00,35.4,49,975.0,1.54
Lahore,31.5497,74.3436,2026-07-16T14:00,34.2,57,975.0,1.06
Lahore,31.5497,74.3436,2026-07-16T15:00,33.6,61,975.2,1.08
Lahore,31.5497,74.3436,2026-07-16T16:00,33.3,64,975.6,0.74
Lahore,31.5497,74.3436,2026-07-16T17:00,32.3,68,975.7,1.15
Lahore,31.5497,74.3436,2026-07-16T18:00,33.1,66,975.2,0.79
Lahore,31.5497,74.3436,2026-07-16T19:00,32.6,65,975.0,1.1
Lahore,31.5497,74.3436,2026-07-16T20:00,31.5,70,974.9,1.43
Lahore,31.5497,74.3436,2026-07-16T21:00,30.9,74,974.7,1.08
Lahore,31.5497,74.3436,2026-07-16T22:00,30.6,76,974.6,0.96
Lahore,31.5497,74.3436,2026-07-16T23:00,30.2,78,974.7,1.06
Lahore,31.5497,74.3436,2026-07-17T00:00,30.4,75,975.0,1.61
Lahore,31.5497,74.3436,2026-07-17T01:00,30.2,76,975.6,1.45
Lahore,31.5497,74.3436,2026-07-17T02:00,31.2,74,975.9,0.94
Lahore,31.5497,74.3436,2026-07-17T03:00,33.0,65,976.5,0.36
Lahore,31.5497,74.3436,2026-07-17T04:00,34.7,56,976.7,0.83
Lahore,31.5497,74.3436,2026-07-17T05:00,36.3,44,976.8,2.58
Lahore,31.5497,74.3436,2026-07-17T06:00,36.9,42,977.1,2.75
Lahore,31.5497,74.3436,2026-07-17T07:00,37.3,41,976.8,2.47
Lahore,31.5497,74.3436,2026-07-17T08:00,37.7,40,976.1,2.29
Lahore,31.5497,74.3436,2026-07-17T09:00,38.0,39,975.3,2.59
Lahore,31.5497,74.3436,2026-07-17T10:00,38.0,39,974.7,3.06
Lahore,31.5497,74.3436,2026-07-17T11:00,37.6,39,974.3,3.15
Lahore,31.5497,74.3436,2026-07-17T12:00,37.3,40,974.0,3.26
Lahore,31.5497,74.3436,2026-07-17T13:00,36.5,43,974.0,2.82
Lahore,31.5497,74.3436,2026-07-17T14:00,35.3,48,974.1,1.93
Lahore,31.5497,74.3436,2026-07-17T15:00,34.3,53,974.5,1.64
Lahore,31.5497,74.3436,2026-07-17T16:00,33.3,57,975.2,1.42
Lahore,31.5497,74.3436,2026-07-17T17:00,32.7,60,975.4,1.48
Lahore,31.5497,74.3436,2026-07-17T18:00,33.3,56,975.1,1.73
Lahore,31.5497,74.3436,2026-07-17T19:00,32.7,58,974.9,1.28
Lahore,31.5497,74.3436,2026-07-17T20:00,32.2,61,974.7,1.14
Lahore,31.5497,74.3436,2026-07-17T21:00,32.0,64,974.6,0.87
Lahore,31.5497,74.3436,2026-07-17T22:00,31.5,66,974.6,0.91
Lahore,31.5497,74.3436,2026-07-17T23:00,31.0,68,974.7,1.0
Lahore,31.5497,74.3436,2026-07-18T00:00,31.6,67,974.6,1.5
Lahore,31.5497,74.3436,2026-07-18T01:00,31.5,68,974.9,1.52
Lahore,31.5497,74.3436,2026-07-18T02:00,32.7,63,975.3,1.57
Lahore,31.5497,74.3436,2026-07-18T03:00,34.4,54,975.5,1.6
Lahore,31.5497,74.3436,2026-07-18T04:00,36.4,43,975.4,2.02
Lahore,31.5497,74.3436,2026-07-18T05:00,37.6,39,975.2,2.36
Lahore,31.5497,74.3436,2026-07-18T06:00,38.0,39,975.5,2.32
Lahore,31.5497,74.3436,2026-07-18T07:00,38.3,39,975.3,2.33
Lahore,31.5497,74.3436,2026-07-18T08:00,38.8,39,974.7,2.59
Lahore,31.5497,74.3436,2026-07-18T09:00,38.8,39,974.1,2.9
Lahore,31.5497,74.3436,2026-07-18T10:00,38.6,39,973.7,3.01
Lahore,31.5497,74.3436,2026-07-18T11:00,38.2,40,973.4,2.76
Lahore,31.5497,74.3436,2026-07-18T12:00,38.3,39,973.2,2.7
Lahore,31.5497,74.3436,2026-07-18T13:00,37.3,42,973.3,2.65
Lahore,31.5497,74.3436,2026-07-18T14:00,36.5,45,973.5,1.75
Lahore,31.5497,74.3436,2026-07-18T15:00,35.8,49,974.0,1.38
Lahore,31.5497,74.3436,2026-07-18T16:00,35.1,54,974.7,1.13
Lahore,31.5497,74.3436,2026-07-18T17:00,34.6,56,975.3,1.16
Lahore,31.5497,74.3436,2026-07-18T18:00,34.9,55,975.2,1.18
Lahore,31.5497,74.3436,2026-07-18T19:00,33.8,61,974.7,1.05
Lahore,31.5497,74.3436,2026-07-18T20:00,33.2,65,974.3,0.83
Lahore,31.5497,74.3436,2026-07-18T21:00,32.9,66,974.6,0.43
Lahore,31.5497,74.3436,2026-07-18T22:00,32.4,65,974.2,0.92
Lahore,31.5497,74.3436,2026-07-18T23:00,31.8,66,973.9,0.92
Lahore,31.5497,74.3436,2026-07-19T00:00,32.0,65,974.6,1.68
Lahore,31.5497,74.3436,2026-07-19T01:00,31.9,67,974.7,1.64
Lahore,31.5497,74.3436,2026-07-19T02:00,32.9,64,975.5,1.44
Lahore,31.5497,74.3436,2026-07-19T03:00,34.1,60,975.6,1.88
Lahore,31.5497,74.3436,2026-07-19T04:00,35.3,54,976.1,0.97
Lahore,31.5497,74.3436,2026-07-19T05:00,36.1,53,976.6,1.55
Lahore,31.5497,74.3436,2026-07-19T06:00,36.9,42,976.6,0.3
Lahore,31.5497,74.3436,2026-07-19T07:00,37.5,40,976.1,0.22
Lahore,31.5497,74.3436,2026-07-19T08:00,38.1,39,975.4,0.64
Lahore,31.5497,74.3436,2026-07-19T09:00,38.0,39,974.8,0.95
Lahore,31.5497,74.3436,2026-07-19T10:00,38.5,38,974.1,1.24
Lahore,31.5497,74.3436,2026-07-19T11:00,38.1,38,973.7,1.1
Lahore,31.5497,74.3436,2026-07-19T12:00,37.7,39,974.1,0.74
Lahore,31.5497,74.3436,2026-07-19T13:00,36.8,42,974.2,0.56
Lahore,31.5497,74.3436,2026-07-19T14:00,35.1,55,974.5,2.06
Lahore,31.5497,74.3436,2026-07-19T15:00,33.3,67,974.8,2.48
Lahore,31.5497,74.3436,2026-07-19T16:00,32.7,68,975.3,2.29
Lahore,31.5497,74.3436,2026-07-19T17:00,32.2,71,975.5,2.27
Lahore,31.5497,74.3436,2026-07-19T18:00,32.3,72,975.6,2.67
Lahore,31.5497,74.3436,2026-07-19T19:00,31.6,74,975.2,2.28
Lahore,31.5497,74.3436,2026-07-19T20:00,31.4,73,974.8,2.28
Lahore,31.5497,74.3436,2026-07-19T21:00,31.4,72,974.6,2.56
Lahore,31.5497,74.3436,2026-07-19T22:00,30.9,73,974.4,2.44
Lahore,31.5497,74.3436,2026-07-19T23:00,30.5,74,975.1,1.84
Lahore,31.5497,74.3436,2026-07-20T00:00,31.0,77,974.6,2.42
Lahore,31.5497,74.3436,2026-07-20T01:00,31.1,76,974.6,1.3
Lahore,31.5497,74.3436,2026-07-20T02:00,31.7,74,975.6,2.41
Lahore,31.5497,74.3436,2026-07-20T03:00,31.3,78,975.6,2.54
Lahore,31.5497,74.3436,2026-07-20T04:00,33.2,69,975.6,2.98
Lahore,31.5497,74.3436,2026-07-20T05:00,34.3,63,975.8,2.56
Lahore,31.5497,74.3436,2026-07-20T06:00,34.9,56,976.2,2.18
Lahore,31.5497,74.3436,2026-07-20T07:00,30.1,83,976.3,3.45
Lahore,31.5497,74.3436,2026-07-20T08:00,31.6,78,975.9,2.58
Lahore,31.5497,74.3436,2026-07-20T09:00,32.2,76,975.2,2.9
Lahore,31.5497,74.3436,2026-07-20T10:00,32.4,75,974.6,2.15
Lahore,31.5497,74.3436,2026-07-20T11:00,32.8,74,974.3,1.88
Lahore,31.5497,74.3436,2026-07-20T12:00,31.9,75,974.7,3.48
Lahore,31.5497,74.3436,2026-07-20T13:00,31.7,73,975.1,2.56
Lahore,31.5497,74.3436,2026-07-20T14:00,29.2,83,975.6,3.15
Lahore,31.5497,74.3436,2026-07-20T15:00,29.3,84,976.0,2.4
Lahore,31.5497,74.3436,2026-07-20T16:00,29.2,87,976.6,3.13
Lahore,31.5497,74.3436,2026-07-20T17:00,29.1,87,976.8,2.91
Lahore,31.5497,74.3436,2026-07-20T18:00,29.7,85,976.5,3.09
Lahore,31.5497,74.3436,2026-07-20T19:00,29.5,85,976.2,3.08
Lahore,31.5497,74.3436,2026-07-20T20:00,29.3,88,976.0,1.7
Lahore,31.5497,74.3436,2026-07-20T21:00,26.9,95,976.2,1.5
Lahore,31.5497,74.3436,2026-07-20T22:00,27.6,95,975.5,2.27
Lahore,31.5497,74.3436,2026-07-20T23:00,27.5,97,975.4,3.47
Lahore,31.5497,74.3436,2026-07-21T00:00,26.9,92,975.6,3.18
Lahore,31.5497,74.3436,2026-07-21T01:00,27.0,90,975.9,1.57
Lahore,31.5497,74.3436,2026-07-21T02:00,27.1,91,976.6,2.94
Lahore,31.5497,74.3436,2026-07-21T03:00,26.7,92,977.4,2.9
Lahore,31.5497,74.3436,2026-07-21T04:00,27.7,94,977.9,2.33
Lahore,31.5497,74.3436,2026-07-21T05:00,28.2,93,977.3,3.03
Lahore,31.5497,74.3436,2026-07-21T06:00,29.6,79,977.9,3.96
Lahore,31.5497,74.3436,2026-07-21T07:00,30.0,76,977.7,3.52
Lahore,31.5497,74.3436,2026-07-21T08:00,29.8,77,977.6,3.66
Lahore,31.5497,74.3436,2026-07-21T09:00,29.0,84,977.3,4.0
Lahore,31.5497,74.3436,2026-07-21T10:00,28.5,86,976.7,3.96
Lahore,31.5497,74.3436,2026-07-21T11:00,29.1,82,976.4,3.94
Lahore,31.5497,74.3436,2026-07-21T12:00,29.5,75,976.4,3.15
Lahore,31.5497,74.3436,2026-07-21T13:00,28.9,79,976.2,2.91
Lahore,31.5497,74.3436,2026-07-21T14:00,28.0,84,976.3,2.88
Lahore,31.5497,74.3436,2026-07-21T15:00,27.4,87,976.7,2.31
Lahore,31.5497,74.3436,2026-07-21T16:00,27.2,87,977.2,1.95
Lahore,31.5497,74.3436,2026-07-21T17:00,27.0,87,977.6,1.98
Lahore,31.5497,74.3436,2026-07-21T18:00,27.4,87,977.7,1.84
Lahore,31.5497,74.3436,2026-07-21T19:00,27.2,86,976.9,1.97
Lahore,31.5497,74.3436,2026-07-21T20:00,27.0,86,976.6,2.53
Lahore,31.5497,74.3436,2026-07-21T21:00,26.6,86,976.3,3.45
Lahore,31.5497,74.3436,2026-07-21T22:00,25.4,90,976.2,3.13
Lahore,31.5497,74.3436,2026-07-21T23:00,25.2,90,977.0,2.72
Lahore,31.5497,74.3436,2026-07-22T00:00,24.3,97,977.1,3.52
Lahore,31.5497,74.3436,2026-07-22T01:00,24.4,98,977.0,2.14
Lahore,31.5497,74.3436,2026-07-22T02:00,24.9,96,977.2,2.72
Lahore,31.5497,74.3436,2026-07-22T03:00,25.9,96,976.7,3.38
Lahore,31.5497,74.3436,2026-07-22T04:00,27.1,91,977.3,3.42
Lahore,31.5497,74.3436,2026-07-22T05:00,28.8,82,977.3,4.33
Lahore,31.5497,74.3436,2026-07-22T06:00,29.6,78,977.8,3.72
Lahore,31.5497,74.3436,2026-07-22T07:00,30.5,73,977.2,4.12
Lahore,31.5497,74.3436,2026-07-22T08:00,29.3,79,976.7,4.18
Lahore,31.5497,74.3436,2026-07-22T09:00,28.8,82,976.4,2.42
Lahore,31.5497,74.3436,2026-07-22T10:00,29.0,81,975.9,2.4
Lahore,31.5497,74.3436,2026-07-22T11:00,29.9,79,975.2,2.7
Lahore,31.5497,74.3436,2026-07-22T12:00,29.5,79,975.3,2.46
Lahore,31.5497,74.3436,2026-07-22T13:00,28.8,80,975.6,2.61
Lahore,31.5497,74.3436,2026-07-22T14:00,27.6,87,975.9,2.33
Lahore,31.5497,74.3436,2026-07-22T15:00,27.5,89,976.7,2.46
Lahore,31.5497,74.3436,2026-07-22T16:00,27.2,89,976.8,3.06
Lahore,31.5497,74.3436,2026-07-22T17:00,27.0,88,976.8,2.83
Lahore,31.5497,74.3436,2026-07-22T18:00,27.2,86,976.9,2.15
Lahore,31.5497,74.3436,2026-07-22T19:00,26.9,86,976.8,1.77
Lahore,31.5497,74.3436,2026-07-22T20:00,26.8,86,976.1,1.66
Lahore,31.5497,74.3436,2026-07-22T21:00,26.6,88,975.8,1.96
Lahore,31.5497,74.3436,2026-07-22T22:00,26.3,91,975.2,2.06
Lahore,31.5497,74.3436,2026-07-22T23:00,25.4,95,975.8,2.6
Lahore,31.5497,74.3436,2026-07-23T00:00,26.2,91,975.6,3.3
Lahore,31.5497,74.3436,2026-07-23T01:00,25.8,95,976.1,3.45
Lahore,31.5497,74.3436,2026-07-23T02:00,25.8,96,976.2,1.9
Lahore,31.5497,74.3436,2026-07-23T03:00,25.7,94,976.8,3.58
Lahore,31.5497,74.3436,2026-07-23T04:00,25.1,98,977.0,3.69
Lahore,31.5497,74.3436,2026-07-23T05:00,25.3,97,976.9,1.93
Lahore,31.5497,74.3436,2026-07-23T06:00,26.0,95,977.3,2.65
Lahore,31.5497,74.3436,2026-07-23T07:00,26.1,94,976.7,2.82
Lahore,31.5497,74.3436,2026-07-23T08:00,26.8,89,976.5,3.31
Lahore,31.5497,74.3436,2026-07-23T09:00,27.0,88,975.9,3.22
Lahore,31.5497,74.3436,2026-07-23T10:00,28.1,81,975.5,3.29
Lahore,31.5497,74.3436,2026-07-23T11:00,28.2,82,974.5,2.55
Lahore,31.5497,74.3436,2026-07-23T12:00,28.1,85,974.6,2.54
Lahore,31.5497,74.3436,2026-07-23T13:00,27.8,86,974.2,2.19
Lahore,31.5497,74.3436,2026-07-23T14:00,27.4,87,974.5,1.77
Lahore,31.5497,74.3436,2026-07-23T15:00,27.3,86,975.2,1.71
Lahore,31.5497,74.3436,2026-07-23T16:00,27.0,86,975.7,1.9
Lahore,31.5497,74.3436,2026-07-23T17:00,26.9,85,975.9,1.86
Lahore,31.5497,74.3436,2026-07-23T18:00,27.5,83,975.8,2.14
Lahore,31.5497,74.3436,2026-07-23T19:00,27.2,83,976.0,2.26
Lahore,31.5497,74.3436,2026-07-23T20:00,27.3,82,975.7,2.3
Lahore,31.5497,74.3436,2026-07-23T21:00,26.9,84,975.5,2.2
Lahore,31.5497,74.3436,2026-07-23T22:00,26.0,91,975.2,2.2
Lahore,31.5497,74.3436,2026-07-23T23:00,25.8,91,975.5,2.34
Lahore,31.5497,74.3436,2026-07-24T00:00,25.8,97,975.5,1.91
Lahore,31.5497,74.3436,2026-07-24T01:00,25.3,98,975.8,2.48
Lahore,31.5497,74.3436,2026-07-24T02:00,25.8,97,976.0,2.27
Lahore,31.5497,74.3436,2026-07-24T03:00,26.9,91,976.7,2.18
Lahore,31.5497,74.3436,2026-07-24T04:00,28.1,88,977.1,1.59
Lahore,31.5497,74.3436,2026-07-24T05:00,29.7,81,976.9,1.71
Lahore,31.5497,74.3436,2026-07-24T06:00,30.8,75,977.2,2.27
Lahore,31.5497,74.3436,2026-07-24T07:00,31.5,72,976.6,2.24
Lahore,31.5497,74.3436,2026-07-24T08:00,32.1,67,975.6,1.63
Lahore,31.5497,74.3436,2026-07-24T09:00,31.3,71,974.9,1.41
Lahore,31.5497,74.3436,2026-07-24T10:00,29.7,82,974.0,1.29
Lahore,31.5497,74.3436,2026-07-24T11:00,30.7,78,973.4,0.74
Lahore,31.5497,74.3436,2026-07-24T12:00,32.3,64,973.1,1.56
Lahore,31.5497,74.3436,2026-07-24T13:00,31.4,73,973.0,1.36
Lahore,31.5497,74.3436,2026-07-24T14:00,30.3,79,973.2,0.99
Lahore,31.5497,74.3436,2026-07-24T15:00,29.6,82,974.2,1.13
Lahore,31.5497,74.3436,2026-07-24T16:00,29.2,83,975.5,1.25
Lahore,31.5497,74.3436,2026-07-24T17:00,29.1,83,975.7,1.18
Lahore,31.5497,74.3436,2026-07-24T18:00,28.8,84,975.7,2.36
Lahore,31.5497,74.3436,2026-07-24T19:00,28.5,84,975.6,2.06
Lahore,31.5497,74.3436,2026-07-24T20:00,28.3,84,975.7,1.93
Lahore,31.5497,74.3436,2026-07-24T21:00,28.1,85,975.3,1.88
Lahore,31.5497,74.3436,2026-07-24T22:00,27.4,88,975.3,2.15
Lahore,31.5497,74.3436,2026-07-24T23:00,25.9,95,975.5,2.68
Lahore,31.5497,74.3436,2026-07-25T00:00,25.3,97,976.2,2.89
Lahore,31.5497,74.3436,2026-07-25T01:00,25.3,96,976.7,2.73
Lahore,31.5497,74.3436,2026-07-25T02:00,24.9,95,976.9,4.0
Lahore,31.5497,74.3436,2026-07-25T03:00,25.4,95,977.7,3.88
Lahore,31.5497,74.3436,2026-07-25T04:00,26.4,90,977.9,3.56
Lahore,31.5497,74.3436,2026-07-25T05:00,28.2,84,977.8,3.46
Lahore,31.5497,74.3436,2026-07-25T06:00,27.2,90,977.5,3.59
Lahore,31.5497,74.3436,2026-07-25T07:00,28.4,89,977.4,1.23
Lahore,31.5497,74.3436,2026-07-25T08:00,29.9,81,976.9,2.5
Lahore,31.5497,74.3436,2026-07-25T09:00,31.5,75,976.1,2.46
Lahore,31.5497,74.3436,2026-07-25T10:00,32.1,72,975.8,2.64
Lahore,31.5497,74.3436,2026-07-25T11:00,28.6,86,975.8,2.65
Lahore,31.5497,74.3436,2026-07-25T12:00,29.7,82,975.7,2.75
Lahore,31.5497,74.3436,2026-07-25T13:00,28.9,87,976.0,2.6
Lahore,31.5497,74.3436,2026-07-25T14:00,28.5,89,976.3,2.19
Lahore,31.5497,74.3436,2026-07-25T15:00,28.2,90,976.8,2.35
Lahore,31.5497,74.3436,2026-07-25T16:00,28.1,90,977.4,2.23
Lahore,31.5497,74.3436,2026-07-25T17:00,27.9,91,978.0,2.06
Lahore,31.5497,74.3436,2026-07-25T18:00,27.8,91,977.7,1.83
Lahore,31.5497,74.3436,2026-07-25T19:00,27.3,93,977.7,1.79
Lahore,31.5497,74.3436,2026-07-25T20:00,27.0,94,977.6,1.57
Lahore,31.5497,74.3436,2026-07-25T21:00,26.9,94,977.4,1.78
Lahore,31.5497,74.3436,2026-07-25T22:00,26.8,93,977.5,1.81
Lahore,31.5497,74.3436,2026-07-25T23:00,26.7,93,977.6,1.77
Lahore,31.5497,74.3436,2026-07-26T00:00,27.6,93,977.1,2.14
Lahore,31.5497,74.3436,2026-07-26T01:00,27.3,92,977.6,2.01
Lahore,31.5497,74.3436,2026-07-26T02:00,27.5,94,977.7,1.77
Lahore,31.5497,74.3436,2026-07-26T03:00,28.8,90,978.1,0.89
Lahore,31.5497,74.3436,2026-07-26T04:00,30.1,86,978.1,0.76
Lahore,31.5497,74.3436,2026-07-26T05:00,31.1,81,978.3,0.94
Lahore,31.5497,74.3436,2026-07-26T06:00,31.9,75,978.3,0.52
Lahore,31.5497,74.3436,2026-07-26T07:00,32.6,72,978.0,0.7
Lahore,31.5497,74.3436,2026-07-26T08:00,32.9,70,977.4,0.68
Lahore,31.5497,74.3436,2026-07-26T09:00,33.4,67,976.7,0.49
Lahore,31.5497,74.3436,2026-07-26T10:00,33.7,64,975.9,0.36
Lahore,31.5497,74.3436,2026-07-26T11:00,33.6,63,975.1,0.39
Lahore,31.5497,74.3436,2026-07-26T12:00,33.5,63,975.0,1.28
Lahore,31.5497,74.3436,2026-07-26T13:00,32.0,73,974.8,1.62
Lahore,31.5497,74.3436,2026-07-26T14:00,30.8,83,974.8,0.81
Lahore,31.5497,74.3436,2026-07-26T15:00,30.3,87,975.3,0.74
Lahore,31.5497,74.3436,2026-07-26T16:00,30.0,89,975.8,0.78
Lahore,31.5497,74.3436,2026-07-26T17:00,29.7,90,975.9,1.14
Lahore,31.5497,74.3436,2026-07-26T18:00,30.2,89,975.2,1.07
Lahore,31.5497,74.3436,2026-07-26T19:00,29.7,91,974.9,0.9
Lahore,31.5497,74.3436,2026-07-26T20:00,29.5,92,974.6,0.81
Lahore,31.5497,74.3436,2026-07-26T21:00,29.3,92,974.4,0.81
Lahore,31.5497,74.3436,2026-07-26T22:00,29.1,92,974.3,0.89
Lahore,31.5497,74.3436,2026-07-26T23:00,28.2,92,974.7,2.23
Lahore,31.5497,74.3436,2026-07-27T00:00,29.2,93,974.1,0.5
Lahore,31.5497,74.3436,2026-07-27T01:00,29.3,92,974.5,0.67
Lahore,31.5497,74.3436,2026-07-27T02:00,30.4,85,974.6,0.21
Lahore,31.5497,74.3436,2026-07-27T03:00,31.4,76,974.7,0.11
Lahore,31.5497,74.3436,2026-07-27T04:00,32.0,73,974.4,0.55
Lahore,31.5497,74.3436,2026-07-27T05:00,32.9,68,974.6,0.65
Lahore,31.5497,74.3436,2026-07-27T06:00,33.4,64,974.3,1.05
Lahore,31.5497,74.3436,2026-07-27T07:00,34.1,63,974.3,1.05
Lahore,31.5497,74.3436,2026-07-27T08:00,34.7,61,973.6,1.27
Lahore,31.5497,74.3436,2026-07-27T09:00,35.0,60,972.8,1.66
Lahore,31.5497,74.3436,2026-07-27T10:00,35.0,59,971.8,1.81
Lahore,31.5497,74.3436,2026-07-27T11:00,34.8,59,971.1,1.71
Lahore,31.5497,74.3436,2026-07-27T12:00,34.7,59,970.9,1.8
Lahore,31.5497,74.3436,2026-07-27T13:00,33.9,67,971.0,1.24
Lahore,31.5497,74.3436,2026-07-27T14:00,33.0,72,971.2,1.0
Lahore,31.5497,74.3436,2026-07-27T15:00,32.5,75,971.5,0.91
Lahore,31.5497,74.3436,2026-07-27T16:00,32.1,78,972.0,0.57
Lahore,31.5497,74.3436,2026-07-27T17:00,31.8,78,972.4,0.05
Lahore,31.5497,74.3436,2026-07-27T18:00,32.6,77,972.0,0.27
Lahore,31.5497,74.3436,2026-07-27T19:00,31.7,81,972.1,0.47
Lahore,31.5497,74.3436,2026-07-27T20:00,30.9,85,972.0,0.91
Lahore,31.5497,74.3436,2026-07-27T21:00,29.6,85,971.9,2.38
Lahore,31.5497,74.3436,2026-07-27T22:00,29.0,83,971.7,1.31
Lahore,31.5497,74.3436,2026-07-27T23:00,27.2,93,972.5,0.96
Lahore,31.5497,74.3436,2026-07-28T00:00,29.7,86,971.9,0.43
Lahore,31.5497,74.3436,2026-07-28T01:00,29.5,87,972.0,0.85
Lahore,31.5497,74.3436,2026-07-28T02:00,29.7,87,972.6,1.97
Lahore,31.5497,74.3436,2026-07-28T03:00,30.5,83,973.0,1.37
Lahore,31.5497,74.3436,2026-07-28T04:00,31.8,76,973.1,1.47
Lahore,31.5497,74.3436,2026-07-28T05:00,33.0,71,973.1,1.59
Lahore,31.5497,74.3436,2026-07-28T06:00,34.3,58,973.5,1.32
Lahore,31.5497,74.3436,2026-07-28T07:00,32.7,68,973.6,1.07
Lahore,31.5497,74.3436,2026-07-28T08:00,33.1,70,973.2,1.85
Lahore,31.5497,74.3436,2026-07-28T09:00,32.7,72,972.8,2.67
Lahore,31.5497,74.3436,2026-07-28T10:00,33.7,68,972.0,2.05
Lahore,31.5497,74.3436,2026-07-28T11:00,33.9,66,971.4,1.79
Lahore,31.5497,74.3436,2026-07-28T12:00,33.7,65,971.0,1.1
Lahore,31.5497,74.3436,2026-07-28T13:00,32.8,72,970.9,1.46
Lahore,31.5497,74.3436,2026-07-28T14:00,31.5,79,971.4,1.84
Lahore,31.5497,74.3436,2026-07-28T15:00,30.8,81,972.5,2.54
Lahore,31.5497,74.3436,2026-07-28T16:00,30.4,83,973.2,2.51
Lahore,31.5497,74.3436,2026-07-28T17:00,29.9,85,973.7,2.67
Lahore,31.5497,74.3436,2026-07-28T18:00,29.9,87,973.7,3.16
Lahore,31.5497,74.3436,2026-07-28T19:00,29.3,90,973.8,3.18
Lahore,31.5497,74.3436,2026-07-28T20:00,28.9,91,973.7,2.72
Lahore,31.5497,74.3436,2026-07-28T21:00,28.2,92,973.9,2.66
Lahore,31.5497,74.3436,2026-07-28T22:00,27.9,93,973.7,3.04
Lahore,31.5497,74.3436,2026-07-28T23:00,27.7,94,973.5,2.77
Lahore,31.5497,74.3436,2026-07-29T00:00,26.8,95,974.4,2.39
Lahore,31.5497,74.3436,2026-07-29T01:00,26.8,96,974.6,2.04
Lahore,31.5497,74.3436,2026-07-29T02:00,27.5,92,975.0,2.18
Lahore,31.5497,74.3436,2026-07-29T03:00,28.7,87,975.4,2.6
Lahore,31.5497,74.3436,2026-07-29T04:00,30.2,79,975.7,2.66
Lahore,31.5497,74.3436,2026-07-29T05:00,31.0,76,975.5,3.13
Lahore,31.5497,74.3436,2026-07-29T06:00,29.5,73,976.7,1.16
Lahore,31.5497,74.3436,2026-07-29T07:00,30.3,73,976.4,1.03
Lahore,31.5497,74.3436,2026-07-29T08:00,31.0,72,975.7,1.32
Lahore,31.5497,74.3436,2026-07-29T09:00,31.8,70,974.9,0.96
Lahore,31.5497,74.3436,2026-07-29T10:00,32.4,67,974.0,1.14
Lahore,31.5497,74.3436,2026-07-29T11:00,32.1,69,973.4,1.54
Lahore,31.5497,74.3436,2026-07-29T12:00,32.3,66,973.1,1.08
Lahore,31.5497,74.3436,2026-07-29T13:00,31.6,70,972.9,0.89
Lahore,31.5497,74.3436,2026-07-29T14:00,30.5,79,973.1,0.85
Lahore,31.5497,74.3436,2026-07-29T15:00,29.7,83,973.6,1.0
Lahore,31.5497,74.3436,2026-07-29T16:00,29.3,83,974.1,1.32
Lahore,31.5497,74.3436,2026-07-29T17:00,28.9,83,974.4,1.66
Lahore,31.5497,74.3436,2026-07-29T18:00,29.3,84,974.2,1.51
Lahore,31.5497,74.3436,2026-07-29T19:00,28.6,86,974.1,1.56
Lahore,31.5497,74.3436,2026-07-29T20:00,28.3,86,974.1,1.21
Lahore,31.5497,74.3436,2026-07-29T21:00,28.1,87,973.7,1.12
Lahore,31.5497,74.3436,2026-07-29T22:00,27.9,88,973.1,1.8
Lahore,31.5497,74.3436,2026-07-29T23:00,27.7,89,973.1,1.5
Lahore,31.5497,74.3436,2026-07-30T00:00,27.1,95,973.1,1.99
Lahore,31.5497,74.3436,2026-07-30T01:00,26.8,94,973.7,1.44
Lahore,31.5497,74.3436,2026-07-30T02:00,27.2,91,974.1,1.79
Lahore,31.5497,74.3436,2026-07-30T03:00,28.3,84,974.4,1.59
Lahore,31.5497,74.3436,2026-07-30T04:00,29.9,77,974.3,2.47
Lahore,31.5497,74.3436,2026-07-30T05:00,31.3,72,974.5,1.48
Lahore,31.5497,74.3436,2026-07-30T06:00,33.2,66,974.6,0.89
Lahore,31.5497,74.3436,2026-07-30T07:00,33.8,65,974.6,0.85
Lahore,31.5497,74.3436,2026-07-30T08:00,34.2,65,974.2,1.01
Lahore,31.5497,74.3436,2026-07-30T09:00,32.6,72,973.7,2.34
Lahore,31.5497,74.3436,2026-07-30T10:00,32.3,75,972.8,2.14
Lahore,31.5497,74.3436,2026-07-30T11:00,32.8,73,972.5,0.45
Lahore,31.5497,74.3436,2026-07-30T12:00,32.2,73,972.4,2.02
Lahore,31.5497,74.3436,2026-07-30T13:00,31.3,77,972.4,1.41
Lahore,31.5497,74.3436,2026-07-30T14:00,29.0,86,973.3,2.06
Lahore,31.5497,74.3436,2026-07-30T15:00,27.6,95,973.5,0.96
Lahore,31.5497,74.3436,2026-07-30T16:00,27.9,94,974.0,0.92
Lahore,31.5497,74.3436,2026-07-30T17:00,28.4,92,974.4,2.01
Lahore,31.5497,74.3436,2026-07-30T18:00,28.8,90,974.5,2.54
Lahore,31.5497,74.3436,2026-07-30T19:00,28.3,92,974.3,2.53
Lahore,31.5497,74.3436,2026-07-30T20:00,28.2,94,974.2,2.53
Lahore,31.5497,74.3436,2026-07-30T21:00,28.0,94,974.2,2.21
Lahore,31.5497,74.3436,2026-07-30T22:00,27.9,93,974.1,2.06
Lahore,31.5497,74.3436,2026-07-30T23:00,27.1,95,974.5,2.46
Lahore,31.5497,74.3436,2026-07-31T00:00,26.3,91,974.9,4.27
Lahore,31.5497,74.3436,2026-07-31T01:00,25.8,93,974.7,1.43
Lahore,31.5497,74.3436,2026-07-31T02:00,26.2,91,975.6,2.89
Lahore,31.5497,74.3436,2026-07-31T03:00,25.4,94,976.5,2.82
Lahore,31.5497,74.3436,2026-07-31T04:00,25.8,95,976.7,2.7
Lahore,31.5497,74.3436,2026-07-31T05:00,28.3,85,977.1,2.33
Lahore,31.5497,74.3436,2026-07-31T06:00,31.0,80,976.4,3.09
Lahore,31.5497,74.3436,2026-07-31T07:00,29.3,83,976.9,2.41
Lahore,31.5497,74.3436,2026-07-31T08:00,30.7,80,976.4,0.92
Lahore,31.5497,74.3436,2026-07-31T09:00,31.7,77,975.4,1.77
Lahore,31.5497,74.3436,2026-07-31T10:00,31.7,77,974.5,1.66
Lahore,31.5497,74.3436,2026-07-31T11:00,31.1,77,974.1,1.87
Lahore,31.5497,74.3436,2026-07-31T12:00,30.4,80,974.2,1.98
Lahore,31.5497,74.3436,2026-07-31T13:00,29.7,84,974.2,2.53
Lahore,31.5497,74.3436,2026-07-31T14:00,29.4,85,974.2,2.58
Lahore,31.5497,74.3436,2026-07-31T15:00,29.2,86,974.8,2.55
Lahore,31.5497,74.3436,2026-07-31T16:00,28.9,87,975.4,2.5
Lahore,31.5497,74.3436,2026-07-31T17:00,28.4,87,975.8,2.2
Lahore,31.5497,74.3436,2026-07-31T18:00,28.0,88,975.9,2.43
Lahore,31.5497,74.3436,2026-07-31T19:00,27.7,88,975.8,2.19
Lahore,31.5497,74.3436,2026-07-31T20:00,27.7,88,975.9,1.82
Lahore,31.5497,74.3436,2026-07-31T21:00,27.6,89,975.6,1.84
Lahore,31.5497,74.3436,2026-07-31T22:00,27.6,89,975.6,1.87
Lahore,31.5497,74.3436,2026-07-31T23:00,27.5,88,975.5,1.99
Lahore,31.5497,74.3436,2026-08-01T00:00,27.9,88,975.5,2.05
Lahore,31.5497,74.3436,2026-08-01T01:00,27.8,88,975.8,2.04
Lahore,31.5497,74.3436,2026-08-01T02:00,28.4,85,976.4,2.45
Lahore,31.5497,74.3436,2026-08-01T03:00,28.6,82,977.0,4.28
Lahore,31.5497,74.3436,2026-08-01T04:00,28.1,84,976.7,3.29
Lahore,31.5497,74.3436,2026-08-01T05:00,29.5,82,976.5,2.18
Lahore,31.5497,74.3436,2026-08-01T06:00,31.1,74,976.7,1.75
Lahore,31.5497,74.3436,2026-08-01T07:00,32.2,68,975.8,1.77
Lahore,31.5497,74.3436,2026-08-01T08:00,33.0,62,975.2,2.15
Lahore,31.5497,74.3436,2026-08-01T09:00,33.4,61,974.4,1.66
Lahore,31.5497,74.3436,2026-08-01T10:00,33.4,62,973.6,1.32
Lahore,31.5497,74.3436,2026-08-01T11:00,33.2,63,973.1,1.07
Lahore,31.5497,74.3436,2026-08-01T12:00,32.5,66,973.3,0.61
Lahore,31.5497,74.3436,2026-08-01T13:00,32.1,68,973.3,0.52
Lahore,31.5497,74.3436,2026-08-01T14:00,31.1,81,973.5,0.07
Lahore,31.5497,74.3436,2026-08-01T15:00,30.4,85,974.0,0.78
Lahore,31.5497,74.3436,2026-08-01T16:00,29.8,86,974.7,1.21
Lahore,31.5497,74.3436,2026-08-01T17:00,29.4,88,975.1,1.35
Lahore,31.5497,74.3436,2026-08-01T18:00,29.6,86,974.8,1.61
Lahore,31.5497,74.3436,2026-08-01T19:00,29.3,86,974.9,1.5
Lahore,31.5497,74.3436,2026-08-01T20:00,29.1,85,975.1,1.85
Lahore,31.5497,74.3436,2026-08-01T21:00,29.0,85,975.3,2.15
Lahore,31.5497,74.3436,2026-08-01T22:00,28.7,87,975.3,1.88
Lahore,31.5497,74.3436,2026-08-01T23:00,28.4,89,975.1,1.66
Lahore,31.5497,74.3436,2026-08-02T00:00,28.5,84,975.6,1.98
Lahore,31.5497,74.3436,2026-08-02T01:00,28.1,85,975.9,1.9
Lahore,31.5497,74.3436,2026-08-02T02:00,28.4,88,976.6,1.1
Lahore,31.5497,74.3436,2026-08-02T03:00,29.4,85,977.0,0.76
Lahore,31.5497,74.3436,2026-08-02T04:00,30.5,79,976.8,1.03
Lahore,31.5497,74.3436,2026-08-02T05:00,31.4,75,976.6,1.76
Lahore,31.5497,74.3436,2026-08-02T06:00,31.6,72,976.5,1.16
Lahore,31.5497,74.3436,2026-08-02T07:00,32.8,67,976.3,1.71
Lahore,31.5497,74.3436,2026-08-02T08:00,33.5,65,975.7,0.91
Lahore,31.5497,74.3436,2026-08-02T09:00,33.9,64,975.1,1.28
Lahore,31.5497,74.3436,2026-08-02T10:00,34.0,63,974.2,1.15
Lahore,31.5497,74.3436,2026-08-02T11:00,33.9,64,973.7,1.11
Lahore,31.5497,74.3436,2026-08-02T12:00,34.3,62,973.6,1.48
Lahore,31.5497,74.3436,2026-08-02T13:00,33.4,68,974.0,0.99
Lahore,31.5497,74.3436,2026-08-02T14:00,32.1,74,974.5,1.39
Lahore,31.5497,74.3436,2026-08-02T15:00,31.4,76,975.2,1.41
Lahore,31.5497,74.3436,2026-08-02T16:00,30.8,79,976.0,2.27
Lahore,31.5497,74.3436,2026-08-02T17:00,29.9,83,976.1,2.33
Lahore,31.5497,74.3436,2026-08-02T18:00,29.9,82,976.0,1.87
Lahore,31.5497,74.3436,2026-08-02T19:00,29.3,82,975.7,1.25
Lahore,31.5497,74.3436,2026-08-02T20:00,29.0,84,975.2,1.55
Lahore,31.5497,74.3436,2026-08-02T21:00,28.8,87,975.0,1.6
Lahore,31.5497,74.3436,2026-08-02T22:00,28.7,88,975.0,1.66
Lahore,31.5497,74.3436,2026-08-02T23:00,28.3,90,975.1,0.86
Lahore,31.5497,74.3436,2026-08-03T00:00,29.3,86,974.8,1.54
Lahore,31.5497,74.3436,2026-08-03T01:00,29.1,87,975.1,1.29
Lahore,31.5497,74.3436,2026-08-03T02:00,29.0,87,975.6,2.62
Lahore,31.5497,74.3436,2026-08-03T03:00,30.3,80,975.6,1.46
Lahore,31.5497,74.3436,2026-08-03T04:00,32.1,72,976.1,1.75
Lahore,31.5497,74.3436,2026-08-03T05:00,33.3,68,976.7,1.55
Lahore,31.5497,74.3436,2026-08-03T06:00,35.2,55,976.6,1.3
Lahore,31.5497,74.3436,2026-08-03T07:00,35.2,57,976.1,1.37
Lahore,31.5497,74.3436,2026-08-03T08:00,33.0,69,976.1,2.21
Lahore,31.5497,74.3436,2026-08-03T09:00,34.5,63,975.9,2.11
Lahore,31.5497,74.3436,2026-08-03T10:00,33.9,64,975.1,1.94
Lahore,31.5497,74.3436,2026-08-03T11:00,31.3,76,974.9,1.55
Lahore,31.5497,74.3436,2026-08-03T12:00,29.2,80,975.4,1.1
Lahore,31.5497,74.3436,2026-08-03T13:00,28.9,81,975.4,1.23
Lahore,31.5497,74.3436,2026-08-03T14:00,28.4,83,975.7,1.5
Lahore,31.5497,74.3436,2026-08-03T15:00,28.1,85,976.2,1.15
Lahore,31.5497,74.3436,2026-08-03T16:00,27.9,87,976.8,0.87
Lahore,31.5497,74.3436,2026-08-03T17:00,27.7,89,976.8,0.9
Lahore,31.5497,74.3436,2026-08-03T18:00,27.9,91,976.9,1.48
Lahore,31.5497,74.3436,2026-08-03T19:00,27.6,91,976.6,1.63
Lahore,31.5497,74.3436,2026-08-03T20:00,27.5,91,976.6,1.62
Lahore,31.5497,74.3436,2026-08-03T21:00,27.4,92,976.7,1.07
Lahore,31.5497,74.3436,2026-08-03T22:00,27.2,93,976.7,0.81
Lahore,31.5497,74.3436,2026-08-03T23:00,26.9,95,976.9,0.95
Lahore,31.5497,74.3436,2026-08-04T00:00,27.6,95,976.8,0.71
Lahore,31.5497,74.3436,2026-08-04T01:00,27.4,95,976.7,0.76
Lahore,31.5497,74.3436,2026-08-04T02:00,28.0,92,977.3,0.47
Lahore,31.5497,74.3436,2026-08-04T03:00,29.2,86,977.7,0.63
Lahore,31.5497,74.3436,2026-08-04T04:00,30.1,82,978.4,1.64
Lahore,31.5497,74.3436,2026-08-04T05:00,31.0,77,978.5,1.14
Lahore,31.5497,74.3436,2026-08-04T06:00,32.0,70,978.7,0.25
Lahore,31.5497,74.3436,2026-08-04T07:00,32.5,71,978.5,0.38
Lahore,31.5497,74.3436,2026-08-04T08:00,33.0,69,977.8,0.25
Lahore,31.5497,74.3436,2026-08-04T09:00,33.0,69,977.0,0.18
Lahore,31.5497,74.3436,2026-08-04T10:00,33.3,68,976.1,0.3
Lahore,31.5497,74.3436,2026-08-04T11:00,32.8,71,975.1,1.03
Lahore,31.5497,74.3436,2026-08-04T12:00,30.4,81,975.2,0.41
Lahore,31.5497,74.3436,2026-08-04T13:00,30.7,80,975.1,0.76
Lahore,31.5497,74.3436,2026-08-04T14:00,30.2,85,975.4,0.6
Lahore,31.5497,74.3436,2026-08-04T15:00,29.8,88,975.9,0.87
Lahore,31.5497,74.3436,2026-08-04T16:00,29.4,89,976.4,1.03
Lahore,31.5497,74.3436,2026-08-04T17:00,28.9,91,976.4,1.15
Lahore,31.5497,74.3436,2026-08-04T18:00,30.5,83,975.8,1.8
Lahore,31.5497,74.3436,2026-08-04T19:00,30.0,82,975.4,0.11
Lahore,31.5497,74.3436,2026-08-04T20:00,27.1,92,975.2,2.46
Lahore,31.5497,74.3436,2026-08-04T21:00,26.9,93,975.3,1.44
Lahore,31.5497,74.3436,2026-08-04T22:00,26.5,96,975.1,1.59
Lahore,31.5497,74.3436,2026-08-04T23:00,26.3,97,975.1,2.01
Lahore,31.5497,74.3436,2026-08-05T00:00,28.3,89,974.4,1.18
Lahore,31.5497,74.3436,2026-08-05T01:00,27.8,92,974.6,0.88
Lahore,31.5497,74.3436,2026-08-05T02:00,28.6,88,974.9,1.21
Lahore,31.5497,74.3436,2026-08-05T03:00,29.6,83,974.9,1.33
Lahore,31.5497,74.3436,2026-08-05T04:00,30.9,77,975.2,0.95
Lahore,31.5497,74.3436,2026-08-05T05:00,32.0,71,975.0,1.1
Lahore,31.5497,74.3436,2026-08-05T06:00,33.5,59,975.0,0.87
Lahore,31.5497,74.3436,2026-08-05T07:00,34.0,59,974.2,0.76
Lahore,31.5497,74.3436,2026-08-05T08:00,34.4,56,973.7,0.67
Lahore,31.5497,74.3436,2026-08-05T09:00,34.6,56,973.2,0.78
Lahore,31.5497,74.3436,2026-08-05T10:00,34.6,58,972.4,0.95
Lahore,31.5497,74.3436,2026-08-05T11:00,34.3,59,971.8,1.08
Lahore,31.5497,74.3436,2026-08-05T12:00,33.2,69,971.6,1.45
Lahore,31.5497,74.3436,2026-08-05T13:00,32.4,76,971.9,1.56
Lahore,31.5497,74.3436,2026-08-05T14:00,31.2,81,972.4,1.6
Lahore,31.5497,74.3436,2026-08-05T15:00,30.5,82,972.9,1.52
Lahore,31.5497,74.3436,2026-08-05T16:00,30.2,79,973.6,2.1
Lahore,31.5497,74.3436,2026-08-05T17:00,29.7,80,973.8,1.73
Lahore,31.5497,74.3436,2026-08-05T18:00,30.4,83,973.2,1.98
Lahore,31.5497,74.3436,2026-08-05T19:00,29.8,85,972.9,2.18
Lahore,31.5497,74.3436,2026-08-05T20:00,24.3,96,973.8,4.04
Lahore,31.5497,74.3436,2026-08-05T21:00,24.7,97,973.2,1.71
Lahore,31.5497,74.3436,2026-08-05T22:00,24.5,95,973.0,2.56
Lahore,31.5497,74.3436,2026-08-05T23:00,24.9,96,973.5,2.14
Lahore,31.5497,74.3436,2026-08-06T00:00,26.2,90,973.1,2.31
Lahore,31.5497,74.3436,2026-08-06T01:00,26.6,90,974.0,1.35
Lahore,31.5497,74.3436,2026-08-06T02:00,27.4,89,973.9,1.27
Lahore,31.5497,74.3436,2026-08-06T03:00,29.1,82,974.1,1.96
Lahore,31.5497,74.3436,2026-08-06T04:00,30.6,75,974.4,2.3
Lahore,31.5497,74.3436,2026-08-06T05:00,32.0,72,974.6,2.79
Lahore,31.5497,74.3436,2026-08-06T06:00,32.1,68,975.3,2.84
Lahore,31.5497,74.3436,2026-08-06T07:00,33.1,64,975.3,1.82
Lahore,31.5497,74.3436,2026-08-06T08:00,33.8,61,974.9,1.3
Lahore,31.5497,74.3436,2026-08-06T09:00,34.3,60,974.3,1.17
Lahore,31.5497,74.3436,2026-08-06T10:00,34.3,60,973.8,1.0
Lahore,31.5497,74.3436,2026-08-06T11:00,34.1,60,973.1,1.63
Lahore,31.5497,74.3436,2026-08-06T12:00,33.5,58,973.4,1.53
Lahore,31.5497,74.3436,2026-08-06T13:00,32.3,68,973.7,1.68
Lahore,31.5497,74.3436,2026-08-06T14:00,30.9,73,974.3,1.99
Lahore,31.5497,74.3436,2026-08-06T15:00,30.2,75,975.1,2.15
Lahore,31.5497,74.3436,2026-08-06T16:00,29.7,78,975.5,2.91
Lahore,31.5497,74.3436,2026-08-06T17:00,29.1,81,975.9,3.18
Lahore,31.5497,74.3436,2026-08-06T18:00,29.0,85,975.9,2.76
Lahore,31.5497,74.3436,2026-08-06T19:00,28.3,89,975.1,2.62
Lahore,31.5497,74.3436,2026-08-06T20:00,28.0,91,975.2,2.46
Lahore,31.5497,74.3436,2026-08-06T21:00,27.7,92,975.6,1.91
Lahore,31.5497,74.3436,2026-08-06T22:00,27.3,94,975.7,1.69
Lahore,31.5497,74.3436,2026-08-06T23:00,26.7,95,976.1,1.53
Lahore,31.5497,74.3436,2026-08-07T00:00,23.9,96,976.3,3.08
Lahore,31.5497,74.3436,2026-08-07T01:00,24.8,94,976.0,2.54
Lahore,31.5497,74.3436,2026-08-07T02:00,25.6,91,975.9,1.53
Lahore,31.5497,74.3436,2026-08-07T03:00,27.1,85,976.2,2.48
Lahore,31.5497,74.3436,2026-08-07T04:00,28.9,76,976.6,2.83
Lahore,31.5497,74.3436,2026-08-07T05:00,30.2,73,976.8,2.68
Lahore,31.5497,74.3436,2026-08-07T06:00,31.4,67,977.1,2.11
Lahore,31.5497,74.3436,2026-08-07T07:00,32.4,64,976.7,1.96
Lahore,31.5497,74.3436,2026-08-07T08:00,32.7,62,976.2,1.35
Lahore,31.5497,74.3436,2026-08-07T09:00,33.4,59,975.7,1.06
Lahore,31.5497,74.3436,2026-08-07T10:00,33.6,57,975.1,1.0
Lahore,31.5497,74.3436,2026-08-07T11:00,33.6,57,974.4,1.45
Lahore,31.5497,74.3436,2026-08-07T12:00,32.0,60,974.3,2.6
Lahore,31.5497,74.3436,2026-08-07T13:00,31.0,65,974.5,2.47
Lahore,31.5497,74.3436,2026-08-07T14:00,30.0,73,974.9,1.06
Lahore,31.5497,74.3436,2026-08-07T15:00,29.8,75,975.3,0.71
Lahore,31.5497,74.3436,2026-08-07T16:00,29.0,81,975.9,0.86
Lahore,31.5497,74.3436,2026-08-07T17:00,28.6,83,976.4,0.87
Lahore,31.5497,74.3436,2026-08-07T18:00,29.3,83,976.0,0.85
Lahore,31.5497,74.3436,2026-08-07T19:00,28.5,85,976.1,1.07
Lahore,31.5497,74.3436,2026-08-07T20:00,28.1,86,976.2,1.03
Lahore,31.5497,74.3436,2026-08-07T21:00,27.9,87,975.9,0.57
Lahore,31.5497,74.3436,2026-08-07T22:00,27.5,89,975.9,0.47
Lahore,31.5497,74.3436,2026-08-07T23:00,27.2,91,975.8,0.4
Lahore,31.5497,74.3436,2026-08-08T00:00,28.0,84,975.7,1.51
Lahore,31.5497,74.3436,2026-08-08T01:00,27.7,87,976.3,2.0
Lahore,31.5497,74.3436,2026-08-08T02:00,27.8,90,976.9,2.0
Lahore,31.5497,74.3436,2026-08-08T03:00,25.6,94,978.0,3.27
Lahore,31.5497,74.3436,2026-08-08T04:00,27.8,89,977.9,1.1
Lahore,31.5497,74.3436,2026-08-08T05:00,30.3,78,978.1,2.36
Lahore,31.5497,74.3436,2026-08-08T06:00,29.9,71,979.1,3.13
Lahore,31.5497,74.3436,2026-08-08T07:00,29.8,72,978.8,2.91
Lahore,31.5497,74.3436,2026-08-08T08:00,29.5,72,978.3,2.88
Lahore,31.5497,74.3436,2026-08-08T09:00,28.6,73,977.8,2.09
Lahore,31.5497,74.3436,2026-08-08T10:00,28.0,78,977.4,1.93
Lahore,31.5497,74.3436,2026-08-08T11:00,27.0,86,976.6,1.63
Lahore,31.5497,74.3436,2026-08-08T12:00,30.0,70,976.9,1.14
Lahore,31.5497,74.3436,2026-08-08T13:00,29.3,75,976.7,1.54
Lahore,31.5497,74.3436,2026-08-08T14:00,28.4,80,976.9,1.46
Lahore,31.5497,74.3436,2026-08-08T15:00,27.9,84,977.1,1.35
Lahore,31.5497,74.3436,2026-08-08T16:00,27.5,87,978.0,1.43
Lahore,31.5497,74.3436,2026-08-08T17:00,27.3,89,978.4,1.02
Lahore,31.5497,74.3436,2026-08-08T18:00,27.9,87,978.2,1.32
Lahore,31.5497,74.3436,2026-08-08T19:00,27.5,89,978.2,0.62
Lahore,31.5497,74.3436,2026-08-08T20:00,27.5,89,978.0,0.71
Lahore,31.5497,74.3436,2026-08-08T21:00,27.4,90,978.0,0.39
Lahore,31.5497,74.3436,2026-08-08T22:00,27.3,91,978.0,0.35
Lahore,31.5497,74.3436,2026-08-08T23:00,27.1,92,977.9,0.83
Lahore,31.5497,74.3436,2026-08-09T00:00,27.5,92,977.9,1.05
Lahore,31.5497,74.3436,2026-08-09T01:00,27.3,93,978.1,1.11
Lahore,31.5497,74.3436,2026-08-09T02:00,28.4,86,978.4,1.13
Lahore,31.5497,74.3436,2026-08-09T03:00,29.5,78,979.0,1.24
Lahore,31.5497,74.3436,2026-08-09T04:00,30.1,76,979.4,1.11
Lahore,31.5497,74.3436,2026-08-09T05:00,30.8,74,979.2,0.72
Lahore,31.5497,74.3436,2026-08-09T06:00,30.9,67,979.4,0.15
Lahore,31.5497,74.3436,2026-08-09T07:00,30.2,72,979.1,0.82
Lahore,31.5497,74.3436,2026-08-09T08:00,30.3,73,978.5,1.54
Lahore,31.5497,74.3436,2026-08-09T09:00,30.1,74,977.9,1.5
Lahore,31.5497,74.3436,2026-08-09T10:00,31.0,72,977.2,1.57
Lahore,31.5497,74.3436,2026-08-09T11:00,31.4,71,976.4,1.38
Lahore,31.5497,74.3436,2026-08-09T12:00,31.4,70,975.9,1.71
Lahore,31.5497,74.3436,2026-08-09T13:00,31.0,72,975.6,0.85
Lahore,31.5497,74.3436,2026-08-09T14:00,30.4,77,975.8,0.39
Lahore,31.5497,74.3436,2026-08-09T15:00,29.8,81,976.3,0.63
Lahore,31.5497,74.3436,2026-08-09T16:00,29.4,85,977.0,0.47
Lahore,31.5497,74.3436,2026-08-09T17:00,29.0,88,977.2,0.5
Lahore,31.5497,74.3436,2026-08-09T18:00,29.3,85,976.9,0.76
Lahore,31.5497,74.3436,2026-08-09T19:00,28.5,88,976.9,0.93
Lahore,31.5497,74.3436,2026-08-09T20:00,28.2,88,976.7,0.97
Lahore,31.5497,74.3436,2026-08-09T21:00,28.0,88,976.5,0.9
Lahore,31.5497,74.3436,2026-08-09T22:00,27.8,89,976.1,1.01
Lahore,31.5497,74.3436,2026-08-09T23:00,27.6,90,976.1,0.85
Lahore,31.5497,74.3436,2026-08-10T00:00,28.4,88,976.0,0.85
Lahore,31.5497,74.3436,2026-08-10T01:00,28.3,89,976.5,0.87
Lahore,31.5497,74.3436,2026-08-10T02:00,28.8,86,976.4,0.21
Lahore,31.5497,74.3436,2026-08-10T03:00,30.0,81,976.8,0.4
Lahore,31.5497,74.3436,2026-08-10T04:00,31.1,74,976.7,1.08
Lahore,31.5497,74.3436,2026-08-10T05:00,32.0,70,976.7,1.46
Lahore,31.5497,74.3436,2026-08-10T06:00,33.1,66,976.9,1.25
Lahore,31.5497,74.3436,2026-08-10T07:00,33.8,63,976.8,1.25
Lahore,31.5497,74.3436,2026-08-10T08:00,34.3,62,976.0,1.23
Lahore,31.5497,74.3436,2026-08-10T09:00,34.4,62,975.0,1.3
Lahore,31.5497,74.3436,2026-08-10T10:00,34.5,63,974.4,1.11
Lahore,31.5497,74.3436,2026-08-10T11:00,34.3,64,973.7,0.72
Lahore,31.5497,74.3436,2026-08-10T12:00,33.8,61,974.2,1.53
Lahore,31.5497,74.3436,2026-08-10T13:00,32.8,70,973.9,1.81
Lahore,31.5497,74.3436,2026-08-10T14:00,31.6,76,974.2,1.97
Lahore,31.5497,74.3436,2026-08-10T15:00,31.1,77,975.0,1.73
Lahore,31.5497,74.3436,2026-08-10T16:00,30.7,78,975.7,1.63
Lahore,31.5497,74.3436,2026-08-10T17:00,30.1,81,976.0,1.17
Lahore,31.5497,74.3436,2026-08-10T18:00,30.2,82,975.4,2.23
Lahore,31.5497,74.3436,2026-08-10T19:00,29.5,86,975.3,2.3
Lahore,31.5497,74.3436,2026-08-10T20:00,29.0,90,975.1,1.67
Lahore,31.5497,74.3436,2026-08-10T21:00,28.7,92,975.0,2.16
Lahore,31.5497,74.3436,2026-08-10T22:00,28.4,94,975.1,2.02
Lahore,31.5497,74.3436,2026-08-10T23:00,28.3,94,975.1,1.78
Lahore,31.5497,74.3436,2026-08-11T00:00,27.4,91,975.4,2.15
Lahore,31.5497,74.3436,2026-08-11T01:00,27.3,92,976.2,2.65
Lahore,31.5497,74.3436,2026-08-11T02:00,27.8,90,976.1,1.9
Lahore,31.5497,74.3436,2026-08-11T03:00,28.8,87,976.6,2.14
Lahore,31.5497,74.3436,2026-08-11T04:00,30.5,80,977.1,2.23
Lahore,31.5497,74.3436,2026-08-11T05:00,32.1,75,977.2,2.14
Lahore,31.5497,74.3436,2026-08-11T06:00,33.0,71,977.4,1.49
Lahore,31.5497,74.3436,2026-08-11T07:00,32.5,71,977.1,2.02
Lahore,31.5497,74.3436,2026-08-11T08:00,33.3,66,976.3,1.42
Lahore,31.5497,74.3436,2026-08-11T09:00,33.2,64,975.9,2.29
Lahore,31.5497,74.3436,2026-08-11T10:00,32.6,71,975.2,2.45
Lahore,31.5497,74.3436,2026-08-11T11:00,32.3,75,974.3,2.36
Lahore,31.5497,74.3436,2026-08-11T12:00,32.4,72,974.7,1.91
Lahore,31.5497,74.3436,2026-08-11T13:00,29.9,84,974.9,2.66
Lahore,31.5497,74.3436,2026-08-11T14:00,29.1,87,975.0,2.46
Lahore,31.5497,74.3436,2026-08-11T15:00,29.0,87,976.0,2.39
Lahore,31.5497,74.3436,2026-08-11T16:00,28.8,88,976.9,1.72
Lahore,31.5497,74.3436,2026-08-11T17:00,28.6,90,977.2,1.66
Lahore,31.5497,74.3436,2026-08-11T18:00,28.8,91,976.9,2.15
Lahore,31.5497,74.3436,2026-08-11T19:00,28.2,93,977.1,2.07
Lahore,31.5497,74.3436,2026-08-11T20:00,28.0,94,977.0,2.01
Lahore,31.5497,74.3436,2026-08-11T21:00,27.8,94,977.1,1.81
Lahore,31.5497,74.3436,2026-08-11T22:00,27.5,95,977.3,2.15
Lahore,31.5497,74.3436,2026-08-11T23:00,27.3,95,977.5,2.13
Lahore,31.5497,74.3436,2026-08-12T00:00,27.9,94,977.6,1.54
Lahore,31.5497,74.3436,2026-08-12T01:00,27.7,95,978.2,1.39
Lahore,31.5497,74.3436,2026-08-12T02:00,28.5,91,978.6,1.65
Lahore,31.5497,74.3436,2026-08-12T03:00,29.7,84,978.7,1.52
Lahore,31.5497,74.3436,2026-08-12T04:00,31.0,77,978.8,1.35
Lahore,31.5497,74.3436,2026-08-12T05:00,32.1,71,978.6,1.39
Lahore,31.5497,74.3436,2026-08-12T06:00,33.1,68,978.6,1.32
Lahore,31.5497,74.3436,2026-08-12T07:00,33.9,63,977.7,1.34
Lahore,31.5497,74.3436,2026-08-12T08:00,34.5,61,976.8,1.14
Lahore,31.5497,74.3436,2026-08-12T09:00,34.8,59,976.1,1.28
Lahore,31.5497,74.3436,2026-08-12T10:00,35.2,57,975.6,0.93
Lahore,31.5497,74.3436,2026-08-12T11:00,35.3,56,975.0,0.75
Lahore,31.5497,74.3436,2026-08-12T12:00,35.0,57,975.0,1.13
Lahore,31.5497,74.3436,2026-08-12T13:00,34.0,66,975.1,0.92
Lahore,31.5497,74.3436,2026-08-12T14:00,32.5,74,975.7,1.01
Lahore,31.5497,74.3436,2026-08-12T15:00,31.6,78,976.6,1.2
Lahore,31.5497,74.3436,2026-08-12T16:00,31.1,80,977.7,1.06
Lahore,31.5497,74.3436,2026-08-12T17:00,30.8,80,978.1,1.05
Lahore,31.5497,74.3436,2026-08-12T18:00,31.1,78,978.3,1.21
Lahore,31.5497,74.3436,2026-08-12T19:00,30.6,80,978.4,1.08
Lahore,31.5497,74.3436,2026-08-12T20:00,30.3,82,978.2,1.03
Lahore,31.5497,74.3436,2026-08-12T21:00,29.8,84,977.8,0.94
Lahore,31.5497,74.3436,2026-08-12T22:00,29.5,86,977.7,1.03
Lahore,31.5497,74.3436,2026-08-12T23:00,29.2,87,977.2,0.83
Lahore,31.5497,74.3436,2026-08-13T00:00,29.9,88,977.5,0.57
Lahore,31.5497,74.3436,2026-08-13T01:00,29.7,87,977.8,0.46
Lahore,31.5497,74.3436,2026-08-13T02:00,30.4,85,977.6,0.58
Lahore,31.5497,74.3436,2026-08-13T03:00,31.8,78,977.5,0.45
Lahore,31.5497,74.3436,2026-08-13T04:00,32.6,72,977.5,0.41
Lahore,31.5497,74.3436,2026-08-13T05:00,33.5,67,977.5,0.29
Lahore,31.5497,74.3436,2026-08-13T06:00,34.3,63,977.8,0.25
Lahore,31.5497,74.3436,2026-08-13T07:00,33.9,67,977.5,0.47
Lahore,31.5497,74.3436,2026-08-13T08:00,34.8,63,976.8,0.92
Lahore,31.5497,74.3436,2026-08-13T09:00,35.5,59,976.1,0.78
Lahore,31.5497,74.3436,2026-08-13T10:00,35.7,59,975.2,0.54
Lahore,31.5497,74.3436,2026-08-13T11:00,35.3,59,974.8,0.56
Lahore,31.5497,74.3436,2026-08-13T12:00,34.1,64,974.8,0.4
Lahore,31.5497,74.3436,2026-08-13T13:00,33.8,67,975.0,0.34
Lahore,31.5497,74.3436,2026-08-13T14:00,32.7,77,974.8,0.96
Lahore,31.5497,74.3436,2026-08-13T15:00,32.1,79,975.4,1.13
Lahore,31.5497,74.3436,2026-08-13T16:00,31.6,80,976.2,1.11
Lahore,31.5497,74.3436,2026-08-13T17:00,31.3,81,976.2,0.9
Lahore,31.5497,74.3436,2026-08-13T18:00,31.5,78,975.9,1.38
Lahore,31.5497,74.3436,2026-08-13T19:00,30.9,81,975.7,0.81
Lahore,31.5497,74.3436,2026-08-13T20:00,30.6,82,975.5,0.75
Lahore,31.5497,74.3436,2026-08-13T21:00,30.1,83,975.4,1.03
Lahore,31.5497,74.3436,2026-08-13T22:00,29.7,84,975.1,1.15
Lahore,31.5497,74.3436,2026-08-13T23:00,27.8,88,975.3,1.64
Islamabad,33.7104,73.1338,2026-07-15T00:00,25.4,76,943.0,0.61
Islamabad,33.7104,73.1338,2026-07-15T01:00,25.6,76,943.2,1.1
Islamabad,33.7104,73.1338,2026-07-15T02:00,27.4,69,943.5,0.75
Islamabad,33.7104,73.1338,2026-07-15T03:00,29.4,57,944.3,0.4
Islamabad,33.7104,73.1338,2026-07-15T04:00,30.7,52,944.5,1.1
Islamabad,33.7104,73.1338,2026-07-15T05:00,32.0,49,944.8,1.85
Islamabad,33.7104,73.1338,2026-07-15T06:00,32.3,49,945.5,1.63
Islamabad,33.7104,73.1338,2026-07-15T07:00,32.9,49,944.9,2.27
Islamabad,33.7104,73.1338,2026-07-15T08:00,33.2,49,944.6,2.6
Islamabad,33.7104,73.1338,2026-07-15T09:00,33.2,49,944.4,2.37
Islamabad,33.7104,73.1338,2026-07-15T10:00,32.2,53,944.0,1.35
Islamabad,33.7104,73.1338,2026-07-15T11:00,32.4,51,943.9,2.01
Islamabad,33.7104,73.1338,2026-07-15T12:00,30.1,58,944.1,4.81
Islamabad,33.7104,73.1338,2026-07-15T13:00,28.0,71,943.6,3.01
Islamabad,33.7104,73.1338,2026-07-15T14:00,28.0,75,944.0,1.81
Islamabad,33.7104,73.1338,2026-07-15T15:00,27.9,75,944.3,1.35
Islamabad,33.7104,73.1338,2026-07-15T16:00,27.6,76,944.7,1.07
Islamabad,33.7104,73.1338,2026-07-15T17:00,27.1,78,944.9,0.95
Islamabad,33.7104,73.1338,2026-07-15T18:00,27.1,78,944.7,1.06
Islamabad,33.7104,73.1338,2026-07-15T19:00,26.4,82,944.6,1.1
Islamabad,33.7104,73.1338,2026-07-15T20:00,26.2,82,944.6,0.95
Islamabad,33.7104,73.1338,2026-07-15T21:00,26.0,82,944.6,0.86
Islamabad,33.7104,73.1338,2026-07-15T22:00,25.8,82,944.3,0.8
Islamabad,33.7104,73.1338,2026-07-15T23:00,25.6,81,944.4,0.8
Islamabad,33.7104,73.1338,2026-07-16T00:00,26.3,74,944.6,0.62
Islamabad,33.7104,73.1338,2026-07-16T01:00,26.4,77,944.9,1.12
Islamabad,33.7104,73.1338,2026-07-16T02:00,28.1,68,945.2,0.86
Islamabad,33.7104,73.1338,2026-07-16T03:00,30.0,59,945.6,0.15
Islamabad,33.7104,73.1338,2026-07-16T04:00,31.4,56,945.4,1.01
Islamabad,33.7104,73.1338,2026-07-16T05:00,32.8,53,945.3,1.68
Islamabad,33.7104,73.1338,2026-07-16T06:00,33.8,50,945.6,2.26
Islamabad,33.7104,73.1338,2026-07-16T07:00,34.3,48,945.3,2.65
Islamabad,33.7104,73.1338,2026-07-16T08:00,34.8,46,944.9,1.91
Islamabad,33.7104,73.1338,2026-07-16T09:00,35.0,46,944.3,1.75
Islamabad,33.7104,73.1338,2026-07-16T10:00,34.9,47,943.9,2.23
Islamabad,33.7104,73.1338,2026-07-16T11:00,34.8,46,943.5,2.26
Islamabad,33.7104,73.1338,2026-07-16T12:00,34.6,49,943.0,1.24
Islamabad,33.7104,73.1338,2026-07-16T13:00,33.6,54,942.8,1.46
Islamabad,33.7104,73.1338,2026-07-16T14:00,32.3,58,942.7,1.2
Islamabad,33.7104,73.1338,2026-07-16T15:00,31.3,62,942.6,0.67
Islamabad,33.7104,73.1338,2026-07-16T16:00,31.0,59,943.0,0.63
Islamabad,33.7104,73.1338,2026-07-16T17:00,30.5,62,943.1,0.81
Islamabad,33.7104,73.1338,2026-07-16T18:00,30.6,61,942.8,0.99
Islamabad,33.7104,73.1338,2026-07-16T19:00,30.1,62,942.5,0.54
Islamabad,33.7104,73.1338,2026-07-16T20:00,29.8,62,942.4,0.29
Islamabad,33.7104,73.1338,2026-07-16T21:00,28.9,63,942.2,0.93
Islamabad,33.7104,73.1338,2026-07-16T22:00,28.4,67,942.3,0.74
Islamabad,33.7104,73.1338,2026-07-16T23:00,28.2,68,942.4,0.69
Islamabad,33.7104,73.1338,2026-07-17T00:00,28.0,73,942.6,1.13
Islamabad,33.7104,73.1338,2026-07-17T01:00,27.9,76,943.0,1.17
Islamabad,33.7104,73.1338,2026-07-17T02:00,29.6,70,943.9,0.99
Islamabad,33.7104,73.1338,2026-07-17T03:00,30.8,65,944.4,1.54
Islamabad,33.7104,73.1338,2026-07-17T04:00,31.8,63,944.6,2.13
Islamabad,33.7104,73.1338,2026-07-17T05:00,32.3,61,944.7,1.98
Islamabad,33.7104,73.1338,2026-07-17T06:00,33.0,57,945.0,1.98
Islamabad,33.7104,73.1338,2026-07-17T07:00,33.2,57,944.8,1.27
Islamabad,33.7104,73.1338,2026-07-17T08:00,33.5,57,944.5,0.81
Islamabad,33.7104,73.1338,2026-07-17T09:00,34.1,55,943.7,0.43
Islamabad,33.7104,73.1338,2026-07-17T10:00,34.3,54,943.1,0.85
Islamabad,33.7104,73.1338,2026-07-17T11:00,34.4,52,942.6,1.07
Islamabad,33.7104,73.1338,2026-07-17T12:00,34.6,49,941.8,1.33
Islamabad,33.7104,73.1338,2026-07-17T13:00,33.2,58,941.8,1.85
Islamabad,33.7104,73.1338,2026-07-17T14:00,31.6,65,941.8,1.13
Islamabad,33.7104,73.1338,2026-07-17T15:00,31.0,68,942.0,0.73
Islamabad,33.7104,73.1338,2026-07-17T16:00,30.3,68,942.7,1.1
Islamabad,33.7104,73.1338,2026-07-17T17:00,29.9,69,943.0,1.1
Islamabad,33.7104,73.1338,2026-07-17T18:00,30.4,69,942.6,1.34
Islamabad,33.7104,73.1338,2026-07-17T19:00,29.6,72,942.6,1.25
Islamabad,33.7104,73.1338,2026-07-17T20:00,29.4,72,942.7,1.48
Islamabad,33.7104,73.1338,2026-07-17T21:00,28.7,73,942.5,1.95
Islamabad,33.7104,73.1338,2026-07-17T22:00,28.1,73,942.5,2.02
Islamabad,33.7104,73.1338,2026-07-17T23:00,27.7,75,942.7,1.48
Islamabad,33.7104,73.1338,2026-07-18T00:00,28.1,77,942.8,1.68
Islamabad,33.7104,73.1338,2026-07-18T01:00,27.8,78,943.0,1.54
Islamabad,33.7104,73.1338,2026-07-18T02:00,29.3,72,943.3,1.38
Islamabad,33.7104,73.1338,2026-07-18T03:00,30.6,68,943.4,1.2
Islamabad,33.7104,73.1338,2026-07-18T04:00,31.7,65,943.4,1.71
Islamabad,33.7104,73.1338,2026-07-18T05:00,32.4,64,943.4,1.58
Islamabad,33.7104,73.1338,2026-07-18T06:00,33.2,60,943.3,2.23
Islamabad,33.7104,73.1338,2026-07-18T07:00,33.6,58,943.0,2.01
Islamabad,33.7104,73.1338,2026-07-18T08:00,34.2,55,942.4,2.12
Islamabad,33.7104,73.1338,2026-07-18T09:00,34.7,55,941.9,2.07
Islamabad,33.7104,73.1338,2026-07-18T10:00,35.0,53,941.7,2.33
Islamabad,33.7104,73.1338,2026-07-18T11:00,32.9,65,941.4,1.99
Islamabad,33.7104,73.1338,2026-07-18T12:00,32.7,62,941.1,2.93
Islamabad,33.7104,73.1338,2026-07-18T13:00,32.4,63,941.5,2.3
Islamabad,33.7104,73.1338,2026-07-18T14:00,31.6,69,941.5,1.44
Islamabad,33.7104,73.1338,2026-07-18T15:00,30.8,72,942.1,1.7
Islamabad,33.7104,73.1338,2026-07-18T16:00,30.1,74,942.7,1.32
Islamabad,33.7104,73.1338,2026-07-18T17:00,29.6,76,943.3,1.03
Islamabad,33.7104,73.1338,2026-07-18T18:00,30.2,74,942.6,1.23
Islamabad,33.7104,73.1338,2026-07-18T19:00,29.4,74,942.6,1.91
Islamabad,33.7104,73.1338,2026-07-18T20:00,26.8,84,942.9,4.12
Islamabad,33.7104,73.1338,2026-07-18T21:00,26.5,87,942.2,2.46
Islamabad,33.7104,73.1338,2026-07-18T22:00,26.0,91,942.7,1.5
Islamabad,33.7104,73.1338,2026-07-18T23:00,25.9,93,942.6,2.04
Islamabad,33.7104,73.1338,2026-07-19T00:00,26.4,92,942.4,1.61
Islamabad,33.7104,73.1338,2026-07-19T01:00,26.6,92,942.8,1.28
Islamabad,33.7104,73.1338,2026-07-19T02:00,27.4,88,943.6,1.24
Islamabad,33.7104,73.1338,2026-07-19T03:00,28.3,81,943.6,0.25
Islamabad,33.7104,73.1338,2026-07-19T04:00,29.9,73,944.3,1.6
Islamabad,33.7104,73.1338,2026-07-19T05:00,30.7,70,944.7,2.11
Islamabad,33.7104,73.1338,2026-07-19T06:00,31.4,66,944.9,2.3
Islamabad,33.7104,73.1338,2026-07-19T07:00,30.6,71,944.4,2.53
Islamabad,33.7104,73.1338,2026-07-19T08:00,31.6,69,943.8,2.16
Islamabad,33.7104,73.1338,2026-07-19T09:00,32.4,65,943.4,2.21
Islamabad,33.7104,73.1338,2026-07-19T10:00,32.1,66,943.0,1.14
Islamabad,33.7104,73.1338,2026-07-19T11:00,32.4,65,942.3,0.4
Islamabad,33.7104,73.1338,2026-07-19T12:00,31.9,65,942.2,1.9
Islamabad,33.7104,73.1338,2026-07-19T13:00,31.7,68,942.3,1.54
Islamabad,33.7104,73.1338,2026-07-19T14:00,30.6,73,942.4,1.39
Islamabad,33.7104,73.1338,2026-07-19T15:00,29.7,77,942.7,1.01
Islamabad,33.7104,73.1338,2026-07-19T16:00,29.4,77,943.3,1.03
Islamabad,33.7104,73.1338,2026-07-19T17:00,29.1,78,943.7,1.12
Islamabad,33.7104,73.1338,2026-07-19T18:00,28.1,85,943.6,1.39
Islamabad,33.7104,73.1338,2026-07-19T19:00,27.1,90,943.1,2.56
Islamabad,33.7104,73.1338,2026-07-19T20:00,26.7,91,942.8,2.28
Islamabad,33.7104,73.1338,2026-07-19T21:00,25.5,93,942.9,1.61
Islamabad,33.7104,73.1338,2026-07-19T22:00,25.2,96,942.6,2.36
Islamabad,33.7104,73.1338,2026-07-19T23:00,25.2,96,943.0,1.06
Islamabad,33.7104,73.1338,2026-07-20T00:00,25.4,96,942.9,1.24
Islamabad,33.7104,73.1338,2026-07-20T01:00,25.6,94,942.2,1.68
Islamabad,33.7104,73.1338,2026-07-20T02:00,26.3,91,942.5,1.21
Islamabad,33.7104,73.1338,2026-07-20T03:00,26.4,91,943.3,0.62
Islamabad,33.7104,73.1338,2026-07-20T04:00,26.3,90,944.1,1.36
Islamabad,33.7104,73.1338,2026-07-20T05:00,26.8,89,943.6,1.28
Islamabad,33.7104,73.1338,2026-07-20T06:00,28.5,78,944.7,1.24
Islamabad,33.7104,73.1338,2026-07-20T07:00,29.1,73,944.5,2.29
Islamabad,33.7104,73.1338,2026-07-20T08:00,28.3,82,943.6,1.57
Islamabad,33.7104,73.1338,2026-07-20T09:00,29.3,76,943.2,1.57
Islamabad,33.7104,73.1338,2026-07-20T10:00,28.8,78,943.2,1.41
Islamabad,33.7104,73.1338,2026-07-20T11:00,28.0,81,942.9,1.81
Islamabad,33.7104,73.1338,2026-07-20T12:00,29.1,76,942.5,2.08
Islamabad,33.7104,73.1338,2026-07-20T13:00,28.7,78,942.9,1.55
Islamabad,33.7104,73.1338,2026-07-20T14:00,28.1,82,943.0,0.96
Islamabad,33.7104,73.1338,2026-07-20T15:00,27.4,86,943.4,0.78
Islamabad,33.7104,73.1338,2026-07-20T16:00,27.0,88,943.8,0.89
Islamabad,33.7104,73.1338,2026-07-20T17:00,26.9,89,944.1,1.57
Islamabad,33.7104,73.1338,2026-07-20T18:00,24.7,96,944.2,1.51
Islamabad,33.7104,73.1338,2026-07-20T19:00,24.4,97,943.9,1.73
Islamabad,33.7104,73.1338,2026-07-20T20:00,24.3,97,943.9,0.69
Islamabad,33.7104,73.1338,2026-07-20T21:00,24.2,96,942.7,1.66
Islamabad,33.7104,73.1338,2026-07-20T22:00,23.6,99,943.2,0.57
Islamabad,33.7104,73.1338,2026-07-20T23:00,24.1,95,943.0,1.66
Islamabad,33.7104,73.1338,2026-07-21T00:00,24.2,95,943.0,1.15
Islamabad,33.7104,73.1338,2026-07-21T01:00,24.3,94,943.3,0.34
Islamabad,33.7104,73.1338,2026-07-21T02:00,24.2,94,943.7,1.22
Islamabad,33.7104,73.1338,2026-07-21T03:00,23.9,96,944.4,0.46
Islamabad,33.7104,73.1338,2026-07-21T04:00,24.0,96,944.2,1.11
Islamabad,33.7104,73.1338,2026-07-21T05:00,24.4,95,944.8,1.66
Islamabad,33.7104,73.1338,2026-07-21T06:00,23.9,93,945.4,2.5
Islamabad,33.7104,73.1338,2026-07-21T07:00,23.7,95,945.6,2.62
Islamabad,33.7104,73.1338,2026-07-21T08:00,23.9,94,945.7,2.62
Islamabad,33.7104,73.1338,2026-07-21T09:00,23.9,94,945.4,2.21
Islamabad,33.7104,73.1338,2026-07-21T10:00,24.5,92,944.9,2.5
Islamabad,33.7104,73.1338,2026-07-21T11:00,24.5,92,944.5,1.8
Islamabad,33.7104,73.1338,2026-07-21T12:00,24.0,92,944.6,2.45
Islamabad,33.7104,73.1338,2026-07-21T13:00,23.8,95,944.8,1.9
Islamabad,33.7104,73.1338,2026-07-21T14:00,23.9,94,945.2,0.6
Islamabad,33.7104,73.1338,2026-07-21T15:00,24.0,94,945.3,0.78
Islamabad,33.7104,73.1338,2026-07-21T16:00,24.2,91,945.7,0.54
Islamabad,33.7104,73.1338,2026-07-21T17:00,24.2,89,945.7,0.55
Islamabad,33.7104,73.1338,2026-07-21T18:00,24.9,88,945.4,0.38
Islamabad,33.7104,73.1338,2026-07-21T19:00,24.4,90,945.0,0.72
Islamabad,33.7104,73.1338,2026-07-21T20:00,24.4,91,944.5,0.87
Islamabad,33.7104,73.1338,2026-07-21T21:00,24.9,87,944.2,0.4
Islamabad,33.7104,73.1338,2026-07-21T22:00,24.6,85,944.1,0.81
Islamabad,33.7104,73.1338,2026-07-21T23:00,24.9,81,944.6,0.11
Islamabad,33.7104,73.1338,2026-07-22T00:00,23.9,93,943.8,0.47
Islamabad,33.7104,73.1338,2026-07-22T01:00,23.8,94,944.4,0.54
Islamabad,33.7104,73.1338,2026-07-22T02:00,24.2,91,944.5,0.67
Islamabad,33.7104,73.1338,2026-07-22T03:00,25.2,86,944.8,0.65
Islamabad,33.7104,73.1338,2026-07-22T04:00,26.2,79,945.0,2.22
Islamabad,33.7104,73.1338,2026-07-22T05:00,27.1,75,945.2,2.23
Islamabad,33.7104,73.1338,2026-07-22T06:00,25.4,79,945.8,0.78
Islamabad,33.7104,73.1338,2026-07-22T07:00,26.8,72,945.4,1.77
Islamabad,33.7104,73.1338,2026-07-22T08:00,26.8,72,944.4,1.52
Islamabad,33.7104,73.1338,2026-07-22T09:00,27.3,71,944.0,1.42
Islamabad,33.7104,73.1338,2026-07-22T10:00,27.3,69,944.1,4.52
Islamabad,33.7104,73.1338,2026-07-22T11:00,26.3,73,943.7,3.78
Islamabad,33.7104,73.1338,2026-07-22T12:00,27.5,68,944.0,4.42
Islamabad,33.7104,73.1338,2026-07-22T13:00,26.5,73,943.9,3.77
Islamabad,33.7104,73.1338,2026-07-22T14:00,25.4,78,944.0,1.47
Islamabad,33.7104,73.1338,2026-07-22T15:00,24.7,79,944.8,1.2
Islamabad,33.7104,73.1338,2026-07-22T16:00,24.6,78,945.3,1.27
Islamabad,33.7104,73.1338,2026-07-22T17:00,24.3,78,945.3,0.92
Islamabad,33.7104,73.1338,2026-07-22T18:00,25.1,79,944.9,0.93
Islamabad,33.7104,73.1338,2026-07-22T19:00,24.6,78,944.6,0.41
Islamabad,33.7104,73.1338,2026-07-22T20:00,24.8,77,944.2,0.16
Islamabad,33.7104,73.1338,2026-07-22T21:00,24.0,79,943.8,0.55
Islamabad,33.7104,73.1338,2026-07-22T22:00,23.5,81,943.2,0.46
Islamabad,33.7104,73.1338,2026-07-22T23:00,23.3,83,943.3,0.56
Islamabad,33.7104,73.1338,2026-07-23T00:00,24.1,90,943.9,1.21
Islamabad,33.7104,73.1338,2026-07-23T01:00,23.4,92,943.6,1.83
Islamabad,33.7104,73.1338,2026-07-23T02:00,24.2,89,943.5,1.33
Islamabad,33.7104,73.1338,2026-07-23T03:00,24.7,86,944.0,0.57
Islamabad,33.7104,73.1338,2026-07-23T04:00,26.3,76,944.5,0.74
Islamabad,33.7104,73.1338,2026-07-23T05:00,26.8,74,944.6,2.41
Islamabad,33.7104,73.1338,2026-07-23T06:00,27.9,67,945.3,3.26
Islamabad,33.7104,73.1338,2026-07-23T07:00,28.6,67,944.9,2.62
Islamabad,33.7104,73.1338,2026-07-23T08:00,29.2,65,944.3,1.77
Islamabad,33.7104,73.1338,2026-07-23T09:00,28.6,66,943.9,3.43
Islamabad,33.7104,73.1338,2026-07-23T10:00,28.5,67,943.8,2.28
Islamabad,33.7104,73.1338,2026-07-23T11:00,28.4,66,943.2,2.68
Islamabad,33.7104,73.1338,2026-07-23T12:00,28.3,67,943.1,2.65
Islamabad,33.7104,73.1338,2026-07-23T13:00,27.6,71,943.0,1.38
Islamabad,33.7104,73.1338,2026-07-23T14:00,26.7,79,942.8,0.14
Islamabad,33.7104,73.1338,2026-07-23T15:00,25.9,80,943.5,0.25
Islamabad,33.7104,73.1338,2026-07-23T16:00,25.6,81,943.9,0.35
Islamabad,33.7104,73.1338,2026-07-23T17:00,25.3,82,944.1,0.25
Islamabad,33.7104,73.1338,2026-07-23T18:00,26.0,84,944.3,0.2
Islamabad,33.7104,73.1338,2026-07-23T19:00,25.8,84,944.1,0.0
Islamabad,33.7104,73.1338,2026-07-23T20:00,25.0,86,943.7,0.92
Islamabad,33.7104,73.1338,2026-07-23T21:00,24.3,88,943.5,0.85
Islamabad,33.7104,73.1338,2026-07-23T22:00,23.9,89,943.2,1.12
Islamabad,33.7104,73.1338,2026-07-23T23:00,23.5,91,943.2,0.35
Islamabad,33.7104,73.1338,2026-07-24T00:00,24.1,89,943.5,0.79
Islamabad,33.7104,73.1338,2026-07-24T01:00,24.3,89,943.5,0.85
Islamabad,33.7104,73.1338,2026-07-24T02:00,25.5,80,944.3,1.69
Islamabad,33.7104,73.1338,2026-07-24T03:00,26.3,74,945.1,2.18
Islamabad,33.7104,73.1338,2026-07-24T04:00,26.8,75,945.3,1.44
Islamabad,33.7104,73.1338,2026-07-24T05:00,27.6,72,945.3,1.41
Islamabad,33.7104,73.1338,2026-07-24T06:00,28.5,66,946.0,3.05
Islamabad,33.7104,73.1338,2026-07-24T07:00,28.3,65,945.4,1.39
Islamabad,33.7104,73.1338,2026-07-24T08:00,29.2,63,944.8,1.07
Islamabad,33.7104,73.1338,2026-07-24T09:00,29.5,62,943.9,0.81
Islamabad,33.7104,73.1338,2026-07-24T10:00,30.0,60,942.9,0.68
Islamabad,33.7104,73.1338,2026-07-24T11:00,30.2,59,942.1,0.87
Islamabad,33.7104,73.1338,2026-07-24T12:00,30.2,61,941.9,1.1
Islamabad,33.7104,73.1338,2026-07-24T13:00,29.6,64,941.7,0.74
Islamabad,33.7104,73.1338,2026-07-24T14:00,28.7,73,941.6,0.4
Islamabad,33.7104,73.1338,2026-07-24T15:00,27.5,77,941.8,0.71
Islamabad,33.7104,73.1338,2026-07-24T16:00,26.7,83,942.9,0.75
Islamabad,33.7104,73.1338,2026-07-24T17:00,26.1,86,943.4,0.92
Islamabad,33.7104,73.1338,2026-07-24T18:00,27.0,81,943.4,0.81
Islamabad,33.7104,73.1338,2026-07-24T19:00,26.4,83,943.7,0.89
Islamabad,33.7104,73.1338,2026-07-24T20:00,26.3,81,943.9,1.7
Islamabad,33.7104,73.1338,2026-07-24T21:00,25.6,84,943.7,1.03
Islamabad,33.7104,73.1338,2026-07-24T22:00,25.6,81,943.5,1.39
Islamabad,33.7104,73.1338,2026-07-24T23:00,25.4,81,943.7,0.76
Islamabad,33.7104,73.1338,2026-07-25T00:00,24.2,86,943.1,2.0
Islamabad,33.7104,73.1338,2026-07-25T01:00,24.2,89,943.2,1.58
Islamabad,33.7104,73.1338,2026-07-25T02:00,25.9,84,944.1,0.45
Islamabad,33.7104,73.1338,2026-07-25T03:00,26.6,75,945.0,0.36
Islamabad,33.7104,73.1338,2026-07-25T04:00,26.4,77,945.8,1.12
Islamabad,33.7104,73.1338,2026-07-25T05:00,26.6,81,946.3,1.76
Islamabad,33.7104,73.1338,2026-07-25T06:00,25.3,90,946.0,1.57
Islamabad,33.7104,73.1338,2026-07-25T07:00,25.1,91,946.0,1.32
Islamabad,33.7104,73.1338,2026-07-25T08:00,25.2,92,945.8,0.63
Islamabad,33.7104,73.1338,2026-07-25T09:00,25.3,93,945.7,0.62
Islamabad,33.7104,73.1338,2026-07-25T10:00,25.3,92,945.3,0.0
Islamabad,33.7104,73.1338,2026-07-25T11:00,25.6,89,944.7,0.54
Islamabad,33.7104,73.1338,2026-07-25T12:00,27.3,80,944.3,1.23
Islamabad,33.7104,73.1338,2026-07-25T13:00,27.0,82,944.3,0.81
Islamabad,33.7104,73.1338,2026-07-25T14:00,26.1,87,944.6,0.21
Islamabad,33.7104,73.1338,2026-07-25T15:00,25.7,89,945.0,1.0
Islamabad,33.7104,73.1338,2026-07-25T16:00,25.6,88,945.5,0.82
Islamabad,33.7104,73.1338,2026-07-25T17:00,25.5,89,946.0,0.45
Islamabad,33.7104,73.1338,2026-07-25T18:00,26.6,82,946.0,0.14
Islamabad,33.7104,73.1338,2026-07-25T19:00,26.1,84,946.0,0.05
Islamabad,33.7104,73.1338,2026-07-25T20:00,25.9,86,945.8,0.05
Islamabad,33.7104,73.1338,2026-07-25T21:00,25.6,85,945.3,0.29
Islamabad,33.7104,73.1338,2026-07-25T22:00,25.3,85,945.7,0.28
Islamabad,33.7104,73.1338,2026-07-25T23:00,24.9,86,945.7,0.47
Islamabad,33.7104,73.1338,2026-07-26T00:00,25.3,89,945.7,0.49
Islamabad,33.7104,73.1338,2026-07-26T01:00,25.4,90,946.0,0.32
Islamabad,33.7104,73.1338,2026-07-26T02:00,25.6,87,946.2,1.5
Islamabad,33.7104,73.1338,2026-07-26T03:00,26.4,83,946.1,1.14
Islamabad,33.7104,73.1338,2026-07-26T04:00,28.1,73,946.6,1.07
Islamabad,33.7104,73.1338,2026-07-26T05:00,28.2,72,946.8,1.44
Islamabad,33.7104,73.1338,2026-07-26T06:00,29.0,63,947.2,0.72
Islamabad,33.7104,73.1338,2026-07-26T07:00,29.8,61,946.7,0.45
Islamabad,33.7104,73.1338,2026-07-26T08:00,30.3,61,946.1,0.74
Islamabad,33.7104,73.1338,2026-07-26T09:00,30.4,64,945.0,1.2
Islamabad,33.7104,73.1338,2026-07-26T10:00,31.7,61,944.3,1.7
Islamabad,33.7104,73.1338,2026-07-26T11:00,31.8,60,943.6,1.84
Islamabad,33.7104,73.1338,2026-07-26T12:00,31.6,59,943.4,1.17
Islamabad,33.7104,73.1338,2026-07-26T13:00,30.4,70,942.9,1.32
Islamabad,33.7104,73.1338,2026-07-26T14:00,28.8,79,942.6,0.99
Islamabad,33.7104,73.1338,2026-07-26T15:00,27.7,83,942.7,0.83
Islamabad,33.7104,73.1338,2026-07-26T16:00,27.1,86,943.0,0.6
Islamabad,33.7104,73.1338,2026-07-26T17:00,26.6,89,943.4,0.75
Islamabad,33.7104,73.1338,2026-07-26T18:00,27.0,88,942.7,0.61
Islamabad,33.7104,73.1338,2026-07-26T19:00,26.4,88,942.6,0.75
Islamabad,33.7104,73.1338,2026-07-26T20:00,25.9,89,942.4,1.01
Islamabad,33.7104,73.1338,2026-07-26T21:00,25.4,90,942.1,1.2
Islamabad,33.7104,73.1338,2026-07-26T22:00,25.1,90,942.0,1.11
Islamabad,33.7104,73.1338,2026-07-26T23:00,25.0,90,941.8,1.06
Islamabad,33.7104,73.1338,2026-07-27T00:00,25.3,87,941.7,0.3
Islamabad,33.7104,73.1338,2026-07-27T01:00,25.5,86,942.0,0.85
Islamabad,33.7104,73.1338,2026-07-27T02:00,26.9,81,942.4,0.78
Islamabad,33.7104,73.1338,2026-07-27T03:00,28.3,76,942.6,0.25
Islamabad,33.7104,73.1338,2026-07-27T04:00,29.7,71,942.4,0.4
Islamabad,33.7104,73.1338,2026-07-27T05:00,30.8,65,942.4,1.24
Islamabad,33.7104,73.1338,2026-07-27T06:00,31.8,60,942.3,1.84
Islamabad,33.7104,73.1338,2026-07-27T07:00,32.2,59,942.1,1.77
Islamabad,33.7104,73.1338,2026-07-27T08:00,32.8,57,941.4,1.7
Islamabad,33.7104,73.1338,2026-07-27T09:00,32.9,57,940.7,1.88
Islamabad,33.7104,73.1338,2026-07-27T10:00,33.0,56,940.0,1.92
Islamabad,33.7104,73.1338,2026-07-27T11:00,32.8,56,939.2,1.3
Islamabad,33.7104,73.1338,2026-07-27T12:00,32.7,58,939.0,1.57
Islamabad,33.7104,73.1338,2026-07-27T13:00,31.7,66,938.8,1.38
Islamabad,33.7104,73.1338,2026-07-27T14:00,30.2,74,938.8,0.95
Islamabad,33.7104,73.1338,2026-07-27T15:00,29.3,73,939.2,1.23
Islamabad,33.7104,73.1338,2026-07-27T16:00,28.4,73,939.6,1.16
Islamabad,33.7104,73.1338,2026-07-27T17:00,27.4,77,939.8,1.66
Islamabad,33.7104,73.1338,2026-07-27T18:00,28.2,74,939.4,1.17
Islamabad,33.7104,73.1338,2026-07-27T19:00,27.6,74,939.6,1.06
Islamabad,33.7104,73.1338,2026-07-27T20:00,27.2,75,939.9,1.19
Islamabad,33.7104,73.1338,2026-07-27T21:00,27.1,76,940.2,1.06
Islamabad,33.7104,73.1338,2026-07-27T22:00,26.5,78,940.1,1.42
Islamabad,33.7104,73.1338,2026-07-27T23:00,26.3,80,940.0,1.27
Islamabad,33.7104,73.1338,2026-07-28T00:00,25.9,89,939.3,1.35
Islamabad,33.7104,73.1338,2026-07-28T01:00,26.0,89,939.9,1.5
Islamabad,33.7104,73.1338,2026-07-28T02:00,27.3,83,940.0,0.75
Islamabad,33.7104,73.1338,2026-07-28T03:00,28.8,73,940.6,0.4
Islamabad,33.7104,73.1338,2026-07-28T04:00,30.1,68,940.7,0.92
Islamabad,33.7104,73.1338,2026-07-28T05:00,31.3,64,941.2,1.86
Islamabad,33.7104,73.1338,2026-07-28T06:00,30.6,67,941.3,2.39
Islamabad,33.7104,73.1338,2026-07-28T07:00,30.1,73,941.5,0.71
Islamabad,33.7104,73.1338,2026-07-28T08:00,31.9,66,941.0,0.57
Islamabad,33.7104,73.1338,2026-07-28T09:00,32.5,67,940.3,1.39
Islamabad,33.7104,73.1338,2026-07-28T10:00,31.8,71,940.0,1.43
Islamabad,33.7104,73.1338,2026-07-28T11:00,31.7,72,939.4,1.14
Islamabad,33.7104,73.1338,2026-07-28T12:00,32.5,62,938.7,2.04
Islamabad,33.7104,73.1338,2026-07-28T13:00,31.4,68,938.6,1.85
Islamabad,33.7104,73.1338,2026-07-28T14:00,30.0,71,938.8,1.49
Islamabad,33.7104,73.1338,2026-07-28T15:00,29.3,74,939.8,1.46
Islamabad,33.7104,73.1338,2026-07-28T16:00,28.7,80,940.6,0.47
Islamabad,33.7104,73.1338,2026-07-28T17:00,28.3,80,941.2,1.1
Islamabad,33.7104,73.1338,2026-07-28T18:00,26.6,87,941.1,4.42
Islamabad,33.7104,73.1338,2026-07-28T19:00,25.3,91,941.0,1.27
Islamabad,33.7104,73.1338,2026-07-28T20:00,24.6,92,941.6,0.85
Islamabad,33.7104,73.1338,2026-07-28T21:00,23.7,92,941.8,1.34
Islamabad,33.7104,73.1338,2026-07-28T22:00,23.3,94,941.9,3.09
Islamabad,33.7104,73.1338,2026-07-28T23:00,23.3,93,941.7,1.98
Islamabad,33.7104,73.1338,2026-07-29T00:00,24.1,96,942.4,1.82
Islamabad,33.7104,73.1338,2026-07-29T01:00,24.2,95,942.4,1.18
Islamabad,33.7104,73.1338,2026-07-29T02:00,24.7,92,942.8,1.11
Islamabad,33.7104,73.1338,2026-07-29T03:00,26.0,83,943.1,0.9
Islamabad,33.7104,73.1338,2026-07-29T04:00,27.5,77,943.5,2.07
Islamabad,33.7104,73.1338,2026-07-29T05:00,28.5,74,943.6,1.81
Islamabad,33.7104,73.1338,2026-07-29T06:00,27.5,76,944.3,2.45
Islamabad,33.7104,73.1338,2026-07-29T07:00,27.3,76,944.2,2.02
Islamabad,33.7104,73.1338,2026-07-29T08:00,27.6,76,943.7,1.95
Islamabad,33.7104,73.1338,2026-07-29T09:00,28.7,73,943.2,1.84
Islamabad,33.7104,73.1338,2026-07-29T10:00,29.6,70,942.6,1.52
Islamabad,33.7104,73.1338,2026-07-29T11:00,29.5,71,941.8,1.5
Islamabad,33.7104,73.1338,2026-07-29T12:00,30.1,66,941.8,1.41
Islamabad,33.7104,73.1338,2026-07-29T13:00,29.6,69,941.3,0.93
Islamabad,33.7104,73.1338,2026-07-29T14:00,28.9,76,941.2,0.1
Islamabad,33.7104,73.1338,2026-07-29T15:00,28.1,79,941.4,0.05
Islamabad,33.7104,73.1338,2026-07-29T16:00,27.8,80,941.9,0.07
Islamabad,33.7104,73.1338,2026-07-29T17:00,27.5,81,942.1,0.27
Islamabad,33.7104,73.1338,2026-07-29T18:00,27.4,85,942.1,0.46
Islamabad,33.7104,73.1338,2026-07-29T19:00,26.8,88,941.9,0.66
Islamabad,33.7104,73.1338,2026-07-29T20:00,26.3,89,941.9,0.85
Islamabad,33.7104,73.1338,2026-07-29T21:00,25.8,91,941.6,0.65
Islamabad,33.7104,73.1338,2026-07-29T22:00,25.6,92,941.3,0.58
Islamabad,33.7104,73.1338,2026-07-29T23:00,25.4,91,941.2,0.51
Islamabad,33.7104,73.1338,2026-07-30T00:00,25.3,89,941.4,0.25
Islamabad,33.7104,73.1338,2026-07-30T01:00,25.3,90,940.9,0.58
Islamabad,33.7104,73.1338,2026-07-30T02:00,26.0,85,941.3,0.22
Islamabad,33.7104,73.1338,2026-07-30T03:00,27.1,78,942.2,0.35
Islamabad,33.7104,73.1338,2026-07-30T04:00,28.2,74,942.5,0.55
Islamabad,33.7104,73.1338,2026-07-30T05:00,29.3,71,942.4,1.0
Islamabad,33.7104,73.1338,2026-07-30T06:00,30.6,68,942.5,2.03
Islamabad,33.7104,73.1338,2026-07-30T07:00,31.2,68,942.5,1.88
Islamabad,33.7104,73.1338,2026-07-30T08:00,31.4,66,942.3,2.36
Islamabad,33.7104,73.1338,2026-07-30T09:00,31.6,65,941.8,2.09
Islamabad,33.7104,73.1338,2026-07-30T10:00,31.2,66,941.1,1.66
Islamabad,33.7104,73.1338,2026-07-30T11:00,31.3,65,940.6,2.13
Islamabad,33.7104,73.1338,2026-07-30T12:00,29.5,78,940.2,1.98
Islamabad,33.7104,73.1338,2026-07-30T13:00,29.3,78,940.4,1.76
Islamabad,33.7104,73.1338,2026-07-30T14:00,28.5,80,941.0,2.07
Islamabad,33.7104,73.1338,2026-07-30T15:00,27.6,83,941.5,1.24
Islamabad,33.7104,73.1338,2026-07-30T16:00,27.2,85,942.2,0.86
Islamabad,33.7104,73.1338,2026-07-30T17:00,27.0,84,942.5,0.95
Islamabad,33.7104,73.1338,2026-07-30T18:00,25.4,90,942.4,2.07
Islamabad,33.7104,73.1338,2026-07-30T19:00,24.3,93,942.1,1.81
Islamabad,33.7104,73.1338,2026-07-30T20:00,24.4,92,942.0,1.91
Islamabad,33.7104,73.1338,2026-07-30T21:00,24.0,92,942.5,1.84
Islamabad,33.7104,73.1338,2026-07-30T22:00,24.3,91,942.4,1.77
Islamabad,33.7104,73.1338,2026-07-30T23:00,24.2,91,942.7,1.83
Islamabad,33.7104,73.1338,2026-07-31T00:00,25.3,92,942.9,1.24
Islamabad,33.7104,73.1338,2026-07-31T01:00,24.9,91,943.0,2.31
Islamabad,33.7104,73.1338,2026-07-31T02:00,25.4,87,943.6,2.73
Islamabad,33.7104,73.1338,2026-07-31T03:00,26.6,84,943.9,1.66
Islamabad,33.7104,73.1338,2026-07-31T04:00,27.8,76,944.7,0.89
Islamabad,33.7104,73.1338,2026-07-31T05:00,28.2,74,944.8,1.57
Islamabad,33.7104,73.1338,2026-07-31T06:00,24.5,93,945.2,0.46
Islamabad,33.7104,73.1338,2026-07-31T07:00,25.6,90,944.9,0.14
Islamabad,33.7104,73.1338,2026-07-31T08:00,27.7,77,944.8,1.7
Islamabad,33.7104,73.1338,2026-07-31T09:00,29.1,72,944.0,2.71
Islamabad,33.7104,73.1338,2026-07-31T10:00,28.7,73,943.5,3.26
Islamabad,33.7104,73.1338,2026-07-31T11:00,28.6,71,943.1,2.57
Islamabad,33.7104,73.1338,2026-07-31T12:00,26.0,86,943.0,1.63
Islamabad,33.7104,73.1338,2026-07-31T13:00,26.2,85,942.8,0.81
Islamabad,33.7104,73.1338,2026-07-31T14:00,26.0,87,943.0,0.45
Islamabad,33.7104,73.1338,2026-07-31T15:00,26.0,85,943.3,0.14
Islamabad,33.7104,73.1338,2026-07-31T16:00,26.0,84,943.9,0.28
Islamabad,33.7104,73.1338,2026-07-31T17:00,25.9,85,944.3,0.4
Islamabad,33.7104,73.1338,2026-07-31T18:00,26.4,86,944.1,0.63
Islamabad,33.7104,73.1338,2026-07-31T19:00,25.9,88,944.1,0.61
Islamabad,33.7104,73.1338,2026-07-31T20:00,25.8,86,944.3,0.14
Islamabad,33.7104,73.1338,2026-07-31T21:00,25.6,87,944.3,0.71
Islamabad,33.7104,73.1338,2026-07-31T22:00,25.5,88,944.4,0.82
Islamabad,33.7104,73.1338,2026-07-31T23:00,25.3,89,944.2,0.35
Islamabad,33.7104,73.1338,2026-08-01T00:00,25.0,94,944.2,1.05
Islamabad,33.7104,73.1338,2026-08-01T01:00,24.7,95,944.1,1.41
Islamabad,33.7104,73.1338,2026-08-01T02:00,25.7,92,944.4,0.93
Islamabad,33.7104,73.1338,2026-08-01T03:00,26.8,82,944.7,0.38
Islamabad,33.7104,73.1338,2026-08-01T04:00,27.5,75,945.0,0.05
Islamabad,33.7104,73.1338,2026-08-01T05:00,28.3,68,945.1,0.54
Islamabad,33.7104,73.1338,2026-08-01T06:00,29.2,63,945.5,1.17
Islamabad,33.7104,73.1338,2026-08-01T07:00,29.9,62,944.7,1.19
Islamabad,33.7104,73.1338,2026-08-01T08:00,30.6,61,944.0,0.92
Islamabad,33.7104,73.1338,2026-08-01T09:00,30.9,62,942.8,1.16
Islamabad,33.7104,73.1338,2026-08-01T10:00,31.0,61,942.4,1.9
Islamabad,33.7104,73.1338,2026-08-01T11:00,30.4,65,941.9,1.66
Islamabad,33.7104,73.1338,2026-08-01T12:00,30.8,62,941.5,1.96
Islamabad,33.7104,73.1338,2026-08-01T13:00,29.9,69,941.6,0.99
Islamabad,33.7104,73.1338,2026-08-01T14:00,29.0,74,941.5,0.43
Islamabad,33.7104,73.1338,2026-08-01T15:00,28.0,78,941.7,0.68
Islamabad,33.7104,73.1338,2026-08-01T16:00,27.5,81,942.4,0.81
Islamabad,33.7104,73.1338,2026-08-01T17:00,27.1,81,942.9,0.92
Islamabad,33.7104,73.1338,2026-08-01T18:00,27.5,81,942.9,0.72
Islamabad,33.7104,73.1338,2026-08-01T19:00,26.9,83,943.0,0.74
Islamabad,33.7104,73.1338,2026-08-01T20:00,26.6,84,943.3,1.05
Islamabad,33.7104,73.1338,2026-08-01T21:00,26.0,86,943.2,0.96
Islamabad,33.7104,73.1338,2026-08-01T22:00,25.7,86,943.3,1.03
Islamabad,33.7104,73.1338,2026-08-01T23:00,24.5,90,944.0,2.13
Islamabad,33.7104,73.1338,2026-08-02T00:00,25.0,91,943.7,1.05
Islamabad,33.7104,73.1338,2026-08-02T01:00,25.4,90,943.8,0.96
Islamabad,33.7104,73.1338,2026-08-02T02:00,26.3,85,943.9,0.67
Islamabad,33.7104,73.1338,2026-08-02T03:00,27.5,78,944.9,0.25
Islamabad,33.7104,73.1338,2026-08-02T04:00,28.7,71,944.9,1.0
Islamabad,33.7104,73.1338,2026-08-02T05:00,29.7,67,944.6,0.6
Islamabad,33.7104,73.1338,2026-08-02T06:00,30.9,64,944.6,1.49
Islamabad,33.7104,73.1338,2026-08-02T07:00,31.1,65,944.3,1.66
Islamabad,33.7104,73.1338,2026-08-02T08:00,31.4,65,944.1,1.69
Islamabad,33.7104,73.1338,2026-08-02T09:00,31.6,66,943.2,1.61
Islamabad,33.7104,73.1338,2026-08-02T10:00,31.4,67,942.6,0.81
Islamabad,33.7104,73.1338,2026-08-02T11:00,30.7,69,942.3,1.08
Islamabad,33.7104,73.1338,2026-08-02T12:00,32.0,58,942.1,1.35
Islamabad,33.7104,73.1338,2026-08-02T13:00,30.5,70,941.9,1.19
Islamabad,33.7104,73.1338,2026-08-02T14:00,29.3,78,942.4,0.4
Islamabad,33.7104,73.1338,2026-08-02T15:00,28.3,82,943.0,0.45
Islamabad,33.7104,73.1338,2026-08-02T16:00,27.9,84,943.9,0.11
Islamabad,33.7104,73.1338,2026-08-02T17:00,27.3,86,944.3,0.71
Islamabad,33.7104,73.1338,2026-08-02T18:00,27.5,84,944.2,0.87
Islamabad,33.7104,73.1338,2026-08-02T19:00,27.0,85,943.9,0.78
Islamabad,33.7104,73.1338,2026-08-02T20:00,26.7,86,943.7,0.72
Islamabad,33.7104,73.1338,2026-08-02T21:00,26.5,85,943.3,0.82
Islamabad,33.7104,73.1338,2026-08-02T22:00,26.1,87,942.8,0.7
Islamabad,33.7104,73.1338,2026-08-02T23:00,25.9,87,942.8,0.68
Islamabad,33.7104,73.1338,2026-08-03T00:00,26.2,92,942.6,0.16
Islamabad,33.7104,73.1338,2026-08-03T01:00,26.4,89,942.3,0.92
Islamabad,33.7104,73.1338,2026-08-03T02:00,26.9,87,942.8,0.68
Islamabad,33.7104,73.1338,2026-08-03T03:00,28.4,80,943.1,0.4
Islamabad,33.7104,73.1338,2026-08-03T04:00,27.7,84,943.8,1.74
Islamabad,33.7104,73.1338,2026-08-03T05:00,28.9,81,944.5,1.3
Islamabad,33.7104,73.1338,2026-08-03T06:00,29.6,74,944.6,0.8
Islamabad,33.7104,73.1338,2026-08-03T07:00,27.8,83,944.7,2.85
Islamabad,33.7104,73.1338,2026-08-03T08:00,26.0,92,944.7,1.6
Islamabad,33.7104,73.1338,2026-08-03T09:00,27.7,84,943.9,0.25
Islamabad,33.7104,73.1338,2026-08-03T10:00,29.2,77,943.6,0.59
Islamabad,33.7104,73.1338,2026-08-03T11:00,29.9,71,943.1,0.61
Islamabad,33.7104,73.1338,2026-08-03T12:00,27.7,82,943.0,0.72
Islamabad,33.7104,73.1338,2026-08-03T13:00,27.6,82,942.9,0.35
Islamabad,33.7104,73.1338,2026-08-03T14:00,27.0,88,943.0,0.21
Islamabad,33.7104,73.1338,2026-08-03T15:00,26.6,89,943.5,0.14
Islamabad,33.7104,73.1338,2026-08-03T16:00,26.5,90,944.1,0.3
Islamabad,33.7104,73.1338,2026-08-03T17:00,26.0,93,944.4,0.76
Islamabad,33.7104,73.1338,2026-08-03T18:00,26.1,91,944.6,0.47
Islamabad,33.7104,73.1338,2026-08-03T19:00,25.6,93,944.3,0.05
Islamabad,33.7104,73.1338,2026-08-03T20:00,25.4,93,944.1,0.22
Islamabad,33.7104,73.1338,2026-08-03T21:00,25.3,93,943.8,0.14
Islamabad,33.7104,73.1338,2026-08-03T22:00,25.3,93,944.2,0.27
Islamabad,33.7104,73.1338,2026-08-03T23:00,24.7,96,944.5,0.2
Islamabad,33.7104,73.1338,2026-08-04T00:00,24.3,97,944.3,1.25
Islamabad,33.7104,73.1338,2026-08-04T01:00,24.3,96,944.4,0.18
Islamabad,33.7104,73.1338,2026-08-04T02:00,24.5,96,944.7,0.47
Islamabad,33.7104,73.1338,2026-08-04T03:00,25.8,88,944.9,0.22
Islamabad,33.7104,73.1338,2026-08-04T04:00,27.5,79,945.6,0.49
Islamabad,33.7104,73.1338,2026-08-04T05:00,29.1,73,945.4,0.72
Islamabad,33.7104,73.1338,2026-08-04T06:00,30.3,70,946.0,1.57
Islamabad,33.7104,73.1338,2026-08-04T07:00,30.4,70,945.7,2.32
Islamabad,33.7104,73.1338,2026-08-04T08:00,29.8,75,945.5,1.16
Islamabad,33.7104,73.1338,2026-08-04T09:00,30.6,71,944.5,0.83
Islamabad,33.7104,73.1338,2026-08-04T10:00,30.4,71,943.8,0.72
Islamabad,33.7104,73.1338,2026-08-04T11:00,30.5,69,943.2,1.04
Islamabad,33.7104,73.1338,2026-08-04T12:00,31.0,65,942.4,1.52
Islamabad,33.7104,73.1338,2026-08-04T13:00,30.2,71,942.3,0.85
Islamabad,33.7104,73.1338,2026-08-04T14:00,29.1,79,942.6,0.15
Islamabad,33.7104,73.1338,2026-08-04T15:00,28.4,82,943.1,0.56
Islamabad,33.7104,73.1338,2026-08-04T16:00,28.0,81,943.7,0.72
Islamabad,33.7104,73.1338,2026-08-04T17:00,27.5,82,943.8,0.57
Islamabad,33.7104,73.1338,2026-08-04T18:00,28.0,80,943.1,0.65
Islamabad,33.7104,73.1338,2026-08-04T19:00,27.3,83,942.6,0.6
Islamabad,33.7104,73.1338,2026-08-04T20:00,26.9,81,942.4,0.63
Islamabad,33.7104,73.1338,2026-08-04T21:00,25.5,84,942.3,1.82
Islamabad,33.7104,73.1338,2026-08-04T22:00,24.6,92,942.1,0.81
Islamabad,33.7104,73.1338,2026-08-04T23:00,24.6,94,941.9,0.67
Islamabad,33.7104,73.1338,2026-08-05T00:00,24.5,97,941.6,1.11
Islamabad,33.7104,73.1338,2026-08-05T01:00,24.4,97,941.3,1.25
Islamabad,33.7104,73.1338,2026-08-05T02:00,25.7,94,942.0,0.21
Islamabad,33.7104,73.1338,2026-08-05T03:00,26.7,84,942.0,0.63
Islamabad,33.7104,73.1338,2026-08-05T04:00,27.8,78,942.5,1.01
Islamabad,33.7104,73.1338,2026-08-05T05:00,28.7,75,942.4,1.11
Islamabad,33.7104,73.1338,2026-08-05T06:00,30.1,64,942.8,1.56
Islamabad,33.7104,73.1338,2026-08-05T07:00,29.6,70,942.4,1.63
Islamabad,33.7104,73.1338,2026-08-05T08:00,29.0,75,941.7,1.61
Islamabad,33.7104,73.1338,2026-08-05T09:00,29.3,76,941.3,1.77
Islamabad,33.7104,73.1338,2026-08-05T10:00,30.1,70,940.3,1.3
Islamabad,33.7104,73.1338,2026-08-05T11:00,30.8,68,939.9,0.69
Islamabad,33.7104,73.1338,2026-08-05T12:00,31.0,65,939.5,1.5
Islamabad,33.7104,73.1338,2026-08-05T13:00,30.0,71,939.6,1.71
Islamabad,33.7104,73.1338,2026-08-05T14:00,28.3,80,939.5,0.96
Islamabad,33.7104,73.1338,2026-08-05T15:00,27.6,82,940.4,0.54
Islamabad,33.7104,73.1338,2026-08-05T16:00,27.4,82,941.3,0.4
Islamabad,33.7104,73.1338,2026-08-05T17:00,26.7,85,941.6,0.99
Islamabad,33.7104,73.1338,2026-08-05T18:00,27.4,83,941.1,1.03
Islamabad,33.7104,73.1338,2026-08-05T19:00,26.5,86,941.1,0.79
Islamabad,33.7104,73.1338,2026-08-05T20:00,25.7,90,940.8,0.78
Islamabad,33.7104,73.1338,2026-08-05T21:00,23.6,94,940.8,1.35
Islamabad,33.7104,73.1338,2026-08-05T22:00,22.6,95,941.3,2.41
Islamabad,33.7104,73.1338,2026-08-05T23:00,23.5,94,940.4,1.23
Islamabad,33.7104,73.1338,2026-08-06T00:00,24.7,92,940.7,0.78
Islamabad,33.7104,73.1338,2026-08-06T01:00,24.9,92,940.8,0.27
Islamabad,33.7104,73.1338,2026-08-06T02:00,25.2,90,940.8,0.72
Islamabad,33.7104,73.1338,2026-08-06T03:00,26.8,84,941.4,0.35
Islamabad,33.7104,73.1338,2026-08-06T04:00,28.6,73,942.1,0.92
Islamabad,33.7104,73.1338,2026-08-06T05:00,29.7,68,942.3,1.32
Islamabad,33.7104,73.1338,2026-08-06T06:00,30.9,63,942.9,1.65
Islamabad,33.7104,73.1338,2026-08-06T07:00,31.4,61,942.7,0.91
Islamabad,33.7104,73.1338,2026-08-06T08:00,31.4,61,942.5,2.65
Islamabad,33.7104,73.1338,2026-08-06T09:00,30.5,67,942.1,1.42
Islamabad,33.7104,73.1338,2026-08-06T10:00,28.8,72,941.5,2.33
Islamabad,33.7104,73.1338,2026-08-06T11:00,28.6,76,941.7,1.23
Islamabad,33.7104,73.1338,2026-08-06T12:00,30.5,60,941.4,1.49
Islamabad,33.7104,73.1338,2026-08-06T13:00,29.2,68,941.5,1.23
Islamabad,33.7104,73.1338,2026-08-06T14:00,27.7,72,941.5,1.02
Islamabad,33.7104,73.1338,2026-08-06T15:00,27.2,73,942.2,1.01
Islamabad,33.7104,73.1338,2026-08-06T16:00,27.1,71,943.0,1.37
Islamabad,33.7104,73.1338,2026-08-06T17:00,26.7,75,943.4,1.39
Islamabad,33.7104,73.1338,2026-08-06T18:00,27.0,77,943.3,2.16
Islamabad,33.7104,73.1338,2026-08-06T19:00,24.1,91,943.4,2.45
Islamabad,33.7104,73.1338,2026-08-06T20:00,23.4,93,943.8,1.1
Islamabad,33.7104,73.1338,2026-08-06T21:00,23.3,92,943.9,1.36
Islamabad,33.7104,73.1338,2026-08-06T22:00,22.9,96,944.1,0.67
Islamabad,33.7104,73.1338,2026-08-06T23:00,23.2,94,943.3,2.25
Islamabad,33.7104,73.1338,2026-08-07T00:00,23.6,97,943.7,1.0
Islamabad,33.7104,73.1338,2026-08-07T01:00,23.5,94,943.7,2.27
Islamabad,33.7104,73.1338,2026-08-07T02:00,24.9,89,943.5,1.84
Islamabad,33.7104,73.1338,2026-08-07T03:00,26.2,84,943.8,0.38
Islamabad,33.7104,73.1338,2026-08-07T04:00,27.4,80,944.0,1.3
Islamabad,33.7104,73.1338,2026-08-07T05:00,28.6,77,944.1,1.41
Islamabad,33.7104,73.1338,2026-08-07T06:00,28.8,74,944.9,2.02
Islamabad,33.7104,73.1338,2026-08-07T07:00,29.3,71,944.5,2.07
Islamabad,33.7104,73.1338,2026-08-07T08:00,28.8,75,944.1,0.46
Islamabad,33.7104,73.1338,2026-08-07T09:00,30.2,69,943.6,0.57
Islamabad,33.7104,73.1338,2026-08-07T10:00,30.7,65,943.0,1.34
Islamabad,33.7104,73.1338,2026-08-07T11:00,30.0,66,942.6,0.49
Islamabad,33.7104,73.1338,2026-08-07T12:00,29.8,64,942.4,1.58
Islamabad,33.7104,73.1338,2026-08-07T13:00,29.3,69,942.5,0.74
Islamabad,33.7104,73.1338,2026-08-07T14:00,27.9,74,942.9,1.23
Islamabad,33.7104,73.1338,2026-08-07T15:00,26.8,82,943.2,0.93
Islamabad,33.7104,73.1338,2026-08-07T16:00,26.5,83,943.6,0.47
Islamabad,33.7104,73.1338,2026-08-07T17:00,26.3,83,944.0,0.51
Islamabad,33.7104,73.1338,2026-08-07T18:00,27.1,81,943.8,0.07
Islamabad,33.7104,73.1338,2026-08-07T19:00,26.3,83,943.8,0.47
Islamabad,33.7104,73.1338,2026-08-07T20:00,26.0,84,943.7,0.29
Islamabad,33.7104,73.1338,2026-08-07T21:00,25.9,82,943.5,0.38
Islamabad,33.7104,73.1338,2026-08-07T22:00,25.5,84,943.8,0.57
Islamabad,33.7104,73.1338,2026-08-07T23:00,24.9,87,943.6,0.61
Islamabad,33.7104,73.1338,2026-08-08T00:00,23.2,90,943.8,1.32
Islamabad,33.7104,73.1338,2026-08-08T01:00,23.8,90,943.7,1.71
Islamabad,33.7104,73.1338,2026-08-08T02:00,24.7,90,943.8,0.46
Islamabad,33.7104,73.1338,2026-08-08T03:00,26.4,77,944.5,0.0
Islamabad,33.7104,73.1338,2026-08-08T04:00,28.4,69,944.8,0.6
Islamabad,33.7104,73.1338,2026-08-08T05:00,29.4,66,945.2,1.64
Islamabad,33.7104,73.1338,2026-08-08T06:00,30.2,64,946.2,1.78
Islamabad,33.7104,73.1338,2026-08-08T07:00,29.0,68,946.4,1.54
Islamabad,33.7104,73.1338,2026-08-08T08:00,29.8,67,946.0,2.69
Islamabad,33.7104,73.1338,2026-08-08T09:00,28.5,75,945.5,3.08
Islamabad,33.7104,73.1338,2026-08-08T10:00,29.4,71,945.2,1.84
Islamabad,33.7104,73.1338,2026-08-08T11:00,29.5,70,944.7,1.63
Islamabad,33.7104,73.1338,2026-08-08T12:00,29.1,73,944.8,1.42
Islamabad,33.7104,73.1338,2026-08-08T13:00,29.0,74,944.7,0.97
Islamabad,33.7104,73.1338,2026-08-08T14:00,27.4,80,944.9,0.79
Islamabad,33.7104,73.1338,2026-08-08T15:00,26.5,82,945.1,0.72
Islamabad,33.7104,73.1338,2026-08-08T16:00,25.8,85,945.4,0.54
Islamabad,33.7104,73.1338,2026-08-08T17:00,25.3,87,945.6,0.3
Islamabad,33.7104,73.1338,2026-08-08T18:00,26.2,87,945.5,0.45
Islamabad,33.7104,73.1338,2026-08-08T19:00,26.1,86,945.8,0.21
Islamabad,33.7104,73.1338,2026-08-08T20:00,26.1,84,945.7,0.6
Islamabad,33.7104,73.1338,2026-08-08T21:00,25.9,83,945.8,0.43
Islamabad,33.7104,73.1338,2026-08-08T22:00,25.8,82,945.9,0.41
Islamabad,33.7104,73.1338,2026-08-08T23:00,25.7,83,946.0,0.41
Islamabad,33.7104,73.1338,2026-08-09T00:00,25.7,89,945.7,0.86
Islamabad,33.7104,73.1338,2026-08-09T01:00,25.6,90,945.8,0.41
Islamabad,33.7104,73.1338,2026-08-09T02:00,26.4,86,946.1,0.89
Islamabad,33.7104,73.1338,2026-08-09T03:00,27.9,77,946.6,0.05
Islamabad,33.7104,73.1338,2026-08-09T04:00,28.7,74,947.0,1.01
Islamabad,33.7104,73.1338,2026-08-09T05:00,29.3,75,947.1,1.09
Islamabad,33.7104,73.1338,2026-08-09T06:00,30.9,69,947.0,1.25
Islamabad,33.7104,73.1338,2026-08-09T07:00,30.0,74,946.5,2.02
Islamabad,33.7104,73.1338,2026-08-09T08:00,30.0,76,946.3,0.59
Islamabad,33.7104,73.1338,2026-08-09T09:00,31.2,66,945.9,0.49
Islamabad,33.7104,73.1338,2026-08-09T10:00,31.5,62,945.1,1.22
Islamabad,33.7104,73.1338,2026-08-09T11:00,31.0,64,944.5,1.16
Islamabad,33.7104,73.1338,2026-08-09T12:00,31.0,65,944.1,0.83
Islamabad,33.7104,73.1338,2026-08-09T13:00,30.3,70,943.7,0.57
Islamabad,33.7104,73.1338,2026-08-09T14:00,28.8,81,943.4,0.43
Islamabad,33.7104,73.1338,2026-08-09T15:00,28.2,85,943.6,0.39
Islamabad,33.7104,73.1338,2026-08-09T16:00,28.3,82,944.1,0.22
Islamabad,33.7104,73.1338,2026-08-09T17:00,27.9,81,944.3,0.07
Islamabad,33.7104,73.1338,2026-08-09T18:00,27.7,86,944.0,0.56
Islamabad,33.7104,73.1338,2026-08-09T19:00,27.1,87,944.1,0.32
Islamabad,33.7104,73.1338,2026-08-09T20:00,26.7,88,944.0,0.53
Islamabad,33.7104,73.1338,2026-08-09T21:00,26.3,89,944.0,0.96
Islamabad,33.7104,73.1338,2026-08-09T22:00,26.1,89,943.9,1.03
Islamabad,33.7104,73.1338,2026-08-09T23:00,25.9,88,944.1,1.23
Islamabad,33.7104,73.1338,2026-08-10T00:00,25.6,93,944.2,1.06
Islamabad,33.7104,73.1338,2026-08-10T01:00,25.0,93,944.4,0.56
Islamabad,33.7104,73.1338,2026-08-10T02:00,25.3,93,944.4,0.72
Islamabad,33.7104,73.1338,2026-08-10T03:00,27.0,87,944.5,0.55
Islamabad,33.7104,73.1338,2026-08-10T04:00,28.8,78,944.4,0.61
Islamabad,33.7104,73.1338,2026-08-10T05:00,30.5,69,944.3,1.35
Islamabad,33.7104,73.1338,2026-08-10T06:00,31.4,65,944.4,1.89
Islamabad,33.7104,73.1338,2026-08-10T07:00,32.2,62,944.1,2.12
Islamabad,33.7104,73.1338,2026-08-10T08:00,32.6,60,943.4,2.13
Islamabad,33.7104,73.1338,2026-08-10T09:00,32.8,58,942.6,1.98
Islamabad,33.7104,73.1338,2026-08-10T10:00,33.1,57,942.1,1.6
Islamabad,33.7104,73.1338,2026-08-10T11:00,33.0,57,941.5,1.6
Islamabad,33.7104,73.1338,2026-08-10T12:00,32.8,60,941.4,2.02
Islamabad,33.7104,73.1338,2026-08-10T13:00,31.3,68,941.4,1.56
Islamabad,33.7104,73.1338,2026-08-10T14:00,29.7,75,941.5,1.0
Islamabad,33.7104,73.1338,2026-08-10T15:00,29.1,76,942.4,1.26
Islamabad,33.7104,73.1338,2026-08-10T16:00,28.1,81,943.4,0.95
Islamabad,33.7104,73.1338,2026-08-10T17:00,27.6,82,943.7,1.13
Islamabad,33.7104,73.1338,2026-08-10T18:00,28.4,81,943.0,1.26
Islamabad,33.7104,73.1338,2026-08-10T19:00,27.8,82,942.9,1.1
Islamabad,33.7104,73.1338,2026-08-10T20:00,27.3,84,942.5,1.25
Islamabad,33.7104,73.1338,2026-08-10T21:00,25.7,87,942.5,2.47
Islamabad,33.7104,73.1338,2026-08-10T22:00,24.2,97,942.4,1.15
Islamabad,33.7104,73.1338,2026-08-10T23:00,25.0,94,942.6,0.65
Islamabad,33.7104,73.1338,2026-08-11T00:00,24.6,92,942.7,1.45
Islamabad,33.7104,73.1338,2026-08-11T01:00,25.2,93,942.7,1.15
Islamabad,33.7104,73.1338,2026-08-11T02:00,26.7,88,943.4,0.59
Islamabad,33.7104,73.1338,2026-08-11T03:00,27.6,81,944.2,0.78
Islamabad,33.7104,73.1338,2026-08-11T04:00,28.9,76,944.4,1.37
Islamabad,33.7104,73.1338,2026-08-11T05:00,29.8,73,944.8,0.86
Islamabad,33.7104,73.1338,2026-08-11T06:00,31.0,69,944.9,1.78
Islamabad,33.7104,73.1338,2026-08-11T07:00,31.2,71,944.6,2.03
Islamabad,33.7104,73.1338,2026-08-11T08:00,31.5,71,944.0,1.1
Islamabad,33.7104,73.1338,2026-08-11T09:00,31.3,71,943.4,1.18
Islamabad,33.7104,73.1338,2026-08-11T10:00,31.4,71,942.9,1.43
Islamabad,33.7104,73.1338,2026-08-11T11:00,30.9,73,942.4,1.38
Islamabad,33.7104,73.1338,2026-08-11T12:00,31.7,66,942.3,1.04
Islamabad,33.7104,73.1338,2026-08-11T13:00,30.4,73,942.5,0.96
Islamabad,33.7104,73.1338,2026-08-11T14:00,28.9,80,942.5,1.87
Islamabad,33.7104,73.1338,2026-08-11T15:00,26.4,89,943.7,0.15
Islamabad,33.7104,73.1338,2026-08-11T16:00,26.5,93,944.1,1.5
Islamabad,33.7104,73.1338,2026-08-11T17:00,26.1,94,945.0,0.68
Islamabad,33.7104,73.1338,2026-08-11T18:00,26.5,94,944.8,1.82
Islamabad,33.7104,73.1338,2026-08-11T19:00,25.6,93,945.1,0.56
Islamabad,33.7104,73.1338,2026-08-11T20:00,24.8,96,944.9,0.6
Islamabad,33.7104,73.1338,2026-08-11T21:00,25.0,96,944.9,2.49
Islamabad,33.7104,73.1338,2026-08-11T22:00,24.9,96,945.3,0.85
Islamabad,33.7104,73.1338,2026-08-11T23:00,24.1,94,945.9,0.36
Islamabad,33.7104,73.1338,2026-08-12T00:00,25.1,94,945.7,0.83
Islamabad,33.7104,73.1338,2026-08-12T01:00,24.8,96,946.3,1.22
Islamabad,33.7104,73.1338,2026-08-12T02:00,25.3,93,947.1,0.16
Islamabad,33.7104,73.1338,2026-08-12T03:00,25.0,96,947.3,1.28
Islamabad,33.7104,73.1338,2026-08-12T04:00,26.2,88,947.2,0.99
Islamabad,33.7104,73.1338,2026-08-12T05:00,27.8,82,947.3,0.75
Islamabad,33.7104,73.1338,2026-08-12T06:00,28.8,76,947.4,1.11
Islamabad,33.7104,73.1338,2026-08-12T07:00,30.6,69,946.6,1.46
Islamabad,33.7104,73.1338,2026-08-12T08:00,32.0,64,945.3,2.2
Islamabad,33.7104,73.1338,2026-08-12T09:00,32.3,63,944.4,2.65
Islamabad,33.7104,73.1338,2026-08-12T10:00,32.0,64,943.7,3.0
Islamabad,33.7104,73.1338,2026-08-12T11:00,31.8,63,943.0,2.77
Islamabad,33.7104,73.1338,2026-08-12T12:00,31.7,65,943.1,2.31
Islamabad,33.7104,73.1338,2026-08-12T13:00,30.3,74,943.1,1.76
Islamabad,33.7104,73.1338,2026-08-12T14:00,28.5,81,943.3,1.19
Islamabad,33.7104,73.1338,2026-08-12T15:00,27.7,85,943.9,0.39
Islamabad,33.7104,73.1338,2026-08-12T16:00,27.0,87,944.8,0.6
Islamabad,33.7104,73.1338,2026-08-12T17:00,26.7,88,945.6,0.54
Islamabad,33.7104,73.1338,2026-08-12T18:00,27.0,87,945.8,0.67
Islamabad,33.7104,73.1338,2026-08-12T19:00,26.6,88,946.0,1.02
Islamabad,33.7104,73.1338,2026-08-12T20:00,26.5,88,946.1,1.11
Islamabad,33.7104,73.1338,2026-08-12T21:00,26.4,85,945.9,1.21
Islamabad,33.7104,73.1338,2026-08-12T22:00,26.2,84,945.5,1.2
Islamabad,33.7104,73.1338,2026-08-12T23:00,25.9,84,945.4,1.0
Islamabad,33.7104,73.1338,2026-08-13T00:00,26.3,85,945.6,0.71
Islamabad,33.7104,73.1338,2026-08-13T01:00,26.2,86,945.7,0.5
Islamabad,33.7104,73.1338,2026-08-13T02:00,27.5,83,945.9,0.51
Islamabad,33.7104,73.1338,2026-08-13T03:00,28.9,77,945.8,0.67
Islamabad,33.7104,73.1338,2026-08-13T04:00,30.2,74,945.5,0.9
Islamabad,33.7104,73.1338,2026-08-13T05:00,31.5,67,945.4,1.59
Islamabad,33.7104,73.1338,2026-08-13T06:00,32.8,60,945.6,1.81
Islamabad,33.7104,73.1338,2026-08-13T07:00,33.3,59,945.0,1.99
Islamabad,33.7104,73.1338,2026-08-13T08:00,33.4,59,944.4,1.84
Islamabad,33.7104,73.1338,2026-08-13T09:00,33.6,59,943.9,1.81
Islamabad,33.7104,73.1338,2026-08-13T10:00,33.7,58,943.2,1.2
Islamabad,33.7104,73.1338,2026-08-13T11:00,33.4,58,942.8,1.42
Islamabad,33.7104,73.1338,2026-08-13T12:00,33.5,59,942.6,1.0
Islamabad,33.7104,73.1338,2026-08-13T13:00,32.2,72,942.3,0.73
Islamabad,33.7104,73.1338,2026-08-13T14:00,30.7,78,942.3,0.25
Islamabad,33.7104,73.1338,2026-08-13T15:00,29.5,81,943.0,1.09
Islamabad,33.7104,73.1338,2026-08-13T16:00,28.9,83,943.5,0.36
Islamabad,33.7104,73.1338,2026-08-13T17:00,28.4,84,944.0,0.61
Islamabad,33.7104,73.1338,2026-08-13T18:00,29.0,84,943.7,1.03
Islamabad,33.7104,73.1338,2026-08-13T19:00,28.3,84,943.9,1.0
Islamabad,33.7104,73.1338,2026-08-13T20:00,27.7,87,943.6,1.16
Islamabad,33.7104,73.1338,2026-08-13T21:00,26.5,93,943.6,0.81
Islamabad,33.7104,73.1338,2026-08-13T22:00,24.7,94,943.7,1.89
Islamabad,33.7104,73.1338,2026-08-13T23:00,24.7,94,943.2,1.2
Karachi,24.9056,67.0822,2026-07-15T00:00,27.7,87,997.8,2.69
Karachi,24.9056,67.0822,2026-07-15T01:00,27.8,83,997.6,2.64
Karachi,24.9056,67.0822,2026-07-15T02:00,28.1,81,998.2,3.13
Karachi,24.9056,67.0822,2026-07-15T03:00,29.2,73,998.4,3.38
Karachi,24.9056,67.0822,2026-07-15T04:00,30.2,68,998.7,3.44
Karachi,24.9056,67.0822,2026-07-15T05:00,31.4,62,998.9,3.47
Karachi,24.9056,67.0822,2026-07-15T06:00,32.4,57,999.1,3.61
Karachi,24.9056,67.0822,2026-07-15T07:00,32.5,56,998.8,3.91
Karachi,24.9056,67.0822,2026-07-15T08:00,32.7,56,998.5,4.0
Karachi,24.9056,67.0822,2026-07-15T09:00,32.8,57,998.1,3.87
Karachi,24.9056,67.0822,2026-07-15T10:00,32.4,58,998.1,3.73
Karachi,24.9056,67.0822,2026-07-15T11:00,31.8,60,997.8,3.69
Karachi,24.9056,67.0822,2026-07-15T12:00,31.9,59,998.0,3.54
Karachi,24.9056,67.0822,2026-07-15T13:00,30.8,63,998.1,3.39
Karachi,24.9056,67.0822,2026-07-15T14:00,29.9,68,998.1,3.26
Karachi,24.9056,67.0822,2026-07-15T15:00,29.3,72,998.5,3.29
Karachi,24.9056,67.0822,2026-07-15T16:00,28.7,76,999.1,2.97
Karachi,24.9056,67.0822,2026-07-15T17:00,28.4,77,999.6,3.18
Karachi,24.9056,67.0822,2026-07-15T18:00,28.5,77,999.9,2.78
Karachi,24.9056,67.0822,2026-07-15T19:00,28.3,78,999.9,2.42
Karachi,24.9056,67.0822,2026-07-15T20:00,27.9,80,999.8,2.37
Karachi,24.9056,67.0822,2026-07-15T21:00,27.5,83,999.4,2.08
Karachi,24.9056,67.0822,2026-07-15T22:00,27.4,84,999.1,2.06
Karachi,24.9056,67.0822,2026-07-15T23:00,27.0,87,998.9,2.15
Karachi,24.9056,67.0822,2026-07-16T00:00,27.4,88,999.1,1.85
Karachi,24.9056,67.0822,2026-07-16T01:00,27.2,89,999.6,1.75
Karachi,24.9056,67.0822,2026-07-16T02:00,27.4,89,1000.0,2.33
Karachi,24.9056,67.0822,2026-07-16T03:00,28.6,80,1000.3,2.75
Karachi,24.9056,67.0822,2026-07-16T04:00,29.9,72,1000.4,2.9
Karachi,24.9056,67.0822,2026-07-16T05:00,30.8,68,1000.5,3.28
Karachi,24.9056,67.0822,2026-07-16T06:00,31.8,62,1000.6,2.89
Karachi,24.9056,67.0822,2026-07-16T07:00,32.4,59,1000.2,2.89
Karachi,24.9056,67.0822,2026-07-16T08:00,33.1,57,999.5,2.91
Karachi,24.9056,67.0822,2026-07-16T09:00,32.7,58,999.2,3.31
Karachi,24.9056,67.0822,2026-07-16T10:00,32.3,60,998.8,3.52
Karachi,24.9056,67.0822,2026-07-16T11:00,31.6,63,998.7,3.65
Karachi,24.9056,67.0822,2026-07-16T12:00,31.3,62,999.0,3.19
Karachi,24.9056,67.0822,2026-07-16T13:00,30.3,67,998.9,2.9
Karachi,24.9056,67.0822,2026-07-16T14:00,29.8,69,999.1,2.65
Karachi,24.9056,67.0822,2026-07-16T15:00,29.3,71,999.3,2.66
Karachi,24.9056,67.0822,2026-07-16T16:00,29.0,73,999.6,2.94
Karachi,24.9056,67.0822,2026-07-16T17:00,28.8,75,1000.1,2.87
Karachi,24.9056,67.0822,2026-07-16T18:00,28.7,76,1000.1,2.78
Karachi,24.9056,67.0822,2026-07-16T19:00,28.3,79,999.7,2.58
Karachi,24.9056,67.0822,2026-07-16T20:00,27.9,80,999.5,2.61
Karachi,24.9056,67.0822,2026-07-16T21:00,27.4,84,999.1,2.64
Karachi,24.9056,67.0822,2026-07-16T22:00,27.1,85,998.7,2.62
Karachi,24.9056,67.0822,2026-07-16T23:00,27.2,84,998.6,2.8
Karachi,24.9056,67.0822,2026-07-17T00:00,27.7,85,998.6,2.41
Karachi,24.9056,67.0822,2026-07-17T01:00,27.5,86,999.2,2.37
Karachi,24.9056,67.0822,2026-07-17T02:00,27.8,84,999.6,2.98
Karachi,24.9056,67.0822,2026-07-17T03:00,28.8,78,999.8,3.1
Karachi,24.9056,67.0822,2026-07-17T04:00,30.2,70,1000.1,3.12
Karachi,24.9056,67.0822,2026-07-17T05:00,31.4,64,1000.1,3.39
Karachi,24.9056,67.0822,2026-07-17T06:00,32.6,58,1000.2,3.56
Karachi,24.9056,67.0822,2026-07-17T07:00,32.6,57,1000.0,3.67
Karachi,24.9056,67.0822,2026-07-17T08:00,32.9,56,999.4,3.76
Karachi,24.9056,67.0822,2026-07-17T09:00,32.4,58,998.6,3.94
Karachi,24.9056,67.0822,2026-07-17T10:00,31.8,62,998.1,4.32
Karachi,24.9056,67.0822,2026-07-17T11:00,31.6,64,998.1,4.1
Karachi,24.9056,67.0822,2026-07-17T12:00,31.3,62,998.1,3.84
Karachi,24.9056,67.0822,2026-07-17T13:00,30.3,65,997.9,3.69
Karachi,24.9056,67.0822,2026-07-17T14:00,29.4,69,998.4,3.64
Karachi,24.9056,67.0822,2026-07-17T15:00,28.9,71,998.8,3.92
Karachi,24.9056,67.0822,2026-07-17T16:00,28.8,72,999.4,4.05
Karachi,24.9056,67.0822,2026-07-17T17:00,28.5,74,1000.0,3.87
Karachi,24.9056,67.0822,2026-07-17T18:00,28.5,74,999.8,3.64
Karachi,24.9056,67.0822,2026-07-17T19:00,28.1,77,999.5,3.29
Karachi,24.9056,67.0822,2026-07-17T20:00,27.6,80,999.1,3.23
Karachi,24.9056,67.0822,2026-07-17T21:00,27.5,83,998.3,3.35
Karachi,24.9056,67.0822,2026-07-17T22:00,27.3,84,998.1,3.32
Karachi,24.9056,67.0822,2026-07-17T23:00,27.3,84,998.1,2.79
Karachi,24.9056,67.0822,2026-07-18T00:00,27.3,85,998.3,3.03
Karachi,24.9056,67.0822,2026-07-18T01:00,27.4,83,998.6,3.06
Karachi,24.9056,67.0822,2026-07-18T02:00,27.8,80,998.9,3.55
Karachi,24.9056,67.0822,2026-07-18T03:00,28.8,74,999.1,3.57
Karachi,24.9056,67.0822,2026-07-18T04:00,30.1,68,999.1,3.82
Karachi,24.9056,67.0822,2026-07-18T05:00,31.2,61,999.0,3.98
Karachi,24.9056,67.0822,2026-07-18T06:00,32.0,56,998.8,4.62
Karachi,24.9056,67.0822,2026-07-18T07:00,32.4,55,998.3,4.75
Karachi,24.9056,67.0822,2026-07-18T08:00,32.5,55,997.8,4.63
Karachi,24.9056,67.0822,2026-07-18T09:00,32.7,54,997.4,4.5
Karachi,24.9056,67.0822,2026-07-18T10:00,31.5,60,997.1,4.64
Karachi,24.9056,67.0822,2026-07-18T11:00,31.4,62,996.9,4.76
Karachi,24.9056,67.0822,2026-07-18T12:00,31.0,63,996.9,4.51
Karachi,24.9056,67.0822,2026-07-18T13:00,29.9,67,996.8,4.35
Karachi,24.9056,67.0822,2026-07-18T14:00,29.0,71,997.0,4.41
Karachi,24.9056,67.0822,2026-07-18T15:00,28.8,72,997.6,4.05
Karachi,24.9056,67.0822,2026-07-18T16:00,28.7,74,998.4,3.99
Karachi,24.9056,67.0822,2026-07-18T17:00,28.5,76,998.7,3.91
Karachi,24.9056,67.0822,2026-07-18T18:00,28.6,76,998.4,3.92
Karachi,24.9056,67.0822,2026-07-18T19:00,28.3,78,998.0,3.51
Karachi,24.9056,67.0822,2026-07-18T20:00,27.9,80,997.5,3.39
Karachi,24.9056,67.0822,2026-07-18T21:00,27.7,81,997.1,3.08
Karachi,24.9056,67.0822,2026-07-18T22:00,27.5,82,996.8,2.58
Karachi,24.9056,67.0822,2026-07-18T23:00,27.3,83,996.8,2.86
Karachi,24.9056,67.0822,2026-07-19T00:00,27.5,84,996.9,2.72
Karachi,24.9056,67.0822,2026-07-19T01:00,27.4,87,997.0,2.7
Karachi,24.9056,67.0822,2026-07-19T02:00,27.8,84,997.3,3.24
Karachi,24.9056,67.0822,2026-07-19T03:00,28.8,79,997.3,3.42
Karachi,24.9056,67.0822,2026-07-19T04:00,29.8,73,997.6,3.57
Karachi,24.9056,67.0822,2026-07-19T05:00,29.8,73,997.9,3.7
Karachi,24.9056,67.0822,2026-07-19T06:00,30.2,70,997.6,3.76
Karachi,24.9056,67.0822,2026-07-19T07:00,30.5,69,997.6,3.61
Karachi,24.9056,67.0822,2026-07-19T08:00,30.7,68,996.9,3.65
Karachi,24.9056,67.0822,2026-07-19T09:00,30.9,68,996.6,3.86
Karachi,24.9056,67.0822,2026-07-19T10:00,30.4,70,996.3,3.72
Karachi,24.9056,67.0822,2026-07-19T11:00,30.4,71,996.1,3.92
Karachi,24.9056,67.0822,2026-07-19T12:00,30.8,67,995.8,3.38
Karachi,24.9056,67.0822,2026-07-19T13:00,29.8,71,995.9,3.01
Karachi,24.9056,67.0822,2026-07-19T14:00,29.2,73,996.2,3.11
Karachi,24.9056,67.0822,2026-07-19T15:00,28.7,76,996.9,2.83
Karachi,24.9056,67.0822,2026-07-19T16:00,28.5,77,997.6,2.69
Karachi,24.9056,67.0822,2026-07-19T17:00,28.1,80,998.2,2.69
Karachi,24.9056,67.0822,2026-07-19T18:00,28.1,81,998.0,2.65
Karachi,24.9056,67.0822,2026-07-19T19:00,27.9,84,997.6,2.3
Karachi,24.9056,67.0822,2026-07-19T20:00,27.8,84,997.0,1.86
Karachi,24.9056,67.0822,2026-07-19T21:00,27.4,87,996.4,2.16
Karachi,24.9056,67.0822,2026-07-19T22:00,27.1,89,996.3,2.28
Karachi,24.9056,67.0822,2026-07-19T23:00,27.2,89,996.3,1.69
Karachi,24.9056,67.0822,2026-07-20T00:00,27.6,88,996.1,1.94
Karachi,24.9056,67.0822,2026-07-20T01:00,27.4,90,996.2,2.07
Karachi,24.9056,67.0822,2026-07-20T02:00,27.8,88,996.8,2.49
Karachi,24.9056,67.0822,2026-07-20T03:00,28.9,81,997.0,2.33
Karachi,24.9056,67.0822,2026-07-20T04:00,29.4,77,997.3,2.75
Karachi,24.9056,67.0822,2026-07-20T05:00,29.8,74,997.3,2.99
Karachi,24.9056,67.0822,2026-07-20T06:00,30.3,70,997.3,3.31
Karachi,24.9056,67.0822,2026-07-20T07:00,31.2,66,997.1,3.22
Karachi,24.9056,67.0822,2026-07-20T08:00,32.2,62,996.4,3.39
Karachi,24.9056,67.0822,2026-07-20T09:00,32.5,60,995.9,3.4
Karachi,24.9056,67.0822,2026-07-20T10:00,32.0,62,995.6,3.46
Karachi,24.9056,67.0822,2026-07-20T11:00,31.5,64,995.2,3.55
Karachi,24.9056,67.0822,2026-07-20T12:00,31.2,66,995.2,3.04
Karachi,24.9056,67.0822,2026-07-20T13:00,30.2,70,995.4,3.14
Karachi,24.9056,67.0822,2026-07-20T14:00,29.5,73,995.8,2.7
Karachi,24.9056,67.0822,2026-07-20T15:00,29.0,76,996.4,3.18
Karachi,24.9056,67.0822,2026-07-20T16:00,28.6,78,997.0,3.22
Karachi,24.9056,67.0822,2026-07-20T17:00,28.4,80,997.7,3.05
Karachi,24.9056,67.0822,2026-07-20T18:00,28.4,79,997.8,2.66
Karachi,24.9056,67.0822,2026-07-20T19:00,28.2,80,997.4,2.66
Karachi,24.9056,67.0822,2026-07-20T20:00,28.1,81,997.0,2.47
Karachi,24.9056,67.0822,2026-07-20T21:00,28.0,82,996.4,2.33
Karachi,24.9056,67.0822,2026-07-20T22:00,27.8,84,996.0,2.11
Karachi,24.9056,67.0822,2026-07-20T23:00,27.6,86,995.7,2.17
Karachi,24.9056,67.0822,2026-07-21T00:00,27.9,86,995.5,2.17
Karachi,24.9056,67.0822,2026-07-21T01:00,27.7,87,995.9,1.87
Karachi,24.9056,67.0822,2026-07-21T02:00,28.0,85,996.4,1.42
Karachi,24.9056,67.0822,2026-07-21T03:00,28.8,80,996.6,1.93
Karachi,24.9056,67.0822,2026-07-21T04:00,29.4,76,996.7,2.16
Karachi,24.9056,67.0822,2026-07-21T05:00,29.7,75,996.9,2.45
Karachi,24.9056,67.0822,2026-07-21T06:00,30.9,67,997.2,2.38
Karachi,24.9056,67.0822,2026-07-21T07:00,30.9,67,997.2,2.58
Karachi,24.9056,67.0822,2026-07-21T08:00,30.9,67,996.6,2.48
Karachi,24.9056,67.0822,2026-07-21T09:00,31.4,65,995.8,2.79
Karachi,24.9056,67.0822,2026-07-21T10:00,31.5,64,995.2,3.2
Karachi,24.9056,67.0822,2026-07-21T11:00,30.6,69,994.9,3.2
Karachi,24.9056,67.0822,2026-07-21T12:00,30.7,69,994.9,2.86
Karachi,24.9056,67.0822,2026-07-21T13:00,30.0,72,995.2,2.8
Karachi,24.9056,67.0822,2026-07-21T14:00,29.4,77,995.4,3.26
Karachi,24.9056,67.0822,2026-07-21T15:00,28.6,81,996.0,2.86
Karachi,24.9056,67.0822,2026-07-21T16:00,28.4,83,996.6,2.69
Karachi,24.9056,67.0822,2026-07-21T17:00,28.2,84,997.0,2.32
Karachi,24.9056,67.0822,2026-07-21T18:00,28.7,81,997.2,2.01
Karachi,24.9056,67.0822,2026-07-21T19:00,28.3,83,996.6,2.16
Karachi,24.9056,67.0822,2026-07-21T20:00,28.1,83,996.4,1.98
Karachi,24.9056,67.0822,2026-07-21T21:00,27.9,84,995.8,1.77
Karachi,24.9056,67.0822,2026-07-21T22:00,27.6,86,995.5,1.71
Karachi,24.9056,67.0822,2026-07-21T23:00,27.5,87,995.3,1.44
Karachi,24.9056,67.0822,2026-07-22T00:00,28.0,86,995.1,0.92
Karachi,24.9056,67.0822,2026-07-22T01:00,27.9,86,995.5,0.71
Karachi,24.9056,67.0822,2026-07-22T02:00,28.3,84,996.1,1.0
Karachi,24.9056,67.0822,2026-07-22T03:00,29.3,79,996.2,1.1
Karachi,24.9056,67.0822,2026-07-22T04:00,30.9,70,996.2,1.79
Karachi,24.9056,67.0822,2026-07-22T05:00,32.3,63,996.2,2.22
Karachi,24.9056,67.0822,2026-07-22T06:00,32.8,61,995.9,2.76
Karachi,24.9056,67.0822,2026-07-22T07:00,32.6,62,995.8,2.6
Karachi,24.9056,67.0822,2026-07-22T08:00,32.8,62,995.0,2.55
Karachi,24.9056,67.0822,2026-07-22T09:00,32.8,63,994.5,2.75
Karachi,24.9056,67.0822,2026-07-22T10:00,31.6,68,994.0,2.8
Karachi,24.9056,67.0822,2026-07-22T11:00,31.6,68,993.7,2.39
Karachi,24.9056,67.0822,2026-07-22T12:00,32.3,65,993.3,2.8
Karachi,24.9056,67.0822,2026-07-22T13:00,31.3,69,994.2,2.66
Karachi,24.9056,67.0822,2026-07-22T14:00,30.0,76,994.5,2.87
Karachi,24.9056,67.0822,2026-07-22T15:00,29.0,80,994.7,3.08
Karachi,24.9056,67.0822,2026-07-22T16:00,29.2,80,995.3,2.99
Karachi,24.9056,67.0822,2026-07-22T17:00,29.0,79,996.0,2.49
Karachi,24.9056,67.0822,2026-07-22T18:00,29.2,76,996.0,2.8
Karachi,24.9056,67.0822,2026-07-22T19:00,28.8,78,995.6,2.75
Karachi,24.9056,67.0822,2026-07-22T20:00,28.7,80,995.3,2.69
Karachi,24.9056,67.0822,2026-07-22T21:00,28.6,80,994.7,2.24
Karachi,24.9056,67.0822,2026-07-22T22:00,28.3,82,994.5,1.95
Karachi,24.9056,67.0822,2026-07-22T23:00,28.2,82,994.3,1.39
Karachi,24.9056,67.0822,2026-07-23T00:00,28.7,79,994.6,0.94
Karachi,24.9056,67.0822,2026-07-23T01:00,28.4,81,994.7,0.71
Karachi,24.9056,67.0822,2026-07-23T02:00,28.8,79,995.2,0.35
Karachi,24.9056,67.0822,2026-07-23T03:00,29.7,75,994.8,1.05
Karachi,24.9056,67.0822,2026-07-23T04:00,30.8,69,995.4,0.76
Karachi,24.9056,67.0822,2026-07-23T05:00,31.5,66,995.2,1.48
Karachi,24.9056,67.0822,2026-07-23T06:00,33.2,58,995.1,1.05
Karachi,24.9056,67.0822,2026-07-23T07:00,35.2,51,994.5,1.32
Karachi,24.9056,67.0822,2026-07-23T08:00,35.9,49,993.8,2.71
Karachi,24.9056,67.0822,2026-07-23T09:00,35.2,51,993.2,3.06
Karachi,24.9056,67.0822,2026-07-23T10:00,35.1,52,992.7,2.58
Karachi,24.9056,67.0822,2026-07-23T11:00,34.3,55,992.3,2.8
Karachi,24.9056,67.0822,2026-07-23T12:00,32.5,64,992.3,3.29
Karachi,24.9056,67.0822,2026-07-23T13:00,31.7,67,992.5,2.72
Karachi,24.9056,67.0822,2026-07-23T14:00,30.8,71,993.5,2.11
Karachi,24.9056,67.0822,2026-07-23T15:00,30.0,75,993.1,2.74
Karachi,24.9056,67.0822,2026-07-23T16:00,29.7,79,994.0,2.66
Karachi,24.9056,67.0822,2026-07-23T17:00,29.7,78,995.1,2.51
Karachi,24.9056,67.0822,2026-07-23T18:00,29.9,77,995.9,2.58
Karachi,24.9056,67.0822,2026-07-23T19:00,29.4,80,995.3,2.3
Karachi,24.9056,67.0822,2026-07-23T20:00,29.1,81,995.1,1.89
Karachi,24.9056,67.0822,2026-07-23T21:00,29.0,81,994.4,1.79
Karachi,24.9056,67.0822,2026-07-23T22:00,29.0,80,994.3,1.44
Karachi,24.9056,67.0822,2026-07-23T23:00,28.8,80,994.2,0.99
Karachi,24.9056,67.0822,2026-07-24T00:00,29.1,82,994.1,1.37
Karachi,24.9056,67.0822,2026-07-24T01:00,28.9,84,994.5,1.36
Karachi,24.9056,67.0822,2026-07-24T02:00,29.2,82,995.2,1.5
Karachi,24.9056,67.0822,2026-07-24T03:00,30.2,77,995.3,1.25
Karachi,24.9056,67.0822,2026-07-24T04:00,31.6,70,995.8,0.9
Karachi,24.9056,67.0822,2026-07-24T05:00,33.2,62,996.0,1.35
Karachi,24.9056,67.0822,2026-07-24T06:00,35.1,53,995.9,1.35
Karachi,24.9056,67.0822,2026-07-24T07:00,35.6,52,995.4,2.35
Karachi,24.9056,67.0822,2026-07-24T08:00,35.0,56,995.0,3.24
Karachi,24.9056,67.0822,2026-07-24T09:00,34.4,56,994.3,3.16
Karachi,24.9056,67.0822,2026-07-24T10:00,34.1,56,993.7,2.86
Karachi,24.9056,67.0822,2026-07-24T11:00,33.4,59,993.7,3.13
Karachi,24.9056,67.0822,2026-07-24T12:00,32.6,63,993.3,3.04
Karachi,24.9056,67.0822,2026-07-24T13:00,31.2,69,993.1,3.19
Karachi,24.9056,67.0822,2026-07-24T14:00,30.4,73,993.7,2.94
Karachi,24.9056,67.0822,2026-07-24T15:00,30.5,73,994.4,2.36
Karachi,24.9056,67.0822,2026-07-24T16:00,30.4,74,995.5,1.96
Karachi,24.9056,67.0822,2026-07-24T17:00,30.3,76,996.2,1.95
Karachi,24.9056,67.0822,2026-07-24T18:00,29.6,74,995.6,1.69
Karachi,24.9056,67.0822,2026-07-24T19:00,29.4,76,995.3,2.16
Karachi,24.9056,67.0822,2026-07-24T20:00,29.1,78,995.3,2.65
Karachi,24.9056,67.0822,2026-07-24T21:00,28.8,79,995.2,2.3
Karachi,24.9056,67.0822,2026-07-24T22:00,28.7,79,995.3,1.58
Karachi,24.9056,67.0822,2026-07-24T23:00,28.7,79,995.1,1.74
Karachi,24.9056,67.0822,2026-07-25T00:00,28.8,80,995.2,2.09
Karachi,24.9056,67.0822,2026-07-25T01:00,28.5,82,995.5,2.0
Karachi,24.9056,67.0822,2026-07-25T02:00,28.7,81,996.1,2.2
Karachi,24.9056,67.0822,2026-07-25T03:00,29.4,77,996.8,2.26
Karachi,24.9056,67.0822,2026-07-25T04:00,30.3,72,997.4,2.07
Karachi,24.9056,67.0822,2026-07-25T05:00,30.8,70,997.9,2.02
Karachi,24.9056,67.0822,2026-07-25T06:00,31.1,68,997.9,2.18
Karachi,24.9056,67.0822,2026-07-25T07:00,32.2,63,997.6,1.83
Karachi,24.9056,67.0822,2026-07-25T08:00,33.5,58,997.2,1.88
Karachi,24.9056,67.0822,2026-07-25T09:00,33.4,59,996.5,2.25
Karachi,24.9056,67.0822,2026-07-25T10:00,32.8,61,996.1,2.57
Karachi,24.9056,67.0822,2026-07-25T11:00,32.2,63,995.8,3.3
Karachi,24.9056,67.0822,2026-07-25T12:00,31.8,63,995.5,2.82
Karachi,24.9056,67.0822,2026-07-25T13:00,30.5,69,995.9,2.43
Karachi,24.9056,67.0822,2026-07-25T14:00,29.8,73,996.4,2.45
Karachi,24.9056,67.0822,2026-07-25T15:00,29.4,76,996.6,2.74
Karachi,24.9056,67.0822,2026-07-25T16:00,29.2,77,997.5,2.51
Karachi,24.9056,67.0822,2026-07-25T17:00,29.1,77,997.8,2.95
Karachi,24.9056,67.0822,2026-07-25T18:00,28.4,78,998.1,2.04
Karachi,24.9056,67.0822,2026-07-25T19:00,28.2,79,997.5,2.07
Karachi,24.9056,67.0822,2026-07-25T20:00,28.2,78,997.1,1.26
Karachi,24.9056,67.0822,2026-07-25T21:00,28.3,78,996.9,1.13
Karachi,24.9056,67.0822,2026-07-25T22:00,28.3,77,997.0,1.15
Karachi,24.9056,67.0822,2026-07-25T23:00,28.3,77,996.9,1.27
Karachi,24.9056,67.0822,2026-07-26T00:00,28.6,78,996.7,1.95
Karachi,24.9056,67.0822,2026-07-26T01:00,28.5,78,997.2,2.3
Karachi,24.9056,67.0822,2026-07-26T02:00,28.6,77,998.0,2.55
Karachi,24.9056,67.0822,2026-07-26T03:00,29.2,74,998.4,2.32
Karachi,24.9056,67.0822,2026-07-26T04:00,29.9,71,998.5,2.18
Karachi,24.9056,67.0822,2026-07-26T05:00,30.7,67,999.0,2.01
Karachi,24.9056,67.0822,2026-07-26T06:00,31.6,63,999.4,2.23
Karachi,24.9056,67.0822,2026-07-26T07:00,33.4,56,998.9,1.75
Karachi,24.9056,67.0822,2026-07-26T08:00,34.7,52,998.1,1.56
Karachi,24.9056,67.0822,2026-07-26T09:00,34.8,53,997.7,2.53
Karachi,24.9056,67.0822,2026-07-26T10:00,34.2,55,996.8,3.11
Karachi,24.9056,67.0822,2026-07-26T11:00,33.2,58,996.3,2.91
Karachi,24.9056,67.0822,2026-07-26T12:00,32.8,59,996.3,2.95
Karachi,24.9056,67.0822,2026-07-26T13:00,31.5,64,996.8,2.56
Karachi,24.9056,67.0822,2026-07-26T14:00,30.4,68,997.4,2.75
Karachi,24.9056,67.0822,2026-07-26T15:00,29.5,72,997.7,2.59
Karachi,24.9056,67.0822,2026-07-26T16:00,29.1,76,998.2,2.33
Karachi,24.9056,67.0822,2026-07-26T17:00,28.8,78,998.2,2.29
Karachi,24.9056,67.0822,2026-07-26T18:00,29.0,76,998.1,1.88
Karachi,24.9056,67.0822,2026-07-26T19:00,28.7,78,998.3,2.2
Karachi,24.9056,67.0822,2026-07-26T20:00,28.6,78,998.1,2.75
Karachi,24.9056,67.0822,2026-07-26T21:00,28.4,79,997.5,2.9
Karachi,24.9056,67.0822,2026-07-26T22:00,28.4,78,997.3,2.7
Karachi,24.9056,67.0822,2026-07-26T23:00,28.2,79,997.2,2.77
Karachi,24.9056,67.0822,2026-07-27T00:00,28.6,79,997.0,2.8
Karachi,24.9056,67.0822,2026-07-27T01:00,28.3,81,997.0,2.27
Karachi,24.9056,67.0822,2026-07-27T02:00,28.7,79,997.6,2.6
Karachi,24.9056,67.0822,2026-07-27T03:00,29.9,72,997.8,2.84
Karachi,24.9056,67.0822,2026-07-27T04:00,31.3,66,998.0,2.82
Karachi,24.9056,67.0822,2026-07-27T05:00,32.7,60,997.6,2.96
Karachi,24.9056,67.0822,2026-07-27T06:00,32.8,59,997.4,3.25
Karachi,24.9056,67.0822,2026-07-27T07:00,33.8,55,997.1,3.35
Karachi,24.9056,67.0822,2026-07-27T08:00,34.1,54,996.7,3.67
Karachi,24.9056,67.0822,2026-07-27T09:00,33.5,55,996.2,3.89
Karachi,24.9056,67.0822,2026-07-27T10:00,33.3,56,995.4,4.05
Karachi,24.9056,67.0822,2026-07-27T11:00,33.1,56,994.5,4.14
Karachi,24.9056,67.0822,2026-07-27T12:00,32.5,59,994.6,3.74
Karachi,24.9056,67.0822,2026-07-27T13:00,31.3,63,994.6,3.68
Karachi,24.9056,67.0822,2026-07-27T14:00,30.3,67,994.9,3.73
Karachi,24.9056,67.0822,2026-07-27T15:00,29.9,69,995.5,3.78
Karachi,24.9056,67.0822,2026-07-27T16:00,29.3,73,996.1,3.77
Karachi,24.9056,67.0822,2026-07-27T17:00,28.8,77,996.2,3.61
Karachi,24.9056,67.0822,2026-07-27T18:00,29.0,76,995.9,3.55
Karachi,24.9056,67.0822,2026-07-27T19:00,28.8,76,995.8,3.36
Karachi,24.9056,67.0822,2026-07-27T20:00,28.5,78,995.2,3.18
Karachi,24.9056,67.0822,2026-07-27T21:00,28.2,79,994.6,3.23
Karachi,24.9056,67.0822,2026-07-27T22:00,28.0,79,994.2,3.38
Karachi,24.9056,67.0822,2026-07-27T23:00,27.9,79,994.0,3.25
Karachi,24.9056,67.0822,2026-07-28T00:00,28.1,82,994.0,3.49
Karachi,24.9056,67.0822,2026-07-28T01:00,27.9,81,994.0,3.08
Karachi,24.9056,67.0822,2026-07-28T02:00,28.2,79,994.6,3.05
Karachi,24.9056,67.0822,2026-07-28T03:00,29.3,73,994.9,3.22
Karachi,24.9056,67.0822,2026-07-28T04:00,30.9,63,995.2,3.46
Karachi,24.9056,67.0822,2026-07-28T05:00,31.9,62,994.9,3.56
Karachi,24.9056,67.0822,2026-07-28T06:00,32.5,58,995.1,3.63
Karachi,24.9056,67.0822,2026-07-28T07:00,32.7,57,995.0,3.83
Karachi,24.9056,67.0822,2026-07-28T08:00,32.8,58,994.5,3.83
Karachi,24.9056,67.0822,2026-07-28T09:00,33.1,57,994.0,4.14
Karachi,24.9056,67.0822,2026-07-28T10:00,33.1,58,993.3,4.18
Karachi,24.9056,67.0822,2026-07-28T11:00,32.5,61,992.9,4.0
Karachi,24.9056,67.0822,2026-07-28T12:00,32.1,62,992.7,3.96
Karachi,24.9056,67.0822,2026-07-28T13:00,30.8,68,992.9,4.24
Karachi,24.9056,67.0822,2026-07-28T14:00,29.8,74,993.4,4.04
Karachi,24.9056,67.0822,2026-07-28T15:00,29.1,78,993.7,3.72
Karachi,24.9056,67.0822,2026-07-28T16:00,29.2,77,994.6,3.12
Karachi,24.9056,67.0822,2026-07-28T17:00,29.0,78,995.3,2.71
Karachi,24.9056,67.0822,2026-07-28T18:00,29.4,78,995.2,2.42
Karachi,24.9056,67.0822,2026-07-28T19:00,29.0,79,995.1,2.59
Karachi,24.9056,67.0822,2026-07-28T20:00,28.7,82,994.8,2.92
Karachi,24.9056,67.0822,2026-07-28T21:00,28.4,84,994.5,2.77
Karachi,24.9056,67.0822,2026-07-28T22:00,28.0,86,994.1,2.69
Karachi,24.9056,67.0822,2026-07-28T23:00,27.9,87,994.0,2.68
Karachi,24.9056,67.0822,2026-07-29T00:00,28.2,86,994.0,2.42
Karachi,24.9056,67.0822,2026-07-29T01:00,28.0,88,994.3,2.55
Karachi,24.9056,67.0822,2026-07-29T02:00,28.4,85,994.6,3.21
Karachi,24.9056,67.0822,2026-07-29T03:00,29.7,77,994.9,3.6
Karachi,24.9056,67.0822,2026-07-29T04:00,31.3,66,995.2,3.57
Karachi,24.9056,67.0822,2026-07-29T05:00,33.3,58,995.3,3.3
Karachi,24.9056,67.0822,2026-07-29T06:00,33.8,56,995.4,3.45
Karachi,24.9056,67.0822,2026-07-29T07:00,34.5,54,995.2,3.05
Karachi,24.9056,67.0822,2026-07-29T08:00,34.9,53,994.7,3.07
Karachi,24.9056,67.0822,2026-07-29T09:00,34.7,55,994.2,3.42
Karachi,24.9056,67.0822,2026-07-29T10:00,33.8,58,993.8,3.78
Karachi,24.9056,67.0822,2026-07-29T11:00,32.7,62,993.6,3.75
Karachi,24.9056,67.0822,2026-07-29T12:00,32.2,64,993.8,3.11
Karachi,24.9056,67.0822,2026-07-29T13:00,31.0,70,993.9,3.01
Karachi,24.9056,67.0822,2026-07-29T14:00,29.8,76,994.1,3.1
Karachi,24.9056,67.0822,2026-07-29T15:00,28.9,80,994.6,2.72
Karachi,24.9056,67.0822,2026-07-29T16:00,28.8,80,995.7,2.11
Karachi,24.9056,67.0822,2026-07-29T17:00,28.9,79,996.0,1.83
Karachi,24.9056,67.0822,2026-07-29T18:00,29.1,80,995.3,2.07
Karachi,24.9056,67.0822,2026-07-29T19:00,28.8,81,994.8,2.3
Karachi,24.9056,67.0822,2026-07-29T20:00,28.8,80,994.8,2.15
Karachi,24.9056,67.0822,2026-07-29T21:00,28.4,84,994.5,2.11
Karachi,24.9056,67.0822,2026-07-29T22:00,28.2,87,993.8,2.29
Karachi,24.9056,67.0822,2026-07-29T23:00,28.0,87,993.4,2.33
Karachi,24.9056,67.0822,2026-07-30T00:00,28.2,87,993.6,1.89
Karachi,24.9056,67.0822,2026-07-30T01:00,27.9,88,993.6,1.9
Karachi,24.9056,67.0822,2026-07-30T02:00,28.4,85,993.8,1.93
Karachi,24.9056,67.0822,2026-07-30T03:00,29.5,79,994.1,1.87
Karachi,24.9056,67.0822,2026-07-30T04:00,31.3,69,994.3,1.92
Karachi,24.9056,67.0822,2026-07-30T05:00,32.9,62,994.2,1.65
Karachi,24.9056,67.0822,2026-07-30T06:00,33.5,59,994.4,1.9
Karachi,24.9056,67.0822,2026-07-30T07:00,34.9,56,993.9,1.99
Karachi,24.9056,67.0822,2026-07-30T08:00,35.3,56,993.6,2.21
Karachi,24.9056,67.0822,2026-07-30T09:00,35.2,57,992.9,2.59
Karachi,24.9056,67.0822,2026-07-30T10:00,34.6,59,992.5,2.88
Karachi,24.9056,67.0822,2026-07-30T11:00,33.7,62,991.8,2.96
Karachi,24.9056,67.0822,2026-07-30T12:00,33.1,64,991.8,3.25
Karachi,24.9056,67.0822,2026-07-30T13:00,31.7,69,991.9,3.0
Karachi,24.9056,67.0822,2026-07-30T14:00,30.6,74,992.3,2.51
Karachi,24.9056,67.0822,2026-07-30T15:00,30.1,77,992.9,2.25
Karachi,24.9056,67.0822,2026-07-30T16:00,29.7,79,993.4,1.85
Karachi,24.9056,67.0822,2026-07-30T17:00,29.7,79,994.3,1.96
Karachi,24.9056,67.0822,2026-07-30T18:00,29.9,79,994.4,1.61
Karachi,24.9056,67.0822,2026-07-30T19:00,29.4,81,993.8,1.68
Karachi,24.9056,67.0822,2026-07-30T20:00,29.2,82,993.2,1.16
Karachi,24.9056,67.0822,2026-07-30T21:00,28.8,84,992.6,0.99
Karachi,24.9056,67.0822,2026-07-30T22:00,28.6,85,992.4,1.79
Karachi,24.9056,67.0822,2026-07-30T23:00,28.2,87,992.5,2.02
Karachi,24.9056,67.0822,2026-07-31T00:00,28.4,89,992.6,1.61
Karachi,24.9056,67.0822,2026-07-31T01:00,28.1,90,992.7,1.3
Karachi,24.9056,67.0822,2026-07-31T02:00,28.3,88,993.0,1.13
Karachi,24.9056,67.0822,2026-07-31T03:00,29.5,81,993.3,1.43
Karachi,24.9056,67.0822,2026-07-31T04:00,31.1,71,993.2,1.46
Karachi,24.9056,67.0822,2026-07-31T05:00,32.7,64,993.4,1.07
Karachi,24.9056,67.0822,2026-07-31T06:00,34.4,56,993.3,1.24
Karachi,24.9056,67.0822,2026-07-31T07:00,35.7,53,992.8,1.65
Karachi,24.9056,67.0822,2026-07-31T08:00,36.0,53,992.2,2.33
Karachi,24.9056,67.0822,2026-07-31T09:00,36.0,53,991.5,2.53
Karachi,24.9056,67.0822,2026-07-31T10:00,35.7,53,990.6,2.39
Karachi,24.9056,67.0822,2026-07-31T11:00,35.0,56,990.4,2.61
Karachi,24.9056,67.0822,2026-07-31T12:00,34.0,61,990.4,2.84
Karachi,24.9056,67.0822,2026-07-31T13:00,32.8,64,990.5,2.58
Karachi,24.9056,67.0822,2026-07-31T14:00,31.7,70,991.5,2.27
Karachi,24.9056,67.0822,2026-07-31T15:00,30.8,76,992.4,2.16
Karachi,24.9056,67.0822,2026-07-31T16:00,30.4,80,993.1,1.73
Karachi,24.9056,67.0822,2026-07-31T17:00,30.3,80,993.9,0.83
Karachi,24.9056,67.0822,2026-07-31T18:00,30.2,79,993.9,0.83
Karachi,24.9056,67.0822,2026-07-31T19:00,29.9,80,993.4,1.1
Karachi,24.9056,67.0822,2026-07-31T20:00,29.8,81,993.3,0.57
Karachi,24.9056,67.0822,2026-07-31T21:00,29.6,82,993.2,0.61
Karachi,24.9056,67.0822,2026-07-31T22:00,29.3,85,993.0,0.9
Karachi,24.9056,67.0822,2026-07-31T23:00,29.0,87,992.8,1.65
Karachi,24.9056,67.0822,2026-08-01T00:00,29.3,86,993.3,1.08
Karachi,24.9056,67.0822,2026-08-01T01:00,29.2,87,993.9,1.32
Karachi,24.9056,67.0822,2026-08-01T02:00,29.6,84,994.6,1.35
Karachi,24.9056,67.0822,2026-08-01T03:00,30.6,79,994.7,1.06
Karachi,24.9056,67.0822,2026-08-01T04:00,31.9,72,994.7,0.9
Karachi,24.9056,67.0822,2026-08-01T05:00,33.9,63,994.7,0.96
Karachi,24.9056,67.0822,2026-08-01T06:00,34.2,60,995.2,2.14
Karachi,24.9056,67.0822,2026-08-01T07:00,34.5,59,995.0,2.82
Karachi,24.9056,67.0822,2026-08-01T08:00,34.8,57,994.5,3.06
Karachi,24.9056,67.0822,2026-08-01T09:00,34.9,56,994.1,3.41
Karachi,24.9056,67.0822,2026-08-01T10:00,34.2,58,993.4,3.61
Karachi,24.9056,67.0822,2026-08-01T11:00,33.1,63,993.5,3.12
Karachi,24.9056,67.0822,2026-08-01T12:00,32.4,63,993.6,3.12
Karachi,24.9056,67.0822,2026-08-01T13:00,31.0,68,993.7,3.02
Karachi,24.9056,67.0822,2026-08-01T14:00,30.3,73,994.1,2.41
Karachi,24.9056,67.0822,2026-08-01T15:00,30.0,74,994.8,2.44
Karachi,24.9056,67.0822,2026-08-01T16:00,29.5,76,995.2,2.28
Karachi,24.9056,67.0822,2026-08-01T17:00,29.3,78,995.3,2.36
Karachi,24.9056,67.0822,2026-08-01T18:00,29.3,76,996.2,2.31
Karachi,24.9056,67.0822,2026-08-01T19:00,29.1,76,996.0,2.3
Karachi,24.9056,67.0822,2026-08-01T20:00,28.9,76,995.7,2.32
Karachi,24.9056,67.0822,2026-08-01T21:00,28.8,77,995.6,1.9
Karachi,24.9056,67.0822,2026-08-01T22:00,28.7,77,995.5,2.4
Karachi,24.9056,67.0822,2026-08-01T23:00,28.7,76,995.7,2.54
Karachi,24.9056,67.0822,2026-08-02T00:00,28.6,78,996.1,2.48
Karachi,24.9056,67.0822,2026-08-02T01:00,28.5,78,996.2,2.82
Karachi,24.9056,67.0822,2026-08-02T02:00,28.4,79,996.3,2.61
Karachi,24.9056,67.0822,2026-08-02T03:00,28.5,79,996.9,2.27
Karachi,24.9056,67.0822,2026-08-02T04:00,28.8,77,997.3,2.24
Karachi,24.9056,67.0822,2026-08-02T05:00,29.4,72,997.4,2.24
Karachi,24.9056,67.0822,2026-08-02T06:00,29.2,71,998.2,2.27
Karachi,24.9056,67.0822,2026-08-02T07:00,29.3,71,998.0,2.61
Karachi,24.9056,67.0822,2026-08-02T08:00,29.3,71,997.9,2.63
Karachi,24.9056,67.0822,2026-08-02T09:00,29.6,71,997.7,2.58
Karachi,24.9056,67.0822,2026-08-02T10:00,29.6,70,996.7,2.92
Karachi,24.9056,67.0822,2026-08-02T11:00,29.8,68,996.6,2.68
Karachi,24.9056,67.0822,2026-08-02T12:00,30.2,66,996.4,2.76
Karachi,24.9056,67.0822,2026-08-02T13:00,29.9,67,996.4,2.78
Karachi,24.9056,67.0822,2026-08-02T14:00,29.2,70,996.8,2.77
Karachi,24.9056,67.0822,2026-08-02T15:00,28.7,76,997.5,2.24
Karachi,24.9056,67.0822,2026-08-02T16:00,28.6,77,997.8,2.62
Karachi,24.9056,67.0822,2026-08-02T17:00,28.5,78,998.3,2.84
Karachi,24.9056,67.0822,2026-08-02T18:00,28.3,77,998.7,2.58
Karachi,24.9056,67.0822,2026-08-02T19:00,27.9,81,998.2,2.45
Karachi,24.9056,67.0822,2026-08-02T20:00,27.5,84,998.1,2.06
Karachi,24.9056,67.0822,2026-08-02T21:00,27.2,85,997.7,1.7
Karachi,24.9056,67.0822,2026-08-02T22:00,27.0,86,997.6,1.81
Karachi,24.9056,67.0822,2026-08-02T23:00,27.1,86,997.8,1.75
Karachi,24.9056,67.0822,2026-08-03T00:00,27.9,82,997.2,2.12
Karachi,24.9056,67.0822,2026-08-03T01:00,27.7,83,997.3,2.18
Karachi,24.9056,67.0822,2026-08-03T02:00,27.9,82,997.8,2.44
Karachi,24.9056,67.0822,2026-08-03T03:00,28.3,79,998.3,2.56
Karachi,24.9056,67.0822,2026-08-03T04:00,28.5,78,998.5,2.61
Karachi,24.9056,67.0822,2026-08-03T05:00,29.3,73,998.8,2.75
Karachi,24.9056,67.0822,2026-08-03T06:00,30.8,66,999.3,3.18
Karachi,24.9056,67.0822,2026-08-03T07:00,31.1,63,999.1,3.41
Karachi,24.9056,67.0822,2026-08-03T08:00,32.0,60,998.8,3.46
Karachi,24.9056,67.0822,2026-08-03T09:00,32.3,60,998.2,3.51
Karachi,24.9056,67.0822,2026-08-03T10:00,32.0,61,997.6,3.57
Karachi,24.9056,67.0822,2026-08-03T11:00,31.5,62,997.1,3.8
Karachi,24.9056,67.0822,2026-08-03T12:00,31.3,61,997.2,3.79
Karachi,24.9056,67.0822,2026-08-03T13:00,30.1,66,997.2,3.65
Karachi,24.9056,67.0822,2026-08-03T14:00,29.2,70,997.2,3.23
Karachi,24.9056,67.0822,2026-08-03T15:00,28.9,71,997.9,3.37
Karachi,24.9056,67.0822,2026-08-03T16:00,28.8,72,998.3,3.51
Karachi,24.9056,67.0822,2026-08-03T17:00,28.5,74,998.8,3.38
Karachi,24.9056,67.0822,2026-08-03T18:00,28.3,74,999.0,2.84
Karachi,24.9056,67.0822,2026-08-03T19:00,28.0,77,999.1,2.73
Karachi,24.9056,67.0822,2026-08-03T20:00,27.7,80,998.8,2.68
Karachi,24.9056,67.0822,2026-08-03T21:00,27.5,81,998.5,2.23
Karachi,24.9056,67.0822,2026-08-03T22:00,27.4,82,998.4,2.06
Karachi,24.9056,67.0822,2026-08-03T23:00,27.2,83,998.4,1.81
Karachi,24.9056,67.0822,2026-08-04T00:00,28.1,78,998.6,2.09
Karachi,24.9056,67.0822,2026-08-04T01:00,27.7,80,998.9,1.97
Karachi,24.9056,67.0822,2026-08-04T02:00,28.2,78,999.2,1.99
Karachi,24.9056,67.0822,2026-08-04T03:00,29.4,70,999.6,2.96
Karachi,24.9056,67.0822,2026-08-04T04:00,30.7,64,999.8,3.2
Karachi,24.9056,67.0822,2026-08-04T05:00,31.3,61,1000.2,3.2
Karachi,24.9056,67.0822,2026-08-04T06:00,32.4,56,999.9,3.43
Karachi,24.9056,67.0822,2026-08-04T07:00,32.7,55,999.7,3.38
Karachi,24.9056,67.0822,2026-08-04T08:00,33.0,55,999.2,3.4
Karachi,24.9056,67.0822,2026-08-04T09:00,33.2,54,998.7,3.39
Karachi,24.9056,67.0822,2026-08-04T10:00,32.8,55,998.0,3.27
Karachi,24.9056,67.0822,2026-08-04T11:00,32.1,58,997.4,3.24
Karachi,24.9056,67.0822,2026-08-04T12:00,31.9,59,997.6,3.14
Karachi,24.9056,67.0822,2026-08-04T13:00,30.7,64,997.6,3.39
Karachi,24.9056,67.0822,2026-08-04T14:00,29.7,69,997.9,3.18
Karachi,24.9056,67.0822,2026-08-04T15:00,29.1,73,998.6,3.31
Karachi,24.9056,67.0822,2026-08-04T16:00,28.7,75,999.5,2.88
Karachi,24.9056,67.0822,2026-08-04T17:00,28.5,76,999.7,3.0
Karachi,24.9056,67.0822,2026-08-04T18:00,28.7,76,999.2,2.91
Karachi,24.9056,67.0822,2026-08-04T19:00,28.3,80,998.8,2.73
Karachi,24.9056,67.0822,2026-08-04T20:00,28.0,83,998.5,2.96
Karachi,24.9056,67.0822,2026-08-04T21:00,27.5,86,998.3,2.91
Karachi,24.9056,67.0822,2026-08-04T22:00,27.7,85,998.0,2.95
Karachi,24.9056,67.0822,2026-08-04T23:00,27.5,86,997.5,2.9
Karachi,24.9056,67.0822,2026-08-05T00:00,28.1,81,997.3,2.5
Karachi,24.9056,67.0822,2026-08-05T01:00,27.8,83,997.5,2.62
Karachi,24.9056,67.0822,2026-08-05T02:00,28.0,82,997.7,2.99
Karachi,24.9056,67.0822,2026-08-05T03:00,29.2,75,997.9,3.2
Karachi,24.9056,67.0822,2026-08-05T04:00,30.6,68,998.1,3.16
Karachi,24.9056,67.0822,2026-08-05T05:00,32.1,61,997.9,3.28
Karachi,24.9056,67.0822,2026-08-05T06:00,32.4,58,997.6,3.64
Karachi,24.9056,67.0822,2026-08-05T07:00,32.9,55,997.3,3.85
Karachi,24.9056,67.0822,2026-08-05T08:00,33.0,55,996.7,3.92
Karachi,24.9056,67.0822,2026-08-05T09:00,33.3,55,996.2,4.01
Karachi,24.9056,67.0822,2026-08-05T10:00,33.1,56,995.4,4.08
Karachi,24.9056,67.0822,2026-08-05T11:00,32.5,58,994.9,3.98
Karachi,24.9056,67.0822,2026-08-05T12:00,31.5,63,995.0,3.84
Karachi,24.9056,67.0822,2026-08-05T13:00,30.7,67,995.1,3.97
Karachi,24.9056,67.0822,2026-08-05T14:00,29.6,72,995.4,4.01
Karachi,24.9056,67.0822,2026-08-05T15:00,28.7,76,995.8,4.0
Karachi,24.9056,67.0822,2026-08-05T16:00,28.7,76,996.8,3.51
Karachi,24.9056,67.0822,2026-08-05T17:00,28.7,75,997.2,3.4
Karachi,24.9056,67.0822,2026-08-05T18:00,28.9,76,996.8,3.47
Karachi,24.9056,67.0822,2026-08-05T19:00,28.5,78,996.4,3.21
Karachi,24.9056,67.0822,2026-08-05T20:00,28.1,81,996.0,2.82
Karachi,24.9056,67.0822,2026-08-05T21:00,27.8,84,995.5,2.4
Karachi,24.9056,67.0822,2026-08-05T22:00,27.6,86,995.2,2.6
Karachi,24.9056,67.0822,2026-08-05T23:00,27.4,87,995.0,2.84
Karachi,24.9056,67.0822,2026-08-06T00:00,27.6,84,995.2,2.85
Karachi,24.9056,67.0822,2026-08-06T01:00,27.3,86,995.6,2.67
Karachi,24.9056,67.0822,2026-08-06T02:00,27.7,84,995.9,3.18
Karachi,24.9056,67.0822,2026-08-06T03:00,29.0,75,996.2,3.59
Karachi,24.9056,67.0822,2026-08-06T04:00,30.4,68,996.6,3.86
Karachi,24.9056,67.0822,2026-08-06T05:00,31.2,64,996.6,3.97
Karachi,24.9056,67.0822,2026-08-06T06:00,31.8,62,996.4,4.09
Karachi,24.9056,67.0822,2026-08-06T07:00,32.8,58,996.1,4.14
Karachi,24.9056,67.0822,2026-08-06T08:00,32.9,57,995.6,4.14
Karachi,24.9056,67.0822,2026-08-06T09:00,32.6,59,995.4,4.33
Karachi,24.9056,67.0822,2026-08-06T10:00,32.1,62,994.9,4.44
Karachi,24.9056,67.0822,2026-08-06T11:00,32.0,62,994.3,4.43
Karachi,24.9056,67.0822,2026-08-06T12:00,31.6,62,994.5,4.17
Karachi,24.9056,67.0822,2026-08-06T13:00,30.2,68,994.6,3.87
Karachi,24.9056,67.0822,2026-08-06T14:00,29.6,69,995.1,3.9
Karachi,24.9056,67.0822,2026-08-06T15:00,28.9,75,995.5,3.82
Karachi,24.9056,67.0822,2026-08-06T16:00,28.7,76,996.6,3.43
Karachi,24.9056,67.0822,2026-08-06T17:00,28.3,78,997.3,3.47
Karachi,24.9056,67.0822,2026-08-06T18:00,28.3,77,997.1,3.32
Karachi,24.9056,67.0822,2026-08-06T19:00,27.9,79,997.0,3.2
Karachi,24.9056,67.0822,2026-08-06T20:00,27.7,81,996.6,2.69
Karachi,24.9056,67.0822,2026-08-06T21:00,27.3,84,996.3,2.19
Karachi,24.9056,67.0822,2026-08-06T22:00,27.2,86,995.8,2.55
Karachi,24.9056,67.0822,2026-08-06T23:00,27.1,86,995.7,2.44
Karachi,24.9056,67.0822,2026-08-07T00:00,27.6,82,995.9,2.4
Karachi,24.9056,67.0822,2026-08-07T01:00,27.3,84,996.3,2.17
Karachi,24.9056,67.0822,2026-08-07T02:00,27.7,82,996.7,2.2
Karachi,24.9056,67.0822,2026-08-07T03:00,29.0,74,997.0,3.11
Karachi,24.9056,67.0822,2026-08-07T04:00,30.3,67,997.5,3.12
Karachi,24.9056,67.0822,2026-08-07T05:00,31.7,61,997.8,3.34
Karachi,24.9056,67.0822,2026-08-07T06:00,31.9,59,997.9,3.55
Karachi,24.9056,67.0822,2026-08-07T07:00,32.3,58,997.4,3.4
Karachi,24.9056,67.0822,2026-08-07T08:00,33.1,55,996.8,3.3
Karachi,24.9056,67.0822,2026-08-07T09:00,33.3,54,996.5,3.54
Karachi,24.9056,67.0822,2026-08-07T10:00,32.1,59,996.2,3.78
Karachi,24.9056,67.0822,2026-08-07T11:00,31.9,61,995.6,3.62
Karachi,24.9056,67.0822,2026-08-07T12:00,31.3,62,995.6,3.5
Karachi,24.9056,67.0822,2026-08-07T13:00,30.3,65,996.1,3.02
Karachi,24.9056,67.0822,2026-08-07T14:00,29.3,69,996.2,3.22
Karachi,24.9056,67.0822,2026-08-07T15:00,29.0,71,996.7,3.32
Karachi,24.9056,67.0822,2026-08-07T16:00,28.6,73,997.4,3.06
Karachi,24.9056,67.0822,2026-08-07T17:00,28.2,76,997.6,3.23
Karachi,24.9056,67.0822,2026-08-07T18:00,28.5,76,998.0,2.91
Karachi,24.9056,67.0822,2026-08-07T19:00,28.3,77,997.7,2.76
Karachi,24.9056,67.0822,2026-08-07T20:00,28.2,78,997.3,2.87
Karachi,24.9056,67.0822,2026-08-07T21:00,27.9,80,997.0,2.71
Karachi,24.9056,67.0822,2026-08-07T22:00,27.6,82,996.9,2.42
Karachi,24.9056,67.0822,2026-08-07T23:00,27.4,84,996.8,2.02
Karachi,24.9056,67.0822,2026-08-08T00:00,27.4,83,997.2,2.26
Karachi,24.9056,67.0822,2026-08-08T01:00,27.1,85,997.2,2.07
Karachi,24.9056,67.0822,2026-08-08T02:00,27.4,83,997.7,2.48
Karachi,24.9056,67.0822,2026-08-08T03:00,28.6,77,998.0,2.59
Karachi,24.9056,67.0822,2026-08-08T04:00,29.9,70,998.4,2.66
Karachi,24.9056,67.0822,2026-08-08T05:00,31.5,61,998.7,2.82
Karachi,24.9056,67.0822,2026-08-08T06:00,32.1,57,999.1,2.95
Karachi,24.9056,67.0822,2026-08-08T07:00,31.9,58,998.8,3.1
Karachi,24.9056,67.0822,2026-08-08T08:00,32.8,55,998.4,3.03
Karachi,24.9056,67.0822,2026-08-08T09:00,33.2,55,997.7,3.02
Karachi,24.9056,67.0822,2026-08-08T10:00,32.7,56,997.1,3.37
Karachi,24.9056,67.0822,2026-08-08T11:00,31.9,58,996.7,3.04
Karachi,24.9056,67.0822,2026-08-08T12:00,31.7,59,996.7,2.97
Karachi,24.9056,67.0822,2026-08-08T13:00,30.6,63,997.0,2.83
Karachi,24.9056,67.0822,2026-08-08T14:00,29.8,66,997.5,2.66
Karachi,24.9056,67.0822,2026-08-08T15:00,29.3,69,998.3,2.87
Karachi,24.9056,67.0822,2026-08-08T16:00,28.8,72,998.9,3.04
Karachi,24.9056,67.0822,2026-08-08T17:00,28.6,74,999.7,2.77
Karachi,24.9056,67.0822,2026-08-08T18:00,28.3,75,1000.0,2.69
Karachi,24.9056,67.0822,2026-08-08T19:00,28.0,77,1000.1,2.39
Karachi,24.9056,67.0822,2026-08-08T20:00,27.7,79,999.9,2.25
Karachi,24.9056,67.0822,2026-08-08T21:00,27.4,81,999.3,1.97
Karachi,24.9056,67.0822,2026-08-08T22:00,27.2,81,999.3,1.78
Karachi,24.9056,67.0822,2026-08-08T23:00,26.9,84,999.0,1.93
Karachi,24.9056,67.0822,2026-08-09T00:00,27.2,83,999.0,1.91
Karachi,24.9056,67.0822,2026-08-09T01:00,26.9,84,999.6,1.67
Karachi,24.9056,67.0822,2026-08-09T02:00,27.4,82,1000.0,1.96
Karachi,24.9056,67.0822,2026-08-09T03:00,28.6,75,1000.3,2.61
Karachi,24.9056,67.0822,2026-08-09T04:00,30.3,66,1000.3,2.48
Karachi,24.9056,67.0822,2026-08-09T05:00,32.1,58,1000.3,2.05
Karachi,24.9056,67.0822,2026-08-09T06:00,32.7,56,1000.4,1.92
Karachi,24.9056,67.0822,2026-08-09T07:00,32.9,56,999.8,2.19
Karachi,24.9056,67.0822,2026-08-09T08:00,33.2,56,999.5,2.87
Karachi,24.9056,67.0822,2026-08-09T09:00,33.6,56,999.1,3.22
Karachi,24.9056,67.0822,2026-08-09T10:00,32.7,59,998.5,3.83
Karachi,24.9056,67.0822,2026-08-09T11:00,31.9,61,998.4,3.75
Karachi,24.9056,67.0822,2026-08-09T12:00,31.6,61,998.4,3.74
Karachi,24.9056,67.0822,2026-08-09T13:00,30.1,67,998.5,3.26
Karachi,24.9056,67.0822,2026-08-09T14:00,29.3,71,999.0,2.82
Karachi,24.9056,67.0822,2026-08-09T15:00,28.7,73,999.6,2.75
Karachi,24.9056,67.0822,2026-08-09T16:00,28.6,73,999.9,3.2
Karachi,24.9056,67.0822,2026-08-09T17:00,28.5,73,1000.7,3.21
Karachi,24.9056,67.0822,2026-08-09T18:00,28.5,74,1000.5,3.49
Karachi,24.9056,67.0822,2026-08-09T19:00,28.1,78,1000.0,3.65
Karachi,24.9056,67.0822,2026-08-09T20:00,27.7,81,999.8,3.22
Karachi,24.9056,67.0822,2026-08-09T21:00,27.4,82,999.4,2.51
Karachi,24.9056,67.0822,2026-08-09T22:00,27.2,84,999.1,2.17
Karachi,24.9056,67.0822,2026-08-09T23:00,27.0,85,998.8,2.4
Karachi,24.9056,67.0822,2026-08-10T00:00,27.3,84,999.1,2.66
Karachi,24.9056,67.0822,2026-08-10T01:00,27.2,84,999.2,2.41
Karachi,24.9056,67.0822,2026-08-10T02:00,27.6,82,999.5,2.74
Karachi,24.9056,67.0822,2026-08-10T03:00,28.7,75,999.9,2.82
Karachi,24.9056,67.0822,2026-08-10T04:00,30.3,65,1000.0,3.46
Karachi,24.9056,67.0822,2026-08-10T05:00,31.7,58,1000.1,3.74
Karachi,24.9056,67.0822,2026-08-10T06:00,31.8,59,1000.0,4.29
Karachi,24.9056,67.0822,2026-08-10T07:00,32.8,55,999.3,4.25
Karachi,24.9056,67.0822,2026-08-10T08:00,32.6,56,998.6,4.17
Karachi,24.9056,67.0822,2026-08-10T09:00,32.6,56,998.1,4.14
Karachi,24.9056,67.0822,2026-08-10T10:00,32.2,56,997.6,4.29
Karachi,24.9056,67.0822,2026-08-10T11:00,31.3,61,997.0,4.4
Karachi,24.9056,67.0822,2026-08-10T12:00,30.8,62,996.9,4.48
Karachi,24.9056,67.0822,2026-08-10T13:00,29.7,65,996.9,4.52
Karachi,24.9056,67.0822,2026-08-10T14:00,28.6,71,997.4,4.23
Karachi,24.9056,67.0822,2026-08-10T15:00,28.0,75,998.0,3.98
Karachi,24.9056,67.0822,2026-08-10T16:00,28.0,75,998.7,3.28
Karachi,24.9056,67.0822,2026-08-10T17:00,27.9,77,999.3,3.29
Karachi,24.9056,67.0822,2026-08-10T18:00,28.1,76,998.7,3.58
Karachi,24.9056,67.0822,2026-08-10T19:00,27.6,79,998.1,3.41
Karachi,24.9056,67.0822,2026-08-10T20:00,27.2,83,997.6,3.04
Karachi,24.9056,67.0822,2026-08-10T21:00,27.0,85,996.8,2.58
Karachi,24.9056,67.0822,2026-08-10T22:00,27.1,84,996.8,2.62
Karachi,24.9056,67.0822,2026-08-10T23:00,27.1,84,996.6,2.77
Karachi,24.9056,67.0822,2026-08-11T00:00,27.2,84,997.1,3.02
Karachi,24.9056,67.0822,2026-08-11T01:00,27.2,84,997.5,2.83
Karachi,24.9056,67.0822,2026-08-11T02:00,27.5,83,997.8,3.14
Karachi,24.9056,67.0822,2026-08-11T03:00,28.8,76,998.1,3.78
Karachi,24.9056,67.0822,2026-08-11T04:00,30.0,69,998.3,4.0
Karachi,24.9056,67.0822,2026-08-11T05:00,30.7,65,998.4,4.13
Karachi,24.9056,67.0822,2026-08-11T06:00,31.2,62,998.7,4.4
Karachi,24.9056,67.0822,2026-08-11T07:00,31.6,61,998.0,4.35
Karachi,24.9056,67.0822,2026-08-11T08:00,31.8,61,997.4,4.17
Karachi,24.9056,67.0822,2026-08-11T09:00,32.1,61,997.0,3.83
Karachi,24.9056,67.0822,2026-08-11T10:00,31.5,64,996.0,3.93
Karachi,24.9056,67.0822,2026-08-11T11:00,31.6,63,995.2,3.76
Karachi,24.9056,67.0822,2026-08-11T12:00,30.7,66,995.6,3.56
Karachi,24.9056,67.0822,2026-08-11T13:00,29.7,70,995.4,3.42
Karachi,24.9056,67.0822,2026-08-11T14:00,28.8,75,996.1,3.11
Karachi,24.9056,67.0822,2026-08-11T15:00,28.1,78,997.1,2.94
Karachi,24.9056,67.0822,2026-08-11T16:00,27.8,79,997.8,3.15
Karachi,24.9056,67.0822,2026-08-11T17:00,27.6,81,998.0,2.86
Karachi,24.9056,67.0822,2026-08-11T18:00,27.8,77,997.9,3.0
Karachi,24.9056,67.0822,2026-08-11T19:00,27.3,80,997.8,2.43
Karachi,24.9056,67.0822,2026-08-11T20:00,27.1,81,997.9,2.15
Karachi,24.9056,67.0822,2026-08-11T21:00,26.9,84,997.5,2.14
Karachi,24.9056,67.0822,2026-08-11T22:00,26.4,87,997.3,2.29
Karachi,24.9056,67.0822,2026-08-11T23:00,26.3,89,997.7,1.68
Karachi,24.9056,67.0822,2026-08-12T00:00,27.1,86,997.9,2.33
Karachi,24.9056,67.0822,2026-08-12T01:00,26.9,87,998.2,2.15
Karachi,24.9056,67.0822,2026-08-12T02:00,27.1,86,998.7,2.46
Karachi,24.9056,67.0822,2026-08-12T03:00,28.0,81,999.1,2.77
Karachi,24.9056,67.0822,2026-08-12T04:00,29.5,71,999.4,2.86
Karachi,24.9056,67.0822,2026-08-12T05:00,30.9,64,999.4,2.93
Karachi,24.9056,67.0822,2026-08-12T06:00,31.6,59,999.2,3.04
Karachi,24.9056,67.0822,2026-08-12T07:00,31.7,59,998.6,3.22
Karachi,24.9056,67.0822,2026-08-12T08:00,32.6,56,998.3,3.04
Karachi,24.9056,67.0822,2026-08-12T09:00,32.6,57,998.0,3.13
Karachi,24.9056,67.0822,2026-08-12T10:00,32.7,56,997.7,2.97
Karachi,24.9056,67.0822,2026-08-12T11:00,32.1,59,997.5,2.98
Karachi,24.9056,67.0822,2026-08-12T12:00,31.2,62,997.4,3.32
Karachi,24.9056,67.0822,2026-08-12T13:00,30.0,68,997.7,3.32
Karachi,24.9056,67.0822,2026-08-12T14:00,29.1,72,998.4,2.94
Karachi,24.9056,67.0822,2026-08-12T15:00,28.8,74,999.2,2.69
Karachi,24.9056,67.0822,2026-08-12T16:00,28.5,76,999.9,2.87
Karachi,24.9056,67.0822,2026-08-12T17:00,28.5,76,1000.6,2.9
Karachi,24.9056,67.0822,2026-08-12T18:00,28.4,76,1000.7,3.1
Karachi,24.9056,67.0822,2026-08-12T19:00,28.0,79,1000.5,2.92
Karachi,24.9056,67.0822,2026-08-12T20:00,27.6,81,1000.1,2.87
Karachi,24.9056,67.0822,2026-08-12T21:00,27.3,83,999.8,2.63
Karachi,24.9056,67.0822,2026-08-12T22:00,27.0,86,999.7,2.49
Karachi,24.9056,67.0822,2026-08-12T23:00,26.8,87,999.6,2.47
Karachi,24.9056,67.0822,2026-08-13T00:00,26.7,87,999.6,2.7
Karachi,24.9056,67.0822,2026-08-13T01:00,26.9,86,999.9,2.45
Karachi,24.9056,67.0822,2026-08-13T02:00,27.0,86,1000.0,2.83
Karachi,24.9056,67.0822,2026-08-13T03:00,28.3,78,1000.1,3.32
Karachi,24.9056,67.0822,2026-08-13T04:00,30.0,69,1000.1,3.44
Karachi,24.9056,67.0822,2026-08-13T05:00,31.3,63,1000.4,3.19
Karachi,24.9056,67.0822,2026-08-13T06:00,31.1,62,1000.8,3.26
Karachi,24.9056,67.0822,2026-08-13T07:00,31.6,60,1000.4,3.29
Karachi,24.9056,67.0822,2026-08-13T08:00,32.4,57,999.8,3.56
Karachi,24.9056,67.0822,2026-08-13T09:00,32.7,57,999.2,3.66
Karachi,24.9056,67.0822,2026-08-13T10:00,32.1,57,998.7,3.55
Karachi,24.9056,67.0822,2026-08-13T11:00,31.9,57,998.0,3.61
Karachi,24.9056,67.0822,2026-08-13T12:00,31.0,61,998.4,3.66
Karachi,24.9056,67.0822,2026-08-13T13:00,29.8,66,998.5,3.4
Karachi,24.9056,67.0822,2026-08-13T14:00,28.7,72,998.8,3.37
Karachi,24.9056,67.0822,2026-08-13T15:00,28.3,73,999.4,3.52
Karachi,24.9056,67.0822,2026-08-13T16:00,28.2,74,999.9,3.72
Karachi,24.9056,67.0822,2026-08-13T17:00,27.9,75,1000.4,3.54
Karachi,24.9056,67.0822,2026-08-13T18:00,27.7,76,1000.2,3.57
Karachi,24.9056,67.0822,2026-08-13T19:00,27.3,78,1000.2,3.12
Karachi,24.9056,67.0822,2026-08-13T20:00,26.9,81,999.8,2.88
Karachi,24.9056,67.0822,2026-08-13T21:00,26.4,85,999.1,2.71
Karachi,24.9056,67.0822,2026-08-13T22:00,26.6,84,998.7,2.68
Karachi,24.9056,67.0822,2026-08-13T23:00,26.5,85,998.5,2.73
